# Blender 5.0.1
# www.blender.org
mtllib libro2Bake.mtl
o Plano
v -3.462885 1.471344 3.010642
v 4.642207 1.471344 3.010642
v -3.462885 1.471344 -4.934305
v 4.642207 1.471344 -4.934305
v -3.462885 5.759306 3.010642
v 4.642207 5.759306 3.010642
v -3.462885 5.759306 -4.934305
v 4.642207 5.759306 -4.934305
vn -0.0000 1.0000 -0.0000
vn -0.0000 -0.0000 1.0000
vn -0.0000 -0.0000 -1.0000
vn 1.0000 -0.0000 -0.0000
vt 0.000000 0.000000
vt 1.000000 0.000000
vt 1.000000 1.000000
vt 0.000000 1.000000
s 0
f 1/1/1 2/2/1 4/3/1 3/4/1
f 3/4/2 4/3/2 8/3/2 7/4/2
f 2/2/3 1/1/3 5/1/3 6/2/3
f 1/1/4 3/4/4 7/4/4 5/1/4
o Cubo.002
v -3.296612 2.339899 -1.616806
v -3.296612 2.564964 -1.616806
v -3.296612 2.339899 -4.892545
v -3.296612 2.564964 -4.892545
v -2.075682 2.339899 -1.616806
v -2.075682 2.564964 -1.616806
v -2.075682 2.339899 -4.892545
v -2.075682 2.564964 -4.892545
vn -1.0000 -0.0000 -0.0000
vn -0.0000 -0.0000 -1.0000
vn 1.0000 -0.0000 -0.0000
vn -0.0000 -0.0000 1.0000
vn -0.0000 -1.0000 -0.0000
vn -0.0000 1.0000 -0.0000
vt 0.375000 0.000000
vt 0.625000 0.000000
vt 0.625000 0.250000
vt 0.375000 0.250000
vt 0.625000 0.500000
vt 0.375000 0.500000
vt 0.625000 0.750000
vt 0.375000 0.750000
vt 0.625000 1.000000
vt 0.375000 1.000000
vt 0.125000 0.500000
vt 0.125000 0.750000
vt 0.875000 0.500000
vt 0.875000 0.750000
s 0
f 9/5/5 10/6/5 12/7/5 11/8/5
f 11/8/6 12/7/6 16/9/6 15/10/6
f 15/10/7 16/9/7 14/11/7 13/12/7
f 13/12/8 14/11/8 10/13/8 9/14/8
f 11/15/9 15/10/9 13/12/9 9/16/9
f 16/9/10 12/17/10 10/18/10 14/11/10
o Suzanne
v -1.099427 2.305012 -1.384418
v -1.267849 2.304990 -1.212386
v -1.098228 2.280387 -1.407313
v -1.290710 2.280361 -1.210705
v -1.107665 2.261582 -1.434605
v -1.318193 2.261554 -1.219564
v -1.133555 2.243989 -1.384748
v -1.268894 2.243971 -1.246508
v -1.117435 2.266313 -1.368964
v -1.252775 2.266295 -1.230724
v -1.111286 2.297975 -1.362939
v -1.246625 2.297957 -1.224699
v -1.125112 2.307435 -1.346392
v -1.230376 2.307421 -1.238871
v -1.145056 2.284627 -1.338847
v -1.223253 2.284616 -1.258975
v -1.169592 2.267033 -1.344821
v -1.229743 2.267025 -1.283381
v -1.193566 2.317129 -1.338203
v -1.223642 2.317125 -1.307483
v -1.165328 2.323806 -1.334622
v -1.219463 2.323798 -1.279325
v -1.135464 2.328056 -1.344491
v -1.228698 2.328043 -1.249259
v -1.134220 2.350740 -1.355303
v -1.239484 2.350726 -1.247783
v -1.161538 2.362988 -1.354973
v -1.239734 2.362978 -1.275100
v -1.190845 2.368078 -1.365615
v -1.250996 2.368070 -1.304174
v -1.163483 2.386277 -1.414029
v -1.298822 2.386259 -1.275789
v -1.140857 2.377668 -1.391879
v -1.276196 2.377650 -1.253639
v -1.123864 2.357777 -1.375246
v -1.259204 2.357759 -1.237006
v -1.108535 2.348317 -1.393330
v -1.276957 2.348295 -1.221298
v -1.114710 2.358748 -1.423439
v -1.307192 2.358722 -1.226831
v -1.128918 2.362627 -1.455399
v -1.339446 2.362599 -1.240358
v -1.105984 2.309862 -1.463035
v -1.346587 2.309829 -1.217274
v -1.097386 2.318355 -1.430550
v -1.313928 2.318326 -1.209365
v -1.099222 2.325028 -1.396248
v -1.279675 2.325004 -1.211928
v -1.094772 2.326241 -1.394899
v -1.278231 2.326217 -1.207507
v -1.104518 2.351593 -1.392405
v -1.275948 2.351570 -1.217301
v -1.120311 2.363722 -1.371767
v -1.255651 2.363704 -1.233526
v -1.131737 2.354623 -1.349864
v -1.233994 2.354609 -1.245415
v -1.134051 2.329876 -1.337091
v -1.221270 2.329864 -1.248003
v -1.121761 2.307194 -1.340103
v -1.224018 2.307180 -1.235655
v -1.108517 2.330486 -1.360225
v -1.243857 2.330468 -1.221984
v -1.105998 2.295671 -1.357763
v -1.241337 2.295653 -1.219522
v -1.094542 2.304164 -1.382645
v -1.265972 2.304141 -1.207540
v -1.202805 2.373293 -1.317158
v -1.183733 2.358740 -1.298488
v -1.142688 2.079863 -1.258342
v -1.153799 2.178362 -1.269206
v -1.158226 2.214632 -1.273535
v -1.140430 2.053904 -1.256135
v -1.228027 2.356184 -1.341853
v -1.243029 2.397062 -1.356535
v -1.471956 2.396899 -1.580657
v -1.510771 2.284562 -1.618673
v -1.479025 2.156468 -1.587610
v -1.363986 2.073879 -1.474995
v -1.163332 2.196433 -1.356751
v -1.241528 2.196423 -1.276878
v -1.126927 2.131054 -1.363232
v -1.247228 2.131038 -1.240352
v -1.105094 2.063005 -1.356909
v -1.240434 2.062987 -1.218668
v -1.098611 2.008418 -1.356585
v -1.239965 2.008399 -1.212200
v -1.104567 1.993375 -1.347377
v -1.230884 1.993358 -1.218353
v -1.125944 1.989612 -1.311149
v -1.195117 1.989603 -1.240493
v -1.155242 1.987303 -1.270644
v -1.126716 2.206385 -1.411148
v -1.295138 2.206362 -1.239115
v -1.093287 2.233804 -1.453622
v -1.336897 2.233772 -1.204789
v -1.083784 2.276019 -1.519518
v -1.402583 2.275976 -1.193886
v -1.065387 2.361786 -1.513529
v -1.396216 2.361742 -1.175608
v -1.091101 2.378645 -1.481545
v -1.364787 2.378608 -1.201992
v -1.127924 2.414426 -1.433361
v -1.317399 2.414400 -1.239825
v -1.160841 2.459305 -1.399400
v -1.284150 2.459288 -1.273448
v -1.185831 2.450810 -1.360694
v -1.245982 2.450802 -1.299254
v -1.192771 2.390399 -1.331399
v -1.216832 2.390396 -1.306823
v -1.164464 2.371601 -1.342795
v -1.227623 2.371592 -1.278283
v -1.167385 2.342123 -1.330617
v -1.215505 2.342116 -1.281464
v -1.145056 2.284627 -1.338847
v -1.223253 2.284616 -1.258975
v -1.115004 2.260976 -1.375608
v -1.259366 2.260956 -1.228152
v -1.100944 2.270924 -1.406965
v -1.290418 2.270899 -1.213429
v -1.086740 2.302102 -1.444195
v -1.327343 2.302069 -1.198435
v -1.089805 2.330972 -1.453208
v -1.336423 2.330939 -1.201304
v -1.098714 2.352806 -1.446887
v -1.330294 2.352775 -1.210342
v -1.124952 2.373546 -1.406391
v -1.290367 2.373524 -1.237430
v -1.153906 2.384824 -1.365547
v -1.250147 2.384811 -1.267243
v -1.137917 2.057179 -1.253674
v -1.119467 2.069555 -1.277724
v -1.161572 2.069549 -1.234716
v -1.115877 2.036803 -1.277222
v -1.160990 2.036797 -1.231142
v -1.126748 2.023215 -1.266809
v -1.150809 2.023212 -1.242233
v -1.139818 2.020544 -1.255540
v -1.166633 2.208929 -1.281767
v -1.171142 2.222757 -1.286180
v -1.151160 2.220698 -1.305724
v -1.190258 2.220692 -1.265787
v -1.140838 2.200684 -1.304645
v -1.188958 2.200677 -1.255493
v -1.146360 2.183579 -1.295013
v -1.179443 2.183574 -1.261221
v -1.112916 2.242052 -1.382592
v -1.266301 2.242031 -1.225920
v -1.085290 2.265225 -1.439773
v -1.322886 2.265193 -1.197084
v -1.076899 2.302588 -1.473668
v -1.356600 2.302550 -1.187971
v -1.073119 2.352203 -1.475977
v -1.358835 2.352165 -1.184137
v -1.072553 2.367973 -1.454363
v -1.337216 2.367938 -1.184027
v -1.114786 2.408484 -1.399441
v -1.283208 2.408462 -1.227409
v -1.136683 2.436261 -1.372744
v -1.256985 2.436245 -1.249864
v -1.153488 2.431285 -1.347082
v -1.231684 2.431275 -1.267210
v -1.164101 2.381184 -1.318372
v -1.203199 2.381179 -1.278436
v -1.135989 2.238532 -1.299894
v -1.184110 2.238526 -1.250742
v -1.119519 2.139912 -1.316872
v -1.200722 2.139901 -1.233928
v -1.102107 2.070042 -1.314876
v -1.198349 2.070029 -1.216572
v -1.097014 2.037290 -1.315911
v -1.199270 2.037276 -1.211463
v -1.103719 2.010116 -1.310445
v -1.193945 2.010104 -1.218285
v -1.116385 2.005990 -1.295772
v -1.179543 2.005982 -1.231260
v -1.145623 2.002469 -1.261225
v -1.184499 2.271035 -1.299250
v -1.186240 2.317374 -1.300948
v -1.142249 2.385675 -1.384217
v -1.268566 2.385658 -1.255192
v -1.153704 2.297605 -1.332270
v -1.216863 2.297597 -1.267758
v -1.162149 2.316771 -1.328503
v -1.213278 2.316764 -1.276279
v -1.119698 2.077804 -1.280957
v -1.164811 2.077798 -1.234877
v -1.137716 2.142943 -1.283547
v -1.167791 2.142939 -1.252827
v -1.152753 2.142941 -1.268187
v -1.160733 2.173266 -1.275995
v -1.138356 2.190737 -1.290184
v -1.174447 2.190732 -1.253320
v -1.130493 2.204325 -1.297525
v -1.181621 2.204318 -1.245301
v -1.143156 2.227856 -1.300895
v -1.185261 2.227851 -1.257887
v -1.157124 2.229917 -1.287495
v -1.172161 2.229915 -1.272135
v -1.151464 2.212935 -1.266916
v -1.148425 2.226158 -1.281988
v -1.166470 2.226155 -1.263556
v -1.138968 2.224097 -1.290779
v -1.175059 2.224092 -1.253915
v -1.129110 2.206751 -1.287147
v -1.171216 2.206746 -1.244139
v -1.138245 2.198744 -1.284058
v -1.168320 2.198740 -1.253338
v -1.151114 2.188431 -1.266576
v -1.147340 2.162834 -1.362156
v -1.246588 2.162820 -1.260779
v -1.139819 2.193527 -1.318690
v -1.202977 2.193518 -1.254178
v -1.132908 2.174968 -1.317943
v -1.202081 2.174958 -1.247286
v -1.155321 2.179330 -1.360942
v -1.245547 2.179318 -1.268782
v -1.140686 2.024669 -1.256388
v -1.132097 2.026732 -1.266029
v -1.150142 2.026730 -1.247597
v -1.121256 2.040926 -1.273463
v -1.157347 2.040922 -1.236599
v -1.122647 2.062761 -1.274821
v -1.158737 2.062757 -1.237957
v -1.151785 2.046987 -1.267251
v -1.134001 2.055845 -1.285938
v -1.170091 2.055840 -1.249074
v -1.134951 2.037527 -1.286871
v -1.171042 2.037523 -1.250007
v -1.143279 2.026609 -1.276976
v -1.161324 2.026606 -1.258544
v -1.151868 2.024545 -1.267336
v -1.150644 2.320654 -1.332279
v -1.216810 2.320645 -1.264695
v -1.145640 2.303550 -1.333399
v -1.217821 2.303541 -1.259671
v -1.135196 2.374516 -1.380321
v -1.264520 2.374498 -1.248225
v -1.143846 2.373666 -1.364723
v -1.249109 2.373652 -1.257203
v -1.113973 2.367483 -1.392634
v -1.276380 2.367461 -1.226746
v -1.099037 2.349046 -1.432163
v -1.315580 2.349017 -1.210978
v -1.092530 2.331942 -1.434819
v -1.318095 2.331912 -1.204418
v -1.090302 2.306590 -1.429633
v -1.312860 2.306560 -1.202304
v -1.097279 2.284875 -1.397359
v -1.280739 2.284851 -1.209967
v -1.110239 2.276382 -1.370941
v -1.254601 2.276363 -1.223485
v -1.134045 2.291785 -1.337090
v -1.221264 2.291774 -1.248002
v -1.153477 2.341276 -1.338059
v -1.222651 2.341266 -1.267403
v -1.151800 2.361898 -1.348447
v -1.233003 2.361887 -1.265502
v -1.150841 2.355954 -1.356534
v -1.241068 2.355942 -1.264374
v -1.154890 2.339456 -1.345459
v -1.230079 2.339446 -1.268659
v -1.136326 2.294090 -1.345339
v -1.229559 2.294077 -1.250107
v -1.114487 2.281355 -1.375100
v -1.258849 2.281336 -1.227643
v -1.104101 2.287786 -1.398021
v -1.281546 2.287762 -1.216773
v -1.098658 2.310106 -1.425780
v -1.309186 2.310078 -1.210740
v -1.101058 2.328666 -1.431136
v -1.314593 2.328637 -1.213023
v -1.107132 2.343707 -1.428055
v -1.311645 2.343680 -1.219159
v -1.119463 2.363600 -1.395002
v -1.278863 2.363579 -1.232186
v -1.142514 2.366873 -1.366429
v -1.250785 2.366858 -1.255837
v -1.135368 2.367723 -1.380491
v -1.264693 2.367705 -1.248394
v -1.147920 2.305855 -1.341648
v -1.226116 2.305844 -1.261776
v -1.152460 2.320290 -1.343082
v -1.227649 2.320280 -1.266282
v -1.208537 2.371229 -1.364885
v -1.250642 2.371223 -1.321877
v -1.201799 2.425454 -1.391372
v -1.276987 2.425444 -1.314571
v -1.180453 2.429823 -1.424621
v -1.309777 2.429806 -1.292524
v -1.151875 2.391737 -1.453804
v -1.338342 2.391712 -1.263340
v -1.120430 2.360080 -1.498228
v -1.382086 2.360044 -1.230964
v -1.101165 2.345283 -1.524493
v -1.407934 2.345242 -1.211148
v -1.108439 2.274681 -1.522599
v -1.406185 2.274641 -1.218470
v -1.125046 2.234406 -1.472682
v -1.356627 2.234375 -1.236137
v -1.141106 2.213903 -1.425235
v -1.309528 2.213881 -1.253203
v -1.314292 2.461827 -1.426294
v -1.388317 2.455991 -1.498766
v -1.434808 2.098491 -1.544329
v -1.257977 2.095127 -1.371209
v -1.177778 1.980264 -1.292709
v -1.209423 2.016529 -1.323684
v -1.226856 2.076572 -1.340743
v -1.238994 2.096222 -1.352624
v -1.157718 2.268363 -1.600927
v -1.485540 2.268319 -1.266078
v -1.180141 2.283159 -1.625885
v -1.510970 2.283114 -1.287964
v -1.267321 2.238381 -1.678151
v -1.565067 2.238341 -1.374022
v -1.387113 2.263109 -1.675097
v -1.564557 2.263085 -1.493849
v -1.161713 2.195337 -1.559724
v -1.444422 2.195299 -1.270956
v -1.228649 2.156508 -1.571112
v -1.457222 2.156477 -1.337640
v -1.276231 2.166810 -1.635744
v -1.522849 2.166777 -1.383839
v -1.382552 2.165095 -1.622514
v -1.511876 2.165077 -1.490418
v -1.177679 2.140993 -1.382836
v -1.267905 2.140981 -1.290676
v -1.212732 2.112965 -1.396100
v -1.281905 2.112956 -1.325443
v -1.151621 2.044316 -1.378395
v -1.262900 2.044301 -1.264731
v -1.169377 2.100599 -1.380731
v -1.265618 2.100586 -1.282426
v -1.129878 1.991915 -1.372157
v -1.256195 1.991898 -1.243132
v -1.180537 2.030725 -1.349550
v -1.234673 2.030718 -1.294254
v -1.197163 2.087858 -1.359803
v -1.245283 2.087852 -1.310651
v -1.152355 1.986696 -1.330990
v -1.215513 1.986687 -1.266478
v -1.180169 2.161372 -1.379255
v -1.264380 2.161361 -1.293239
v -1.177342 2.178841 -1.373477
v -1.258545 2.178830 -1.290532
v -1.175988 2.195703 -1.369141
v -1.254184 2.195693 -1.289268
v -1.225700 2.111871 -1.420828
v -1.306903 2.111860 -1.337884
v -1.294538 2.099120 -1.521314
v -1.408824 2.099105 -1.404577
v -1.346196 2.121188 -1.589934
v -1.478527 2.121171 -1.454766
v -1.352059 2.401405 -1.637752
v -1.526496 2.401382 -1.459576
v -1.296589 2.442174 -1.583441
v -1.471026 2.442151 -1.405265
v -1.234785 2.445218 -1.522934
v -1.409222 2.445195 -1.344758
v -1.178227 2.373779 -1.470581
v -1.355672 2.373755 -1.289332
v -1.138275 2.335572 -1.533751
v -1.417976 2.335535 -1.248055
v -1.169237 2.343695 -1.527964
v -1.412848 2.343662 -1.279131
v -1.224344 2.392086 -1.584916
v -1.470962 2.392053 -1.333012
v -1.173200 2.360433 -1.595014
v -1.479969 2.360392 -1.281669
v -1.221915 2.356057 -1.642707
v -1.528683 2.356016 -1.329362
v -1.274098 2.385041 -1.633627
v -1.520716 2.385008 -1.381723
v -1.317346 2.347064 -1.675973
v -1.563964 2.347031 -1.424068
v -1.263255 2.316625 -1.683185
v -1.570024 2.316584 -1.369841
v -1.328863 2.243345 -1.678236
v -1.566458 2.243313 -1.435548
v -1.330143 2.165952 -1.628361
v -1.516611 2.165927 -1.437896
v -1.217563 2.273084 -1.647483
v -1.533355 2.273041 -1.324922
v -1.203197 2.168402 -1.473996
v -1.359589 2.168381 -1.314252
v -1.265165 2.134304 -1.543693
v -1.430580 2.134281 -1.374732
v -1.214261 2.291280 -1.671321
v -1.557120 2.291234 -1.321112
v -1.185827 2.155422 -1.598378
v -1.483573 2.155382 -1.294250
v -1.175178 2.149963 -1.690233
v -1.575181 2.149909 -1.281656
v -1.156392 2.183323 -1.765091
v -1.649628 2.183257 -1.261282
v -1.156131 2.254045 -1.791901
v -1.676435 2.253975 -1.260443
v -1.189097 2.303533 -1.779045
v -1.664288 2.303469 -1.293668
v -1.207335 2.303774 -1.715679
v -1.601323 2.303721 -1.313246
v -1.200949 2.289097 -1.706420
v -1.591929 2.289045 -1.307059
v -1.188322 2.287400 -1.760239
v -1.645468 2.287338 -1.293294
v -1.167991 2.247008 -1.770422
v -1.655212 2.246942 -1.272757
v -1.166806 2.191328 -1.748212
v -1.632975 2.191266 -1.272051
v -1.175732 2.168280 -1.687764
v -1.572726 2.168227 -1.282259
v -1.180678 2.173376 -1.614392
v -1.499477 2.173333 -1.288759
v -1.202696 2.280121 -1.672033
v -1.557586 2.280074 -1.309536
v -1.208410 2.260226 -1.686655
v -1.572322 2.260177 -1.314942
v -1.187489 2.179682 -1.642117
v -1.527340 2.179637 -1.294980
v -1.188184 2.173737 -1.702963
v -1.588187 2.173683 -1.294386
v -1.179553 2.192418 -1.751666
v -1.636698 2.192357 -1.284721
v -1.179205 2.233662 -1.769369
v -1.654396 2.233598 -1.283992
v -1.195834 2.263137 -1.761580
v -1.646964 2.263077 -1.300779
v -1.208803 2.265077 -1.717120
v -1.602790 2.265024 -1.314687
v -1.212357 2.262167 -1.651411
v -1.537171 2.262123 -1.319635
v -1.219143 2.226380 -1.655051
v -1.540949 2.226337 -1.326346
v -1.229843 2.205757 -1.635448
v -1.521574 2.205718 -1.337463
v -1.217379 2.203696 -1.647311
v -1.533170 2.203654 -1.324750
v -1.208964 2.185138 -1.648100
v -1.533778 2.185094 -1.316323
v -1.213244 2.176888 -1.640258
v -1.526028 2.176846 -1.320770
v -1.192342 2.196787 -1.586702
v -1.472043 2.196749 -1.301006
v -1.211700 2.182712 -1.602648
v -1.488394 2.182675 -1.320023
v -1.218117 2.197995 -1.608928
v -1.494811 2.197958 -1.326303
v -1.216608 2.239482 -1.637527
v -1.523377 2.239441 -1.324183
v -1.211046 2.245548 -1.668180
v -1.553906 2.245502 -1.317971
v -1.220927 2.239238 -1.677854
v -1.563786 2.239192 -1.327645
v -1.222085 2.173247 -1.648914
v -1.534869 2.173205 -1.329426
v -1.216301 2.181497 -1.658292
v -1.544123 2.181453 -1.323443
v -1.224283 2.197993 -1.657079
v -1.543082 2.197951 -1.331446
v -1.237180 2.202116 -1.645639
v -1.531919 2.202076 -1.344583
v -1.226480 2.222739 -1.665243
v -1.551294 2.222696 -1.333466
v -1.215242 2.256706 -1.729442
v -1.615245 2.256652 -1.320865
v -1.200799 2.255373 -1.772459
v -1.657945 2.255311 -1.305514
v -1.183100 2.227960 -1.782209
v -1.667314 2.227895 -1.287616
v -1.181975 2.187323 -1.763063
v -1.648143 2.187260 -1.286902
v -1.196995 2.169489 -1.714598
v -1.600005 2.169435 -1.302949
v -1.198237 2.177497 -1.652640
v -1.538089 2.177451 -1.305503
v -1.216354 2.251854 -1.697440
v -1.583273 2.251805 -1.322656
v -1.215461 2.205637 -1.672507
v -1.558320 2.205591 -1.322298
v -1.205309 2.192658 -1.680619
v -1.566214 2.192610 -1.311978
v -1.202643 2.206730 -1.702073
v -1.587608 2.206678 -1.308856
v -1.209817 2.220315 -1.694054
v -1.579744 2.220266 -1.316197
v -1.207181 2.234993 -1.712528
v -1.598161 2.234941 -1.313168
v -1.198533 2.222015 -1.719105
v -1.604551 2.221960 -1.304384
v -1.190782 2.227596 -1.732573
v -1.617852 2.227539 -1.296348
v -1.198763 2.244092 -1.731360
v -1.616811 2.244036 -1.304351
v -1.237583 2.280114 -1.745295
v -1.631571 2.280061 -1.342862
v -1.207497 2.283514 -1.803078
v -1.688703 2.283449 -1.311557
v -1.166557 2.241791 -1.808126
v -1.692876 2.241720 -1.270525
v -1.169532 2.175436 -1.789989
v -1.674798 2.175368 -1.273892
v -1.206989 2.141344 -1.721377
v -1.606992 2.141291 -1.312801
v -1.221998 2.143770 -1.639808
v -1.525759 2.143729 -1.329535
v -1.246971 2.273563 -1.691314
v -1.577800 2.273519 -1.353393
vn 0.7818 -0.5699 -0.2531
vn -0.2364 -0.5700 0.7869
vn 0.9452 -0.3166 0.0800
vn 0.1000 -0.3167 0.9432
vn 0.9197 -0.3887 -0.0554
vn -0.0358 -0.3888 0.9206
vn 0.5883 -0.6949 0.4136
vn 0.4261 -0.6949 0.5793
vn 0.6679 -0.5361 0.5163
vn 0.5304 -0.5361 0.6567
vn 0.3987 -0.8526 0.3377
vn 0.3462 -0.8526 0.3913
vn -0.1125 -0.5798 0.8070
vn 0.8045 -0.5797 -0.1296
vn 0.2803 -0.3168 0.9061
vn 0.9119 -0.3167 0.2610
vn 0.1130 -0.4575 0.8820
vn 0.8843 -0.4574 0.0942
vn -0.1719 0.1599 0.9721
vn 0.9682 0.1601 -0.1924
vn 0.0087 0.1998 0.9798
vn 0.9797 0.1999 -0.0120
vn -0.4373 0.0789 0.8958
vn 0.8863 0.0791 -0.4562
vn -0.4047 0.7448 0.5306
vn 0.5218 0.7449 -0.4157
vn 0.0686 0.7067 0.7042
vn 0.7054 0.7068 0.0538
vn -0.1052 0.7624 0.6385
vn 0.6360 0.7625 -0.1187
vn 0.2820 0.9537 0.1048
vn 0.1107 0.9537 0.2798
vn 0.3775 0.8977 0.2272
vn 0.2350 0.8977 0.3728
vn -0.0111 0.9984 -0.0557
vn -0.0560 0.9984 -0.0098
vn 0.5140 0.6813 -0.5211
vn -0.5102 0.6812 0.5251
vn 0.7510 0.6500 -0.1162
vn -0.1003 0.6499 0.7534
vn 0.7102 0.6599 -0.2453
vn -0.2303 0.6597 0.7153
vn 0.9481 0.1369 -0.2872
vn -0.2670 0.1367 0.9539
vn 0.9712 0.1654 -0.1717
vn -0.1511 0.1652 0.9746
vn 0.8300 0.0487 -0.5557
vn -0.5379 0.0486 0.8416
vn 0.8395 0.0525 -0.5409
vn -0.5230 0.0524 0.8507
vn 0.5367 0.6906 -0.4849
vn -0.4735 0.6904 0.5469
vn 0.0821 0.9962 0.0281
vn 0.0297 0.9962 0.0816
vn -0.2707 0.7434 0.6116
vn 0.6056 0.7435 -0.2835
vn -0.3529 0.1043 0.9298
vn 0.9221 0.1045 -0.3725
vn -0.0014 -0.5041 0.8637
vn 0.8635 -0.5039 -0.0198
vn 0.8034 0.2724 0.5296
vn 0.5464 0.2724 0.7920
vn 0.4561 -0.7976 0.3947
vn 0.4044 -0.7976 0.4475
vn 0.7967 -0.5626 -0.2208
vn -0.2038 -0.5628 0.8011
vn -0.0006 1.0000 -0.0004
vn 0.6901 0.2591 0.6757
vn 0.6920 0.2493 0.6775
vn 0.5258 -0.6773 0.5146
vn 0.2661 0.9280 0.2607
vn 0.4766 -0.7452 0.4665
vn 0.1489 0.9780 0.1459
vn 0.4124 0.8166 0.4039
vn -0.5477 0.6423 -0.5361
vn -0.7142 0.0333 -0.6992
vn -0.5932 -0.5575 -0.5808
vn -0.0421 -0.9983 -0.0414
vn 0.8286 -0.3251 -0.4558
vn -0.4381 -0.3253 0.8380
vn 0.7294 0.2507 -0.6366
vn -0.6210 0.2505 0.7427
vn 0.7986 0.1467 -0.5838
vn -0.5667 0.1465 0.8108
vn 0.8420 -0.0861 -0.5326
vn -0.5147 -0.0862 0.8530
vn 0.7087 -0.6698 -0.2216
vn -0.2065 -0.6699 0.7132
vn 0.4163 -0.8898 0.1869
vn 0.1958 -0.8898 0.4121
vn 0.3411 -0.8787 0.3339
vn 0.4714 -0.8809 -0.0432
vn -0.0331 -0.8809 0.4721
vn 0.6859 -0.7115 -0.1527
vn -0.1381 -0.7116 0.6889
vn 0.6719 -0.4060 -0.6195
vn -0.6051 -0.4062 0.6848
vn 0.6768 0.4671 -0.5691
vn -0.5547 0.4669 0.6887
vn 0.3357 0.8597 -0.3850
vn -0.3779 0.8596 0.3439
vn 0.3754 0.7995 -0.4689
vn -0.4609 0.7994 0.3854
vn 0.0820 0.9675 -0.2390
vn -0.2374 0.9675 0.0872
vn -0.4434 0.8002 0.4039
vn 0.3943 0.8003 -0.4517
vn -0.5463 0.6107 0.5732
vn 0.5614 0.6108 -0.5583
vn 0.8728 0.0704 0.4830
vn 0.5014 0.0703 0.8623
vn 0.7315 0.0861 0.6764
vn 0.6918 0.0860 0.7170
vn 0.6120 0.0672 0.7880
vn 0.8008 0.0672 0.5951
vn 0.8944 -0.0759 0.4409
vn 0.4597 -0.0760 0.8848
vn 0.9353 -0.1315 0.3286
vn 0.3484 -0.1316 0.9281
vn 0.9490 0.0491 0.3113
vn 0.3314 0.0490 0.9422
vn 0.9187 0.0525 0.3915
vn 0.4108 0.0524 0.9102
vn 0.8619 -0.0343 0.5060
vn 0.5242 -0.0344 0.8509
vn 0.8124 0.2667 0.5185
vn 0.5356 0.2667 0.8013
vn 0.8666 0.1492 0.4761
vn 0.4944 0.1492 0.8564
vn 0.7062 -0.1530 0.6913
vn 0.8104 0.1110 0.5752
vn 0.5923 0.1109 0.7981
vn 0.7733 -0.0438 0.6325
vn 0.6487 -0.0438 0.7598
vn 0.6899 -0.1379 0.7107
vn 0.7252 -0.1379 0.6746
vn 0.7136 -0.0514 0.6986
vn 0.2929 0.9121 0.2869
vn 0.4487 0.7782 0.4394
vn 0.7255 0.5887 0.3566
vn 0.3718 0.5886 0.7178
vn 0.9818 -0.1836 -0.0486
vn -0.0278 -0.1837 0.9826
vn 0.9500 -0.2060 0.2347
vn 0.2548 -0.2061 0.9448
vn 0.8961 -0.2802 0.3442
vn 0.3632 -0.2803 0.8886
vn 0.9565 -0.1679 0.2384
vn 0.2587 -0.1680 0.9512
vn 0.9773 -0.0960 0.1886
vn 0.2093 -0.0962 0.9731
vn 0.9607 0.1019 0.2582
vn 0.2785 0.1018 0.9550
vn 0.8894 0.2340 0.3926
vn 0.4114 0.2339 0.8809
vn 0.8763 0.2387 0.4184
vn 0.4368 0.2387 0.8673
vn 0.7901 0.4694 0.3942
vn 0.4108 0.4693 0.7817
vn 0.5203 0.4274 0.7393
vn 0.7501 0.4274 0.5046
vn 0.6381 0.2539 0.7269
vn 0.7402 0.2539 0.6226
vn 0.7564 0.0913 0.6477
vn 0.6636 0.0913 0.7425
vn 0.9377 0.3338 0.0963
vn 0.1161 0.3336 0.9355
vn 0.9677 0.2006 0.1527
vn 0.1732 0.2005 0.9643
vn 0.9827 0.0194 0.1841
vn 0.2049 0.0193 0.9786
vn 0.8565 -0.3965 0.3305
vn 0.3486 -0.3966 0.8493
vn 0.7052 -0.5434 0.4554
vn 0.4703 -0.5434 0.6953
vn 0.5782 -0.5877 0.5660
vn 0.6827 0.2952 0.6684
vn 0.7132 0.0608 0.6983
vn 0.7891 0.1849 0.5858
vn 0.6024 0.1849 0.7765
vn 0.4582 0.1011 0.8831
vn 0.8926 0.1012 0.4394
vn 0.5891 0.0811 0.8040
vn 0.8163 0.0812 0.5719
vn 0.8109 0.2217 0.5416
vn 0.5586 0.2217 0.7992
vn 0.7753 0.2824 0.5650
vn 0.5813 0.2824 0.7631
vn 0.6863 0.2783 0.6719
vn 0.7018 -0.1880 0.6871
vn 0.8000 -0.5994 -0.0290
vn -0.0120 -0.5995 0.8003
vn 0.9063 -0.1150 -0.4066
vn -0.3873 -0.1152 0.9147
vn 0.3588 0.7759 -0.5188
vn -0.5112 0.7758 0.3698
vn -0.2989 0.9454 0.1299
vn 0.1234 0.9455 -0.3014
vn 0.6581 0.3894 0.6444
vn 0.2694 0.7956 0.5426
vn 0.5481 0.7956 0.2580
vn 0.7088 0.6817 0.1813
vn 0.1962 0.6816 0.7049
vn 0.9438 0.0721 0.3227
vn 0.3426 0.0720 0.9367
vn 0.8136 -0.3164 0.4878
vn 0.5050 -0.3164 0.8030
vn 0.6886 -0.2674 0.6741
vn 0.6705 0.3447 -0.6569
vn -0.6426 0.3445 0.6844
vn 0.9722 0.2171 -0.0881
vn -0.0675 0.2170 0.9738
vn 0.9373 0.3483 0.0131
vn 0.0329 0.3482 0.9368
vn 0.6841 0.3007 -0.6645
vn -0.6499 0.3005 0.6981
vn 0.3924 0.8357 0.3842
vn 0.1464 0.7351 0.6619
vn 0.6648 0.7352 0.1325
vn 0.0517 0.2727 0.9607
vn 0.9616 0.2728 0.0314
vn 0.5791 -0.3699 0.7265
vn 0.7387 -0.3698 0.5635
vn 0.6313 -0.4685 0.6180
vn 0.1150 -0.5379 0.8351
vn 0.8374 -0.5378 0.0972
vn 0.0045 0.3157 0.9488
vn 0.9487 0.3159 -0.0156
vn 0.2355 0.6859 0.6886
vn 0.6933 0.6859 0.2209
vn 0.4751 0.7469 0.4652
vn 0.8068 0.1913 0.5591
vn 0.5760 0.1912 0.7948
vn 0.6845 0.2232 0.6940
vn 0.7083 0.2232 0.6697
vn 0.7647 0.3849 0.5168
vn 0.5329 0.3849 0.7536
vn 0.7940 0.3126 0.5214
vn 0.5381 0.3125 0.7828
vn 0.8143 0.1699 0.5550
vn 0.5722 0.1698 0.8024
vn 0.8595 0.3014 0.4129
vn 0.4310 0.3013 0.8506
vn 0.8159 0.2139 0.5372
vn 0.5543 0.2138 0.8044
vn 0.8790 0.1785 0.4421
vn 0.4607 0.1785 0.8694
vn 0.8648 0.2295 0.4467
vn 0.4649 0.2295 0.8551
vn 0.8381 0.0716 0.5409
vn 0.5585 0.0716 0.8264
vn 0.7175 0.1291 0.6845
vn 0.6995 0.1291 0.7029
vn 0.8489 0.1681 0.5010
vn 0.5189 0.1681 0.8381
vn 0.8050 0.1973 0.5595
vn 0.5764 0.1972 0.7930
vn 0.9596 -0.1493 0.2384
vn 0.2587 -0.1494 0.9543
vn 0.9973 -0.0268 -0.0682
vn -0.0471 -0.0269 0.9985
vn 0.6710 0.7388 0.0630
vn 0.0771 0.7387 0.6696
vn 0.5120 0.8075 0.2930
vn 0.3037 0.8075 0.5058
vn 0.4060 0.7557 0.5139
vn 0.5223 0.7557 0.3951
vn 0.4213 0.4805 0.7692
vn 0.7779 0.4806 0.4049
vn 0.4124 0.1380 0.9005
vn 0.9090 0.1381 0.3933
vn 0.5116 -0.3756 0.7728
vn 0.7835 -0.3755 0.4951
vn 0.4891 -0.5526 0.6748
vn 0.6851 -0.5526 0.4746
vn 0.8922 -0.0785 0.4448
vn 0.4636 -0.0786 0.8825
vn 0.6969 -0.2299 0.6793
vn 0.6939 -0.2299 0.6823
vn 0.8751 0.4724 -0.1054
vn -0.0869 0.4723 0.8772
vn 0.9666 0.1818 -0.1805
vn -0.1600 0.1816 0.9703
vn -0.4963 0.8397 0.2204
vn 0.2098 0.8398 -0.5007
vn -0.9273 0.2871 -0.2402
vn -0.2599 0.2872 -0.9219
vn -0.5638 0.4182 -0.7123
vn -0.7241 0.4181 -0.5485
vn -0.1497 0.8021 -0.5781
vn -0.5812 0.8021 -0.1373
vn -0.0917 0.8084 -0.5815
vn -0.5834 0.8083 -0.0792
vn 0.1870 0.4901 -0.8514
vn -0.8473 0.4899 0.2051
vn 0.6139 -0.3375 -0.7135
vn -0.7003 -0.3377 0.6289
vn 0.5006 -0.8054 -0.3173
vn -0.3065 -0.8056 0.5071
vn 0.4178 -0.8849 -0.2060
vn -0.1969 -0.8850 0.4220
vn 0.2189 0.9519 0.2144
vn -0.1858 0.9656 -0.1818
vn -0.3512 -0.8709 -0.3439
vn 0.0859 -0.9928 0.0840
vn -0.1885 -0.9645 -0.1847
vn -0.5943 -0.5552 -0.5819
vn -0.5858 -0.5725 -0.5736
vn -0.2441 -0.9398 -0.2391
vn 0.7777 -0.1714 -0.6049
vn -0.5882 -0.1716 0.7903
vn 0.7122 -0.0418 -0.7007
vn -0.6854 -0.0420 0.7269
vn -0.0911 -0.2449 -0.9653
vn -0.9670 -0.2450 -0.0706
vn -0.3184 -0.0565 -0.9463
vn -0.9528 -0.0565 -0.2983
vn 0.6911 -0.6459 -0.3245
vn -0.3097 -0.6460 0.6977
vn 0.3479 -0.9365 -0.0436
vn -0.0361 -0.9366 0.3486
vn -0.0582 -0.7827 -0.6197
vn -0.6207 -0.7827 -0.0452
vn -0.2180 -0.5496 -0.8065
vn -0.8108 -0.5497 -0.2010
vn 0.4805 -0.0804 -0.8733
vn -0.8629 -0.0806 0.4989
vn 0.3801 -0.6640 -0.6440
vn -0.6357 -0.6641 0.3936
vn -0.1256 -0.2045 -0.9708
vn -0.9732 -0.2046 -0.1050
vn 0.1134 -0.1867 -0.9758
vn -0.9732 -0.1869 0.1340
vn 0.0158 -0.6421 -0.7664
vn -0.7658 -0.6422 0.0320
vn -0.5420 -0.4469 -0.7117
vn -0.7229 -0.4470 -0.5268
vn -0.3342 -0.4991 -0.7995
vn -0.8064 -0.4991 -0.3172
vn -0.2093 -0.9153 -0.3440
vn -0.3482 -0.9154 -0.2021
vn 0.7274 -0.2207 -0.6498
vn -0.6342 -0.2209 0.7409
vn 0.8615 -0.1282 -0.4913
vn -0.4729 -0.1284 0.8717
vn 0.8001 -0.4829 -0.3560
vn -0.3389 -0.4830 0.8074
vn 0.5622 -0.7804 -0.2736
vn -0.2615 -0.7805 0.5678
vn 0.3831 -0.8529 -0.3547
vn -0.3464 -0.8530 0.3904
vn 0.1196 -0.7837 -0.6095
vn -0.6067 -0.7838 0.1324
vn -0.1497 0.6530 -0.7424
vn -0.7455 0.6529 -0.1339
vn 0.1346 0.8800 -0.4556
vn -0.4528 0.8799 0.1443
vn 0.5165 0.8448 -0.1394
vn -0.1286 0.8448 0.5195
vn 0.3819 0.9077 -0.1740
vn -0.1660 0.9076 0.3856
vn 0.5166 0.6433 -0.5650
vn -0.5540 0.6432 0.5286
vn 0.4577 0.8633 -0.2124
vn -0.2027 0.8633 0.4623
vn 0.5469 0.7480 -0.3761
vn -0.3646 0.7479 0.5548
vn 0.6875 0.6231 -0.3729
vn -0.3583 0.6229 0.6954
vn 0.4728 0.4886 -0.7333
vn -0.7232 0.4884 0.4883
vn 0.2853 0.6848 -0.6706
vn -0.6645 0.6847 0.2995
vn -0.0308 0.3626 -0.9314
vn -0.9319 0.3625 -0.0110
vn 0.2910 0.1882 -0.9380
vn -0.9317 0.1881 0.3109
vn -0.1422 -0.2435 -0.9594
vn -0.9622 -0.2436 -0.1219
vn 0.0170 -0.6667 -0.7452
vn -0.7445 -0.6668 0.0327
vn 0.7865 0.3830 -0.4846
vn -0.4678 0.3828 0.7966
vn 0.6728 -0.7258 -0.1434
vn -0.1290 -0.7259 0.6756
vn 0.4676 -0.8094 -0.3552
vn -0.3451 -0.8095 0.4749
vn 0.0673 0.8807 0.4688
vn 0.4700 0.8808 0.0575
vn 0.6212 -0.4072 0.6695
vn 0.6826 -0.4072 0.6068
vn 0.7696 -0.6317 0.0930
vn 0.1094 -0.6318 0.7674
vn 0.9454 -0.3256 -0.0165
vn 0.0035 -0.3257 0.9455
vn 0.9186 0.3375 -0.2056
vn -0.1861 0.3373 0.9228
vn 0.3252 0.9272 -0.1858
vn -0.1790 0.9271 0.3292
vn 0.1685 0.9754 0.1423
vn 0.1457 0.9754 0.1655
vn 0.9670 0.1718 0.1881
vn 0.2086 0.1717 0.9628
vn 0.8877 0.1772 0.4249
vn 0.4436 0.1772 0.8785
vn 0.6118 0.1930 0.7671
vn 0.7799 0.1930 0.5955
vn 0.5870 0.5342 0.6083
vn 0.6206 0.5342 0.5740
vn 0.8555 0.4959 0.1488
vn 0.1669 0.4959 0.8522
vn 0.7649 0.5843 0.2712
vn 0.2873 0.5843 0.7590
vn 0.9413 0.1897 0.2792
vn 0.2991 0.1896 0.9352
vn 0.9149 -0.3981 -0.0670
vn -0.0475 -0.3983 0.9160
vn 0.2711 0.9606 -0.0605
vn -0.0549 0.9606 0.2725
vn -0.1378 0.9856 0.0983
vn 0.0952 0.9856 -0.1397
vn -0.6358 0.6320 0.4431
vn 0.4294 0.6321 -0.6450
vn -0.5510 -0.0418 0.8334
vn 0.8216 -0.0416 -0.5686
vn 0.4815 -0.5667 0.6686
vn 0.6787 -0.5667 0.4671
vn 0.8695 -0.4891 0.0692
vn 0.0877 -0.4892 0.8678
vn 0.9949 -0.0764 -0.0653
vn -0.0442 -0.0765 0.9961
vn 0.8614 -0.4653 -0.2037
vn -0.1854 -0.4654 0.8655
vn 0.9435 0.1799 -0.2782
vn -0.2582 0.1798 0.9492
vn 0.5146 0.8039 -0.2982
vn -0.2873 0.8038 0.5209
vn 0.9488 0.0711 -0.3078
vn -0.2876 0.0710 0.9551
vn 0.6929 0.7048 -0.1519
vn -0.1372 0.7047 0.6961
vn 0.6052 -0.5076 -0.6132
vn -0.6002 -0.5078 0.6180
vn 0.9574 0.2688 -0.1053
vn -0.0850 0.2686 0.9595
vn 0.9182 -0.0695 -0.3900
vn -0.3704 -0.0696 0.9262
vn 0.8633 -0.3377 -0.3752
vn -0.3568 -0.3378 0.8710
vn 0.9195 -0.3860 -0.0743
vn -0.0548 -0.3862 0.9208
vn 0.9691 -0.2462 0.0155
vn 0.0361 -0.2463 0.9685
vn 0.8470 0.5231 -0.0943
vn -0.0764 0.5230 0.8489
vn 0.7705 0.5940 0.2312
vn 0.2474 0.5939 0.7655
vn 0.7935 0.5886 0.1545
vn 0.1713 0.5885 0.7901
vn 0.8869 0.4016 -0.2284
vn -0.2096 0.4014 0.8916
vn 0.9666 -0.2105 0.1466
vn 0.1671 -0.2106 0.9632
vn 0.9603 -0.0957 0.2622
vn 0.2825 -0.0958 0.9545
vn 0.4742 -0.3405 0.8119
vn 0.8218 -0.3405 0.4568
vn -0.0467 0.0934 0.9945
vn 0.9933 0.0935 -0.0678
vn 0.0196 0.6331 0.7738
vn 0.7740 0.6332 0.0032
vn 0.3688 0.8982 0.2391
vn 0.2467 0.8982 0.3638
vn -0.0203 0.9985 0.0512
vn 0.0507 0.9985 -0.0212
vn 0.9760 -0.2077 0.0657
vn 0.0864 -0.2078 0.9743
vn 0.8096 0.2816 0.5150
vn 0.5321 0.2816 0.7985
vn 0.8737 0.3699 0.3159
vn 0.3343 0.3699 0.8668
vn 0.9265 0.2227 0.3032
vn 0.3227 0.2227 0.9199
vn 0.8770 0.2669 0.3995
vn 0.4179 0.2668 0.8684
vn 0.8502 0.3562 0.3876
vn 0.4055 0.3562 0.8418
vn 0.8980 0.1906 0.3967
vn 0.4156 0.1905 0.8894
vn 0.9248 0.2410 0.2945
vn 0.3140 0.2409 0.9183
vn 0.7966 0.5358 0.2799
vn 0.2966 0.5357 0.7906
vn -0.8961 0.3335 -0.2928
vn -0.3118 0.3336 -0.8897
vn -0.4068 0.3930 -0.8247
vn -0.8332 0.3929 -0.3891
vn 0.3723 -0.0234 -0.9278
vn -0.9197 -0.0236 0.3919
vn 0.1060 -0.6448 -0.7569
vn -0.7544 -0.6450 0.1219
vn -0.3777 -0.8720 -0.3113
vn -0.3191 -0.8720 -0.3711
vn -0.2474 -0.9601 -0.1307
vn -0.1358 -0.9600 -0.2447
vn -0.9121 0.4091 0.0254
vn 0.0060 0.4093 -0.9124
vt 0.843250 0.588863
vt 0.833697 0.611927
vt 0.794218 0.611927
vt 0.815334 0.560948
vt 0.866314 0.937441
vt 0.866314 0.897962
vt 0.889378 0.888409
vt 0.917293 0.916324
vt 0.746541 0.611927
vt 0.781622 0.527235
vt 0.866314 0.985118
vt 0.951006 0.950037
vt 0.815334 0.662907
vt 0.781622 0.696619
vt 0.781622 0.950037
vt 0.815334 0.916325
vt 0.843250 0.634991
vt 0.843250 0.888409
vt 0.866314 0.644544
vt 0.866314 0.684023
vt 0.794218 0.865345
vt 0.833697 0.865345
vt 0.866314 0.731700
vt 0.746541 0.865345
vt 0.917293 0.662907
vt 0.951006 0.696619
vt 0.781622 0.780653
vt 0.815334 0.814366
vt 0.889378 0.634991
vt 0.843250 0.842281
vt 0.898931 0.611927
vt 0.938410 0.611927
vt 0.866314 0.793249
vt 0.866314 0.832728
vt 0.986087 0.611927
vt 0.866314 0.745572
vt 0.917294 0.560947
vt 0.951006 0.527235
vt 0.951006 0.780653
vt 0.917294 0.814365
vt 0.889378 0.588863
vt 0.889378 0.842281
vt 0.866314 0.579310
vt 0.866314 0.539831
vt 0.938410 0.865345
vt 0.898931 0.865345
vt 0.866314 0.492154
vt 0.986087 0.865345
vt 0.866314 0.585461
vt 0.847600 0.593213
vt 0.892780 0.865345
vt 0.885028 0.884059
vt 0.885028 0.593213
vt 0.885028 0.846631
vt 0.892780 0.611927
vt 0.866314 0.838879
vt 0.885028 0.630641
vt 0.847600 0.846631
vt 0.866314 0.638393
vt 0.839848 0.865345
vt 0.847600 0.630641
vt 0.847600 0.884059
vt 0.839848 0.611927
vt 0.866314 0.891811
vt 0.866314 0.611927
vt 0.866314 0.865345
vt 0.520711 0.060503
vt 0.517028 0.068490
vt 0.500000 0.064527
vt 0.500000 0.054411
vt 0.482972 0.068490
vt 0.479289 0.060503
vt 0.530457 0.065062
vt 0.522612 0.070678
vt 0.477388 0.070678
vt 0.469543 0.065062
vt 0.532878 0.067822
vt 0.526301 0.079422
vt 0.473699 0.079422
vt 0.467122 0.067822
vt 0.544695 0.083023
vt 0.529228 0.091098
vt 0.470772 0.091098
vt 0.455305 0.083023
vt 0.565647 0.115495
vt 0.537536 0.127779
vt 0.462464 0.127779
vt 0.434353 0.115495
vt 0.586916 0.172042
vt 0.626605 0.208159
vt 0.600470 0.238288
vt 0.535885 0.215568
vt 0.399530 0.238288
vt 0.373395 0.208159
vt 0.413084 0.172042
vt 0.464115 0.215568
vt 0.650908 0.240294
vt 0.636962 0.261221
vt 0.363038 0.261221
vt 0.349092 0.240294
vt 0.689501 0.268805
vt 0.655896 0.284413
vt 0.344104 0.284413
vt 0.310499 0.268805
vt 0.684517 0.317795
vt 0.659507 0.313152
vt 0.340493 0.313152
vt 0.315483 0.317795
vt 0.671357 0.334694
vt 0.649107 0.322437
vt 0.350893 0.322437
vt 0.328643 0.334694
vt 0.636775 0.370732
vt 0.613636 0.353108
vt 0.386364 0.353108
vt 0.363225 0.370732
vt 0.602261 0.395588
vt 0.594178 0.371277
vt 0.405822 0.371277
vt 0.397739 0.395588
vt 0.581044 0.398468
vt 0.577351 0.373341
vt 0.422649 0.373341
vt 0.418956 0.398468
vt 0.532016 0.387365
vt 0.539817 0.354339
vt 0.460183 0.354339
vt 0.467984 0.387365
vt 0.500000 0.382860
vt 0.500000 0.340417
vt 0.559135 0.334326
vt 0.579057 0.335646
vt 0.420943 0.335646
vt 0.440865 0.334326
vt 0.592090 0.332885
vt 0.407910 0.332885
vt 0.606163 0.325516
vt 0.393837 0.325516
vt 0.628251 0.311636
vt 0.371749 0.311636
vt 0.635551 0.300507
vt 0.364449 0.300507
vt 0.631484 0.283889
vt 0.368516 0.283889
vt 0.611331 0.264411
vt 0.388669 0.264411
vt 0.592372 0.254897
vt 0.407628 0.254897
vt 0.559669 0.267717
vt 0.440331 0.267717
vt 0.550878 0.277832
vt 0.500000 0.252445
vt 0.449122 0.277832
vt 0.544001 0.314523
vt 0.455999 0.314523
vt 0.500000 0.295691
vt 0.543637 0.293371
vt 0.456363 0.293371
vt 0.506819 0.075382
vt 0.500000 0.073497
vt 0.493181 0.075382
vt 0.511782 0.080633
vt 0.488218 0.080633
vt 0.512172 0.093457
vt 0.487828 0.093457
vt 0.514257 0.133422
vt 0.513874 0.097191
vt 0.486126 0.097191
vt 0.485743 0.133422
vt 0.520226 0.164615
vt 0.500000 0.157864
vt 0.500000 0.134352
vt 0.479774 0.164615
vt 0.500000 0.100063
vt 0.500000 0.091346
vt 0.530258 0.180239
vt 0.521901 0.181560
vt 0.517666 0.172353
vt 0.482334 0.172353
vt 0.478099 0.181560
vt 0.469742 0.180239
vt 0.523673 0.198817
vt 0.518957 0.194728
vt 0.481043 0.194728
vt 0.476327 0.198817
vt 0.500000 0.203867
vt 0.508211 0.197295
vt 0.491789 0.197295
vt 0.500000 0.197278
vt 0.500000 0.192167
vt 0.500000 0.165170
vt 0.513538 0.176949
vt 0.500000 0.171718
vt 0.486462 0.176949
vt 0.500000 0.186182
vt 0.508818 0.192407
vt 0.491182 0.192407
vt 0.515232 0.190709
vt 0.484768 0.190709
vt 0.516908 0.181873
vt 0.483092 0.181873
vt 0.544209 0.172814
vt 0.455791 0.172814
vt 0.541327 0.154899
vt 0.458673 0.154899
vt 0.578661 0.139176
vt 0.421339 0.139176
vt 0.583245 0.154155
vt 0.416755 0.154155
vt 0.500000 0.089977
vt 0.509911 0.090724
vt 0.490089 0.090724
vt 0.509713 0.082236
vt 0.490287 0.082236
vt 0.505196 0.077083
vt 0.494804 0.077083
vt 0.500000 0.075473
vt 0.503445 0.080840
vt 0.500000 0.080320
vt 0.496555 0.080840
vt 0.506660 0.083289
vt 0.493340 0.083289
vt 0.506822 0.086791
vt 0.493178 0.086791
vt 0.500000 0.085637
vt 0.562361 0.284338
vt 0.559190 0.294882
vt 0.437639 0.284338
vt 0.440810 0.294882
vt 0.563180 0.307151
vt 0.436820 0.307151
vt 0.570458 0.318697
vt 0.429542 0.318697
vt 0.569243 0.278245
vt 0.430757 0.278245
vt 0.589914 0.271772
vt 0.410086 0.271772
vt 0.602190 0.277180
vt 0.397810 0.277180
vt 0.617110 0.287175
vt 0.382890 0.287175
vt 0.618074 0.299197
vt 0.381926 0.299197
vt 0.615871 0.307438
vt 0.384129 0.307438
vt 0.598424 0.313725
vt 0.401576 0.313725
vt 0.590828 0.319797
vt 0.409172 0.319797
vt 0.582130 0.320991
vt 0.417870 0.320991
vt 0.578615 0.309394
vt 0.583998 0.312892
vt 0.421385 0.309394
vt 0.416002 0.312892
vt 0.589656 0.312336
vt 0.410344 0.312336
vt 0.596347 0.309249
vt 0.403653 0.309249
vt 0.606014 0.302517
vt 0.393986 0.302517
vt 0.607735 0.297520
vt 0.392265 0.297520
vt 0.606985 0.291216
vt 0.393015 0.291216
vt 0.598275 0.283083
vt 0.401725 0.283083
vt 0.589866 0.280167
vt 0.410134 0.280167
vt 0.576352 0.284624
vt 0.423648 0.284624
vt 0.572831 0.289915
vt 0.427169 0.289915
vt 0.573307 0.303342
vt 0.426693 0.303342
vt 0.572447 0.295716
vt 0.427553 0.295716
vt 0.529647 0.428636
vt 0.500000 0.428636
vt 0.470353 0.428636
vt 0.584616 0.428636
vt 0.415384 0.428636
vt 0.622301 0.417889
vt 0.377699 0.417889
vt 0.666214 0.388954
vt 0.333786 0.388954
vt 0.701481 0.344467
vt 0.298519 0.344467
vt 0.712163 0.315527
vt 0.287837 0.315527
vt 0.704305 0.260225
vt 0.295695 0.260225
vt 0.672947 0.224880
vt 0.327053 0.224880
vt 0.640497 0.198841
vt 0.359503 0.198841
vt 0.603553 0.023452
vt 0.625128 0.029461
vt 0.635753 0.082198
vt 0.598617 0.056841
vt 0.364247 0.082198
vt 0.374872 0.029461
vt 0.396447 0.023452
vt 0.401383 0.056841
vt 0.546781 0.009442
vt 0.556354 0.040906
vt 0.453219 0.009442
vt 0.443646 0.040906
vt 0.500000 0.033223
vt 0.527159 0.049514
vt 0.472841 0.049514
vt 0.537222 0.060794
vt 0.462778 0.060794
vt 0.558499 0.065137
vt 0.441501 0.065137
vt 0.588127 0.085177
vt 0.411873 0.085177
vt 0.607239 0.113940
vt 0.392761 0.113940
vt 0.612663 0.133675
vt 0.605467 0.151503
vt 0.394533 0.151503
vt 0.387337 0.133675
vt 0.600708 0.162985
vt 0.399292 0.162985
vt 0.922374 0.064228
vt 0.859647 0.117994
vt 0.823287 0.101559
vt 0.861342 0.027230
vt 0.176713 0.101559
vt 0.140353 0.117994
vt 0.077626 0.064228
vt 0.138658 0.027230
vt 0.765863 0.087001
vt 0.774604 0.010837
vt 0.234137 0.087001
vt 0.225396 0.010837
vt 0.661952 0.087561
vt 0.647010 0.028716
vt 0.338048 0.087561
vt 0.352990 0.028716
vt 0.743592 0.198572
vt 0.766410 0.233065
vt 0.256408 0.198572
vt 0.233590 0.233065
vt 0.987633 0.154243
vt 0.889478 0.177602
vt 0.110522 0.177602
vt 0.012367 0.154243
vt 0.899807 0.420886
vt 0.844317 0.347370
vt 0.881169 0.309153
vt 0.958963 0.357385
vt 0.118831 0.309153
vt 0.155683 0.347370
vt 0.100193 0.420886
vt 0.041037 0.357385
vt 0.903302 0.261367
vt 0.999860 0.253531
vt 0.096698 0.261367
vt 0.000140 0.253531
vt 0.724763 0.340212
vt 0.744725 0.304629
vt 0.766113 0.319494
vt 0.255275 0.304629
vt 0.275237 0.340212
vt 0.233887 0.319494
vt 0.793427 0.280495
vt 0.826663 0.297810
vt 0.206573 0.280495
vt 0.173337 0.297810
vt 0.823620 0.254612
vt 0.855331 0.267956
vt 0.176380 0.254612
vt 0.144669 0.267956
vt 0.835860 0.225225
vt 0.868309 0.233525
vt 0.164140 0.225225
vt 0.131691 0.233525
vt 0.813499 0.190705
vt 0.851288 0.181145
vt 0.148712 0.181145
vt 0.186501 0.190705
vt 0.772263 0.374010
vt 0.227737 0.374010
vt 0.744519 0.390057
vt 0.255481 0.390057
vt 0.824765 0.470987
vt 0.175235 0.470987
vt 0.792141 0.464714
vt 0.742181 0.461543
vt 0.726855 0.432574
vt 0.273145 0.432574
vt 0.257819 0.461543
vt 0.207859 0.464714
vt 0.795638 0.489991
vt 0.204362 0.489991
vt 0.786137 0.227788
vt 0.213863 0.227788
vt 0.802950 0.203415
vt 0.197050 0.203415
vt 0.769334 0.128771
vt 0.691484 0.146686
vt 0.230666 0.128771
vt 0.308516 0.146686
vt 0.780113 0.169386
vt 0.219887 0.169386
vt 0.803789 0.171181
vt 0.830917 0.139518
vt 0.169083 0.139518
vt 0.196211 0.171181
vt 0.574628 0.959188
vt 0.464516 0.959188
vt 0.477326 0.891852
vt 0.545439 0.884582
vt 0.272900 0.891852
vt 0.285710 0.959188
vt 0.175598 0.959188
vt 0.204787 0.884582
vt 0.605134 0.846978
vt 0.715894 0.897069
vt 0.145092 0.846978
vt 0.034332 0.897069
vt 0.605360 0.784410
vt 0.683874 0.757011
vt 0.144866 0.784410
vt 0.066352 0.757011
vt 0.574835 0.744212
vt 0.617867 0.719156
vt 0.175391 0.744212
vt 0.132359 0.719156
vt 0.534996 0.712528
vt 0.568728 0.682132
vt 0.215230 0.712528
vt 0.181498 0.682132
vt 0.483006 0.686791
vt 0.508539 0.641024
vt 0.267220 0.686791
vt 0.241687 0.641024
vt 0.513415 0.736977
vt 0.478880 0.719593
vt 0.271346 0.719593
vt 0.236811 0.736977
vt 0.541117 0.760754
vt 0.209109 0.760754
vt 0.557599 0.789442
vt 0.192627 0.789442
vt 0.553841 0.821849
vt 0.196385 0.821849
vt 0.524671 0.842380
vt 0.225555 0.842380
vt 0.485193 0.845321
vt 0.265033 0.845321
vt 0.786150 0.181127
vt 0.770208 0.191225
vt 0.213850 0.181127
vt 0.229792 0.191225
vt 0.408153 0.587507
vt 0.409610 0.674022
vt 0.342073 0.587507
vt 0.340616 0.674022
vt 0.400301 0.910556
vt 0.414155 0.878318
vt 0.336071 0.878318
vt 0.349925 0.910556
vt 0.443630 0.713731
vt 0.306596 0.713731
vt 0.429725 0.728622
vt 0.392812 0.710774
vt 0.357414 0.710774
vt 0.320501 0.728622
vt 0.422979 0.754609
vt 0.432640 0.746527
vt 0.327247 0.754609
vt 0.317586 0.746527
vt 0.427719 0.796173
vt 0.391578 0.815187
vt 0.358648 0.815187
vt 0.322507 0.796173
vt 0.448277 0.830976
vt 0.301949 0.830976
vt 0.797710 0.195652
vt 0.802580 0.199758
vt 0.197420 0.199758
vt 0.202290 0.195652
vt 0.789609 0.184671
vt 0.210391 0.184671
vt 0.466042 0.804091
vt 0.490498 0.816075
vt 0.284184 0.804091
vt 0.259728 0.816075
vt 0.448042 0.783921
vt 0.302184 0.783921
vt 0.438745 0.764960
vt 0.311481 0.764960
vt 0.445216 0.756351
vt 0.305010 0.756351
vt 0.449819 0.743458
vt 0.300407 0.743458
vt 0.456307 0.732687
vt 0.293919 0.732687
vt 0.475471 0.740871
vt 0.274755 0.740871
vt 0.514211 0.817769
vt 0.236015 0.817769
vt 0.527961 0.808598
vt 0.222265 0.808598
vt 0.530079 0.790754
vt 0.220147 0.790754
vt 0.518620 0.772385
vt 0.231606 0.772385
vt 0.498668 0.755033
vt 0.251558 0.755033
vt 0.468029 0.756171
vt 0.459660 0.770459
vt 0.282197 0.756171
vt 0.290566 0.770459
vt 0.487167 0.769899
vt 0.477354 0.785393
vt 0.263059 0.769899
vt 0.272872 0.785393
vt 0.504617 0.782999
vt 0.496545 0.797122
vt 0.245609 0.782999
vt 0.253681 0.797122
vt 0.516137 0.792591
vt 0.513713 0.804019
vt 0.234089 0.792591
vt 0.236513 0.804019
vt 0.574269 0.607668
vt 0.613510 0.655816
vt 0.175957 0.607668
vt 0.136716 0.655816
vt 0.644031 0.693270
vt 0.106195 0.693270
vt 0.668163 0.712097
vt 0.082063 0.712097
vt 0.727131 0.698475
vt 0.676584 0.686010
vt 0.023095 0.698475
vt 0.073642 0.686010
vt 0.729804 0.624370
vt 0.667013 0.640198
vt 0.020422 0.624370
vt 0.083213 0.640198
vt 0.721292 0.572934
vt 0.648152 0.594596
vt 0.028934 0.572934
vt 0.102074 0.594596
vt 0.630034 0.557583
vt 0.717709 0.538143
vt 0.032517 0.538143
vt 0.120192 0.557583
vt 0.526877 0.539235
vt 0.223349 0.539235
s 1
f 63/19/57 17/20/11 19/21/13 61/22/55
f 20/23/14 18/24/12 64/25/58 62/26/56
f 61/22/55 19/21/13 21/27/15 59/28/53
f 22/29/16 20/23/14 62/26/56 60/30/54
f 19/21/13 25/31/19 23/32/17 21/27/15
f 24/33/18 26/34/20 20/23/14 22/29/16
f 17/20/11 27/35/21 25/31/19 19/21/13
f 26/34/20 28/36/22 18/24/12 20/23/14
f 27/35/21 29/37/23 31/38/25 25/31/19
f 32/39/26 30/40/24 28/36/22 26/34/20
f 25/31/19 31/38/25 33/41/27 23/32/17
f 34/42/28 32/39/26 26/34/20 24/33/18
f 31/38/25 37/43/31 35/44/29 33/41/27
f 36/45/30 38/46/32 32/39/26 34/42/28
f 29/37/23 39/47/33 37/43/31 31/38/25
f 38/46/32 40/48/34 30/40/24 32/39/26
f 39/47/33 41/49/35 43/50/37 37/43/31
f 44/51/38 42/52/36 40/48/34 38/46/32
f 37/43/31 43/50/37 45/53/39 35/44/29
f 46/54/40 44/51/38 38/46/32 36/45/30
f 43/50/37 49/55/43 47/56/41 45/53/39
f 48/57/42 50/58/44 44/51/38 46/54/40
f 41/49/35 51/59/45 49/55/43 43/50/37
f 50/58/44 52/60/46 42/52/36 44/51/38
f 51/59/45 53/61/47 55/62/49 49/55/43
f 56/63/50 54/64/48 52/60/46 50/58/44
f 49/55/43 55/62/49 57/65/51 47/56/41
f 58/66/52 56/63/50 50/58/44 48/57/42
f 55/62/49 61/22/55 59/28/53 57/65/51
f 60/30/54 62/26/56 56/63/50 58/66/52
f 53/61/47 63/19/57 61/22/55 55/62/49
f 62/26/56 64/25/58 54/64/48 56/63/50
f 63/19/57 53/61/47 67/67/61 65/68/59
f 68/69/62 54/64/48 64/25/58 66/70/60
f 53/61/47 51/59/45 69/71/63 67/67/61
f 70/72/64 52/60/46 54/64/48 68/69/62
f 51/59/45 41/49/35 71/73/65 69/71/63
f 72/74/66 42/52/36 52/60/46 70/72/64
f 41/49/35 39/47/33 73/75/67 71/73/65
f 74/76/68 40/48/34 42/52/36 72/74/66
f 39/47/33 29/37/23 75/77/69 73/75/67
f 76/78/70 30/40/24 40/48/34 74/76/68
f 29/37/23 27/35/21 79/79/73 75/77/69
f 80/80/74 28/36/22 30/40/24 76/78/70
f 27/35/21 17/20/11 81/81/75 79/79/73
f 82/82/76 18/24/12 28/36/22 80/80/74
f 17/20/11 63/19/57 65/68/59 81/81/75
f 66/70/60 64/25/58 18/24/12 82/82/76
f 77/83/71 81/81/75 65/68/59
f 66/70/60 82/82/76 78/84/72
f 79/79/73 81/81/75 77/83/71
f 78/84/72 82/82/76 80/80/74
f 77/83/71 75/77/69 79/79/73
f 80/80/74 76/78/70 78/84/72
f 77/83/71 73/75/67 75/77/69
f 76/78/70 74/76/68 78/84/72
f 77/83/71 71/73/65 73/75/67
f 74/76/68 72/74/66 78/84/72
f 77/83/71 69/71/63 71/73/65
f 72/74/66 70/72/64 78/84/72
f 77/83/71 67/67/61 69/71/63
f 70/72/64 68/69/62 78/84/72
f 77/83/71 65/68/59 67/67/61
f 68/69/62 66/70/60 78/84/72
f 105/85/99 190/86/184 192/87/186 107/88/101
f 192/87/186 191/89/185 106/90/100 107/88/101
f 103/91/97 188/92/182 190/86/184 105/85/99
f 191/89/185 189/93/183 104/94/98 106/90/100
f 101/95/95 186/96/180 188/92/182 103/91/97
f 189/93/183 187/97/181 102/98/96 104/94/98
f 99/99/93 184/100/178 186/96/180 101/95/95
f 187/97/181 185/101/179 100/102/94 102/98/96
f 97/103/91 182/104/176 184/100/178 99/99/93
f 185/101/179 183/105/177 98/106/92 100/102/94
f 95/107/89 108/108/102 162/109/156 180/110/174
f 163/111/157 109/112/103 96/113/90 181/114/175
f 108/108/102 110/115/104 164/116/158 162/109/156
f 165/117/159 111/118/105 109/112/103 163/111/157
f 110/115/104 112/119/106 166/120/160 164/116/158
f 167/121/161 113/122/107 111/118/105 165/117/159
f 112/119/106 114/123/108 168/124/162 166/120/160
f 169/125/163 115/126/109 113/122/107 167/121/161
f 114/123/108 116/127/110 170/128/164 168/124/162
f 171/129/165 117/130/111 115/126/109 169/125/163
f 116/127/110 118/131/112 172/132/166 170/128/164
f 173/133/167 119/134/113 117/130/111 171/129/165
f 118/131/112 120/135/114 174/136/168 172/132/166
f 175/137/169 121/138/115 119/134/113 173/133/167
f 120/135/114 122/139/116 176/140/170 174/136/168
f 177/141/171 123/142/117 121/138/115 175/137/169
f 122/139/116 124/143/118 178/144/172 176/140/170
f 179/145/173 125/146/119 123/142/117 177/141/171
f 124/143/118 83/147/77 84/148/78 178/144/172
f 84/148/78 83/147/77 125/146/119 179/145/173
f 126/149/120 144/150/138 176/140/170 178/144/172
f 177/141/171 145/151/139 127/152/121 179/145/173
f 144/150/138 195/153/189 174/136/168 176/140/170
f 175/137/169 196/154/190 145/151/139 177/141/171
f 142/155/136 172/132/166 174/136/168 195/153/189
f 175/137/169 173/133/167 143/156/137 196/154/190
f 140/157/134 170/128/164 172/132/166 142/155/136
f 173/133/167 171/129/165 141/158/135 143/156/137
f 138/159/132 168/124/162 170/128/164 140/157/134
f 171/129/165 169/125/163 139/160/133 141/158/135
f 136/161/130 166/120/160 168/124/162 138/159/132
f 169/125/163 167/121/161 137/162/131 139/160/133
f 134/163/128 164/116/158 166/120/160 136/161/130
f 167/121/161 165/117/159 135/164/129 137/162/131
f 132/165/126 162/109/156 164/116/158 134/163/128
f 165/117/159 163/111/157 133/166/127 135/164/129
f 130/167/124 180/110/174 162/109/156 132/165/126
f 163/111/157 181/114/175 131/168/125 133/166/127
f 130/167/124 197/169/191 193/170/187 180/110/174
f 193/170/187 198/171/192 131/168/125 181/114/175
f 126/149/120 178/144/172 84/148/78 128/172/122
f 84/148/78 179/145/173 127/152/121 129/173/123
f 128/172/122 84/148/78 194/174/188 199/175/193
f 194/174/188 84/148/78 129/173/123 200/176/194
f 193/170/187 197/169/191 199/175/193 194/174/188
f 200/176/194 198/171/192 193/170/187 194/174/188
f 151/177/145 153/178/147 192/87/186 190/86/184
f 192/87/186 153/178/147 152/179/146 191/89/185
f 149/180/143 151/177/145 190/86/184 188/92/182
f 191/89/185 152/179/146 150/181/144 189/93/183
f 147/182/141 149/180/143 188/92/182 186/96/180
f 189/93/183 150/181/144 148/183/142 187/97/181
f 182/104/176 203/184/197 201/185/195 184/100/178
f 202/186/196 204/187/198 183/105/177 185/101/179
f 147/182/141 186/96/180 184/100/178 201/185/195
f 185/101/179 187/97/181 148/183/142 202/186/196
f 160/188/154 206/189/200 205/190/199 203/184/197
f 205/190/199 206/189/200 161/191/155 204/187/198
f 201/185/195 203/184/197 205/190/199 85/192/79
f 205/190/199 204/187/198 202/186/196 85/192/79
f 146/193/140 147/182/141 201/185/195 85/192/79
f 202/186/196 148/183/142 146/193/140 85/192/79
f 158/194/152 209/195/203 207/196/201 160/188/154
f 208/197/202 210/198/204 159/199/153 161/191/155
f 156/200/150 211/201/205 209/195/203 158/194/152
f 210/198/204 212/202/206 157/203/151 159/199/153
f 155/204/149 213/205/207 211/201/205 156/200/150
f 212/202/206 214/206/208 155/204/149 157/203/151
f 154/207/148 87/208/81 213/205/207 155/204/149
f 214/206/208 87/208/81 154/207/148 155/204/149
f 206/189/200 160/188/154 207/196/201 86/209/80
f 208/197/202 161/191/155 206/189/200 86/209/80
f 86/209/80 207/196/201 222/210/216 224/211/218
f 223/212/217 208/197/202 86/209/80 224/211/218
f 87/208/81 215/213/209 216/214/210 213/205/207
f 217/215/211 215/213/209 87/208/81 214/206/208
f 213/205/207 216/214/210 218/216/212 211/201/205
f 219/217/213 217/215/211 214/206/208 212/202/206
f 211/201/205 218/216/212 220/218/214 209/195/203
f 221/219/215 219/217/213 212/202/206 210/198/204
f 209/195/203 220/218/214 222/210/216 207/196/201
f 223/212/217 221/219/215 210/198/204 208/197/202
f 215/213/209 220/218/214 218/216/212 216/214/210
f 219/217/213 221/219/215 215/213/209 217/215/211
f 215/213/209 224/211/218 222/210/216 220/218/214
f 223/212/217 224/211/218 215/213/209 221/219/215
f 155/204/149 156/200/150 180/110/174 193/170/187
f 181/114/175 157/203/151 155/204/149 193/170/187
f 156/200/150 158/194/152 227/220/221 180/110/174
f 228/221/222 159/199/153 157/203/151 181/114/175
f 158/194/152 160/188/154 229/222/223 227/220/221
f 230/223/224 161/191/155 159/199/153 228/221/222
f 160/188/154 203/184/197 182/104/176 229/222/223
f 183/105/177 204/187/198 161/191/155 230/223/224
f 97/103/91 225/224/219 229/222/223 182/104/176
f 230/223/224 226/225/220 98/106/92 183/105/177
f 225/224/219 231/226/225 227/220/221 229/222/223
f 228/221/222 232/227/226 226/225/220 230/223/224
f 95/107/89 180/110/174 227/220/221 231/226/225
f 228/221/222 181/114/175 96/113/90 232/227/226
f 147/182/141 146/193/140 88/228/82 238/229/232
f 88/228/82 146/193/140 148/183/142 239/230/233
f 149/180/143 147/182/141 238/229/232 236/231/230
f 239/230/233 148/183/142 150/181/144 237/232/231
f 151/177/145 149/180/143 236/231/230 234/233/228
f 237/232/231 150/181/144 152/179/146 235/234/229
f 153/178/147 151/177/145 234/233/228 233/235/227
f 235/234/229 152/179/146 153/178/147 233/235/227
f 233/235/227 234/233/228 245/236/239 247/237/241
f 246/238/240 235/234/229 233/235/227 247/237/241
f 234/233/228 236/231/230 243/239/237 245/236/239
f 244/240/238 237/232/231 235/234/229 246/238/240
f 236/231/230 238/229/232 241/241/235 243/239/237
f 242/242/236 239/230/233 237/232/231 244/240/238
f 238/229/232 88/228/82 240/243/234 241/241/235
f 240/243/234 88/228/82 239/230/233 242/242/236
f 240/243/234 247/237/241 245/236/239 241/241/235
f 246/238/240 247/237/241 240/243/234 242/242/236
f 241/241/235 245/236/239 243/239/237
f 244/240/238 246/238/240 242/242/236
f 199/175/193 197/169/191 250/244/244 248/245/242
f 251/246/245 198/171/192 200/176/194 249/247/243
f 128/172/122 199/175/193 248/245/242 270/248/264
f 249/247/243 200/176/194 129/173/123 271/249/265
f 126/149/120 128/172/122 270/248/264 272/250/266
f 271/249/265 129/173/123 127/152/121 273/251/267
f 197/169/191 130/167/124 268/252/262 250/244/244
f 269/253/263 131/168/125 198/171/192 251/246/245
f 130/167/124 132/165/126 266/254/260 268/252/262
f 267/255/261 133/166/127 131/168/125 269/253/263
f 132/165/126 134/163/128 264/256/258 266/254/260
f 265/257/259 135/164/129 133/166/127 267/255/261
f 134/163/128 136/161/130 262/258/256 264/256/258
f 263/259/257 137/162/131 135/164/129 265/257/259
f 136/161/130 138/159/132 260/260/254 262/258/256
f 261/261/255 139/160/133 137/162/131 263/259/257
f 138/159/132 140/157/134 258/262/252 260/260/254
f 259/263/253 141/158/135 139/160/133 261/261/255
f 140/157/134 142/155/136 256/264/250 258/262/252
f 257/265/251 143/156/137 141/158/135 259/263/253
f 142/155/136 195/153/189 252/266/246 256/264/250
f 253/267/247 196/154/190 143/156/137 257/265/251
f 195/153/189 144/150/138 254/268/248 252/266/246
f 255/269/249 145/151/139 196/154/190 253/267/247
f 144/150/138 126/149/120 272/250/266 254/268/248
f 273/251/267 127/152/121 145/151/139 255/269/249
f 254/268/248 272/250/266 274/270/268 292/271/286
f 275/272/269 273/251/267 255/269/249 293/273/287
f 252/266/246 254/268/248 292/271/286 294/274/288
f 293/273/287 255/269/249 253/267/247 295/275/289
f 256/264/250 252/266/246 294/274/288 290/276/284
f 295/275/289 253/267/247 257/265/251 291/277/285
f 258/262/252 256/264/250 290/276/284 288/278/282
f 291/277/285 257/265/251 259/263/253 289/279/283
f 260/260/254 258/262/252 288/278/282 286/280/280
f 289/279/283 259/263/253 261/261/255 287/281/281
f 262/258/256 260/260/254 286/280/280 284/282/278
f 287/281/281 261/261/255 263/259/257 285/283/279
f 264/256/258 262/258/256 284/282/278 282/284/276
f 285/283/279 263/259/257 265/257/259 283/285/277
f 266/254/260 264/256/258 282/284/276 280/286/274
f 283/285/277 265/257/259 267/255/261 281/287/275
f 268/252/262 266/254/260 280/286/274 278/288/272
f 281/287/275 267/255/261 269/253/263 279/289/273
f 250/244/244 268/252/262 278/288/272 296/290/290
f 279/289/273 269/253/263 251/246/245 297/291/291
f 272/250/266 270/248/264 276/292/270 274/270/268
f 277/293/271 271/249/265 273/251/267 275/272/269
f 270/248/264 248/245/242 298/294/292 276/292/270
f 299/295/293 249/247/243 271/249/265 277/293/271
f 248/245/242 250/244/244 296/290/290 298/294/292
f 297/291/291 251/246/245 249/247/243 299/295/293
f 83/147/77 124/143/118 300/296/294 89/297/83
f 301/298/295 125/146/119 83/147/77 89/297/83
f 124/143/118 122/139/116 302/299/296 300/296/294
f 303/300/297 123/142/117 125/146/119 301/298/295
f 122/139/116 120/135/114 304/301/298 302/299/296
f 305/302/299 121/138/115 123/142/117 303/300/297
f 120/135/114 118/131/112 306/303/300 304/301/298
f 307/304/301 119/134/113 121/138/115 305/302/299
f 118/131/112 116/127/110 308/305/302 306/303/300
f 309/306/303 117/130/111 119/134/113 307/304/301
f 116/127/110 114/123/108 310/307/304 308/305/302
f 311/308/305 115/126/109 117/130/111 309/306/303
f 114/123/108 112/119/106 312/309/306 310/307/304
f 313/310/307 113/122/107 115/126/109 311/308/305
f 112/119/106 110/115/104 314/311/308 312/309/306
f 315/312/309 111/118/105 113/122/107 313/310/307
f 110/115/104 108/108/102 316/313/310 314/311/308
f 317/314/311 109/112/103 111/118/105 315/312/309
f 324/315/318 325/316/319 344/317/338 354/318/348
f 345/319/339 325/320/319 324/321/318 355/322/349
f 323/323/317 324/315/318 354/318/348 352/324/346
f 355/322/349 324/321/318 323/325/317 353/326/347
f 322/327/316 323/323/317 352/324/346 356/328/350
f 353/326/347 323/325/317 322/327/316 357/329/351
f 105/85/99 107/88/101 322/327/316 356/328/350
f 322/327/316 107/88/101 106/90/100 357/329/351
f 103/91/97 105/85/99 356/328/350 350/330/344
f 357/329/351 106/90/100 104/94/98 351/331/345
f 101/95/95 103/91/97 350/330/344 346/332/340
f 351/331/345 104/94/98 102/98/96 347/333/341
f 99/99/93 101/95/95 346/332/340 348/334/342
f 347/333/341 102/98/96 100/102/94 349/335/343
f 346/332/340 352/324/346 354/318/348 348/334/342
f 355/322/349 353/326/347 347/333/341 349/335/343
f 346/332/340 350/330/344 356/328/350 352/324/346
f 357/329/351 351/331/345 347/333/341 353/326/347
f 342/336/336 348/334/342 354/318/348 344/317/338
f 355/322/349 349/335/343 343/337/337 345/319/339
f 97/103/91 99/99/93 348/334/342 342/336/336
f 349/335/343 100/102/94 98/106/92 343/337/337
f 225/224/219 358/338/352 360/339/354 231/226/225
f 361/340/355 359/341/353 226/225/220 232/227/226
f 97/103/91 342/336/336 358/338/352 225/224/219
f 359/341/353 343/337/337 98/106/92 226/225/220
f 95/107/89 231/226/225 360/339/354 362/342/356
f 361/340/355 232/227/226 96/113/90 363/343/357
f 95/107/89 362/342/356 316/313/310 108/108/102
f 317/314/311 363/343/357 96/113/90 109/112/103
f 93/344/87 340/345/334 368/346/362 320/347/314
f 369/348/363 341/349/335 93/350/87 320/351/314
f 320/347/314 368/346/362 366/352/360 94/353/88
f 367/354/361 369/348/363 320/351/314 94/355/88
f 94/353/88 366/352/360 364/356/358 321/357/315
f 365/358/359 367/354/361 94/355/88 321/359/315
f 321/357/315 364/356/358 344/317/338 325/316/319
f 345/319/339 365/358/359 321/359/315 325/320/319
f 342/336/336 344/317/338 364/356/358 358/338/352
f 365/358/359 345/319/339 343/337/337 359/341/353
f 312/309/306 314/311/308 334/360/328 326/361/320
f 335/362/329 315/312/309 313/310/307 327/363/321
f 92/364/86 332/365/326 340/345/334 93/344/87
f 341/349/335 333/366/327 92/367/86 93/350/87
f 318/368/312 374/369/368 372/370/366 319/371/313
f 373/372/367 375/373/369 318/374/312 319/375/313
f 319/371/313 372/370/366 370/376/364 91/377/85
f 371/378/365 373/372/367 319/375/313 91/379/85
f 91/377/85 370/376/364 332/365/326 92/364/86
f 333/366/327 371/378/365 91/379/85 92/367/86
f 308/380/302 310/307/304 378/381/372 380/382/374
f 379/383/373 311/308/305 309/384/303 381/385/375
f 380/382/374 378/381/372 384/386/378 382/387/376
f 385/388/379 379/383/373 381/385/375 383/389/377
f 382/387/376 384/386/378 386/390/380 388/391/382
f 387/392/381 385/388/379 383/389/377 389/393/383
f 388/391/382 386/390/380 392/394/386 390/395/384
f 393/396/387 387/392/381 389/393/383 391/397/385
f 330/398/324 394/399/388 390/395/384 392/394/386
f 391/397/385 395/400/389 331/401/325 393/396/387
f 332/365/326 370/376/364 390/395/384 394/399/388
f 391/397/385 371/378/365 333/366/327 395/400/389
f 370/376/364 372/370/366 388/391/382 390/395/384
f 389/393/383 373/372/367 371/378/365 391/397/385
f 372/370/366 374/369/368 382/387/376 388/391/382
f 383/389/377 375/373/369 373/372/367 389/393/383
f 374/369/368 376/402/370 380/382/374 382/387/376
f 381/385/375 377/403/371 375/373/369 383/389/377
f 306/404/300 308/380/302 380/382/374 376/402/370
f 381/385/375 309/384/303 307/405/301 377/403/371
f 90/406/84 376/402/370 374/369/368 318/368/312
f 375/373/369 377/403/371 90/407/84 318/374/312
f 300/408/294 302/409/296 304/410/298 306/404/300
f 305/411/299 303/412/297 301/413/295 307/405/301
f 300/408/294 306/404/300 376/402/370 90/406/84
f 377/403/371 307/405/301 301/413/295 90/407/84
f 89/414/83 300/408/294 90/406/84
f 90/407/84 301/413/295 89/415/83
f 310/307/304 312/309/306 326/361/320 378/381/372
f 327/363/321 313/310/307 311/308/305 379/383/373
f 326/361/320 328/416/322 384/386/378 378/381/372
f 385/388/379 329/417/323 327/363/321 379/383/373
f 328/416/322 398/418/392 386/390/380 384/386/378
f 387/392/381 399/419/393 329/417/323 385/388/379
f 330/398/324 392/394/386 386/390/380 398/418/392
f 387/392/381 393/396/387 331/401/325 399/419/393
f 364/356/358 366/352/360 402/420/396 400/421/394
f 403/422/397 367/354/361 365/358/359 401/423/395
f 334/360/328 400/421/394 402/420/396 336/424/330
f 403/422/397 401/423/395 335/362/329 337/425/331
f 314/311/308 316/313/310 400/421/394 334/360/328
f 401/423/395 317/314/311 315/312/309 335/362/329
f 316/313/310 360/339/354 358/338/352 400/421/394
f 359/341/353 361/340/355 317/314/311 401/423/395
f 358/338/352 364/356/358 400/421/394
f 401/423/395 365/358/359 359/341/353
f 316/313/310 362/342/356 360/339/354
f 361/340/355 363/343/357 317/314/311
f 330/398/324 338/426/332 396/427/390 394/399/388
f 397/428/391 339/429/333 331/401/325 395/400/389
f 332/365/326 394/399/388 396/427/390 340/345/334
f 397/428/391 395/400/389 333/366/327 341/349/335
f 336/424/330 402/420/396 396/427/390 338/426/332
f 397/428/391 403/422/397 337/425/331 339/429/333
f 366/352/360 368/346/362 396/427/390 402/420/396
f 397/428/391 369/348/363 367/354/361 403/422/397
f 340/345/334 396/427/390 368/346/362
f 369/348/363 397/428/391 341/349/335
f 416/430/410 404/431/398 430/432/424 418/433/412
f 431/434/425 405/435/399 417/436/411 419/437/413
f 416/430/410 418/433/412 420/438/414 414/439/408
f 421/440/415 419/437/413 417/436/411 415/441/409
f 414/439/408 420/438/414 422/442/416 412/443/406
f 423/444/417 421/440/415 415/441/409 413/445/407
f 412/443/406 422/442/416 424/446/418 410/447/404
f 425/448/419 423/444/417 413/445/407 411/449/405
f 410/447/404 424/446/418 426/450/420 408/451/402
f 427/452/421 425/448/419 411/449/405 409/453/403
f 408/451/402 426/450/420 428/454/422 406/455/400
f 429/456/423 427/452/421 409/453/403 407/457/401
f 426/450/420 436/458/430 434/459/428 428/454/422
f 435/460/429 437/461/431 427/452/421 429/456/423
f 424/446/418 438/462/432 436/458/430 426/450/420
f 437/461/431 439/463/433 425/448/419 427/452/421
f 422/442/416 440/464/434 438/462/432 424/446/418
f 439/463/433 441/465/435 423/444/417 425/448/419
f 420/438/414 442/466/436 440/464/434 422/442/416
f 441/465/435 443/467/437 421/440/415 423/444/417
f 418/433/412 444/468/438 442/466/436 420/438/414
f 443/467/437 445/469/439 419/437/413 421/440/415
f 418/433/412 430/432/424 432/470/426 444/468/438
f 433/471/427 431/434/425 419/437/413 445/469/439
f 334/360/328 336/424/330 460/472/454 458/473/452
f 461/474/455 337/425/331 335/362/329 459/475/453
f 336/476/330 406/455/400 428/454/422 460/477/454
f 429/456/423 407/457/401 337/478/331 461/479/455
f 326/361/320 334/360/328 458/473/452 328/416/322
f 459/475/453 335/362/329 327/363/321 329/417/323
f 398/480/392 446/481/440 430/432/424 404/431/398
f 431/434/425 447/482/441 399/483/393 405/435/399
f 428/454/422 434/459/428 456/484/450 460/477/454
f 457/485/451 435/460/429 429/456/423 461/479/455
f 454/486/448 462/487/456 460/477/454 456/484/450
f 461/479/455 463/488/457 455/489/449 457/485/451
f 450/490/444 462/487/456 454/486/448 452/491/446
f 455/489/449 463/488/457 451/492/445 453/493/447
f 448/494/442 464/495/458 462/487/456 450/490/444
f 463/488/457 465/496/459 449/497/443 451/492/445
f 446/481/440 464/495/458 448/494/442 466/498/460
f 449/497/443 465/496/459 447/482/441 467/499/461
f 430/432/424 446/481/440 466/498/460 432/470/426
f 467/499/461 447/482/441 431/434/425 433/471/427
f 328/416/322 464/500/458 446/501/440 398/418/392
f 447/502/441 465/503/459 329/417/323 399/419/393
f 328/416/322 458/473/452 462/504/456 464/500/458
f 463/505/457 459/475/453 329/417/323 465/503/459
f 458/473/452 460/472/454 462/504/456
f 463/505/457 461/474/455 459/475/453
f 432/470/426 466/498/460 468/506/462 492/507/486
f 469/508/463 467/499/461 433/471/427 493/509/487
f 466/498/460 448/494/442 478/510/472 468/506/462
f 479/511/473 449/497/443 467/499/461 469/508/463
f 448/494/442 450/490/444 476/512/470 478/510/472
f 477/513/471 451/492/445 449/497/443 479/511/473
f 450/490/444 452/491/446 474/514/468 476/512/470
f 475/515/469 453/493/447 451/492/445 477/513/471
f 452/491/446 454/486/448 472/516/466 474/514/468
f 473/517/467 455/489/449 453/493/447 475/515/469
f 454/486/448 456/484/450 470/518/464 472/516/466
f 471/519/465 457/485/451 455/489/449 473/517/467
f 456/484/450 434/459/428 490/520/484 470/518/464
f 491/521/485 435/460/429 457/485/451 471/519/465
f 444/468/438 432/470/426 492/507/486 480/522/474
f 493/509/487 433/471/427 445/469/439 481/523/475
f 442/466/436 444/468/438 480/522/474 482/524/476
f 481/523/475 445/469/439 443/467/437 483/525/477
f 440/464/434 442/466/436 482/524/476 484/526/478
f 483/525/477 443/467/437 441/465/435 485/527/479
f 438/462/432 440/464/434 484/526/478 486/528/480
f 485/527/479 441/465/435 439/463/433 487/529/481
f 436/458/430 438/462/432 486/528/480 488/530/482
f 487/529/481 439/463/433 437/461/431 489/531/483
f 434/459/428 436/458/430 488/530/482 490/520/484
f 489/531/483 437/461/431 435/460/429 491/521/485
f 474/514/468 472/516/466 496/532/490 494/533/488
f 497/534/491 473/517/467 475/515/469 495/535/489
f 494/533/488 496/532/490 498/536/492 500/537/494
f 499/538/493 497/534/491 495/535/489 501/539/495
f 500/537/494 498/536/492 504/540/498 502/541/496
f 505/542/499 499/538/493 501/539/495 503/543/497
f 502/541/496 504/540/498 506/544/500 508/545/502
f 507/546/501 505/542/499 503/543/497 509/547/503
f 480/522/474 492/507/486 502/541/496 508/545/502
f 503/543/497 493/509/487 481/523/475 509/547/503
f 468/506/462 500/537/494 502/541/496 492/507/486
f 503/543/497 501/539/495 469/508/463 493/509/487
f 468/506/462 478/510/472 494/533/488 500/537/494
f 495/535/489 479/511/473 469/508/463 501/539/495
f 474/514/468 494/533/488 478/510/472 476/512/470
f 479/511/473 495/535/489 475/515/469 477/513/471
f 470/518/464 490/520/484 496/532/490 472/516/466
f 497/534/491 491/521/485 471/519/465 473/517/467
f 488/530/482 498/536/492 496/532/490 490/520/484
f 497/534/491 499/538/493 489/531/483 491/521/485
f 486/528/480 504/540/498 498/536/492 488/530/482
f 499/538/493 505/542/499 487/529/481 489/531/483
f 484/526/478 506/544/500 504/540/498 486/528/480
f 505/542/499 507/546/501 485/527/479 487/529/481
f 482/524/476 508/545/502 506/544/500 484/526/478
f 507/546/501 509/547/503 483/525/477 485/527/479
f 480/522/474 508/545/502 482/524/476
f 483/525/477 509/547/503 481/523/475
f 408/451/402 406/455/400 520/548/514 518/549/512
f 521/550/515 407/457/401 409/453/403 519/551/513
f 410/447/404 408/451/402 518/549/512 516/552/510
f 519/551/513 409/453/403 411/449/405 517/553/511
f 412/443/406 410/447/404 516/552/510 514/554/508
f 517/553/511 411/449/405 413/445/407 515/555/509
f 414/556/408 412/443/406 514/554/508 512/557/506
f 515/555/509 413/445/407 415/558/409 513/559/507
f 416/560/410 414/556/408 512/557/506 510/561/504
f 513/559/507 415/558/409 417/562/411 511/563/505
f 404/564/398 416/560/410 510/561/504 522/565/516
f 511/563/505 417/562/411 405/566/399 523/567/517
f 510/561/504 518/549/512 520/548/514 522/565/516
f 521/550/515 519/551/513 511/563/505 523/567/517
f 510/561/504 512/557/506 516/552/510 518/549/512
f 517/553/511 513/559/507 511/563/505 519/551/513
f 512/557/506 514/554/508 516/552/510
f 517/553/511 515/555/509 513/559/507
f 330/568/324 398/569/392 404/564/398 522/565/516
f 405/566/399 399/570/393 331/571/325 523/567/517
f 330/568/324 522/565/516 520/548/514 338/572/332
f 521/550/515 523/567/517 331/571/325 339/573/333
f 336/476/330 338/572/332 520/548/514 406/455/400
f 521/550/515 339/573/333 337/478/331 407/457/401
o silla.001
v -1.834654 1.832204 -1.353168
v -1.871373 1.942692 -1.333162
v -1.531769 1.832204 -1.954532
v -1.537554 1.942692 -1.995946
v -1.276625 1.832204 -1.072110
v -1.243985 1.942692 -1.017170
v -0.973741 1.832204 -1.673474
v -0.910165 1.942692 -1.679953
v -1.537554 1.832204 -1.995946
v -1.871373 1.832204 -1.333162
v -0.910165 1.832204 -1.679953
v -1.243985 1.832204 -1.017170
v -1.797393 1.832204 -1.480047
v -1.797393 1.942692 -1.480047
v -1.170004 1.832204 -1.164055
v -1.189546 1.942692 -1.173898
v -1.776495 1.832204 -1.468640
v -1.218467 1.832204 -1.187582
v -1.610895 1.942692 -1.850330
v -0.981546 1.832204 -1.539863
v -1.028185 1.832204 -1.565378
v -1.610895 1.832204 -1.850330
v -1.003049 1.942692 -1.544181
v -1.586213 1.832204 -1.846436
v -1.406043 1.832204 -1.929708
v -1.406043 1.942692 -1.929708
v -1.739862 1.832204 -1.266925
v -1.739862 1.942692 -1.266925
v -1.420212 1.832204 -1.898344
v -1.723096 1.832204 -1.296981
v -1.743354 2.412975 -1.428187
v -1.664937 1.832204 -1.412453
v -1.474656 1.832204 -1.790248
v -1.526761 2.405408 -1.848870
v -1.068539 1.942692 -1.759721
v -1.402359 1.832204 -1.096937
v -1.387353 1.832204 -1.127879
v -1.068539 1.832204 -1.759721
v -1.402359 1.942692 -1.096937
v -1.084468 1.832204 -1.729243
v -1.329194 1.832204 -1.243351
v -1.138912 1.832204 -1.621147
v -1.902354 1.471344 -1.468916
v -1.976166 1.471344 -1.322366
v -1.440052 1.471344 -2.009169
v -1.591764 1.471344 -2.085581
v -0.901975 1.471344 -1.566170
v -0.832879 1.471344 -1.703359
v -1.367863 1.471344 -1.015987
v -1.217281 1.471344 -0.940144
v -1.143469 1.471344 -1.086694
v -1.750643 1.471344 -1.392505
v -1.660860 1.471344 -1.948392
v -1.509149 1.471344 -1.871980
v -1.824454 1.471344 -1.245955
v -0.983461 1.471344 -1.779201
v -1.294052 1.471344 -1.162537
v -1.052558 1.471344 -1.642013
v -1.513924 1.942692 -1.984044
v -1.514345 1.832204 -1.984256
v -1.847214 1.832204 -1.320994
v -1.849823 1.942692 -1.322308
v -1.608050 2.393882 -1.888485
v -1.811132 2.403364 -1.461219
v -1.531874 1.942692 -1.949359
v -1.404699 1.943921 -1.819572
v -1.554884 1.832204 -1.961538
v -0.926991 1.832204 -1.646548
v -0.999839 1.943921 -1.614715
v -1.098974 1.942692 -1.699002
v -1.554768 1.942692 -1.961769
v -1.855574 1.832204 -1.364532
v -1.650480 1.943921 -1.331585
v -1.226959 1.832204 -1.050973
v -1.831738 1.942692 -1.360013
v -1.374306 1.942692 -1.152494
v -1.245832 1.943921 -1.126307
v -1.852496 1.942692 -1.370642
v -1.867893 2.698480 -1.453406
v -1.782932 2.710527 -1.412001
v -1.635533 2.693984 -1.919409
v -1.554244 2.705510 -1.879793
v -1.466208 2.770078 -2.008427
v -1.600771 2.750845 -2.076374
v -1.830205 2.778064 -1.263853
v -1.968532 2.758417 -1.331768
v -1.777607 1.942692 -1.470082
v -1.646339 1.942692 -1.403967
v -1.588176 1.942692 -1.838887
v -1.459842 1.942692 -1.774250
v -1.902182 2.756748 -1.470794
v -1.762353 2.776575 -1.402649
v -1.669823 2.752252 -1.936797
v -1.533665 2.771558 -1.870441
v -0.983506 1.942692 -1.534338
v -1.170004 1.942692 -1.164055
v -0.928802 1.942692 -1.642951
v -1.424372 1.942692 -1.893316
v -1.479384 1.942692 -1.784093
v -1.665882 1.942692 -1.413810
v -1.089247 1.942692 -1.718607
v -1.721216 1.942692 -1.303946
v -1.226062 1.942692 -1.052755
v -1.384205 1.942692 -1.132980
v -1.003049 1.964482 -1.544181
v -1.044845 2.005445 -1.551012
v -1.219988 2.005445 -1.203275
v -1.189546 1.964482 -1.173898
v -0.999839 1.963253 -1.614715
v -1.032152 2.005445 -1.602633
v -1.392850 2.005445 -1.785582
v -1.404699 1.963253 -1.819572
v -1.459842 1.964482 -1.774250
v -1.427285 2.005445 -1.743632
v -1.646339 1.964482 -1.403967
v -1.602427 2.005445 -1.395895
v -1.123243 2.005445 -1.661342
v -1.098974 1.964482 -1.699002
v -1.650480 1.963253 -1.331585
v -1.616324 2.005445 -1.341884
v -1.255639 2.005445 -1.158909
v -1.245832 1.963253 -1.126307
v -1.374306 1.964482 -1.152494
v -1.358439 2.005445 -1.194690
vn -0.5255 -0.8299 0.1871
vn -0.7753 0.5774 0.2559
vn -0.1617 -0.8304 -0.5332
vn -0.2559 0.5774 -0.7753
vn 0.1626 -0.8300 0.5335
vn 0.2559 0.5774 0.7753
vn 0.5246 -0.8305 -0.1874
vn 0.7753 0.5774 -0.2559
vn -0.2559 -0.5774 -0.7753
vn -0.7753 -0.5774 0.2559
vn 0.7753 -0.5774 -0.2559
vn 0.2559 -0.5774 0.7753
vn -0.6315 -0.7071 -0.3181
vn -0.6315 0.7071 -0.3181
vn 0.6313 -0.7075 0.3176
vn 0.5192 0.7528 0.4046
vn -0.0746 -0.8941 -0.4416
vn 0.3992 -0.8941 -0.2028
vn 0.6293 -0.7092 0.3179
vn 0.0742 -0.8946 0.4407
vn 0.6331 0.7552 0.1698
vn -0.3983 -0.8945 0.2028
vn 0.3181 -0.7071 -0.6315
vn 0.3181 0.7071 -0.6315
vn -0.3181 -0.7071 0.6315
vn -0.3181 0.7071 0.6315
vn 0.4216 -0.9035 -0.0776
vn 0.1892 -0.9032 0.3852
vn 0.7189 -0.1325 -0.6824
vn 0.3359 -0.9357 -0.1078
vn 0.1129 -0.9360 0.3335
vn -0.2843 -0.1648 0.9445
vn -0.4220 -0.9033 0.0772
vn -0.1886 -0.9035 -0.3848
vn -0.1134 -0.9358 -0.3339
vn -0.3351 -0.9360 0.1078
vn -0.3723 -0.5191 -0.7694
vn -0.8584 -0.4361 0.2700
vn 0.7559 -0.5446 -0.3634
vn -0.2946 -0.4368 -0.8500
vn 0.3728 -0.5198 0.7686
vn 0.8583 -0.4369 -0.2693
vn -0.7561 -0.5437 0.3643
vn 0.2940 -0.4362 0.8505
vn 0.8397 -0.5193 -0.1589
vn 0.7063 -0.6652 -0.2421
vn -0.8396 -0.5197 0.1580
vn 0.2265 -0.6660 0.7108
vn 0.1576 -0.5436 0.8244
vn -0.1579 -0.5447 -0.8237
vn -0.2258 -0.6653 -0.7116
vn -0.7058 -0.6661 0.2412
vn -0.5365 -0.2021 0.8193
vn 0.1626 -0.2091 -0.9643
vn -0.1402 0.8773 -0.4590
vn -0.0895 0.8349 -0.5430
vn 0.6311 -0.7070 0.3191
vn 0.5332 0.8143 -0.2294
vn 0.3438 0.7411 -0.5767
vn -0.4946 0.8335 0.2463
vn 0.6315 -0.7071 0.3181
vn -0.4557 0.8751 0.1630
vn -0.2534 0.7466 0.6151
vn 0.1465 0.8132 0.5633
vn 0.1451 0.2442 -0.9588
vn 0.6172 0.3101 -0.7231
vn -0.5780 0.2579 0.7742
vn -0.3257 0.2939 0.8986
vn 0.7233 0.6125 -0.3187
vn -0.3003 0.4637 -0.8335
vn 0.1835 0.6147 0.7672
vn -0.8416 0.4732 0.2604
vn -0.1160 0.8974 -0.4256
vn -0.6338 0.7537 -0.1739
vn -0.4055 0.8986 0.1676
vn -0.5149 0.7546 -0.4069
vn -0.3578 0.4807 -0.8006
vn 0.7308 0.6291 -0.2648
vn -0.8272 0.5133 0.2285
vn 0.1896 0.6564 0.7302
vn 0.6348 0.7024 0.3219
vn 0.6358 0.7030 0.3185
vn 0.6340 0.7051 0.3176
vn 0.4123 0.9045 -0.1089
vn 0.1200 0.9240 0.3630
vn 0.3699 0.9206 -0.1252
vn 0.0035 1.0000 -0.0077
vn 0.1586 0.9050 0.3948
vn 0.6316 0.7057 0.3211
vn -0.0040 1.0000 0.0073
vn 0.9021 0.3545 0.2461
vn 0.3984 0.9087 0.1247
vn 0.3393 0.9088 0.2426
vn 0.7404 0.3538 0.5715
vn 0.8621 0.3513 -0.3652
vn 0.4529 0.8705 -0.1927
vn -0.0715 0.8745 -0.4797
vn -0.1685 0.3594 -0.9179
vn -0.7324 0.3673 -0.5733
vn -0.3262 0.9151 -0.2370
vn -0.8959 0.3669 -0.2504
vn -0.3842 0.9151 -0.1222
vn 0.2127 0.9037 -0.3716
vn 0.4786 0.3409 -0.8092
vn -0.8429 0.3588 0.4010
vn -0.4314 0.8744 0.2222
vn 0.1268 0.8703 0.4759
vn 0.2400 0.3507 0.9052
vn -0.3613 0.3401 0.8682
vn -0.1719 0.9019 0.3962
vt 0.375000 0.208284
vt 0.625000 0.208284
vt 0.625000 0.232670
vt 0.375000 0.232593
vt 0.375000 0.454281
vt 0.625000 0.454281
vt 0.625000 0.500000
vt 0.375000 0.500000
vt 0.375000 0.702322
vt 0.625000 0.702322
vt 0.625000 0.731123
vt 0.375000 0.731758
vt 0.375000 0.950292
vt 0.625000 0.950292
vt 0.625000 0.987679
vt 0.375000 0.983988
vt 0.357860 0.517140
vt 0.357860 0.553136
vt 0.854165 0.541716
vt 0.832578 0.541716
vt 0.832578 0.541716
vt 0.142140 0.691720
vt 0.142140 0.732860
vt 0.125000 0.732625
vt 0.125000 0.702322
vt 0.185032 0.517140
vt 0.142140 0.517140
vt 0.140714 0.500000
vt 0.174708 0.500000
vt 0.375000 0.519196
vt 0.375000 0.541716
vt 0.318410 0.732860
vt 0.357860 0.732860
vt 0.375000 0.750000
vt 0.329281 0.750000
vt 0.357860 0.691720
vt 0.142140 0.553136
vt 0.125000 0.541716
vt 0.825292 0.541716
vt 0.861450 0.541716
vt 0.862371 0.702322
vt 0.825292 0.702322
vt 0.318410 0.553136
vt 0.318410 0.691720
vt 0.625000 0.541716
vt 0.375000 0.000000
vt 0.625000 0.000000
vt 0.625000 0.019552
vt 0.375000 0.017375
vt 0.625000 0.520405
vt 0.825292 0.500000
vt 0.861165 0.500000
vt 0.861285 0.517565
vt 0.825292 0.518074
vt 0.125000 0.517407
vt 0.375000 0.047678
vt 0.625000 0.047678
vt 0.670719 0.500000
vt 0.670719 0.519660
vt 0.185032 0.553136
vt 0.185032 0.691720
vt 0.185032 0.732860
vt 0.174708 0.750000
vt 0.141012 0.750000
vt 0.318410 0.517140
vt 0.329281 0.500000
vt 0.375000 0.795719
vt 0.625000 0.795719
vt 0.375000 0.250000
vt 0.625000 0.250000
vt 0.625000 0.263835
vt 0.375000 0.265714
vt 0.625000 0.750000
vt 0.375000 0.299708
vt 0.625000 0.299708
vt 0.862553 0.730497
vt 0.825292 0.730611
vt 0.125000 0.500000
vt 0.875000 0.541716
vt 0.875000 0.702322
vt 0.125000 0.750000
vt 0.625000 1.000000
vt 0.375000 1.000000
vt 0.875000 0.517330
vt 0.862679 0.750000
vt 0.875000 0.730448
vt 0.875000 0.750000
vt 0.875000 0.500000
vt 0.670719 0.730960
vt 0.825292 0.750000
vt 0.670719 0.750000
vt 0.832567 0.702322
vt 0.855097 0.702322
vt 0.832567 0.702322
vt 0.000000 0.000000
vt 0.632010 0.545464
vt 0.632029 0.699633
vt 0.631311 0.525243
vt 0.816852 0.545215
vt 0.816618 0.523323
vt 0.816857 0.699616
vt 0.673727 0.526253
vt 0.816622 0.724900
vt 0.631319 0.725361
vt 0.673699 0.724242
vt 0.640844 0.549101
vt 0.640891 0.697038
vt 0.639801 0.532278
vt 0.806162 0.548609
vt 0.805827 0.530673
vt 0.816857 0.699616
vt 0.806172 0.697035
vt 0.676869 0.534535
vt 0.805831 0.717131
vt 0.639808 0.717475
vt 0.631319 0.725361
vt 0.676834 0.715753
s 1
usemtl madera1
f 545/574/530 542/575/531 594/576/531 590/577/530
f 561/578/540 558/579/541 531/580/525 534/581/528
f 538/582/532 619/583/599 626/584/606 597/585/578
f 550/586/542 551/587/543 585/588/543 584/589/542
f 530/590/524 544/591/537 570/591/558 571/590/559
f 586/592/570 557/593/549 605/594/585 604/592/584
f 540/595/534 524/596/518 595/597/530 536/598/530
f 552/599/544 526/600/520 583/601/540 548/602/540
f 544/591/537 530/590/524 591/603/574 543/604/536
f 560/605/550 528/606/522 535/607/529 559/608/542
f 528/606/522 541/609/535 538/582/532 597/585/578
f 547/610/539 540/595/534 536/598/530 545/611/530
f 622/612/602 612/613/592 610/614/590 623/615/603
f 565/616/553 544/591/537 541/609/535 564/617/552
f 543/604/536 618/618/598 619/583/599 538/582/532
f 533/619/527 525/620/519 601/621/531 595/622/530
f 534/581/528 531/580/525 620/623/600 591/603/574
f 544/591/537 565/616/553 581/616/569 570/591/558
f 549/624/541 582/625/541 588/626/572 621/627/601
f 526/600/520 547/610/539 545/611/530 590/628/530
f 541/609/535 544/591/537 543/604/536 538/582/532
f 536/629/530 537/630/531 542/575/531 545/574/530
f 558/631/541 549/624/541 621/627/601 624/632/604
f 526/600/520 552/599/544 568/599/556 569/600/557
f 547/610/539 556/633/548 555/634/547 540/595/534
f 524/596/518 553/635/545 550/636/542 584/637/542
f 563/638/551 552/599/544 548/602/540 561/639/540
f 564/617/552 541/609/535 574/609/562 580/617/568
f 559/640/542 562/641/543 551/587/543 550/586/542
f 532/642/526 527/643/521 582/644/541 583/645/540
f 535/607/529 529/646/523 562/641/543 559/640/542
f 530/590/524 563/638/551 561/639/540 534/581/528
f 531/580/525 558/631/541 624/632/604 620/623/600
f 552/599/544 563/638/551 565/616/553 556/633/548
f 556/633/548 565/616/553 564/617/552 555/634/547
f 553/635/545 560/605/550 559/608/542 550/636/542
f 555/634/547 564/617/552 560/605/550 553/635/545
f 548/647/540 549/648/541 558/579/541 561/578/540
f 580/617/568 574/609/562 573/606/561 572/605/560
f 579/638/567 571/590/559 570/591/558 581/616/569
f 569/600/557 568/599/556 577/633/565 576/610/564
f 566/595/554 575/634/563 578/635/566 567/596/555
f 540/595/534 555/634/547 575/634/563 566/595/554
f 547/610/539 526/600/520 569/600/557 576/610/564
f 528/606/522 560/605/550 572/605/560 573/606/561
f 560/605/550 564/617/552 580/617/568 572/605/560
f 555/634/547 553/635/545 578/635/566 575/634/563
f 556/633/548 547/610/539 576/610/564 577/633/565
f 541/609/535 528/606/522 573/606/561 574/609/562
f 552/599/544 556/633/548 577/633/565 568/599/556
f 563/638/551 530/590/524 571/590/559 579/638/567
f 524/596/518 540/595/534 566/595/554 567/596/555
f 553/635/545 524/596/518 567/596/555 578/635/566
f 565/616/553 563/638/551 579/638/567 581/616/569
f 615/615/595 614/614/594 609/649/589 608/650/588
f 583/601/540 526/600/520 532/651/526
f 610/614/590 612/613/592 542/652/531 537/653/531
f 584/637/542 533/654/527 524/596/518
f 583/645/540 582/644/541 549/648/541 548/647/540
f 584/589/542 585/588/543 525/655/519 533/656/527
f 612/613/592 588/626/572 594/657/531 542/652/531
f 585/658/543 598/649/579 601/659/531 525/660/519
f 594/657/531 588/626/572 582/625/541 527/661/521
f 591/603/574 620/623/600 618/618/598 543/604/536
f 591/603/574 530/590/524 534/581/528
f 621/627/601 588/626/572 607/626/587 606/627/586
f 590/577/530 594/576/531 527/643/521 532/642/526
f 590/628/530 532/651/526 526/600/520
f 597/585/578 535/607/529 528/606/522
f 595/622/530 601/621/531 537/630/531 536/629/530
f 595/597/530 524/596/518 533/654/527
f 597/585/578 626/584/606 529/646/523 535/607/529
f 627/662/607 625/650/605 551/663/543 562/664/543
f 626/584/606 627/662/607 562/664/543 529/646/523
f 625/650/605 598/649/579 585/658/543 551/663/543
f 601/659/531 598/649/579 610/614/590 537/653/531
f 606/627/586 607/626/587 616/613/596 617/612/597
f 598/649/579 625/650/605 608/650/588 609/649/589
f 622/612/602 621/627/601 606/627/586 617/612/597
f 554/665/546 587/666/571 602/666/582 603/667/583
f 588/626/572 612/613/592 616/613/596 607/626/587
f 610/614/590 598/649/579 609/649/589 614/614/594
f 625/650/605 623/615/603 615/615/595 608/650/588
f 587/666/571 554/665/546 623/615/603 610/614/590
f 557/593/549 586/592/570 612/613/592 622/612/602
f 603/667/583 602/666/582 614/614/594 615/615/595
f 604/592/584 605/594/585 617/612/597 616/613/596
f 605/594/585 557/593/549 622/612/602 617/612/597
f 586/592/570 604/592/584 616/613/596 612/613/592
f 602/666/582 587/666/571 610/614/590 614/614/594
f 554/665/546 603/667/583 615/615/595 623/615/603
f 602/666/582 603/667/583 605/594/585 604/592/584
f 554/668/546 557/668/549 605/668/585 603/668/583
f 587/668/571 586/668/570 557/668/549 554/668/546
f 602/668/582 604/668/584 586/668/570 587/668/571
f 546/669/538 539/670/533 619/583/599 618/618/598
f 592/671/575 546/669/538 618/618/598 620/623/600
f 613/672/593 589/673/573 621/627/601 622/612/602
f 611/674/591 613/672/593 622/612/602 623/615/603
f 589/673/573 593/675/576 624/632/604 621/627/601
f 593/675/576 592/671/575 620/623/600 624/632/604
f 596/676/577 611/674/591 623/615/603 625/650/605
f 539/670/533 600/677/581 626/584/606 619/583/599
f 599/678/580 596/676/577 625/650/605 627/662/607
f 600/677/581 599/678/580 627/662/607 626/584/606
usemtl cojin
f 629/679/609 630/680/610 631/670/611 628/669/608
f 633/681/613 629/679/609 628/669/608 632/671/612
f 635/673/615 636/672/616 637/682/617 634/683/614
f 636/672/616 638/684/618 639/685/619 637/682/617
f 634/683/614 640/686/620 641/675/621 635/673/615
f 640/686/620 633/681/613 632/671/612 641/675/621
f 638/684/618 642/676/622 643/687/623 639/685/619
f 630/680/610 644/688/624 645/689/625 631/670/611
f 647/690/627 643/687/623 642/676/622 646/678/626
f 644/688/624 647/690/627 646/678/626 645/689/625
f 539/670/533 546/669/538 628/669/608 631/670/611
f 637/682/617 639/685/619 643/687/623 647/690/627 644/688/624 630/680/610 629/679/609 633/681/613 640/686/620 634/683/614
f 546/669/538 592/671/575 632/671/612 628/669/608
f 600/677/581 539/670/533 631/670/611 645/689/625
f 592/671/575 593/675/576 641/675/621 632/671/612
f 593/675/576 589/673/573 635/673/615 641/675/621
f 589/673/573 613/672/593 636/672/616 635/673/615
f 613/672/593 611/674/591 638/684/618 636/672/616
f 611/674/591 596/676/577 642/676/622 638/684/618
f 596/676/577 599/678/580 646/678/626 642/676/622
f 599/678/580 600/677/581 645/689/625 646/678/626
o caldero.002
v -1.510943 2.502122 -0.139167
v -1.924424 2.501809 -0.285080
v -1.709271 2.501915 -0.251276
v -2.337905 2.502122 -0.139167
v -2.476970 2.501860 0.247681
v -2.139577 2.501915 -0.251276
v -2.450207 2.502001 0.047657
v -1.371878 2.501860 0.247681
v -1.398641 2.502001 0.047657
v -1.501227 2.472427 -0.148461
v -1.924431 2.472398 -0.297741
v -1.704619 2.472423 -0.263270
v -2.347598 2.472358 -0.148421
v -2.489962 2.472460 0.247681
v -2.144234 2.472388 -0.263243
v -2.462730 2.472401 0.043287
v -1.358801 2.472580 0.247681
v -1.386053 2.472504 0.043259
v -1.500410 2.438014 -0.148664
v -1.924057 2.437725 -0.297977
v -1.704017 2.437827 -0.263515
v -2.347560 2.437740 -0.148533
v -2.489977 2.437522 0.247681
v -2.144063 2.437692 -0.263429
v -2.462736 2.437634 0.043256
v -1.357784 2.437998 0.247681
v -1.385090 2.438045 0.043165
v -1.518287 2.416969 -0.130041
v -1.929199 2.416091 -0.273155
v -1.714032 2.416912 -0.239996
v -2.327463 2.417028 -0.130133
v -2.463970 2.417398 0.247681
v -2.134874 2.416951 -0.240062
v -2.437630 2.417202 0.052708
v -1.381895 2.417315 0.247681
v -1.408188 2.417129 0.052766
v -1.531015 2.398825 -0.120167
v -1.946393 2.381871 -0.295115
v -1.894838 2.383271 -0.289348
v -2.317257 2.399375 -0.120269
v -2.450509 2.399919 0.247681
v -2.136097 2.398011 -0.227474
v -2.424831 2.399653 0.058112
v -1.397862 2.399130 0.247681
v -1.423523 2.398907 0.058180
v -1.527921 2.341419 -0.123993
v -1.946673 2.357040 -0.291058
v -1.895510 2.358576 -0.285424
v -2.321482 2.341731 -0.123985
v -2.455847 2.341435 0.247681
v -2.140125 2.339519 -0.232146
v -2.430008 2.341604 0.056169
v -1.393544 2.340985 0.247681
v -1.419387 2.341179 0.056163
v -1.485592 2.219802 -0.165981
v -1.941123 2.150775 -0.373962
v -1.883483 2.152235 -0.368431
v -2.367101 2.220063 -0.165932
v -2.515791 2.219957 0.247681
v -2.164724 2.217976 -0.285749
v -2.487269 2.220023 0.034054
v -1.336844 2.219564 0.247681
v -1.365381 2.219661 0.034022
v -1.469886 1.982548 -0.183148
v -1.938227 2.097174 -0.379223
v -1.880917 2.098648 -0.374759
v -2.386240 1.982700 -0.183136
v -2.540776 1.982827 0.247681
v -2.173886 1.981177 -0.307662
v -2.511143 1.982765 0.024895
v -1.315335 1.982602 0.247681
v -1.344973 1.982556 0.024888
v -1.499235 1.824503 -0.156078
v -1.934726 1.823688 -0.307849
v -1.707090 1.824482 -0.272787
v -2.357555 1.824528 -0.156077
v -2.502389 1.824823 0.247681
v -2.152865 1.824494 -0.272787
v -2.474581 1.824666 0.038788
v -1.354400 1.824786 0.247681
v -1.382208 1.824631 0.038788
v -1.552954 1.726575 -0.097771
v -1.928356 1.727151 -0.228841
v -1.724348 1.726948 -0.195112
v -2.301935 1.726575 -0.097072
v -2.423832 1.726995 0.247681
v -2.131829 1.726948 -0.194637
v -2.399880 1.726770 0.067797
v -1.432951 1.726995 0.247681
v -1.456439 1.726770 0.067642
v -1.609469 1.643801 -0.016205
v -1.928355 1.660232 -0.111298
v -1.705978 1.643954 -0.069937
v -2.236830 1.644885 -0.011800
v -2.311661 1.660107 0.247681
v -2.148771 1.645038 -0.067003
v -2.295444 1.660040 0.109177
v -1.545122 1.660107 0.247681
v -1.559299 1.660040 0.108312
v -1.812561 1.598895 0.146613
v -1.928497 1.599043 0.116126
v -1.839026 1.598985 0.103299
v -2.043601 1.598895 0.147792
v -2.064668 1.599016 0.247681
v -2.018115 1.598985 0.104843
v -2.080327 1.598940 0.184863
v -1.792115 1.599016 0.247681
v -1.776184 1.598940 0.184494
v -1.674379 1.609139 0.148469
v -1.674993 1.594608 0.043417
v -1.670602 1.609213 0.247681
v -1.738576 1.594752 0.008220
v -1.928776 1.609263 -0.000189
v -2.181213 1.609139 0.149608
v -2.176705 1.595518 0.049813
v -2.186182 1.609213 0.247681
v -2.119618 1.595662 0.013480
v -1.928392 1.599025 0.247681
v -1.744521 2.398737 -0.233350
v -1.964256 2.393136 -0.262739
v -1.745615 2.341257 -0.234148
v -1.969381 2.334633 -0.263563
v -1.723539 2.220844 -0.296697
v -1.970680 2.214330 -0.329594
v -1.715428 1.987703 -0.317901
v -1.967014 1.981966 -0.351842
v -1.924231 2.368603 -0.419886
v -1.943127 2.369466 -0.424064
v -1.924214 2.358714 -0.416887
v -1.942224 2.359609 -0.420560
v -1.916357 2.164081 -0.450823
v -1.942097 2.163874 -0.451855
v -1.915884 2.145820 -0.456500
v -1.942802 2.145503 -0.457726
v -1.918411 2.275683 -0.467230
v -1.940159 2.275573 -0.469327
v -1.919198 2.271636 -0.478516
v -1.944288 2.271124 -0.482485
v -1.636063 1.507602 -0.018086
v -1.668299 1.507679 -0.033598
v -2.210188 1.509860 -0.012331
v -2.184823 1.509937 -0.029040
v -1.655959 1.506613 0.005078
v -1.684176 1.506704 -0.008527
v -2.194533 1.508508 0.012622
v -2.172330 1.508600 -0.002033
v -1.671360 1.535836 -0.040521
v -1.627039 1.535738 -0.019203
v -1.654908 1.527233 0.011047
v -1.691190 1.527360 -0.006457
v -2.195360 1.532288 0.019051
v -2.217289 1.541759 -0.013533
v -2.166811 1.532415 0.000197
v -2.182414 1.541857 -0.036497
v -1.510943 2.502122 0.634529
v -1.924424 2.501809 0.780442
v -1.709271 2.501915 0.746638
v -2.337905 2.502122 0.634529
v -2.139577 2.501915 0.746638
v -2.450207 2.502001 0.447704
v -1.398641 2.502001 0.447704
v -1.501227 2.472427 0.643823
v -1.924431 2.472398 0.793102
v -1.704618 2.472423 0.758631
v -2.347598 2.472358 0.643783
v -2.144234 2.472388 0.758605
v -2.462730 2.472401 0.452075
v -1.386053 2.472504 0.452102
v -1.500410 2.438014 0.644025
v -1.924057 2.437725 0.793339
v -1.704017 2.437827 0.758877
v -2.347560 2.437740 0.643894
v -2.144063 2.437692 0.758791
v -2.462736 2.437634 0.452106
v -1.385090 2.438045 0.452197
v -1.518287 2.416969 0.625402
v -1.929199 2.416091 0.768517
v -1.714032 2.416912 0.735357
v -2.327463 2.417028 0.625495
v -2.134874 2.416951 0.735424
v -2.437630 2.417202 0.442653
v -1.408188 2.417129 0.442595
v -1.531015 2.398825 0.615528
v -1.946393 2.381871 0.791719
v -1.894838 2.383271 0.785952
v -2.317257 2.399375 0.615631
v -2.136097 2.398011 0.722836
v -2.424831 2.399653 0.437249
v -1.423523 2.398907 0.437182
v -1.527921 2.341419 0.619355
v -1.946673 2.357040 0.792628
v -1.895510 2.358576 0.786993
v -2.321482 2.341731 0.619346
v -2.140125 2.339519 0.727508
v -2.430008 2.341604 0.439193
v -1.419387 2.341179 0.439199
v -1.485592 2.219802 0.661343
v -1.941123 2.150775 0.873374
v -1.883483 2.152235 0.867843
v -2.367101 2.220063 0.661294
v -2.164724 2.217976 0.781110
v -2.487269 2.220023 0.461308
v -1.365381 2.219661 0.461340
v -1.469887 1.982548 0.678510
v -1.938227 2.097174 0.875395
v -1.880917 2.098648 0.870931
v -2.386240 1.982700 0.678497
v -2.173886 1.981177 0.803023
v -2.511143 1.982765 0.470467
v -1.344973 1.982556 0.470474
v -1.499235 1.824503 0.651440
v -1.934726 1.823688 0.803211
v -1.707090 1.824482 0.768149
v -2.357555 1.824528 0.651439
v -2.152865 1.824494 0.768149
v -2.474581 1.824666 0.456574
v -1.382209 1.824631 0.456573
v -1.552954 1.726575 0.593133
v -1.928356 1.727151 0.724203
v -1.724348 1.726948 0.690474
v -2.301935 1.726575 0.592433
v -2.131829 1.726948 0.689999
v -2.399880 1.726770 0.427565
v -1.456439 1.726770 0.427719
v -1.609469 1.643801 0.511567
v -1.928355 1.660232 0.606659
v -1.705978 1.643954 0.565298
v -2.236830 1.644885 0.507162
v -2.148771 1.645038 0.562365
v -2.295444 1.660040 0.386185
v -1.559299 1.660040 0.387050
v -1.812561 1.598895 0.348749
v -1.928497 1.599043 0.379236
v -1.839026 1.598985 0.392062
v -2.043601 1.598895 0.347570
v -2.018115 1.598985 0.390519
v -2.080327 1.598940 0.310499
v -1.776184 1.598940 0.310867
v -1.674379 1.609139 0.346892
v -1.674993 1.594608 0.451944
v -1.738576 1.594752 0.487142
v -1.928776 1.609263 0.495550
v -2.181213 1.609139 0.345754
v -2.176705 1.595518 0.445548
v -2.119618 1.595662 0.481881
v -1.744521 2.398737 0.728935
v -1.964256 2.393136 0.758325
v -1.745615 2.341257 0.730627
v -1.969381 2.334633 0.760042
v -1.723539 2.220844 0.792788
v -1.970680 2.214330 0.825685
v -1.715428 1.987703 0.813409
v -1.967014 1.981966 0.847350
v -1.924231 2.368603 0.915558
v -1.943127 2.369466 0.919736
v -1.924214 2.358714 0.913801
v -1.942224 2.359609 0.917474
v -1.916357 2.164082 0.947197
v -1.942097 2.163874 0.948230
v -1.915884 2.145820 0.952064
v -1.942802 2.145503 0.953290
v -1.918411 2.275683 0.962592
v -1.940159 2.275573 0.964688
v -1.919198 2.271636 0.973877
v -1.944288 2.271124 0.977846
v -1.636063 1.507602 0.513448
v -1.668299 1.507679 0.528960
v -2.210188 1.509860 0.507692
v -2.184823 1.509937 0.524401
v -1.655959 1.506613 0.490284
v -1.684176 1.506704 0.503888
v -2.194533 1.508508 0.482740
v -2.172330 1.508600 0.497395
v -1.671360 1.535836 0.535883
v -1.627039 1.535738 0.514565
v -1.654908 1.527233 0.484315
v -1.691190 1.527360 0.501818
v -2.195360 1.532288 0.476310
v -2.217289 1.541759 0.508895
v -2.166811 1.532415 0.495165
v -2.182414 1.541857 0.531858
v -1.442329 2.502096 -0.051366
v -1.816927 2.501834 -0.276973
v -1.603561 2.502038 -0.205966
v -1.377323 2.501904 0.147890
v -2.406520 2.502096 -0.051366
v -2.031922 2.501834 -0.276973
v -2.245288 2.502038 -0.205966
v -2.471526 2.501904 0.147890
v -1.430817 2.472456 -0.058314
v -1.814687 2.472411 -0.289490
v -1.596278 2.472422 -0.216933
v -1.364309 2.472555 0.145787
v -2.417986 2.472370 -0.058278
v -2.034172 2.472394 -0.289476
v -2.252563 2.472371 -0.216897
v -2.484459 2.472440 0.145801
v -1.505723 2.488026 -0.144162
v -1.706782 2.487976 -0.257740
v -2.142066 2.487972 -0.257737
v -2.343122 2.488018 -0.144157
v -1.364854 2.488046 0.247681
v -1.391874 2.488034 0.045314
v -2.456966 2.488021 0.045318
v -2.483984 2.488031 0.247681
v -1.924425 2.487934 -0.291909
v -1.429917 2.438051 -0.058466
v -1.814201 2.437763 -0.289736
v -1.595563 2.437924 -0.217166
v -1.363307 2.438016 0.145743
v -2.417979 2.437706 -0.058345
v -2.033905 2.437697 -0.289691
v -2.252470 2.437721 -0.217048
v -2.484472 2.437558 0.145791
v -1.703286 2.454618 -0.266395
v -1.924394 2.454541 -0.301023
v -2.145476 2.454519 -0.266322
v -1.498566 2.454734 -0.150927
v -2.350116 2.454537 -0.150816
v -1.355227 2.454800 0.247681
v -1.382632 2.454789 0.042030
v -2.465933 2.454494 0.042107
v -2.493281 2.454454 0.247681
v -1.451042 2.417004 -0.044044
v -1.822302 2.416414 -0.265199
v -1.609186 2.417036 -0.195540
v -1.387251 2.417257 0.150512
v -2.394737 2.417070 -0.044125
v -2.032536 2.416435 -0.265235
v -2.236950 2.417086 -0.195627
v -2.458600 2.417337 0.150482
v -2.338163 2.425260 -0.139983
v -2.450995 2.425255 0.047612
v -1.368642 2.425566 0.247681
v -2.477831 2.425257 0.247681
v -1.707814 2.425374 -0.252593
v -1.924105 2.425242 -0.286467
v -2.139188 2.425292 -0.252575
v -1.508371 2.425442 -0.140014
v -1.395488 2.425528 0.047587
v -1.465395 2.398793 -0.036220
v -1.858461 2.400871 -0.256076
v -1.621349 2.399030 -0.184629
v -1.403081 2.399056 0.153278
v -2.382928 2.399460 -0.036311
v -2.050345 2.395038 -0.252359
v -2.229830 2.399270 -0.184174
v -2.445287 2.399838 0.153242
v -2.134755 2.410213 -0.232256
v -2.321027 2.410846 -0.124001
v -1.391365 2.410926 0.247681
v -1.417286 2.410650 0.056105
v -2.429583 2.411148 0.056019
v -2.455550 2.411461 0.247681
v -1.525735 2.410480 -0.123868
v -1.722928 2.410351 -0.232801
v -1.943412 2.407592 -0.265171
v -1.461646 2.341332 -0.039215
v -1.862983 2.328673 -0.257829
v -1.619460 2.341355 -0.188601
v -1.398789 2.341043 0.152268
v -2.387754 2.341711 -0.039207
v -2.056204 2.335840 -0.256789
v -2.233413 2.341374 -0.188473
v -2.450603 2.341489 0.152271
v -1.725200 2.374524 -0.224382
v -1.994703 2.367083 -0.260168
v -2.136355 2.374023 -0.224516
v -1.533974 2.375474 -0.117940
v -2.314928 2.375947 -0.117986
v -1.401614 2.375381 0.247681
v -1.427097 2.375377 0.059380
v -2.421841 2.376018 0.059350
v -2.447325 2.376057 0.247681
v -1.412140 2.219745 -0.071966
v -1.854044 2.241444 -0.316341
v -1.586754 2.220148 -0.238472
v -1.342626 2.219592 0.141140
v -2.440530 2.220063 -0.071922
v -2.069381 2.214723 -0.314019
v -2.269247 2.219757 -0.237377
v -2.510013 2.219978 0.141156
v -2.342456 2.295680 -0.143293
v -2.456326 2.295546 0.045986
v -1.367313 2.294989 0.247681
v -2.483392 2.295375 0.247681
v -1.721521 2.294501 -0.258051
v -1.965153 2.288444 -0.291551
v -2.151413 2.293460 -0.256814
v -1.508298 2.295420 -0.143335
v -1.394390 2.295189 0.045958
v -1.393554 1.982532 -0.085406
v -1.845784 1.960728 -0.343232
v -1.574812 1.982899 -0.258415
v -1.321338 1.982587 0.136532
v -2.462567 1.982718 -0.085396
v -2.071189 1.978489 -0.336927
v -2.284266 1.982534 -0.257393
v -2.534775 1.982809 0.136535
v -2.173182 2.102334 -0.304068
v -2.382864 2.104250 -0.180277
v -1.318149 2.103956 0.247681
v -1.347614 2.103969 0.026452
v -2.507022 2.104277 0.026473
v -2.536476 2.104291 0.247681
v -1.471801 2.104027 -0.180311
v -1.692231 2.108211 -0.307022
v -2.000387 2.100789 -0.348427
v -1.427737 1.824523 -0.064533
v -1.821664 1.824004 -0.299456
v -1.595850 1.824585 -0.225658
v -1.360039 1.824738 0.143444
v -2.429053 1.824554 -0.064533
v -2.044226 1.824010 -0.299456
v -2.261335 1.824604 -0.225658
v -2.496751 1.824775 0.143444
v -1.948349 1.887211 -0.333512
v -2.165985 1.890272 -0.296087
v -1.479894 1.890968 -0.174177
v -1.701775 1.890108 -0.297216
v -2.376824 1.891048 -0.174174
v -1.328598 1.891134 0.247681
v -1.357622 1.891036 0.029469
v -2.499094 1.891145 0.029469
v -2.528116 1.891250 0.247681
v -1.494325 1.726614 -0.020583
v -1.824636 1.727100 -0.220054
v -1.631595 1.726727 -0.155388
v -1.437769 1.726926 0.157673
v -2.361117 1.726614 -0.020129
v -2.031983 1.727100 -0.219814
v -2.223750 1.726726 -0.154713
v -2.418956 1.726926 0.157692
v -1.389171 1.771066 0.247681
v -2.467613 1.771070 0.247681
v -1.717749 1.770995 -0.240482
v -1.929179 1.771077 -0.273884
v -2.139355 1.770996 -0.240422
v -1.524665 1.770667 -0.131225
v -2.331882 1.770670 -0.131138
v -1.415272 1.770851 0.051449
v -2.441453 1.770856 0.051469
v -1.579440 1.658367 0.040955
v -1.812516 1.658585 -0.099554
v -1.645072 1.645785 -0.056332
v -1.548333 1.660088 0.177889
v -2.271167 1.658477 0.043562
v -2.043971 1.658695 -0.098037
v -2.204462 1.647244 -0.052764
v -2.308195 1.660088 0.177997
v -1.485911 1.691311 0.247681
v -1.505433 1.691160 0.087371
v -2.349992 1.691160 0.087847
v -2.370872 1.691311 0.247681
v -1.581291 1.689520 -0.055774
v -2.269681 1.689633 -0.053582
v -1.719728 1.689792 -0.134648
v -1.928303 1.691455 -0.171799
v -2.135340 1.689906 -0.133168
v -1.675068 1.607539 0.094738
v -1.829480 1.607702 0.002457
v -1.706487 1.586471 0.030506
v -1.672074 1.609190 0.199277
v -2.178224 1.607634 0.098233
v -2.028464 1.607798 0.005039
v -2.148988 1.587614 0.036976
v -2.184560 1.609190 0.199419
v -1.928592 1.630947 -0.055323
v -2.128584 1.613537 -0.030219
v -1.630756 1.612073 0.020552
v -1.728942 1.612236 -0.034362
v -2.216728 1.613374 0.026446
v -1.607268 1.630860 0.247681
v -1.615316 1.630808 0.128342
v -2.239609 1.630808 0.129494
v -2.249515 1.630860 0.247681
v -1.794474 1.598906 0.168488
v -1.880530 1.599023 0.112759
v -1.829525 1.598937 0.124393
v -1.787963 1.598987 0.212793
v -2.061791 1.598906 0.169231
v -1.976563 1.599023 0.113425
v -2.027066 1.598937 0.125744
v -2.068778 1.598987 0.212851
v -1.745755 1.598480 0.096556
v -1.734387 1.600211 0.169164
v -1.733352 1.600296 0.247681
v -1.928689 1.600329 0.058480
v -1.798634 1.598606 0.063546
v -2.121807 1.600211 0.169902
v -2.108961 1.598572 0.100154
v -2.123431 1.600296 0.247681
v -2.058919 1.598698 0.066720
v -1.928405 1.599023 0.170029
v -1.846964 1.599008 0.247681
v -2.009819 1.599008 0.247681
v -1.865822 1.598965 0.190402
v -1.990883 1.598965 0.190550
v -1.920526 2.387214 -0.292980
v -1.921181 2.353165 -0.287493
v -1.885544 2.371199 -0.286317
v -1.956163 2.369180 -0.294156
v -1.946324 2.384414 -0.267914
v -1.837377 2.388407 -0.255467
v -1.838648 2.353731 -0.250652
v -1.947194 2.349507 -0.262929
v -1.912815 2.161554 -0.370110
v -1.909060 2.087862 -0.378078
v -1.871424 2.125716 -0.370658
v -1.950451 2.123699 -0.377530
v -1.942497 2.171671 -0.350522
v -1.821013 2.175656 -0.336570
v -1.817383 2.056830 -0.347779
v -1.939933 2.052918 -0.361229
v -1.933766 2.370885 -0.422584
v -1.933132 2.357310 -0.418114
v -1.920763 2.363493 -0.417650
v -1.946135 2.364702 -0.423048
v -1.929205 2.167412 -0.450256
v -1.929364 2.142227 -0.458196
v -1.911183 2.155000 -0.453450
v -1.947386 2.154639 -0.455002
v -1.940547 2.118869 -0.417349
v -1.942242 2.145050 -0.413648
v -1.945221 2.381888 -0.356751
v -1.919763 2.381541 -0.352850
v -1.909019 2.119235 -0.416156
v -1.945269 2.364789 -0.354384
v -1.920082 2.364536 -0.350622
v -1.910605 2.145389 -0.411707
v -1.928825 2.276424 -0.465987
v -1.932204 2.270584 -0.482792
v -1.914414 2.273718 -0.472304
v -1.946615 2.273290 -0.476474
v -1.944185 2.201555 -0.480066
v -1.941065 2.213477 -0.469290
v -1.917567 2.202143 -0.477473
v -1.917154 2.213768 -0.468013
v -1.922218 2.330785 -0.461453
v -1.921699 2.327730 -0.453809
v -1.940403 2.328249 -0.456904
v -1.943265 2.331044 -0.465904
v -1.650221 1.507232 -0.028485
v -2.199048 1.509037 -0.023532
v -1.672027 1.506113 0.000918
v -2.181889 1.507550 0.008141
v -2.175971 1.508345 -0.017255
v -1.642699 1.506621 -0.004909
v -1.679549 1.506724 -0.022658
v -2.204966 1.508242 0.001864
v -1.670822 1.513057 -0.039329
v -1.625407 1.583901 -0.018998
v -2.195229 1.514314 0.017957
v -2.219115 1.588183 -0.013465
v -1.656954 1.560757 0.014479
v -2.167746 1.514435 -0.000192
v -1.696261 1.560886 -0.004992
v -2.179015 1.588286 -0.039605
v -1.674871 1.584004 -0.043507
v -1.628599 1.512963 -0.019018
v -1.655074 1.510600 0.010031
v -1.690002 1.510721 -0.006818
v -1.688831 1.531619 -0.027128
v -1.677520 1.525705 0.008325
v -1.633417 1.531465 -0.000438
v -1.644728 1.537379 -0.035892
v -2.193467 1.564352 0.022315
v -2.216061 1.517389 -0.013334
v -2.161771 1.564481 0.001514
v -2.182838 1.517483 -0.035212
v -2.168667 1.537157 -0.022070
v -2.203370 1.543581 -0.031510
v -2.177567 1.530578 0.016119
v -2.212270 1.537003 0.006680
v -1.442329 2.502096 0.546727
v -1.816927 2.501834 0.772334
v -1.603561 2.502038 0.701327
v -1.377323 2.501904 0.347472
v -2.406520 2.502096 0.546727
v -2.031922 2.501834 0.772334
v -2.245288 2.502038 0.701327
v -2.471526 2.501904 0.347472
v -1.430817 2.472456 0.553676
v -1.814687 2.472411 0.784851
v -1.596278 2.472422 0.712295
v -1.364309 2.472555 0.349575
v -2.417986 2.472370 0.553639
v -2.034172 2.472394 0.784838
v -2.252563 2.472371 0.712259
v -2.484459 2.472440 0.349560
v -1.505723 2.488026 0.639524
v -1.706782 2.487976 0.753102
v -2.142067 2.487971 0.753099
v -2.343122 2.488018 0.639519
v -1.391874 2.488034 0.450047
v -2.456966 2.488021 0.450044
v -1.924425 2.487934 0.787270
v -1.429917 2.438051 0.553828
v -1.814201 2.437763 0.785098
v -1.595563 2.437924 0.712527
v -1.363307 2.438016 0.349619
v -2.417979 2.437706 0.553707
v -2.033905 2.437697 0.785053
v -2.252470 2.437721 0.712410
v -2.484472 2.437558 0.349571
v -1.703286 2.454618 0.761757
v -1.924394 2.454541 0.796385
v -2.145476 2.454519 0.761684
v -1.498566 2.454734 0.646289
v -2.350116 2.454537 0.646178
v -1.382632 2.454789 0.453331
v -2.465933 2.454494 0.453255
v -1.451042 2.417004 0.539406
v -1.822302 2.416414 0.760561
v -1.609186 2.417036 0.690902
v -1.387251 2.417257 0.344849
v -2.394737 2.417070 0.539487
v -2.032536 2.416435 0.760597
v -2.236950 2.417086 0.690989
v -2.458600 2.417337 0.344879
v -2.338163 2.425260 0.635345
v -2.450995 2.425255 0.447750
v -1.707814 2.425374 0.747955
v -1.924105 2.425242 0.781829
v -2.139188 2.425292 0.747937
v -1.508371 2.425442 0.635376
v -1.395488 2.425528 0.447775
v -1.465395 2.398793 0.531582
v -1.858461 2.400871 0.751501
v -1.621349 2.399030 0.680023
v -1.403081 2.399056 0.342084
v -2.382928 2.399460 0.531673
v -2.050345 2.395038 0.747753
v -2.229830 2.399270 0.679535
v -2.445287 2.399838 0.342119
v -2.134755 2.410213 0.727618
v -2.321027 2.410846 0.619362
v -1.417286 2.410650 0.439257
v -2.429583 2.411148 0.439343
v -1.525735 2.410480 0.619230
v -1.722928 2.410351 0.728175
v -1.943412 2.407592 0.760545
v -1.461646 2.341332 0.534576
v -1.862983 2.328673 0.754877
v -1.619460 2.341355 0.684069
v -1.398789 2.341043 0.343093
v -2.387754 2.341711 0.534568
v -2.056204 2.335840 0.752257
v -2.233414 2.341374 0.683834
v -2.450603 2.341489 0.343090
v -1.725200 2.374524 0.720619
v -1.994703 2.367083 0.756405
v -2.136355 2.374023 0.719878
v -1.533974 2.375474 0.613302
v -2.314928 2.375947 0.613348
v -1.427097 2.375377 0.435981
v -2.421841 2.376018 0.436012
v -1.412140 2.219745 0.567327
v -1.854044 2.241444 0.812803
v -1.586754 2.220148 0.733903
v -1.342626 2.219592 0.354222
v -2.440530 2.220063 0.567284
v -2.069381 2.214723 0.809450
v -2.269247 2.219757 0.732739
v -2.510013 2.219978 0.354205
v -2.342456 2.295679 0.638655
v -2.456326 2.295546 0.449376
v -1.721521 2.294501 0.753621
v -1.965153 2.288444 0.787120
v -2.151413 2.293460 0.752175
v -1.508298 2.295420 0.638697
v -1.394390 2.295189 0.449403
v -1.393555 1.982532 0.580768
v -1.845784 1.960728 0.838635
v -1.574812 1.982899 0.753798
v -1.321338 1.982587 0.358830
v -2.462567 1.982718 0.580757
v -2.071189 1.978489 0.832309
v -2.284266 1.982534 0.752755
v -2.534775 1.982809 0.358827
v -2.173182 2.102334 0.799429
v -2.382864 2.104250 0.675639
v -1.347614 2.103969 0.468910
v -2.507022 2.104277 0.468889
v -1.471801 2.104027 0.675673
v -1.692231 2.108211 0.802955
v -2.000387 2.100789 0.844359
v -1.427737 1.824523 0.559895
v -1.821664 1.824004 0.794817
v -1.595850 1.824585 0.721019
v -1.360039 1.824738 0.351918
v -2.429053 1.824554 0.559895
v -2.044226 1.824010 0.794818
v -2.261335 1.824604 0.721019
v -2.496751 1.824775 0.351918
v -1.948349 1.887211 0.828882
v -2.165985 1.890272 0.791449
v -1.479894 1.890968 0.669539
v -1.701774 1.890108 0.792586
v -2.376824 1.891048 0.669536
v -1.357622 1.891036 0.465893
v -2.499094 1.891145 0.465892
v -1.494326 1.726614 0.515945
v -1.824636 1.727100 0.715415
v -1.631595 1.726727 0.650750
v -1.437769 1.726926 0.337689
v -2.361117 1.726614 0.515490
v -2.031983 1.727100 0.715176
v -2.223750 1.726726 0.650075
v -2.418956 1.726926 0.337669
v -1.717749 1.770995 0.735843
v -1.929179 1.771077 0.769246
v -2.139355 1.770996 0.735784
v -1.524665 1.770667 0.626587
v -2.331882 1.770670 0.626500
v -1.415272 1.770851 0.443912
v -2.441453 1.770855 0.443893
v -1.579440 1.658367 0.454406
v -1.812516 1.658585 0.594916
v -1.645072 1.645785 0.551694
v -1.548333 1.660088 0.317472
v -2.271167 1.658477 0.451799
v -2.043971 1.658695 0.593398
v -2.204462 1.647244 0.548126
v -2.308195 1.660088 0.317364
v -1.505433 1.691160 0.407990
v -2.349992 1.691160 0.407515
v -1.581291 1.689520 0.551136
v -2.269681 1.689633 0.548944
v -1.719728 1.689792 0.630009
v -1.928303 1.691455 0.667161
v -2.135340 1.689906 0.628529
v -1.675068 1.607539 0.400624
v -1.829480 1.607702 0.492905
v -1.706487 1.586471 0.464855
v -1.672074 1.609190 0.296085
v -2.178224 1.607634 0.397129
v -2.028464 1.607798 0.490322
v -2.148988 1.587614 0.458386
v -2.184560 1.609190 0.295943
v -1.928592 1.630947 0.550685
v -2.128584 1.613537 0.525581
v -1.630756 1.612073 0.474810
v -1.728942 1.612236 0.529724
v -2.216728 1.613374 0.468916
v -1.615316 1.630808 0.367020
v -2.239609 1.630808 0.365868
v -1.794474 1.598906 0.326874
v -1.880530 1.599023 0.382602
v -1.829525 1.598937 0.370969
v -1.787963 1.598987 0.282569
v -2.061791 1.598906 0.326131
v -1.976563 1.599023 0.381937
v -2.027066 1.598937 0.369618
v -2.068778 1.598987 0.282511
v -1.745755 1.598480 0.398806
v -1.734387 1.600211 0.326198
v -1.928689 1.600329 0.436882
v -1.798634 1.598606 0.431815
v -2.121807 1.600211 0.325460
v -2.108961 1.598572 0.395208
v -2.058919 1.598698 0.428641
v -1.928405 1.599023 0.325333
v -1.865822 1.598965 0.304959
v -1.990883 1.598965 0.304812
v -1.920526 2.387214 0.788652
v -1.921181 2.353165 0.789993
v -1.885544 2.371199 0.785403
v -1.956163 2.369180 0.793242
v -1.946324 2.384414 0.764161
v -1.837377 2.388407 0.751714
v -1.838648 2.353731 0.750426
v -1.947194 2.349507 0.762703
v -1.912815 2.161554 0.870130
v -1.909060 2.087862 0.873642
v -1.871424 2.125716 0.868450
v -1.950451 2.123699 0.875322
v -1.942497 2.171671 0.848763
v -1.821013 2.175656 0.834811
v -1.817383 2.056830 0.843719
v -1.939933 2.052918 0.857168
v -1.933766 2.370885 0.918024
v -1.933132 2.357310 0.915261
v -1.920763 2.363493 0.913943
v -1.946135 2.364702 0.919341
v -1.929205 2.167412 0.946782
v -1.929364 2.142227 0.953608
v -1.911183 2.155000 0.949419
v -1.947386 2.154639 0.950972
v -1.940547 2.118869 0.913293
v -1.942242 2.145050 0.911921
v -1.945221 2.381888 0.853005
v -1.919763 2.381541 0.849104
v -1.909019 2.119235 0.912100
v -1.945269 2.364789 0.854207
v -1.920082 2.364536 0.850445
v -1.910605 2.145389 0.909980
v -1.928825 2.276424 0.961349
v -1.932204 2.270584 0.978153
v -1.914414 2.273718 0.967666
v -1.946615 2.273290 0.971836
v -1.944185 2.201555 0.975453
v -1.941065 2.213477 0.964779
v -1.917567 2.202143 0.972860
v -1.917154 2.213768 0.963501
v -1.922218 2.330785 0.956854
v -1.921699 2.327730 0.949364
v -1.940403 2.328249 0.952459
v -1.943265 2.331044 0.961304
v -1.650221 1.507232 0.523847
v -2.199048 1.509037 0.518893
v -1.672027 1.506113 0.494444
v -2.181889 1.507551 0.487221
v -2.175971 1.508345 0.512616
v -1.642699 1.506621 0.500271
v -1.679549 1.506724 0.518019
v -2.204966 1.508242 0.493498
v -1.670822 1.513057 0.534690
v -1.625407 1.583901 0.514360
v -2.195229 1.514314 0.477405
v -2.219115 1.588183 0.508826
v -1.656954 1.560757 0.480882
v -2.167746 1.514435 0.495554
v -1.696261 1.560886 0.500354
v -2.179015 1.588286 0.534966
v -1.674871 1.584004 0.538869
v -1.628599 1.512963 0.514380
v -1.655074 1.510601 0.485331
v -1.690002 1.510721 0.502180
v -1.688831 1.531619 0.522490
v -1.677520 1.525705 0.487037
v -1.633417 1.531465 0.495800
v -1.644728 1.537379 0.531253
v -2.193467 1.564352 0.473047
v -2.216061 1.517389 0.508696
v -2.161771 1.564481 0.493848
v -2.182838 1.517483 0.530574
v -2.168667 1.537157 0.517432
v -2.203370 1.543581 0.526872
v -2.177567 1.530578 0.479243
v -2.212270 1.537003 0.488682
v -1.599655 2.488006 -0.211871
v -2.249192 2.487999 -0.211867
v -1.370330 2.488041 0.146774
v -2.478508 2.488027 0.146776
v -1.436140 2.488033 -0.055087
v -2.412703 2.488022 -0.055082
v -1.815730 2.487947 -0.283722
v -2.033120 2.487945 -0.283720
v -1.814018 2.454572 -0.292743
v -2.034764 2.454523 -0.292704
v -1.594250 2.454677 -0.219809
v -2.254480 2.454530 -0.219709
v -1.360761 2.454798 0.145186
v -2.487763 2.454467 0.145226
v -1.427687 2.454770 -0.060198
v -2.420936 2.454522 -0.060097
v -2.407109 2.425252 -0.051759
v -1.816156 2.425297 -0.278353
v -2.031605 2.425258 -0.278344
v -1.601483 2.425415 -0.207116
v -2.245140 2.425285 -0.207090
v -1.374093 2.425556 0.147931
v -2.472383 2.425257 0.147944
v -1.439394 2.425484 -0.051790
v -2.232342 2.410858 -0.188507
v -1.396646 2.410837 0.152207
v -2.450257 2.411364 0.152162
v -1.459521 2.410487 -0.039176
v -2.387298 2.410930 -0.039293
v -1.835395 2.409076 -0.257469
v -2.040400 2.408510 -0.257090
v -1.615863 2.410624 -0.188525
v -1.932458 2.384912 -0.355231
v -2.055902 2.370310 -0.249260
v -1.622646 2.375451 -0.181570
v -2.228219 2.375695 -0.181499
v -1.406790 2.375376 0.153889
v -2.442150 2.376046 0.153873
v -1.468726 2.375406 -0.034473
v -2.380201 2.375980 -0.034515
v -2.412016 2.295657 -0.054268
v -1.847983 2.291935 -0.283324
v -2.061082 2.289831 -0.282891
v -1.603904 2.295295 -0.211313
v -2.249881 2.295320 -0.210980
v -1.372803 2.295049 0.147138
v -2.477904 2.295429 0.147153
v -1.438716 2.295341 -0.054306
v -2.281668 2.104002 -0.254095
v -1.324117 2.103959 0.137332
v -2.530510 2.104287 0.137342
v -1.395912 2.103992 -0.083151
v -2.458738 2.104263 -0.083121
v -1.947316 2.131894 -0.415792
v -2.076061 2.099251 -0.333244
v -1.574797 2.104547 -0.254669
v -2.058449 1.888593 -0.324104
v -1.581575 1.891033 -0.247120
v -2.276643 1.891004 -0.246868
v -1.334478 1.891104 0.138805
v -2.522236 1.891218 0.138805
v -1.405181 1.890971 -0.078505
v -2.451536 1.891068 -0.078504
v -1.827394 1.886750 -0.324854
v -1.823451 1.771071 -0.265798
v -2.034450 1.771071 -0.265768
v -1.614665 1.770811 -0.196298
v -2.241989 1.770814 -0.196214
v -1.394476 1.771000 0.149732
v -2.462301 1.771004 0.149734
v -1.457886 1.770703 -0.045473
v -2.398730 1.770707 -0.045416
v -1.490023 1.691265 0.167281
v -2.366590 1.691265 0.167341
v -1.535851 1.690749 0.010092
v -2.316950 1.690769 0.011503
v -1.818956 1.691110 -0.160829
v -2.037397 1.691131 -0.160069
v -1.641386 1.689370 -0.102440
v -2.211071 1.689541 -0.100380
v -2.041476 1.628883 -0.045815
v -2.211353 1.515739 0.006075
v -1.645418 1.513396 -0.034961
v -1.609487 1.630845 0.188724
v -2.247063 1.630845 0.188868
v -1.623362 1.628566 0.067763
v -2.227843 1.628718 0.071244
v -1.815888 1.628731 -0.048126
v -1.974515 1.598990 0.156671
v -1.737807 1.599869 0.130177
v -1.857797 1.600027 0.059241
v -1.765135 1.597560 0.076280
v -1.733814 1.600269 0.208543
v -2.117326 1.599885 0.132366
v -1.999839 1.600044 0.060943
v -2.090958 1.597693 0.080129
v -2.122894 1.600269 0.208637
v -1.882276 1.598990 0.156447
v -1.831509 1.598968 0.207302
v -2.025209 1.598969 0.207396
v -1.891925 2.392394 -0.263333
v -1.893428 2.345043 -0.256802
v -1.819083 2.372117 -0.250153
v -1.966108 2.366590 -0.266892
v -1.882795 2.194266 -0.341887
v -1.878480 2.034096 -0.356746
v -1.797617 2.117192 -0.339808
v -1.962900 2.111889 -0.358391
v -1.947362 2.207433 -0.475041
v -1.924476 2.114146 -0.417516
v -1.949993 2.373395 -0.356286
v -1.932710 2.361465 -0.352072
v -1.903891 2.132378 -0.413637
v -1.926731 2.150126 -0.411914
v -1.915174 2.372982 -0.351017
v -1.931207 2.199641 -0.480667
v -1.912623 2.208038 -0.472380
v -1.928778 2.215830 -0.466755
v -1.918231 2.329184 -0.456923
v -1.930734 2.327441 -0.453796
v -1.945561 2.329719 -0.462111
v -1.933059 2.331463 -0.465239
v -1.661124 1.505671 -0.013783
v -2.190469 1.506337 -0.007695
v -1.634583 1.511714 -0.001000
v -2.178110 1.513724 0.015117
v -1.676830 1.510181 0.007394
v -1.687665 1.511863 -0.026567
v -2.202827 1.517903 -0.030508
v -2.169585 1.515887 -0.021465
v -1.693721 1.571937 -0.028011
v -1.681123 1.556697 0.011037
v -1.633172 1.571781 0.002048
v -1.644913 1.587857 -0.038264
v -2.163789 1.575896 -0.023070
v -2.203362 1.592292 -0.033988
v -2.174018 1.560181 0.018666
v -2.212734 1.575740 0.009013
v -1.599655 2.488005 0.707233
v -2.249192 2.487999 0.707229
v -1.370330 2.488041 0.348588
v -2.478508 2.488027 0.348586
v -1.436140 2.488033 0.550448
v -2.412703 2.488022 0.550444
v -1.815730 2.487947 0.779083
v -2.033120 2.487945 0.779082
v -1.814018 2.454572 0.788105
v -2.034764 2.454523 0.788066
v -1.594250 2.454677 0.715170
v -2.254480 2.454530 0.715071
v -1.360761 2.454798 0.350176
v -2.487763 2.454467 0.350135
v -1.427687 2.454770 0.555560
v -2.420936 2.454522 0.555458
v -2.407109 2.425252 0.547121
v -1.816156 2.425297 0.773714
v -2.031605 2.425258 0.773705
v -1.601483 2.425415 0.702478
v -2.245140 2.425285 0.702452
v -1.374093 2.425556 0.347431
v -2.472383 2.425257 0.347417
v -1.439394 2.425484 0.547151
v -2.232342 2.410858 0.683869
v -1.396646 2.410837 0.343155
v -2.450257 2.411364 0.343199
v -1.459521 2.410487 0.534538
v -2.387298 2.410930 0.534655
v -1.835395 2.409076 0.752837
v -2.040400 2.408510 0.752455
v -1.615863 2.410624 0.683889
v -1.932458 2.384912 0.850816
v -2.055902 2.370310 0.744724
v -1.622646 2.375451 0.677034
v -2.228219 2.375695 0.676861
v -1.406790 2.375376 0.341473
v -2.442150 2.376046 0.341489
v -1.468726 2.375406 0.529835
v -2.380201 2.375980 0.529876
v -2.412016 2.295657 0.549630
v -1.847983 2.291935 0.779014
v -2.061082 2.289831 0.778289
v -1.603904 2.295295 0.706711
v -2.249881 2.295320 0.706341
v -1.372803 2.295049 0.348223
v -2.477904 2.295429 0.348209
v -1.438716 2.295341 0.549667
v -2.281668 2.104002 0.749457
v -1.324117 2.103959 0.358030
v -2.530510 2.104287 0.358019
v -1.395912 2.103992 0.578512
v -2.458738 2.104263 0.578483
v -1.947316 2.131894 0.912901
v -2.076061 2.099251 0.828672
v -1.574797 2.104547 0.750098
v -2.058449 1.888593 0.819468
v -1.581575 1.891033 0.742484
v -2.276643 1.891004 0.742230
v -1.334478 1.891104 0.356557
v -2.522236 1.891218 0.356557
v -1.405181 1.890971 0.573867
v -2.451536 1.891068 0.573865
v -1.827394 1.886750 0.820220
v -1.823451 1.771071 0.761160
v -2.034450 1.771071 0.761130
v -1.614665 1.770812 0.691660
v -2.241989 1.770814 0.691575
v -1.394476 1.771000 0.345630
v -2.462301 1.771004 0.345627
v -1.457886 1.770703 0.540834
v -2.398730 1.770707 0.540777
v -1.490023 1.691265 0.328080
v -2.366590 1.691265 0.328021
v -1.535851 1.690749 0.485270
v -2.316950 1.690769 0.483859
v -1.818956 1.691110 0.656190
v -2.037397 1.691131 0.655431
v -1.641386 1.689370 0.597801
v -2.211071 1.689541 0.595742
v -2.041476 1.628883 0.541176
v -2.211353 1.515740 0.489287
v -1.645418 1.513396 0.530323
v -1.609487 1.630845 0.306637
v -2.247064 1.630845 0.306493
v -1.623362 1.628566 0.427598
v -2.227843 1.628718 0.424118
v -1.815888 1.628731 0.543488
v -1.974515 1.598990 0.338690
v -1.737807 1.599869 0.365185
v -1.857797 1.600027 0.436121
v -1.765135 1.597560 0.419082
v -1.733814 1.600268 0.286819
v -2.117326 1.599885 0.362995
v -1.999839 1.600044 0.434419
v -2.090958 1.597693 0.415232
v -2.122894 1.600269 0.286725
v -1.882276 1.598990 0.338915
v -1.831509 1.598968 0.288060
v -2.025209 1.598969 0.287965
v -1.891925 2.392394 0.758914
v -1.893428 2.345043 0.757271
v -1.819083 2.372117 0.748178
v -1.966108 2.366590 0.764917
v -1.882795 2.194266 0.840581
v -1.878480 2.034096 0.852251
v -1.797617 2.117192 0.836908
v -1.962900 2.111889 0.855491
v -1.947362 2.207433 0.970479
v -1.924476 2.114146 0.913023
v -1.949993 2.373395 0.854325
v -1.932710 2.361465 0.852565
v -1.903891 2.132378 0.910746
v -1.926731 2.150126 0.910623
v -1.915174 2.372982 0.849056
v -1.931207 2.199641 0.976035
v -1.912623 2.208038 0.967818
v -1.928778 2.215830 0.962262
v -1.918231 2.329184 0.952402
v -1.930734 2.327441 0.949381
v -1.945561 2.329719 0.957589
v -1.933059 2.331463 0.960610
v -1.661124 1.505671 0.509145
v -2.190469 1.506337 0.503057
v -1.634583 1.511714 0.496362
v -2.178110 1.513724 0.480245
v -1.676830 1.510181 0.487967
v -1.687665 1.511863 0.521928
v -2.202827 1.517903 0.525869
v -2.169585 1.515887 0.516827
v -1.693721 1.571937 0.523372
v -1.681123 1.556697 0.484325
v -1.633172 1.571781 0.493313
v -1.644913 1.587857 0.533626
v -2.163789 1.575896 0.518431
v -2.203362 1.592292 0.529349
v -2.174018 1.560181 0.476696
v -2.212734 1.575740 0.486349
v -1.493776 2.512302 -0.156229
v -1.924424 2.511756 -0.309118
v -1.701410 2.511911 -0.274030
v -2.355077 2.512290 -0.156234
v -2.501555 2.511862 0.247681
v -2.147440 2.511905 -0.274032
v -2.473619 2.512088 0.040470
v -1.347304 2.511883 0.247681
v -1.375239 2.512105 0.040472
v -1.482940 2.478706 -0.166617
v -1.924435 2.478342 -0.323304
v -1.696248 2.478474 -0.287460
v -2.365921 2.478497 -0.166600
v -2.516144 2.478377 0.247681
v -2.152619 2.478371 -0.287449
v -2.487670 2.478431 0.035609
v -1.332686 2.478732 0.247681
v -1.361172 2.478739 0.035593
v -1.483116 2.428163 -0.165834
v -1.924045 2.427682 -0.321968
v -1.696131 2.427834 -0.286262
v -2.364607 2.427179 -0.165434
v -2.514340 2.427094 0.247681
v -2.151914 2.427428 -0.286044
v -2.485920 2.427116 0.036098
v -1.332879 2.428654 0.247681
v -1.361423 2.428532 0.035846
v -1.507419 2.397136 -0.140761
v -1.928936 2.397812 -0.290417
v -1.708916 2.397173 -0.254385
v -2.338236 2.397148 -0.140841
v -2.479554 2.397651 0.247681
v -2.140558 2.398573 -0.256276
v -2.452344 2.397360 0.048168
v -1.366058 2.397730 0.247681
v -1.393236 2.397438 0.048183
v -1.513031 2.391586 -0.138186
v -1.961244 2.402015 -0.296663
v -1.882213 2.401711 -0.301138
v -2.335611 2.393134 -0.138376
v -2.476693 2.394010 0.247681
v -2.145694 2.393538 -0.251637
v -2.449746 2.393559 0.050415
v -1.372074 2.391957 0.247681
v -1.398990 2.391590 0.050580
v -1.510286 2.350006 -0.141633
v -1.959857 2.336511 -0.296386
v -1.883675 2.340154 -0.298002
v -2.339155 2.350577 -0.141436
v -2.481153 2.349870 0.247681
v -2.148998 2.347912 -0.255311
v -2.454046 2.350266 0.048745
v -1.368101 2.349083 0.247681
v -1.395221 2.349524 0.048705
v -1.467301 2.226005 -0.184165
v -1.960350 2.165717 -0.382754
v -1.871462 2.164009 -0.388250
v -2.385409 2.226521 -0.183993
v -2.541871 2.226224 0.247681
v -2.173933 2.224279 -0.309568
v -2.512107 2.226398 0.026392
v -1.310646 2.225422 0.247681
v -1.340435 2.225651 0.026325
v -1.450985 1.981258 -0.201930
v -1.953601 2.085198 -0.396528
v -1.868869 2.092548 -0.397404
v -2.405211 1.981553 -0.201862
v -2.567751 1.981725 0.247681
v -2.183383 1.979818 -0.332305
v -2.536869 1.981648 0.016974
v -1.288371 1.981297 0.247681
v -1.319258 1.981245 0.016968
v -1.482098 1.814232 -0.173105
v -1.934739 1.813353 -0.331691
v -1.699282 1.814449 -0.295539
v -2.374703 1.814220 -0.173066
v -2.526955 1.814784 0.247681
v -2.160896 1.814103 -0.295272
v -2.497950 1.814496 0.031605
v -1.329842 1.814732 0.247681
v -1.358841 1.814456 0.031609
v -1.539671 1.709133 -0.110628
v -1.928374 1.708762 -0.245967
v -1.718643 1.708887 -0.211738
v -2.314879 1.708747 -0.109625
v -2.442180 1.709255 0.247681
v -2.137564 1.708739 -0.211060
v -2.417284 1.708932 0.062501
v -1.414595 1.709261 0.247681
v -1.438820 1.709079 0.062432
v -1.589306 1.629823 -0.024884
v -1.928455 1.639346 -0.124588
v -1.704272 1.627616 -0.089308
v -2.256519 1.630321 -0.020369
v -2.324839 1.639002 0.247681
v -2.150954 1.628190 -0.085800
v -2.308841 1.639240 0.106074
v -1.531939 1.639005 0.247681
v -1.545615 1.639331 0.105717
v -1.812442 1.574716 0.146881
v -1.928501 1.574865 0.115823
v -1.839427 1.574808 0.103041
v -2.043720 1.574716 0.148045
v -2.064989 1.574838 0.247681
v -2.017740 1.574808 0.104559
v -2.080854 1.574765 0.184916
v -1.791794 1.574838 0.247681
v -1.775659 1.574765 0.184559
v -1.667120 1.585849 0.148401
v -1.667201 1.574862 0.056601
v -1.663556 1.585871 0.247681
v -1.747781 1.572406 0.003670
v -1.928883 1.586091 -0.007722
v -2.188503 1.585859 0.149271
v -2.185097 1.575551 0.062227
v -2.193235 1.585872 0.247681
v -2.110700 1.573270 0.008666
v -1.928392 1.574845 0.247681
v -1.737492 2.392526 -0.257896
v -1.967473 2.393738 -0.288916
v -1.738940 2.348248 -0.258539
v -1.970376 2.340885 -0.289021
v -1.715283 2.228150 -0.320510
v -1.973624 2.222787 -0.354134
v -1.706903 1.985952 -0.342852
v -1.968942 1.979130 -0.377965
v -1.908123 2.385665 -0.429971
v -1.956768 2.387545 -0.435431
v -1.909162 2.340459 -0.407776
v -1.959743 2.342861 -0.412248
v -1.899248 2.176187 -0.435266
v -1.959969 2.174691 -0.435991
v -1.899983 2.135060 -0.474294
v -1.958264 2.133228 -0.474704
v -1.905899 2.273388 -0.443994
v -1.954303 2.273299 -0.446998
v -1.904510 2.274316 -0.500452
v -1.958282 2.273321 -0.504912
v -1.624965 1.485892 -0.022254
v -1.670213 1.486367 -0.045917
v -2.225945 1.490607 -0.016546
v -2.181237 1.490386 -0.044158
v -1.653194 1.484461 0.015299
v -1.694109 1.484308 -0.006354
v -2.199139 1.488025 0.025895
v -2.157621 1.488446 0.000409
v -1.677541 1.534364 -0.066144
v -1.600847 1.534678 -0.025510
v -1.649500 1.525602 0.036824
v -1.716897 1.524925 0.001164
v -2.202089 1.530658 0.044531
v -2.243696 1.540844 -0.018952
v -2.140668 1.530174 0.006328
v -2.175200 1.540251 -0.061851
v -1.493776 2.512302 0.651591
v -1.924424 2.511756 0.804480
v -1.701410 2.511911 0.769391
v -2.355077 2.512290 0.651595
v -2.147440 2.511905 0.769394
v -2.473619 2.512088 0.454892
v -1.375239 2.512105 0.454890
v -1.482940 2.478706 0.661979
v -1.924435 2.478342 0.818666
v -1.696248 2.478474 0.782821
v -2.365921 2.478497 0.661962
v -2.152619 2.478371 0.782811
v -2.487670 2.478431 0.459753
v -1.361172 2.478739 0.459768
v -1.483116 2.428163 0.661196
v -1.924045 2.427682 0.817329
v -1.696131 2.427834 0.781624
v -2.364607 2.427179 0.660796
v -2.151914 2.427428 0.781405
v -2.485920 2.427116 0.459263
v -1.361423 2.428532 0.459515
v -1.507419 2.397136 0.636123
v -1.928935 2.397816 0.785784
v -1.708915 2.397176 0.749750
v -2.338236 2.397148 0.636203
v -2.140559 2.398573 0.751639
v -2.452344 2.397360 0.447194
v -1.393236 2.397438 0.447178
v -1.513026 2.391597 0.633548
v -1.961055 2.402125 0.793283
v -1.883043 2.402339 0.797368
v -2.335611 2.393134 0.633738
v -2.145700 2.393552 0.747000
v -2.449746 2.393559 0.444946
v -1.398990 2.391590 0.444781
v -1.510280 2.350003 0.636990
v -1.960297 2.336691 0.797713
v -1.882821 2.340657 0.799643
v -2.339155 2.350577 0.636797
v -2.149011 2.347908 0.750670
v -2.454046 2.350266 0.446617
v -1.395221 2.349524 0.446657
v -1.467298 2.226005 0.679523
v -1.960517 2.165686 0.881875
v -1.871109 2.163672 0.887689
v -2.385409 2.226521 0.679355
v -2.173940 2.224281 0.804927
v -2.512107 2.226398 0.468970
v -1.340435 2.225651 0.469036
v -1.450984 1.981256 0.697291
v -1.953193 2.085006 0.892881
v -1.869222 2.092072 0.893594
v -2.405211 1.981553 0.697224
v -2.183387 1.979817 0.827665
v -2.536869 1.981648 0.478388
v -1.319258 1.981245 0.478394
v -1.482098 1.814232 0.668467
v -1.934739 1.813352 0.827053
v -1.699282 1.814448 0.790900
v -2.374703 1.814220 0.668428
v -2.160896 1.814103 0.790634
v -2.497950 1.814496 0.463757
v -1.358842 1.814456 0.463753
v -1.539671 1.709133 0.605990
v -1.928374 1.708762 0.741328
v -1.718643 1.708887 0.707100
v -2.314879 1.708747 0.604987
v -2.137564 1.708739 0.706421
v -2.417284 1.708932 0.432861
v -1.438820 1.709079 0.432929
v -1.589306 1.629823 0.520245
v -1.928455 1.639346 0.619950
v -1.704272 1.627616 0.584669
v -2.256519 1.630321 0.515731
v -2.150954 1.628190 0.581161
v -2.308841 1.639240 0.389288
v -1.545615 1.639331 0.389645
v -1.812442 1.574716 0.348481
v -1.928501 1.574865 0.379539
v -1.839427 1.574808 0.392321
v -2.043720 1.574716 0.347317
v -2.017740 1.574808 0.390803
v -2.080854 1.574765 0.310446
v -1.775659 1.574765 0.310803
v -1.667120 1.585849 0.346960
v -1.667201 1.574862 0.438761
v -1.747781 1.572406 0.491691
v -1.928883 1.586091 0.503084
v -2.188503 1.585859 0.346090
v -2.185097 1.575551 0.433135
v -2.110700 1.573270 0.486696
v -1.737365 2.393195 0.753636
v -1.967741 2.394567 0.784430
v -1.738606 2.348095 0.754980
v -1.971169 2.339993 0.785700
v -1.715132 2.228249 0.816513
v -1.973942 2.223024 0.850087
v -1.706879 1.985881 0.838346
v -1.968974 1.979067 0.873462
v -1.908366 2.385802 0.925733
v -1.956456 2.387702 0.931157
v -1.909584 2.340405 0.904177
v -1.959517 2.342844 0.908761
v -1.899671 2.176064 0.931098
v -1.959575 2.174591 0.931874
v -1.900270 2.134948 0.970020
v -1.958014 2.133148 0.970415
v -1.905973 2.273396 0.939317
v -1.954252 2.273309 0.942328
v -1.904551 2.274316 0.995839
v -1.958245 2.273322 1.000296
v -1.624965 1.485892 0.517615
v -1.670213 1.486367 0.541279
v -2.225945 1.490607 0.511908
v -2.181237 1.490386 0.539520
v -1.653194 1.484461 0.480062
v -1.694109 1.484308 0.501716
v -2.199139 1.488025 0.469467
v -2.157621 1.488446 0.494953
v -1.677541 1.534364 0.561506
v -1.600847 1.534678 0.520872
v -1.649500 1.525602 0.458537
v -1.716897 1.524925 0.494198
v -2.202089 1.530658 0.450831
v -2.243696 1.540844 0.514313
v -2.140668 1.530174 0.489034
v -2.175200 1.540251 0.557213
v -1.421168 2.512256 -0.063432
v -1.813058 2.511795 -0.300705
v -1.591304 2.512121 -0.226733
v -1.352965 2.511955 0.144826
v -2.427687 2.512242 -0.063435
v -2.035791 2.511792 -0.300707
v -2.257547 2.512112 -0.226737
v -2.495894 2.511935 0.144825
v -1.408312 2.478744 -0.071173
v -1.810573 2.478390 -0.314726
v -1.583211 2.478590 -0.239011
v -1.338418 2.478733 0.142515
v -2.440541 2.478482 -0.071155
v -2.038296 2.478338 -0.314720
v -2.265653 2.478435 -0.238996
v -2.510415 2.478390 0.142525
v -1.488198 2.497194 -0.161557
v -1.698749 2.496945 -0.280941
v -2.150105 2.496918 -0.280947
v -2.360662 2.497142 -0.161565
v -1.339796 2.497057 0.247681
v -1.368013 2.497131 0.037965
v -2.480856 2.497052 0.037961
v -2.509076 2.496965 0.247681
v -1.924426 2.496835 -0.316430
v -1.408576 2.428355 -0.070682
v -1.810318 2.427747 -0.313439
v -1.583235 2.427978 -0.237971
v -1.338626 2.428636 0.142607
v -2.438931 2.427117 -0.070322
v -2.037770 2.427581 -0.313346
v -2.264686 2.427284 -0.237630
v -2.508623 2.427114 0.142728
v -1.694645 2.454764 -0.291381
v -1.924408 2.454570 -0.327396
v -2.154146 2.454475 -0.291299
v -1.479641 2.455055 -0.169736
v -2.369068 2.454446 -0.169602
v -1.328230 2.455309 0.247681
v -1.356891 2.455254 0.034079
v -2.491684 2.454381 0.034169
v -2.520284 2.454341 0.247681
v -1.437611 2.397227 -0.051670
v -1.819526 2.397115 -0.280855
v -1.601401 2.397213 -0.208588
v -1.371593 2.397640 0.148541
v -2.407960 2.397161 -0.051687
v -2.035354 2.398896 -0.283180
v -2.245003 2.397633 -0.209172
v -2.474005 2.397559 0.148530
v -2.350391 2.406805 -0.152138
v -2.467668 2.406827 0.042472
v -1.350019 2.408056 0.247681
v -2.495404 2.406898 0.247681
v -1.701979 2.407419 -0.269313
v -1.924001 2.407628 -0.304535
v -2.144998 2.407379 -0.269357
v -1.495631 2.407522 -0.152614
v -1.377876 2.407883 0.042175
v -1.443214 2.391437 -0.048942
v -1.854712 2.400141 -0.282181
v -1.608834 2.392024 -0.206714
v -1.377528 2.391832 0.150022
v -2.405445 2.393217 -0.049177
v -2.056195 2.392304 -0.277933
v -2.243373 2.393570 -0.206127
v -2.471237 2.393874 0.149942
v -2.142784 2.398049 -0.253657
v -2.335935 2.395908 -0.138768
v -1.370653 2.395412 0.247681
v -1.397717 2.394930 0.050081
v -2.449974 2.396382 0.049730
v -2.477157 2.396958 0.247681
v -1.511408 2.394681 -0.138109
v -1.716208 2.394669 -0.251772
v -1.943396 2.396361 -0.288527
v -1.439834 2.349861 -0.051672
v -1.859722 2.336812 -0.282458
v -1.607330 2.349530 -0.210411
v -1.373588 2.349218 0.149071
v -2.409455 2.350525 -0.051613
v -2.060951 2.343653 -0.281313
v -2.246373 2.350026 -0.209598
v -2.475668 2.349997 0.149089
v -1.716141 2.374590 -0.249227
v -1.998428 2.368100 -0.286265
v -2.146104 2.375460 -0.249060
v -1.515118 2.376464 -0.136787
v -2.333899 2.377245 -0.136701
v -1.374627 2.376195 0.247681
v -1.401372 2.376260 0.051421
v -2.447549 2.377270 0.051397
v -2.474295 2.377254 0.247681
v -1.389590 2.225852 -0.084855
v -1.851012 2.251654 -0.340063
v -1.573759 2.226559 -0.260508
v -1.316654 2.225484 0.137851
v -2.462990 2.226518 -0.084758
v -2.075013 2.221300 -0.338795
v -2.282640 2.226121 -0.259201
v -2.535868 2.226274 0.137883
v -2.359612 2.306046 -0.160231
v -2.479658 2.305774 0.038786
v -1.342537 2.304604 0.247681
v -2.507951 2.305427 0.247681
v -1.714402 2.305586 -0.280435
v -1.965806 2.299659 -0.314907
v -2.159912 2.303545 -0.279300
v -1.491140 2.305525 -0.160460
v -1.370859 2.305006 0.038699
v -1.370280 1.981227 -0.098703
v -1.842105 1.957126 -0.369062
v -1.561364 1.981561 -0.281238
v -1.294597 1.981279 0.133156
v -2.485852 1.981586 -0.098694
v -2.076903 1.976699 -0.362629
v -2.298098 1.981339 -0.280006
v -2.561527 1.981703 0.133159
v -2.182777 2.104562 -0.328599
v -2.401770 2.106621 -0.198930
v -1.291237 2.105941 0.247681
v -1.321955 2.106016 0.018546
v -2.532653 2.106620 0.018577
v -2.563357 2.106586 0.247681
v -1.452939 2.106183 -0.199036
v -1.682400 2.110382 -0.331471
v -2.006313 2.102663 -0.374075
v -1.406627 1.814257 -0.076578
v -1.817802 1.813895 -0.323114
v -1.583628 1.814449 -0.246415
v -1.335698 1.814651 0.140382
v -2.450158 1.814281 -0.076578
v -2.048230 1.813535 -0.322902
v -2.273666 1.814311 -0.246260
v -2.521097 1.814701 0.140379
v -1.948816 1.880858 -0.358955
v -2.174933 1.884419 -0.320137
v -1.461496 1.885305 -0.192467
v -1.693444 1.884420 -0.321524
v -2.395282 1.885419 -0.192419
v -1.302315 1.885591 0.247681
v -1.332573 1.885418 0.021757
v -2.524164 1.885607 0.021753
v -2.554422 1.885792 0.247681
v -1.478124 1.709067 -0.029466
v -1.821760 1.708790 -0.237049
v -1.622393 1.709076 -0.171013
v -1.419547 1.709197 0.155460
v -2.376905 1.708749 -0.028965
v -2.034898 1.708723 -0.236717
v -2.232872 1.708796 -0.170000
v -2.437128 1.709161 0.155431
v -1.367255 1.756939 0.247681
v -2.489527 1.756943 0.247681
v -1.710845 1.756649 -0.260613
v -1.929151 1.756572 -0.294985
v -2.146291 1.756449 -0.260370
v -1.509378 1.756395 -0.146401
v -2.347076 1.756226 -0.146208
v -1.394414 1.756646 0.045088
v -2.462248 1.756583 0.045088
v -1.563287 1.639292 0.037239
v -1.811342 1.638399 -0.114027
v -1.633149 1.633525 -0.075855
v -1.535105 1.639038 0.176648
v -2.286552 1.639036 0.039077
v -2.045408 1.638394 -0.112295
v -2.216917 1.634180 -0.071327
v -2.321370 1.639021 0.176585
v -1.470865 1.671233 0.247681
v -1.490566 1.671298 0.083445
v -2.364516 1.671141 0.083658
v -2.385908 1.671227 0.247681
v -1.567467 1.671565 -0.067165
v -2.282835 1.671042 -0.064506
v -1.715141 1.670532 -0.149950
v -1.928356 1.670945 -0.185769
v -2.140078 1.670429 -0.148096
v -1.666958 1.584616 0.097512
v -1.831075 1.584530 -0.004917
v -1.712250 1.564771 0.040690
v -1.665005 1.585855 0.198995
v -2.186471 1.584706 0.100525
v -2.027183 1.584609 -0.002331
v -2.143071 1.565602 0.046235
v -2.191646 1.585860 0.199048
v -1.928730 1.609492 -0.067485
v -2.120718 1.595369 -0.045836
v -1.610019 1.598514 0.028713
v -1.737060 1.594545 -0.050497
v -2.237823 1.599510 0.032956
v -1.596086 1.608851 0.247681
v -1.603423 1.609121 0.127291
v -2.251425 1.609115 0.127907
v -2.260701 1.608853 0.247681
v -1.794204 1.574728 0.168629
v -1.880648 1.574844 0.112474
v -1.829676 1.574757 0.124492
v -1.787619 1.574809 0.212861
v -2.062061 1.574728 0.169361
v -1.976455 1.574844 0.113132
v -2.026925 1.574757 0.125826
v -2.069122 1.574809 0.212918
v -1.744075 1.574523 0.099733
v -1.731830 1.576139 0.169242
v -1.730860 1.576219 0.247681
v -1.928726 1.576251 0.056064
v -1.800605 1.574519 0.062278
v -2.124380 1.576141 0.169915
v -2.110679 1.574602 0.103194
v -2.125926 1.576219 0.247681
v -2.057084 1.574608 0.065317
v -1.928405 1.574843 0.170021
v -1.846966 1.574828 0.247681
v -2.009817 1.574828 0.247681
v -1.865844 1.574785 0.190413
v -1.990861 1.574785 0.190560
v -1.921404 2.411269 -0.295521
v -1.920290 2.329687 -0.293745
v -1.867378 2.368596 -0.305622
v -1.982785 2.369209 -0.298565
v -1.954493 2.401955 -0.284220
v -1.828956 2.394031 -0.279763
v -1.830762 2.349967 -0.275539
v -1.952079 2.338332 -0.285825
v -1.912832 2.181122 -0.385602
v -1.906863 2.075043 -0.400336
v -1.855674 2.128272 -0.391899
v -1.976047 2.124309 -0.385905
v -1.950510 2.182565 -0.372728
v -1.813329 2.182455 -0.360741
v -1.809807 2.055302 -0.373038
v -1.944500 2.048580 -0.386788
v -1.930868 2.392077 -0.434965
v -1.936190 2.335304 -0.407601
v -1.893917 2.364961 -0.419998
v -1.973028 2.365860 -0.425068
v -1.930582 2.182266 -0.429490
v -1.928267 2.127324 -0.478936
v -1.884895 2.155596 -0.459440
v -1.974209 2.154005 -0.457963
v -1.957849 2.103036 -0.427921
v -1.962834 2.160345 -0.410074
v -1.960879 2.401435 -0.359423
v -1.903994 2.400545 -0.358207
v -1.892853 2.106446 -0.432019
v -1.961744 2.345654 -0.355404
v -1.904593 2.344998 -0.354164
v -1.892515 2.163011 -0.415440
v -1.931376 2.273528 -0.439923
v -1.928375 2.273219 -0.508740
v -1.887489 2.275366 -0.473181
v -1.973446 2.273769 -0.473547
v -1.958296 2.197346 -0.502078
v -1.955361 2.216544 -0.447168
v -1.902889 2.198647 -0.499279
v -1.903666 2.216746 -0.445397
v -1.906981 2.341131 -0.480074
v -1.909119 2.317381 -0.433384
v -1.956155 2.318393 -0.438375
v -1.956019 2.341482 -0.486171
v -1.645098 1.485506 -0.038925
v -2.207172 1.488738 -0.035466
v -1.675942 1.483290 0.008747
v -2.175090 1.485898 0.017821
v -2.163979 1.487515 -0.023752
v -1.634707 1.484091 0.000638
v -1.687523 1.484281 -0.028632
v -2.217188 1.487406 0.007912
v -1.676584 1.503179 -0.062734
v -1.599505 1.580501 -0.025463
v -2.201470 1.505083 0.041558
v -2.245109 1.584455 -0.019333
v -1.649644 1.553885 0.038736
v -2.143258 1.505735 0.005595
v -1.719738 1.549348 -0.001614
v -2.175787 1.581067 -0.064577
v -1.678181 1.577586 -0.068728
v -1.605034 1.502507 -0.025000
v -1.650144 1.499631 0.033036
v -1.712776 1.499219 -0.000228
v -1.712002 1.529559 -0.040484
v -1.689876 1.523507 0.031652
v -1.612461 1.530221 0.016138
v -1.632302 1.536418 -0.059283
v -2.202211 1.557299 0.046051
v -2.240994 1.509574 -0.018805
v -2.138218 1.552817 0.003639
v -2.175966 1.509239 -0.059080
v -2.144365 1.535184 -0.033364
v -2.218242 1.542612 -0.053497
v -2.163028 1.528373 0.038212
v -2.234930 1.535931 0.020976
v -1.421168 2.512256 0.558793
v -1.813058 2.511795 0.796067
v -1.591304 2.512121 0.722095
v -1.352965 2.511955 0.350536
v -2.427687 2.512242 0.558797
v -2.035791 2.511792 0.796069
v -2.257547 2.512112 0.722099
v -2.495894 2.511935 0.350537
v -1.408312 2.478744 0.566535
v -1.810573 2.478390 0.810088
v -1.583211 2.478590 0.734372
v -1.338418 2.478733 0.352847
v -2.440541 2.478482 0.566517
v -2.038296 2.478338 0.810082
v -2.265653 2.478435 0.734358
v -2.510415 2.478390 0.352837
v -1.488198 2.497194 0.656919
v -1.698749 2.496945 0.776303
v -2.150105 2.496918 0.776308
v -2.360662 2.497142 0.656927
v -1.368013 2.497131 0.457396
v -2.480856 2.497053 0.457400
v -1.924426 2.496835 0.811792
v -1.408576 2.428355 0.566044
v -1.810318 2.427747 0.808800
v -1.583235 2.427978 0.733333
v -1.338626 2.428636 0.352754
v -2.438931 2.427117 0.565683
v -2.037770 2.427581 0.808708
v -2.264686 2.427284 0.732992
v -2.508623 2.427114 0.352633
v -1.694645 2.454764 0.786743
v -1.924408 2.454570 0.822758
v -2.154146 2.454475 0.786661
v -1.479641 2.455055 0.665097
v -2.369068 2.454446 0.664963
v -1.356891 2.455254 0.461283
v -2.491684 2.454381 0.461193
v -1.437611 2.397227 0.547032
v -1.819525 2.397118 0.776222
v -1.601400 2.397214 0.703951
v -1.371593 2.397640 0.346821
v -2.407960 2.397161 0.547049
v -2.035354 2.398900 0.778546
v -2.245003 2.397633 0.704534
v -2.474005 2.397559 0.346832
v -2.350391 2.406805 0.647500
v -2.467668 2.406827 0.452889
v -1.701979 2.407419 0.764675
v -1.924001 2.407628 0.799896
v -2.144998 2.407379 0.764718
v -1.495631 2.407522 0.647976
v -1.377876 2.407883 0.453187
v -1.443214 2.391437 0.544304
v -1.854749 2.400853 0.777624
v -1.608784 2.392158 0.702131
v -1.377528 2.391832 0.345339
v -2.405445 2.393217 0.544539
v -2.056252 2.392465 0.773333
v -2.243373 2.393570 0.701488
v -2.471237 2.393874 0.345420
v -2.142786 2.398056 0.749022
v -2.335935 2.395908 0.634130
v -1.397717 2.394930 0.445280
v -2.449974 2.396382 0.445631
v -1.511405 2.394684 0.633472
v -1.716178 2.394738 0.747203
v -1.943394 2.396467 0.783961
v -1.439834 2.349861 0.547034
v -1.859436 2.335170 0.780043
v -1.607253 2.349491 0.705856
v -1.373588 2.349218 0.346291
v -2.409455 2.350525 0.546974
v -2.061089 2.343592 0.776778
v -2.246373 2.350026 0.704960
v -2.475668 2.349997 0.346272
v -1.715911 2.374997 0.745378
v -1.999067 2.368368 0.782394
v -2.146115 2.375468 0.744417
v -1.515112 2.376471 0.632143
v -2.333899 2.377245 0.632063
v -1.401372 2.376260 0.443941
v -2.447549 2.377270 0.443965
v -1.389590 2.225852 0.580216
v -1.851028 2.252023 0.836335
v -1.573719 2.226573 0.755911
v -1.316654 2.225484 0.357510
v -2.462990 2.226518 0.580119
v -2.075089 2.221319 0.834203
v -2.282640 2.226121 0.754563
v -2.535868 2.226274 0.357478
v -2.359612 2.306046 0.655593
v -2.479658 2.305774 0.456576
v -1.714309 2.305522 0.776014
v -1.965909 2.299579 0.810519
v -2.159920 2.303543 0.774660
v -1.491136 2.305524 0.655819
v -1.370859 2.305006 0.456663
v -1.370280 1.981227 0.594064
v -1.842107 1.957071 0.864456
v -1.561348 1.981544 0.776611
v -1.294597 1.981279 0.362205
v -2.485852 1.981586 0.594055
v -2.076932 1.976678 0.858003
v -2.298098 1.981339 0.775367
v -2.561527 1.981703 0.362203
v -2.182784 2.104561 0.823959
v -2.401770 2.106621 0.694291
v -1.321955 2.106016 0.476816
v -2.532653 2.106620 0.476785
v -1.452935 2.106182 0.694394
v -1.682257 2.110307 0.827356
v -2.006646 2.102596 0.869938
v -1.406627 1.814257 0.571940
v -1.817802 1.813894 0.818476
v -1.583628 1.814449 0.741776
v -1.335698 1.814651 0.354980
v -2.450158 1.814281 0.571940
v -2.048231 1.813535 0.818264
v -2.273666 1.814311 0.741622
v -2.521097 1.814701 0.354982
v -1.948817 1.880848 0.854321
v -2.174934 1.884418 0.815499
v -1.461496 1.885304 0.687828
v -1.693444 1.884410 0.816891
v -2.395282 1.885419 0.687781
v -1.332573 1.885418 0.473605
v -2.524164 1.885607 0.473608
v -1.478124 1.709067 0.524827
v -1.821760 1.708790 0.732410
v -1.622393 1.709076 0.666375
v -1.419547 1.709197 0.339902
v -2.376904 1.708749 0.524327
v -2.034898 1.708723 0.732078
v -2.232872 1.708796 0.665362
v -2.437128 1.709161 0.339930
v -1.710845 1.756649 0.755974
v -1.929151 1.756572 0.790347
v -2.146291 1.756449 0.755731
v -1.509378 1.756395 0.641762
v -2.347076 1.756226 0.641570
v -1.394414 1.756646 0.450274
v -2.462249 1.756583 0.450274
v -1.563287 1.639292 0.458122
v -1.811342 1.638399 0.609389
v -1.633149 1.633525 0.571217
v -1.535105 1.639038 0.318714
v -2.286552 1.639036 0.456285
v -2.045408 1.638394 0.607657
v -2.216917 1.634180 0.566688
v -2.321370 1.639021 0.318777
v -1.490566 1.671298 0.411917
v -2.364516 1.671141 0.411703
v -1.567467 1.671565 0.562526
v -2.282834 1.671042 0.559868
v -1.715141 1.670532 0.645312
v -1.928356 1.670945 0.681130
v -2.140078 1.670429 0.643458
v -1.666958 1.584616 0.397849
v -1.831075 1.584530 0.500279
v -1.712250 1.564771 0.454672
v -1.665005 1.585855 0.296366
v -2.186471 1.584706 0.394836
v -2.027183 1.584609 0.497693
v -2.143071 1.565602 0.449127
v -2.191646 1.585860 0.296314
v -1.928730 1.609492 0.562847
v -2.120718 1.595369 0.541197
v -1.610019 1.598513 0.466648
v -1.737060 1.594545 0.545859
v -2.237823 1.599510 0.462406
v -1.603424 1.609121 0.368071
v -2.251425 1.609115 0.367455
v -1.794204 1.574728 0.326733
v -1.880648 1.574844 0.382888
v -1.829676 1.574757 0.370870
v -1.787619 1.574809 0.282500
v -2.062061 1.574728 0.326000
v -1.976455 1.574844 0.382230
v -2.026925 1.574757 0.369536
v -2.069122 1.574809 0.282443
v -1.744074 1.574523 0.395629
v -1.731830 1.576139 0.326120
v -1.928726 1.576251 0.439298
v -1.800605 1.574519 0.433084
v -2.124380 1.576141 0.325447
v -2.110679 1.574602 0.392168
v -2.057084 1.574608 0.430045
v -1.928405 1.574843 0.325341
v -1.865844 1.574785 0.304949
v -1.990861 1.574785 0.304802
v -1.921452 2.411268 0.791194
v -1.920258 2.329649 0.796065
v -1.867118 2.371045 0.804681
v -1.982804 2.369398 0.797534
v -1.954335 2.402390 0.779971
v -1.829167 2.395798 0.775510
v -1.830136 2.349336 0.774991
v -1.953186 2.336465 0.784127
v -1.912894 2.181288 0.885370
v -1.906838 2.075033 0.895891
v -1.855680 2.127502 0.889788
v -1.976072 2.124008 0.883645
v -1.951329 2.182905 0.870465
v -1.812995 2.182555 0.858844
v -1.809848 2.055040 0.868969
v -1.944440 2.048433 0.882707
v -1.930865 2.392104 0.930349
v -1.936285 2.335484 0.904335
v -1.893972 2.365121 0.916726
v -1.972977 2.366036 0.921824
v -1.930592 2.181847 0.925668
v -1.928257 2.127334 0.974357
v -1.884965 2.155603 0.955694
v -1.974190 2.154066 0.954101
v -1.957592 2.102909 0.924033
v -1.962781 2.160356 0.908119
v -1.960666 2.401569 0.855689
v -1.904477 2.400831 0.854585
v -1.893341 2.106144 0.928136
v -1.961877 2.345745 0.855186
v -1.904211 2.345238 0.853943
v -1.892308 2.162844 0.913682
v -1.931378 2.273550 0.935281
v -1.928373 2.273217 1.004101
v -1.887488 2.275363 0.968527
v -1.973445 2.273769 0.968902
v -1.958112 2.197344 0.997576
v -1.955165 2.216410 0.942515
v -1.903077 2.198643 0.994785
v -1.903887 2.216605 0.940740
v -1.907161 2.341175 0.975584
v -1.909524 2.317447 0.928667
v -1.955908 2.318470 0.933685
v -1.955782 2.341537 0.981678
v -1.645098 1.485506 0.534286
v -2.207172 1.488738 0.530828
v -1.675941 1.483290 0.486615
v -2.175090 1.485898 0.477540
v -2.163979 1.487515 0.519114
v -1.634707 1.484091 0.494724
v -1.687523 1.484281 0.523994
v -2.217189 1.487406 0.487450
v -1.676584 1.503179 0.558095
v -1.599505 1.580501 0.520825
v -2.201470 1.505083 0.453803
v -2.245109 1.584455 0.514695
v -1.649644 1.553885 0.456625
v -2.143258 1.505735 0.489767
v -1.719738 1.549348 0.496975
v -2.175787 1.581067 0.559939
v -1.678181 1.577586 0.564090
v -1.605034 1.502507 0.520362
v -1.650144 1.499631 0.462326
v -1.712776 1.499219 0.495590
v -1.712002 1.529559 0.535845
v -1.689876 1.523507 0.463709
v -1.612461 1.530221 0.479224
v -1.632302 1.536418 0.554644
v -2.202211 1.557299 0.449310
v -2.240994 1.509574 0.514166
v -2.138218 1.552817 0.491722
v -2.175966 1.509239 0.554441
v -2.144365 1.535184 0.528726
v -2.218242 1.542612 0.548859
v -2.163028 1.528373 0.457149
v -2.234930 1.535931 0.474386
v -1.587124 2.497073 -0.233036
v -2.261732 2.497034 -0.233044
v -1.345492 2.497079 0.143635
v -2.503379 2.496991 0.143633
v -1.414566 2.497188 -0.067408
v -2.434299 2.497123 -0.067415
v -1.811779 2.496868 -0.307929
v -2.037073 2.496854 -0.307932
v -1.809779 2.454654 -0.318789
v -2.039032 2.454510 -0.318746
v -1.580740 2.454904 -0.242642
v -2.268019 2.454461 -0.242527
v -1.333989 2.455296 0.141793
v -2.514542 2.454353 0.141841
v -1.404394 2.455176 -0.073533
v -2.444245 2.454416 -0.073411
v -2.422134 2.406767 -0.060344
v -1.813195 2.407475 -0.295940
v -2.034468 2.407661 -0.296214
v -1.592417 2.407444 -0.222379
v -2.253992 2.407022 -0.222057
v -1.355656 2.408019 0.145603
v -2.489793 2.406884 0.145740
v -1.423599 2.407688 -0.060780
v -2.243515 2.396765 -0.206950
v -1.376178 2.395245 0.149619
v -2.471608 2.396770 0.149456
v -1.441874 2.394682 -0.049240
v -2.405617 2.395981 -0.049761
v -1.831881 2.394845 -0.278512
v -2.044868 2.398438 -0.280665
v -1.605712 2.394821 -0.205850
v -1.931979 2.408885 -0.358642
v -2.061776 2.371686 -0.274958
v -1.609498 2.376214 -0.204591
v -2.242153 2.377016 -0.204044
v -1.380030 2.376209 0.150481
v -2.468893 2.377261 0.150468
v -1.445444 2.376355 -0.047793
v -2.403469 2.377265 -0.047823
v -2.433077 2.306011 -0.066305
v -1.845026 2.303712 -0.306176
v -2.065600 2.300104 -0.306355
v -1.592021 2.305646 -0.232131
v -2.262434 2.305539 -0.231499
v -1.348260 2.304720 0.144029
v -2.502234 2.305531 0.144070
v -1.417489 2.305328 -0.066433
v -2.295491 2.106314 -0.276610
v -1.297429 2.105960 0.133960
v -2.557168 2.106596 0.133975
v -1.372693 2.106099 -0.096417
v -2.481935 2.106638 -0.096371
v -1.974162 2.130275 -0.418019
v -2.082291 2.101372 -0.358801
v -1.561233 2.106708 -0.277352
v -2.063235 1.882424 -0.349172
v -1.568509 1.885471 -0.269389
v -2.290019 1.885343 -0.268931
v -1.308416 1.885540 0.135517
v -2.548320 1.885739 0.135515
v -1.382522 1.885297 -0.091448
v -2.474213 1.885467 -0.091453
v -1.823444 1.880604 -0.350068
v -1.820006 1.756658 -0.286705
v -2.037883 1.756488 -0.286536
v -1.603830 1.756527 -0.214759
v -2.252813 1.756351 -0.214515
v -1.372755 1.756851 0.147021
v -2.484008 1.756840 0.147011
v -1.439026 1.756450 -0.056177
v -2.417473 1.756315 -0.056095
v -1.475029 1.671215 0.165591
v -2.381513 1.671180 0.165541
v -1.520684 1.671740 0.003289
v -2.331308 1.671308 0.004550
v -1.816728 1.670918 -0.175173
v -2.039747 1.670862 -0.174266
v -1.632348 1.671317 -0.117602
v -2.220069 1.671019 -0.114879
v -2.041254 1.607842 -0.058807
v -2.232966 1.507558 0.019125
v -1.634035 1.503990 -0.056564
v -1.598222 1.608880 0.187972
v -2.258322 1.608883 0.187948
v -1.608684 1.608288 0.068692
v -2.242407 1.608357 0.071115
v -1.816505 1.607783 -0.061286
v -1.974483 1.574810 0.156658
v -1.735389 1.575810 0.131355
v -1.858538 1.575937 0.057084
v -1.766288 1.573436 0.077692
v -1.731276 1.576195 0.208560
v -2.119762 1.575824 0.133453
v -1.999201 1.575954 0.058747
v -2.089885 1.573559 0.081366
v -2.125441 1.576196 0.208631
v -1.882308 1.574810 0.156434
v -1.831512 1.574788 0.207333
v -2.025205 1.574788 0.207428
v -1.890506 2.411216 -0.279831
v -1.889484 2.333878 -0.279876
v -1.810720 2.370642 -0.275178
v -1.978896 2.366235 -0.290117
v -1.880398 2.205447 -0.365154
v -1.875258 2.029633 -0.382475
v -1.788282 2.119457 -0.364432
v -1.977682 2.113012 -0.380428
v -1.974297 2.208465 -0.473547
v -1.924068 2.094620 -0.433068
v -1.976929 2.373926 -0.358054
v -1.933019 2.337307 -0.353162
v -1.879451 2.133806 -0.424743
v -1.928234 2.174134 -0.409135
v -1.889102 2.372535 -0.357863
v -1.928764 2.194919 -0.506422
v -1.885743 2.209463 -0.474347
v -1.930355 2.219034 -0.440659
v -1.891340 2.331176 -0.457938
v -1.934633 2.315327 -0.431291
v -1.972550 2.330351 -0.461614
v -1.928525 2.343323 -0.487791
v -1.660787 1.481504 -0.014613
v -2.191041 1.482179 -0.008686
v -1.615457 1.500963 0.013460
v -2.164576 1.504356 0.035523
v -1.687977 1.498892 0.028020
v -1.708518 1.501229 -0.038660
v -2.216845 1.510358 -0.051493
v -2.146704 1.507711 -0.032264
v -1.712573 1.563112 -0.044254
v -1.692143 1.546523 0.032405
v -1.611482 1.567664 0.017102
v -1.631718 1.584421 -0.060967
v -2.144074 1.566622 -0.037984
v -2.218369 1.588364 -0.055490
v -2.161458 1.549444 0.038863
v -2.235717 1.571566 0.022088
v -1.587124 2.497073 0.728398
v -2.261732 2.497034 0.728405
v -1.345492 2.497079 0.351727
v -2.503379 2.496991 0.351728
v -1.414566 2.497188 0.562770
v -2.434299 2.497123 0.562776
v -1.811779 2.496868 0.803291
v -2.037073 2.496854 0.803294
v -1.809779 2.454653 0.814151
v -2.039032 2.454510 0.814108
v -1.580740 2.454904 0.738004
v -2.268019 2.454461 0.737889
v -1.333989 2.455296 0.353568
v -2.514542 2.454353 0.353521
v -1.404394 2.455176 0.568894
v -2.444245 2.454416 0.568773
v -2.422134 2.406767 0.555706
v -1.813195 2.407475 0.791302
v -2.034468 2.407661 0.791576
v -1.592417 2.407444 0.717740
v -2.253992 2.407022 0.717419
v -1.355656 2.408019 0.349759
v -2.489793 2.406885 0.349621
v -1.423599 2.407688 0.556142
v -2.243515 2.396765 0.702312
v -1.376178 2.395245 0.345743
v -2.471608 2.396770 0.345906
v -1.441874 2.394681 0.544602
v -2.405617 2.395981 0.545123
v -1.831871 2.394955 0.773966
v -2.044884 2.398508 0.776063
v -1.605694 2.394852 0.701238
v -1.932044 2.408894 0.854164
v -2.061899 2.371780 0.770389
v -1.609432 2.376314 0.700014
v -2.242153 2.377016 0.699406
v -1.380030 2.376209 0.344881
v -2.468893 2.377261 0.344894
v -1.445444 2.376355 0.543155
v -2.403469 2.377265 0.543185
v -2.433077 2.306011 0.561667
v -1.845006 2.303607 0.801928
v -2.065674 2.300076 0.801753
v -1.591974 2.305625 0.727516
v -2.262434 2.305539 0.726860
v -1.348260 2.304720 0.351333
v -2.502234 2.305531 0.351292
v -1.417489 2.305328 0.561795
v -2.295491 2.106314 0.771972
v -1.297429 2.105960 0.361402
v -2.557168 2.106596 0.361386
v -1.372693 2.106099 0.591778
v -2.481935 2.106638 0.591732
v -1.974132 2.130133 0.915328
v -2.082362 2.101358 0.854214
v -1.561195 2.106695 0.772760
v -2.063240 1.882417 0.844533
v -1.568506 1.885466 0.764750
v -2.290019 1.885343 0.764292
v -1.308416 1.885540 0.359845
v -2.548320 1.885739 0.359847
v -1.382523 1.885297 0.586810
v -2.474213 1.885467 0.586815
v -1.823445 1.880592 0.845430
v -1.820006 1.756658 0.782067
v -2.037883 1.756488 0.781898
v -1.603830 1.756527 0.710121
v -2.252813 1.756351 0.709877
v -1.372755 1.756851 0.348340
v -2.484008 1.756840 0.348350
v -1.439026 1.756450 0.551538
v -2.417473 1.756315 0.551457
v -1.475029 1.671215 0.329770
v -2.381512 1.671180 0.329821
v -1.520684 1.671740 0.492073
v -2.331308 1.671308 0.490812
v -1.816728 1.670918 0.670535
v -2.039747 1.670862 0.669628
v -1.632348 1.671317 0.612964
v -2.220069 1.671019 0.610241
v -2.041254 1.607842 0.554168
v -2.232966 1.507558 0.476237
v -1.634035 1.503990 0.551926
v -1.598222 1.608880 0.307390
v -2.258322 1.608883 0.307413
v -1.608684 1.608288 0.426669
v -2.242407 1.608357 0.424246
v -1.816505 1.607783 0.556647
v -1.974483 1.574810 0.338703
v -1.735389 1.575810 0.364007
v -1.858538 1.575937 0.438278
v -1.766288 1.573436 0.417670
v -1.731276 1.576195 0.286802
v -2.119762 1.575824 0.361909
v -1.999201 1.575954 0.436615
v -2.089885 1.573559 0.413996
v -2.125441 1.576196 0.286731
v -1.882308 1.574810 0.338928
v -1.831512 1.574788 0.288028
v -2.025205 1.574788 0.287934
v -1.890597 2.411513 0.775009
v -1.889875 2.331573 0.778896
v -1.810288 2.372015 0.773113
v -1.980223 2.367155 0.787392
v -1.880486 2.206015 0.863521
v -1.875265 2.029523 0.877957
v -1.788080 2.119143 0.861489
v -1.978046 2.112798 0.877302
v -1.974289 2.208460 0.968849
v -1.924057 2.094638 0.928601
v -1.976909 2.374095 0.856305
v -1.933066 2.337305 0.853573
v -1.879623 2.133150 0.922282
v -1.928261 2.174092 0.907459
v -1.889171 2.373496 0.856142
v -1.928758 2.194940 1.001794
v -1.885732 2.209476 0.969625
v -1.930357 2.218831 0.936138
v -1.891337 2.331157 0.953382
v -1.934656 2.315587 0.926716
v -1.972549 2.330419 0.957141
v -1.928501 2.343304 0.983169
v -1.660787 1.481504 0.509975
v -2.191041 1.482179 0.504048
v -1.615457 1.500964 0.481902
v -2.164576 1.504356 0.459839
v -1.687977 1.498892 0.467342
v -1.708518 1.501229 0.534022
v -2.216845 1.510358 0.546855
v -2.146704 1.507711 0.527626
v -1.712573 1.563112 0.539616
v -1.692143 1.546523 0.462957
v -1.611482 1.567664 0.478260
v -1.631718 1.584421 0.556329
v -2.144073 1.566622 0.533346
v -2.218369 1.588364 0.550852
v -2.161458 1.549444 0.456499
v -2.235717 1.571566 0.473274
vn -0.6353 0.3993 0.6610
vn -0.0000 0.3936 0.9193
vn -0.2890 0.3936 0.8727
vn 0.6352 0.3998 0.6608
vn 0.9189 0.3945 -0.0000
vn 0.2890 0.3939 0.8726
vn 0.8726 0.3986 0.2824
vn -0.9193 0.3935 -0.0000
vn -0.8729 0.3978 0.2825
vn -0.6642 -0.2844 0.6913
vn 0.0002 -0.2666 0.9638
vn -0.3016 -0.2719 0.9138
vn 0.6657 -0.2782 0.6924
vn 0.9625 -0.2713 -0.0000
vn 0.3022 -0.2689 0.9145
vn 0.9148 -0.2758 0.2952
vn -0.9595 -0.2819 -0.0000
vn -0.9121 -0.2851 0.2946
vn -0.6216 0.4416 0.6470
vn -0.0004 0.4458 0.8951
vn -0.2813 0.4445 0.8505
vn 0.6112 0.4722 0.6352
vn 0.8822 0.4709 -0.0000
vn 0.2798 0.4561 0.8448
vn 0.8377 0.4740 0.2711
vn -0.9058 0.4238 -0.0000
vn -0.8587 0.4304 0.2783
vn -0.3714 0.8453 0.3841
vn -0.0090 0.7832 0.6217
vn -0.1745 0.8396 0.5145
vn 0.3681 0.8470 0.3835
vn 0.5347 0.8450 -0.0000
vn 0.1954 0.7877 0.5842
vn 0.5042 0.8480 0.1631
vn -0.5441 0.8391 -0.0000
vn -0.5129 0.8425 0.1648
vn -0.6516 0.3271 0.6844
vn 0.5081 -0.8595 0.0555
vn -0.4353 -0.7930 0.4262
vn 0.6668 0.2827 0.6896
vn 0.9626 0.2709 -0.0000
vn 0.3470 0.2017 0.9159
vn 0.9137 0.2787 0.2959
vn -0.9448 0.3277 -0.0000
vn -0.8967 0.3335 0.2912
vn -0.6365 -0.3865 0.6674
vn 0.4495 0.8728 0.1904
vn -0.4079 0.7919 0.4545
vn 0.6374 -0.3979 0.6598
vn 0.9234 -0.3838 -0.0000
vn 0.3181 -0.3753 0.8706
vn 0.8748 -0.3931 0.2832
vn -0.9294 -0.3690 -0.0000
vn -0.8804 -0.3791 0.2849
vn -0.6645 -0.2810 0.6925
vn 0.6790 -0.6581 0.3255
vn -0.4272 -0.5218 0.7384
vn 0.6647 -0.2924 0.6875
vn 0.9579 -0.2871 -0.0000
vn 0.3318 -0.2833 0.8998
vn 0.9102 -0.2914 0.2943
vn -0.9633 -0.2686 -0.0000
vn -0.9151 -0.2740 0.2960
vn -0.6913 0.0589 0.7202
vn 0.5475 0.5319 0.6460
vn -0.4352 0.2747 0.8574
vn 0.6939 0.0523 0.7181
vn 0.9987 0.0509 -0.0000
vn 0.3444 0.0614 0.9368
vn 0.9504 0.0515 0.3068
vn -0.9982 0.0603 -0.0000
vn -0.9499 0.0604 0.3067
vn -0.6150 0.4597 0.6406
vn 0.0004 0.4583 0.8888
vn -0.2784 0.4462 0.8505
vn 0.6154 0.4613 0.6391
vn 0.8910 0.4541 -0.0000
vn 0.2861 0.4616 0.8397
vn 0.8456 0.4590 0.2725
vn -0.8906 0.4547 -0.0000
vn -0.8456 0.4592 0.2723
vn -0.4607 0.7545 0.4675
vn 0.0006 0.7874 0.6164
vn -0.1964 0.7755 0.6000
vn 0.4479 0.7694 0.4554
vn 0.6384 0.7697 -0.0000
vn 0.1973 0.7812 0.5923
vn 0.6046 0.7728 0.1929
vn -0.6387 0.7695 -0.0000
vn -0.6127 0.7672 0.1899
vn -0.7159 0.6190 0.3231
vn 0.0034 0.8818 0.4717
vn -0.0592 0.7070 0.7047
vn 0.6969 0.6429 0.3179
vn 0.4477 0.8942 -0.0000
vn 0.0756 0.7273 0.6821
vn 0.4561 0.8830 0.1107
vn -0.4479 0.8941 -0.0000
vn -0.4662 0.8798 0.0927
vn -0.0039 0.9999 -0.0093
vn 0.0001 0.9999 0.0105
vn 0.0133 0.9999 0.0090
vn 0.0039 1.0000 -0.0088
vn 0.0107 0.9999 -0.0000
vn -0.0124 0.9999 0.0099
vn 0.0175 0.9998 -0.0018
vn -0.0107 0.9999 -0.0000
vn -0.0174 0.9998 -0.0022
vn -0.2425 0.9702 0.0024
vn -0.2660 0.8406 -0.4718
vn -0.2353 0.9719 -0.0000
vn 0.3096 0.9373 0.1604
vn 0.0036 0.9646 0.2636
vn 0.2435 0.9698 0.0118
vn 0.2862 0.8492 -0.4438
vn 0.2355 0.9719 -0.0000
vn -0.2998 0.9388 0.1697
vn -0.0000 1.0000 -0.0000
vn -0.2530 0.2789 0.9264
vn 0.1164 -0.0272 0.9928
vn -0.2399 -0.3133 0.9189
vn 0.0358 -0.2803 0.9593
vn -0.2967 -0.3274 0.8971
vn 0.1053 -0.3772 0.9201
vn -0.3089 0.0791 0.9478
vn 0.0696 0.1278 0.9894
vn -0.5611 -0.7413 0.3683
vn 0.4717 -0.7796 0.4121
vn -0.5206 0.7873 -0.3304
vn 0.6121 0.7298 -0.3045
vn -0.6100 -0.5383 -0.5815
vn 0.6407 -0.4837 -0.5963
vn -0.5690 0.4802 0.6676
vn 0.5501 0.5445 0.6332
vn -0.4544 0.1039 -0.8847
vn 0.5144 0.1031 -0.8513
vn -0.5343 -0.1216 0.8365
vn 0.5089 -0.0996 0.8550
vn -0.3751 0.9151 0.1477
vn 0.0647 0.8976 0.4361
vn 0.5423 0.8263 0.1521
vn -0.1224 0.8321 0.5409
vn -0.0929 0.9283 -0.3601
vn 0.3341 0.9394 -0.0766
vn 0.1564 0.8674 -0.4725
vn -0.5032 0.8597 -0.0876
vn 0.2238 0.0664 0.9724
vn -0.9684 0.0489 0.2445
vn -0.1957 0.0736 -0.9779
vn 0.9489 0.1121 -0.2949
vn 0.2436 0.0736 -0.9671
vn 0.9768 0.0422 0.2101
vn -0.9659 0.1032 -0.2375
vn -0.2612 0.0725 0.9625
vn -0.6353 0.3993 -0.6610
vn -0.0000 0.3936 -0.9193
vn -0.2890 0.3936 -0.8727
vn 0.6352 0.3998 -0.6608
vn 0.2890 0.3939 -0.8726
vn 0.8726 0.3986 -0.2824
vn -0.8729 0.3978 -0.2825
vn -0.6642 -0.2844 -0.6913
vn 0.0002 -0.2666 -0.9638
vn -0.3016 -0.2719 -0.9138
vn 0.6657 -0.2782 -0.6924
vn 0.3022 -0.2689 -0.9145
vn 0.9148 -0.2758 -0.2952
vn -0.9121 -0.2851 -0.2946
vn -0.6216 0.4416 -0.6470
vn -0.0004 0.4458 -0.8951
vn -0.2813 0.4445 -0.8505
vn 0.6112 0.4722 -0.6352
vn 0.2798 0.4561 -0.8448
vn 0.8377 0.4740 -0.2711
vn -0.8587 0.4304 -0.2783
vn -0.3714 0.8453 -0.3841
vn -0.0091 0.7830 -0.6219
vn -0.1745 0.8395 -0.5146
vn 0.3681 0.8470 -0.3835
vn 0.1954 0.7877 -0.5842
vn 0.5042 0.8480 -0.1631
vn -0.5129 0.8425 -0.1648
vn -0.6518 0.3266 -0.6845
vn 0.5012 -0.8635 -0.0561
vn -0.4051 -0.8167 -0.4110
vn 0.6668 0.2827 -0.6896
vn 0.3473 0.2011 -0.9160
vn 0.9137 0.2787 -0.2959
vn -0.8967 0.3335 -0.2912
vn -0.6368 -0.3864 -0.6673
vn 0.4651 0.8663 -0.1820
vn -0.4388 0.7728 -0.4586
vn 0.6374 -0.3979 -0.6598
vn 0.3186 -0.3751 -0.8705
vn 0.8748 -0.3931 -0.2832
vn -0.8804 -0.3791 -0.2849
vn -0.6646 -0.2810 -0.6923
vn 0.6851 -0.6569 -0.3148
vn -0.4404 -0.5077 -0.7405
vn 0.6647 -0.2924 -0.6875
vn 0.3321 -0.2833 -0.8997
vn 0.9102 -0.2914 -0.2943
vn -0.9151 -0.2740 -0.2960
vn -0.6914 0.0589 -0.7201
vn 0.5324 0.5398 -0.6521
vn -0.4219 0.2958 -0.8570
vn 0.6939 0.0523 -0.7181
vn 0.3445 0.0615 -0.9368
vn 0.9504 0.0515 -0.3068
vn -0.9499 0.0604 -0.3067
vn -0.6150 0.4597 -0.6406
vn 0.0004 0.4584 -0.8888
vn -0.2784 0.4462 -0.8505
vn 0.6154 0.4613 -0.6391
vn 0.2861 0.4616 -0.8397
vn 0.8456 0.4590 -0.2725
vn -0.8456 0.4592 -0.2723
vn -0.4607 0.7545 -0.4675
vn 0.0006 0.7874 -0.6164
vn -0.1964 0.7755 -0.6000
vn 0.4479 0.7694 -0.4554
vn 0.1973 0.7812 -0.5923
vn 0.6046 0.7728 -0.1929
vn -0.6127 0.7672 -0.1899
vn -0.7159 0.6190 -0.3231
vn 0.0034 0.8818 -0.4717
vn -0.0592 0.7070 -0.7047
vn 0.6969 0.6429 -0.3179
vn 0.0756 0.7273 -0.6821
vn 0.4561 0.8830 -0.1107
vn -0.4662 0.8798 -0.0927
vn -0.0039 0.9999 0.0093
vn 0.0001 0.9999 -0.0105
vn 0.0133 0.9999 -0.0090
vn 0.0039 1.0000 0.0088
vn -0.0124 0.9999 -0.0099
vn 0.0175 0.9998 0.0018
vn -0.0174 0.9998 0.0022
vn -0.2425 0.9702 -0.0024
vn -0.2660 0.8406 0.4718
vn 0.3096 0.9373 -0.1604
vn 0.0036 0.9646 -0.2636
vn 0.2435 0.9698 -0.0118
vn 0.2862 0.8492 0.4438
vn -0.2998 0.9388 -0.1697
vn -0.2579 0.2491 -0.9335
vn 0.1260 -0.0646 -0.9899
vn -0.2520 -0.3066 -0.9179
vn 0.0644 -0.2407 -0.9685
vn -0.3021 -0.3318 -0.8937
vn 0.1166 -0.3875 -0.9144
vn -0.3098 0.0823 -0.9472
vn 0.0708 0.1306 -0.9889
vn -0.5522 -0.7465 -0.3713
vn 0.4604 -0.7855 -0.4136
vn -0.5057 0.7891 0.3487
vn 0.6041 0.7303 0.3191
vn -0.5949 -0.5328 0.6018
vn 0.6266 -0.4791 0.6147
vn -0.5584 0.4849 -0.6732
vn 0.5409 0.5478 -0.6383
vn -0.4517 0.1036 0.8861
vn 0.5125 0.1027 0.8525
vn -0.5328 -0.1216 -0.8375
vn 0.5075 -0.0997 -0.8558
vn -0.3751 0.9151 -0.1477
vn 0.0646 0.8976 -0.4361
vn 0.5423 0.8263 -0.1521
vn -0.1224 0.8321 -0.5409
vn -0.0929 0.9283 0.3601
vn 0.3341 0.9394 0.0766
vn 0.1564 0.8674 0.4725
vn -0.5032 0.8597 0.0876
vn 0.2238 0.0664 -0.9724
vn -0.9684 0.0489 -0.2445
vn -0.1957 0.0736 0.9779
vn 0.9489 0.1121 0.2949
vn 0.2436 0.0736 0.9671
vn 0.9768 0.0422 -0.2101
vn -0.9659 0.1032 0.2375
vn -0.2612 0.0725 -0.9625
vn -0.7869 0.3980 0.4716
vn -0.1418 0.3939 0.9081
vn -0.4522 0.3954 0.7995
vn -0.9101 0.3962 0.1211
vn 0.7867 0.3987 0.4714
vn 0.1418 0.3940 0.9081
vn 0.4521 0.3958 0.7993
vn 0.9097 0.3972 0.1210
vn -0.8219 -0.2864 0.4923
vn -0.1480 -0.2683 0.9519
vn -0.4722 -0.2780 0.8365
vn -0.9508 -0.2829 0.1260
vn 0.8241 -0.2785 0.4933
vn 0.1484 -0.2668 0.9523
vn 0.4732 -0.2734 0.8375
vn 0.9538 -0.2727 0.1262
vn -0.6314 -0.4119 0.6570
vn -0.2874 -0.4002 0.8702
vn 0.2876 -0.3992 0.8706
vn 0.6320 -0.4100 0.6576
vn -0.9125 -0.4092 -0.0000
vn -0.8670 -0.4122 0.2799
vn 0.8683 -0.4093 0.2803
vn 0.9140 -0.4058 -0.0000
vn -0.0000 -0.3964 0.9181
vn -0.7712 0.4370 0.4628
vn -0.1383 0.4448 0.8849
vn -0.4410 0.4437 0.7802
vn -0.8972 0.4252 0.1195
vn 0.7546 0.4756 0.4522
vn 0.1376 0.4491 0.8828
vn 0.4362 0.4648 0.7705
vn 0.8742 0.4715 0.1162
vn -0.3133 -0.0066 0.9496
vn 0.0005 -0.0013 1.0000
vn 0.3143 0.0020 0.9493
vn -0.6924 -0.0147 0.7214
vn 0.6934 0.0041 0.7205
vn -0.9997 -0.0235 -0.0000
vn -0.9511 -0.0214 0.3080
vn 0.9515 0.0052 0.3075
vn 1.0000 0.0052 -0.0000
vn -0.4600 0.8447 0.2738
vn -0.0949 0.8224 0.5609
vn -0.2657 0.8436 0.4667
vn -0.5377 0.8401 0.0710
vn 0.4524 0.8496 0.2712
vn 0.0972 0.7546 0.6490
vn 0.2754 0.8297 0.4856
vn 0.5284 0.8461 0.0702
vn 0.4215 0.7934 0.4392
vn 0.5769 0.7952 0.1864
vn -0.6489 0.7609 -0.0000
vn 0.6089 0.7933 -0.0000
vn -0.2010 0.7714 0.6038
vn -0.0036 0.7573 0.6530
vn 0.2002 0.7697 0.6062
vn -0.4406 0.7728 0.4568
vn -0.6126 0.7654 0.1973
vn -0.8078 0.3341 0.4857
vn -0.1357 0.0330 0.9902
vn -0.4513 0.3151 0.8349
vn -0.9357 0.3299 0.1250
vn 0.8224 0.2844 0.4927
vn 0.2116 0.1233 0.9696
vn 0.4901 0.2572 0.8328
vn 0.9535 0.2733 0.1271
vn 0.2842 0.5370 0.7942
vn 0.5242 0.6550 0.5443
vn -0.7308 0.6826 -0.0000
vn -0.6888 0.6900 0.2223
vn 0.7217 0.6517 0.2333
vn 0.7668 0.6419 -0.0000
vn -0.5014 0.6896 0.5225
vn -0.2342 0.6817 0.6932
vn -0.0006 0.4966 0.8680
vn -0.7915 -0.3860 0.4739
vn -0.1167 -0.3634 0.9243
vn -0.4361 -0.3665 0.8219
vn -0.9200 -0.3722 0.1224
vn 0.7867 -0.3985 0.4715
vn 0.1701 -0.3492 0.9215
vn 0.4656 -0.3876 0.7956
vn 0.9141 -0.3869 0.1216
vn -0.3285 -0.0030 0.9445
vn 0.1348 -0.0459 0.9898
vn 0.3536 -0.0650 0.9332
vn -0.6897 -0.0451 0.7227
vn 0.6939 -0.0592 0.7176
vn -0.9993 -0.0376 -0.0000
vn -0.9504 -0.0407 0.3083
vn 0.9496 -0.0576 0.3080
vn 0.9985 -0.0553 -0.0000
vn -0.8239 -0.2783 0.4937
vn -0.1079 -0.4531 0.8849
vn -0.4694 -0.2888 0.8344
vn -0.9545 -0.2701 0.1267
vn 0.8200 -0.2939 0.4912
vn 0.2025 -0.2949 0.9338
vn 0.4839 -0.2868 0.8268
vn 0.9492 -0.2883 0.1260
vn 0.6156 -0.4639 0.6371
vn 0.8441 -0.4615 0.2731
vn -0.9001 -0.4356 -0.0000
vn 0.8907 -0.4546 -0.0000
vn -0.2529 -0.4911 0.8336
vn 0.0231 -0.4959 0.8681
vn 0.3031 -0.4486 0.8408
vn -0.6161 -0.4525 0.6447
vn -0.8527 -0.4437 0.2758
vn -0.8564 0.0599 0.5129
vn -0.1328 0.1622 0.9778
vn -0.4891 0.0607 0.8701
vn -0.9896 0.0603 0.1309
vn 0.8568 0.0519 0.5130
vn 0.2068 0.0808 0.9751
vn 0.5032 0.0542 0.8625
vn 0.9901 0.0511 0.1310
vn 0.3478 -0.1007 0.9321
vn 0.6910 -0.1081 0.7147
vn -0.9958 -0.0916 -0.0000
vn -0.9473 -0.0943 0.3060
vn 0.9461 -0.1078 0.3055
vn 0.9944 -0.1059 -0.0000
vn -0.6895 -0.0983 0.7176
vn -0.3564 -0.0982 0.9292
vn 0.2145 -0.0846 0.9731
vn -0.7612 0.4617 0.4554
vn -0.1375 0.4488 0.8830
vn -0.4368 0.4518 0.7778
vn -0.8823 0.4560 0.1164
vn 0.7610 0.4620 0.4554
vn 0.1424 0.4645 0.8740
vn 0.4406 0.4587 0.7717
vn 0.8826 0.4554 0.1165
vn 0.0168 0.2847 0.9585
vn 0.3227 0.2632 0.9092
vn -0.6691 0.2569 0.6973
vn -0.3004 0.2558 0.9189
vn 0.6714 0.2553 0.6957
vn -0.9671 0.2544 -0.0000
vn -0.9196 0.2572 0.2968
vn 0.9206 0.2536 0.2970
vn 0.9681 0.2505 -0.0000
vn -0.5630 0.7605 0.3236
vn -0.0988 0.7846 0.6121
vn -0.3180 0.7606 0.5660
vn -0.6339 0.7692 0.0807
vn 0.5475 0.7727 0.3213
vn 0.1001 0.7871 0.6086
vn 0.3147 0.7715 0.5529
vn 0.6320 0.7706 0.0824
vn -0.7794 0.6265 -0.0000
vn 0.7794 0.6266 -0.0000
vn -0.2421 0.6274 0.7401
vn -0.0010 0.6330 0.7741
vn 0.2430 0.6357 0.7327
vn -0.5393 0.6279 0.5612
vn 0.5355 0.6349 0.5568
vn -0.7405 0.6289 0.2368
vn 0.7380 0.6317 0.2374
vn -0.5567 0.8198 0.1343
vn -0.0399 0.8558 0.5158
vn -0.4229 0.5423 0.7260
vn -0.4495 0.8922 0.0442
vn 0.5287 0.8333 0.1616
vn 0.0488 0.8601 0.5078
vn 0.4406 0.5763 0.6883
vn 0.4477 0.8928 0.0503
vn -0.5151 0.8572 -0.0000
vn -0.5095 0.8489 0.1411
vn 0.4971 0.8546 0.1503
vn 0.5147 0.8574 -0.0000
vn -0.4784 0.7749 0.4132
vn 0.4534 0.7992 0.3947
vn -0.1568 0.8213 0.5485
vn 0.0018 0.8678 0.4969
vn 0.1618 0.8295 0.5345
vn -0.2716 0.9575 -0.0974
vn 0.0533 0.9647 0.2581
vn 0.1943 0.9125 -0.3600
vn -0.2360 0.9717 0.0099
vn 0.2762 0.9577 -0.0805
vn -0.0428 0.9652 0.2579
vn -0.1992 0.9239 -0.3267
vn 0.2366 0.9715 0.0130
vn 0.0047 0.9027 0.4301
vn -0.2709 0.7803 0.5638
vn -0.7382 0.6019 -0.3046
vn 0.2803 0.7618 0.5840
vn 0.7503 0.6149 -0.2427
vn -0.3773 0.9261 -0.0000
vn -0.4022 0.9148 0.0373
vn 0.3996 0.9150 0.0562
vn 0.3774 0.9260 -0.0000
vn -0.0089 0.9999 -0.0049
vn 0.0039 0.9999 0.0099
vn 0.0050 1.0000 -0.0034
vn -0.0114 0.9999 -0.0024
vn 0.0089 0.9999 -0.0045
vn -0.0036 0.9999 0.0102
vn -0.0047 1.0000 -0.0028
vn 0.0114 0.9999 -0.0023
vn -0.0558 0.9923 -0.1106
vn -0.0849 0.9964 -0.0027
vn -0.0827 0.9966 -0.0000
vn 0.0012 0.9965 0.0840
vn 0.0654 0.9969 0.0441
vn 0.0854 0.9963 -0.0005
vn 0.0571 0.9927 -0.1058
vn 0.0828 0.9966 -0.0000
vn -0.0609 0.9969 0.0488
vn -0.0000 1.0000 0.0003
vn 0.0001 1.0000 -0.0000
vn -0.0001 1.0000 -0.0000
vn 0.0007 1.0000 -0.0004
vn -0.0007 1.0000 -0.0004
vn 0.0291 -0.9957 0.0884
vn -0.0297 0.9754 0.2184
vn -0.6633 0.1185 0.7389
vn 0.9853 -0.0013 0.1710
vn 0.2823 -0.7559 0.5907
vn -0.3037 -0.2529 0.9186
vn -0.2851 0.1697 0.9433
vn 0.1733 0.4945 0.8517
vn 0.0006 -0.8325 0.5540
vn -0.0775 0.5635 0.8225
vn -0.5736 -0.1161 0.8109
vn 0.9455 -0.0281 0.3244
vn 0.2850 -0.4831 0.8279
vn -0.2764 -0.3050 0.9114
vn -0.2744 0.0690 0.9591
vn 0.1648 0.1952 0.9668
vn -0.0979 -0.8933 0.4387
vn 0.1028 0.9230 -0.3707
vn -0.9935 -0.0678 0.0911
vn 0.9955 -0.0534 0.0784
vn 0.0481 -0.6473 -0.7607
vn -0.0384 0.6493 0.7596
vn -0.9723 -0.0275 0.2323
vn 0.9929 0.0293 0.1149
vn 0.6071 0.6929 0.3889
vn 0.7272 -0.6736 -0.1323
vn 0.5379 -0.8375 0.0962
vn -0.5435 -0.8168 0.1936
vn -0.5743 0.5666 0.5908
vn 0.5678 0.8224 0.0368
vn -0.5321 0.8370 0.1276
vn -0.6296 -0.7649 0.1362
vn 0.0922 0.1305 -0.9872
vn -0.1384 -0.1188 0.9832
vn -0.9965 -0.0761 0.0340
vn 0.9933 -0.0221 -0.1136
vn 0.5122 0.1905 0.8375
vn 0.5196 -0.1390 -0.8430
vn -0.5335 0.1585 0.8308
vn -0.4900 -0.1349 -0.8612
vn -0.5457 -0.4621 0.6991
vn -0.4495 0.4611 -0.7651
vn 0.5653 0.4411 -0.6971
vn 0.4556 -0.4650 0.7590
vn -0.1727 0.9133 0.3689
vn 0.2765 0.8615 0.4258
vn 0.1310 0.9526 -0.2747
vn -0.2294 0.9111 -0.3424
vn -0.4077 0.8832 0.2316
vn -0.2683 0.9433 -0.1952
vn 0.2679 0.9402 0.2104
vn 0.4156 0.8836 -0.2156
vn 0.2054 0.4391 0.8746
vn -0.9555 0.1565 0.2500
vn 0.2229 0.4112 -0.8838
vn 0.9587 0.1715 0.2269
vn -0.2628 0.3081 -0.9143
vn -0.8917 0.3951 -0.2209
vn 0.8456 0.5183 -0.1276
vn -0.1158 0.3230 0.9393
vn 0.1190 0.2877 0.9503
vn -0.8522 0.4716 0.2268
vn -0.1751 0.4858 -0.8564
vn 0.8196 0.5162 -0.2486
vn 0.8521 0.0945 0.5149
vn 0.4487 0.0995 -0.8881
vn -0.7685 0.0569 -0.6373
vn -0.4516 0.0436 0.8912
vn 0.3145 0.3164 -0.8950
vn 0.9107 0.3560 0.2095
vn -0.8481 0.5238 -0.0802
vn -0.2462 0.3684 0.8965
vn -0.8953 0.0906 0.4362
vn 0.5416 0.0440 0.8395
vn -0.5290 0.1001 -0.8427
vn 0.8331 0.0491 -0.5510
vn -0.7869 0.3980 -0.4716
vn -0.1418 0.3939 -0.9081
vn -0.4522 0.3954 -0.7995
vn -0.9101 0.3962 -0.1211
vn 0.7867 0.3987 -0.4714
vn 0.1418 0.3940 -0.9081
vn 0.4521 0.3958 -0.7993
vn 0.9097 0.3972 -0.1210
vn -0.8219 -0.2864 -0.4923
vn -0.1480 -0.2683 -0.9519
vn -0.4722 -0.2780 -0.8365
vn -0.9508 -0.2829 -0.1260
vn 0.8241 -0.2785 -0.4933
vn 0.1484 -0.2668 -0.9523
vn 0.4732 -0.2734 -0.8375
vn 0.9538 -0.2727 -0.1262
vn -0.6314 -0.4119 -0.6570
vn -0.2874 -0.4002 -0.8702
vn 0.2876 -0.3992 -0.8706
vn 0.6320 -0.4100 -0.6576
vn -0.8670 -0.4122 -0.2799
vn 0.8683 -0.4093 -0.2803
vn -0.0000 -0.3964 -0.9181
vn -0.7712 0.4370 -0.4628
vn -0.1383 0.4448 -0.8849
vn -0.4410 0.4437 -0.7802
vn -0.8972 0.4252 -0.1195
vn 0.7546 0.4756 -0.4522
vn 0.1376 0.4491 -0.8828
vn 0.4362 0.4648 -0.7705
vn 0.8742 0.4715 -0.1162
vn -0.3133 -0.0066 -0.9496
vn 0.0005 -0.0013 -1.0000
vn 0.3143 0.0020 -0.9493
vn -0.6924 -0.0147 -0.7214
vn 0.6934 0.0041 -0.7205
vn -0.9511 -0.0214 -0.3080
vn 0.9515 0.0052 -0.3075
vn -0.4600 0.8447 -0.2738
vn -0.0949 0.8223 -0.5611
vn -0.2657 0.8435 -0.4668
vn -0.5377 0.8401 -0.0710
vn 0.4524 0.8496 -0.2712
vn 0.0972 0.7544 -0.6492
vn 0.2754 0.8297 -0.4856
vn 0.5284 0.8461 -0.0702
vn 0.4215 0.7934 -0.4392
vn 0.5769 0.7952 -0.1864
vn -0.2010 0.7714 -0.6038
vn -0.0036 0.7573 -0.6530
vn 0.2002 0.7697 -0.6062
vn -0.4406 0.7728 -0.4568
vn -0.6126 0.7654 -0.1973
vn -0.8078 0.3341 -0.4857
vn -0.1343 0.0008 -0.9909
vn -0.4532 0.3091 -0.8361
vn -0.9357 0.3299 -0.1250
vn 0.8224 0.2844 -0.4927
vn 0.2137 0.1161 -0.9700
vn 0.4901 0.2572 -0.8328
vn 0.9535 0.2733 -0.1271
vn 0.2843 0.5368 -0.7944
vn 0.5242 0.6550 -0.5443
vn -0.6888 0.6900 -0.2223
vn 0.7217 0.6517 -0.2333
vn -0.5015 0.6895 -0.5226
vn -0.2353 0.6789 -0.6955
vn -0.0007 0.4920 -0.8706
vn -0.7915 -0.3860 -0.4739
vn -0.1275 -0.2912 -0.9481
vn -0.4389 -0.3648 -0.8212
vn -0.9200 -0.3722 -0.1224
vn 0.7867 -0.3985 -0.4715
vn 0.1751 -0.3466 -0.9215
vn 0.4656 -0.3876 -0.7956
vn 0.9141 -0.3869 -0.1216
vn -0.3369 -0.0214 -0.9413
vn 0.1579 -0.0580 -0.9858
vn 0.3540 -0.0654 -0.9330
vn -0.6899 -0.0455 -0.7225
vn 0.6939 -0.0592 -0.7176
vn -0.9504 -0.0407 -0.3083
vn 0.9496 -0.0576 -0.3080
vn -0.8239 -0.2783 -0.4937
vn -0.1072 -0.4689 -0.8767
vn -0.4708 -0.2894 -0.8334
vn -0.9545 -0.2701 -0.1267
vn 0.8200 -0.2939 -0.4912
vn 0.2052 -0.2957 -0.9330
vn 0.4839 -0.2868 -0.8268
vn 0.9492 -0.2883 -0.1260
vn 0.6156 -0.4639 -0.6371
vn 0.8441 -0.4615 -0.2731
vn -0.2563 -0.4884 -0.8342
vn 0.0268 -0.4925 -0.8699
vn 0.3034 -0.4485 -0.8407
vn -0.6163 -0.4525 -0.6446
vn -0.8527 -0.4437 -0.2758
vn -0.8564 0.0599 -0.5129
vn -0.1328 0.1647 -0.9774
vn -0.4897 0.0614 -0.8697
vn -0.9896 0.0603 -0.1309
vn 0.8568 0.0519 -0.5130
vn 0.2078 0.0817 -0.9747
vn 0.5032 0.0542 -0.8625
vn 0.9901 0.0511 -0.1310
vn 0.3480 -0.1007 -0.9321
vn 0.6910 -0.1081 -0.7147
vn -0.9473 -0.0943 -0.3060
vn 0.9461 -0.1078 -0.3055
vn -0.6897 -0.0982 -0.7174
vn -0.3617 -0.0948 -0.9275
vn 0.2265 -0.0816 -0.9706
vn -0.7612 0.4617 -0.4554
vn -0.1375 0.4489 -0.8830
vn -0.4369 0.4519 -0.7778
vn -0.8823 0.4560 -0.1164
vn 0.7610 0.4620 -0.4554
vn 0.1424 0.4645 -0.8740
vn 0.4406 0.4587 -0.7717
vn 0.8826 0.4554 -0.1165
vn 0.0168 0.2852 -0.9583
vn 0.3227 0.2633 -0.9092
vn -0.6691 0.2569 -0.6973
vn -0.3004 0.2562 -0.9187
vn 0.6714 0.2553 -0.6957
vn -0.9196 0.2572 -0.2968
vn 0.9206 0.2536 -0.2970
vn -0.5630 0.7605 -0.3236
vn -0.0988 0.7846 -0.6121
vn -0.3180 0.7606 -0.5660
vn -0.6339 0.7692 -0.0807
vn 0.5475 0.7727 -0.3213
vn 0.1001 0.7871 -0.6086
vn 0.3147 0.7715 -0.5529
vn 0.6320 0.7706 -0.0824
vn -0.2421 0.6274 -0.7401
vn -0.0010 0.6330 -0.7741
vn 0.2430 0.6357 -0.7327
vn -0.5393 0.6279 -0.5612
vn 0.5355 0.6349 -0.5568
vn -0.7405 0.6289 -0.2368
vn 0.7380 0.6317 -0.2374
vn -0.5567 0.8198 -0.1343
vn -0.0399 0.8558 -0.5158
vn -0.4229 0.5423 -0.7260
vn -0.4495 0.8922 -0.0442
vn 0.5287 0.8333 -0.1616
vn 0.0488 0.8601 -0.5078
vn 0.4406 0.5763 -0.6883
vn 0.4477 0.8928 -0.0503
vn -0.5095 0.8489 -0.1411
vn 0.4971 0.8546 -0.1503
vn -0.4784 0.7749 -0.4132
vn 0.4534 0.7992 -0.3947
vn -0.1568 0.8213 -0.5485
vn 0.0018 0.8678 -0.4969
vn 0.1618 0.8295 -0.5345
vn -0.2716 0.9575 0.0974
vn 0.0533 0.9647 -0.2581
vn 0.1943 0.9125 0.3600
vn -0.2360 0.9717 -0.0099
vn 0.2762 0.9577 0.0805
vn -0.0428 0.9652 -0.2579
vn -0.1992 0.9239 0.3267
vn 0.2366 0.9715 -0.0130
vn 0.0047 0.9027 -0.4301
vn -0.2709 0.7803 -0.5638
vn -0.7382 0.6019 0.3046
vn 0.2803 0.7618 -0.5840
vn 0.7503 0.6149 0.2427
vn -0.4022 0.9148 -0.0373
vn 0.3996 0.9150 -0.0562
vn -0.0089 0.9999 0.0049
vn 0.0039 0.9999 -0.0099
vn 0.0050 1.0000 0.0034
vn -0.0114 0.9999 0.0024
vn 0.0089 0.9999 0.0045
vn -0.0036 0.9999 -0.0102
vn -0.0047 1.0000 0.0028
vn 0.0114 0.9999 0.0023
vn -0.0558 0.9923 0.1106
vn -0.0849 0.9964 0.0027
vn 0.0012 0.9965 -0.0840
vn 0.0654 0.9969 -0.0441
vn 0.0854 0.9963 0.0005
vn 0.0571 0.9927 0.1058
vn -0.0609 0.9969 -0.0488
vn -0.0000 1.0000 -0.0003
vn 0.0007 1.0000 0.0004
vn -0.0007 1.0000 0.0004
vn 0.0307 -0.9956 -0.0884
vn -0.0307 0.9768 -0.2120
vn -0.6738 0.0070 -0.7389
vn 0.9860 -0.0101 -0.1665
vn 0.2762 -0.7728 -0.5714
vn -0.2949 -0.3312 -0.8963
vn -0.3076 0.1981 -0.9307
vn 0.2112 0.5733 -0.7916
vn 0.0027 -0.8388 -0.5445
vn -0.0783 0.5639 -0.8221
vn -0.5737 -0.0812 -0.8151
vn 0.9465 -0.0142 -0.3223
vn 0.3139 -0.4978 -0.8085
vn -0.2884 -0.3095 -0.9061
vn -0.2729 0.0809 -0.9586
vn 0.1626 0.2018 -0.9658
vn -0.0980 -0.8943 -0.4367
vn 0.1062 0.9165 0.3857
vn -0.9913 -0.0751 -0.1079
vn 0.9934 -0.0616 -0.0963
vn 0.0486 -0.6302 0.7749
vn -0.0387 0.6489 -0.7599
vn -0.9696 -0.0278 -0.2433
vn 0.9922 0.0265 -0.1214
vn 0.5976 0.6979 -0.3948
vn 0.7252 -0.6740 0.1407
vn 0.5301 -0.8424 -0.0966
vn -0.5257 -0.8274 -0.1976
vn -0.5561 0.5790 -0.5962
vn 0.5727 0.8190 -0.0354
vn -0.5461 0.8281 -0.1262
vn -0.6375 -0.7585 -0.1352
vn 0.0922 0.1295 0.9873
vn -0.1385 -0.1187 -0.9832
vn -0.9966 -0.0759 -0.0334
vn 0.9932 -0.0221 0.1139
vn 0.5054 0.1906 -0.8416
vn 0.5125 -0.1329 0.8483
vn -0.5265 0.1586 -0.8352
vn -0.4819 -0.1285 0.8667
vn -0.5391 -0.4639 -0.7030
vn -0.4350 0.4581 0.7752
vn 0.5564 0.4376 0.7063
vn 0.4470 -0.4673 -0.7628
vn -0.1727 0.9133 -0.3689
vn 0.2765 0.8615 -0.4258
vn 0.1310 0.9526 0.2747
vn -0.2294 0.9111 0.3424
vn -0.4077 0.8832 -0.2316
vn -0.2683 0.9433 0.1952
vn 0.2679 0.9402 -0.2104
vn 0.4156 0.8836 0.2156
vn 0.2054 0.4391 -0.8746
vn -0.9555 0.1565 -0.2500
vn 0.2229 0.4112 0.8838
vn 0.9587 0.1715 -0.2269
vn -0.2628 0.3081 0.9143
vn -0.8917 0.3951 0.2209
vn 0.8456 0.5183 0.1276
vn -0.1158 0.3230 -0.9393
vn 0.1190 0.2877 -0.9503
vn -0.8522 0.4716 -0.2268
vn -0.1751 0.4858 0.8564
vn 0.8196 0.5162 0.2486
vn 0.8521 0.0945 -0.5149
vn 0.4487 0.0995 0.8881
vn -0.7685 0.0569 0.6373
vn -0.4516 0.0436 -0.8912
vn 0.3145 0.3164 0.8950
vn 0.9107 0.3560 -0.2095
vn -0.8481 0.5238 0.0802
vn -0.2462 0.3684 -0.8965
vn -0.8953 0.0906 -0.4362
vn 0.5416 0.0440 -0.8395
vn -0.5290 0.1001 0.8427
vn 0.8331 0.0491 0.5510
vn -0.4495 -0.4056 0.7959
vn 0.4498 -0.4042 0.7964
vn -0.9041 -0.4103 0.1198
vn 0.9055 -0.4070 0.1199
vn -0.7812 -0.4135 0.4677
vn 0.7822 -0.4111 0.4682
vn -0.1412 -0.3975 0.9067
vn 0.1412 -0.3970 0.9069
vn -0.1534 -0.0037 0.9882
vn 0.1545 0.0005 0.9880
vn -0.4915 -0.0103 0.8708
vn 0.4926 0.0031 0.8703
vn -0.9910 -0.0230 0.1316
vn 0.9913 0.0053 0.1314
vn -0.8573 -0.0186 0.5145
vn 0.8579 0.0049 0.5137
vn 0.5190 0.7962 0.3109
vn -0.1020 0.7656 0.6351
vn 0.0988 0.7568 0.6461
vn -0.3127 0.7731 0.5519
vn 0.3048 0.7843 0.5403
vn -0.6422 0.7618 0.0850
vn 0.6031 0.7937 0.0800
vn -0.5480 0.7700 0.3270
vn 0.3932 0.6185 0.6804
vn -0.7217 0.6856 0.0957
vn 0.7572 0.6454 0.1006
vn -0.6196 0.6921 0.3704
vn 0.6462 0.6577 0.3871
vn -0.1232 0.6221 0.7732
vn 0.1591 0.4473 0.8801
vn -0.3542 0.6877 0.6338
vn -0.0159 -0.9928 0.1187
vn 0.2126 -0.0621 0.9752
vn -0.4781 -0.0346 0.8776
vn 0.5070 -0.0599 0.8599
vn -0.9905 -0.0385 0.1322
vn 0.9896 -0.0561 0.1321
vn -0.8568 -0.0436 0.5139
vn 0.8561 -0.0589 0.5134
vn 0.7592 -0.4655 0.4549
vn -0.1047 -0.5198 0.8479
vn 0.1608 -0.4559 0.8754
vn -0.4244 -0.4610 0.7794
vn 0.4487 -0.4555 0.7689
vn -0.8912 -0.4379 0.1184
vn 0.8819 -0.4567 0.1171
vn -0.7663 -0.4496 0.4590
vn 0.5026 -0.1048 0.8581
vn -0.9871 -0.0923 0.1307
vn 0.9857 -0.1065 0.1305
vn -0.8539 -0.0967 0.5114
vn 0.8528 -0.1089 0.5107
vn 0.9935 0.0747 0.0864
vn 0.2255 -0.0957 0.9695
vn -0.4931 -0.0980 0.8644
vn 0.1722 0.2768 0.9454
vn -0.4728 0.2510 0.8447
vn 0.4840 0.2555 0.8369
vn -0.9585 0.2552 0.1268
vn 0.9595 0.2514 0.1269
vn -0.8287 0.2588 0.4962
vn 0.8295 0.2555 0.4966
vn -0.1421 0.2757 0.9507
vn -0.1207 0.6295 0.7676
vn 0.1201 0.6364 0.7619
vn -0.3809 0.6262 0.6803
vn 0.3802 0.6335 0.6739
vn -0.7722 0.6273 0.1010
vn 0.7716 0.6279 0.1015
vn -0.6678 0.6294 0.3973
vn 0.6632 0.6350 0.3961
vn -0.5133 0.8560 0.0607
vn 0.5107 0.8573 0.0646
vn -0.5224 0.8165 0.2456
vn 0.4930 0.8333 0.2503
vn -0.0757 0.8561 0.5112
vn 0.0799 0.8590 0.5058
vn -0.3116 0.7762 0.5480
vn 0.3094 0.7944 0.5227
vn -0.0075 0.8875 0.4607
vn 0.7848 0.3705 -0.4968
vn -0.4076 0.4200 0.8109
vn -0.3802 0.9245 0.0266
vn 0.3800 0.9244 0.0325
vn -0.5017 0.8644 -0.0333
vn 0.4975 0.8674 0.0046
vn 0.0209 0.8841 0.4669
vn -0.0011 1.0000 0.0005
vn -0.0803 0.9959 -0.0410
vn 0.0246 0.9969 0.0750
vn 0.0383 0.9981 -0.0491
vn -0.0842 0.9964 -0.0006
vn 0.0808 0.9960 -0.0378
vn -0.0212 0.9969 0.0764
vn -0.0356 0.9984 -0.0430
vn 0.0845 0.9964 0.0002
vn 0.0011 1.0000 0.0004
vn 0.0001 1.0000 -0.0011
vn -0.0001 1.0000 -0.0011
vn -0.0486 -0.8041 0.5925
vn -0.1399 0.4940 0.8581
vn -0.3031 0.0666 0.9506
vn 0.4649 0.0161 0.8852
vn -0.0850 -0.4945 0.8650
vn -0.1162 0.2008 0.9727
vn -0.3383 -0.1023 0.9355
vn 0.5383 -0.0510 0.8412
vn 0.9972 -0.0476 -0.0580
vn -0.0139 0.8309 0.5563
vn 0.9973 -0.0245 0.0686
vn 0.0102 0.9992 0.0379
vn -0.9009 -0.0657 0.4291
vn 0.0499 -0.9941 -0.0967
vn -0.9639 0.0206 0.2653
vn -0.0881 0.2123 0.9732
vn -0.9949 -0.0658 0.0763
vn 0.0569 -0.1443 -0.9879
vn -0.9950 -0.0919 0.0394
vn 0.1378 0.5341 -0.8341
vn 0.9994 -0.0292 -0.0193
vn -0.1604 -0.5235 0.8368
vn -0.0112 0.9995 0.0288
vn 0.0190 0.9992 0.0344
vn -0.6869 0.4815 -0.5444
vn -0.4854 0.4191 -0.7673
vn 0.3966 0.5009 -0.7693
vn 0.7508 0.4775 0.4565
vn 0.5055 0.3393 0.7933
vn -0.8323 0.3709 0.4118
vn 0.6809 0.3975 0.6151
vn 0.3935 0.4531 -0.7999
vn -0.7942 0.1880 -0.5778
vn -0.4790 0.1556 0.8639
vn -0.7119 0.4176 0.5646
vn 0.5453 0.1780 0.8191
vn -0.4482 0.4778 -0.7555
vn 0.8430 0.1910 -0.5028
vn -0.4495 -0.4056 -0.7959
vn 0.4498 -0.4042 -0.7964
vn -0.9041 -0.4103 -0.1198
vn 0.9055 -0.4070 -0.1199
vn -0.7812 -0.4135 -0.4677
vn 0.7822 -0.4111 -0.4682
vn -0.1412 -0.3975 -0.9067
vn 0.1412 -0.3970 -0.9069
vn -0.1534 -0.0037 -0.9882
vn 0.1545 0.0005 -0.9880
vn -0.4915 -0.0103 -0.8708
vn 0.4926 0.0031 -0.8703
vn -0.9910 -0.0230 -0.1316
vn 0.9913 0.0053 -0.1314
vn -0.8573 -0.0186 -0.5145
vn 0.8579 0.0049 -0.5137
vn 0.5190 0.7963 -0.3109
vn -0.1020 0.7656 -0.6351
vn 0.0988 0.7568 -0.6461
vn -0.3127 0.7731 -0.5519
vn 0.3048 0.7843 -0.5403
vn -0.6422 0.7618 -0.0850
vn 0.6031 0.7937 -0.0800
vn -0.5480 0.7700 -0.3270
vn 0.3932 0.6185 -0.6804
vn -0.7217 0.6856 -0.0957
vn 0.7572 0.6454 -0.1006
vn -0.6196 0.6921 -0.3704
vn 0.6462 0.6577 -0.3871
vn -0.1236 0.6176 -0.7768
vn 0.1597 0.4443 -0.8815
vn -0.3549 0.6864 -0.6347
vn -0.0138 -0.9931 -0.1165
vn 0.2171 -0.0664 -0.9739
vn -0.4806 -0.0391 -0.8761
vn 0.5070 -0.0599 -0.8599
vn -0.9905 -0.0385 -0.1322
vn 0.9896 -0.0561 -0.1321
vn -0.8568 -0.0436 -0.5139
vn 0.8561 -0.0590 -0.5134
vn 0.7592 -0.4655 -0.4549
vn -0.1054 -0.5154 -0.8505
vn 0.1634 -0.4547 -0.8755
vn -0.4260 -0.4601 -0.7790
vn 0.4487 -0.4555 -0.7689
vn -0.8912 -0.4379 -0.1184
vn 0.8819 -0.4567 -0.1171
vn -0.7663 -0.4496 -0.4590
vn 0.5026 -0.1048 -0.8581
vn -0.9871 -0.0923 -0.1307
vn 0.9857 -0.1065 -0.1305
vn -0.8539 -0.0967 -0.5114
vn 0.8528 -0.1089 -0.5107
vn 0.9922 0.0812 -0.0941
vn 0.2280 -0.0951 -0.9690
vn -0.4945 -0.0974 -0.8637
vn 0.1723 0.2770 -0.9453
vn -0.4728 0.2512 -0.8446
vn 0.4840 0.2555 -0.8369
vn -0.9585 0.2552 -0.1268
vn 0.9595 0.2514 -0.1269
vn -0.8287 0.2588 -0.4962
vn 0.8295 0.2555 -0.4966
vn -0.1420 0.2762 -0.9505
vn -0.1207 0.6295 -0.7676
vn 0.1201 0.6364 -0.7619
vn -0.3809 0.6262 -0.6803
vn 0.3802 0.6335 -0.6739
vn -0.7722 0.6273 -0.1010
vn 0.7716 0.6279 -0.1015
vn -0.6678 0.6294 -0.3973
vn 0.6632 0.6350 -0.3961
vn -0.5133 0.8560 -0.0607
vn 0.5107 0.8573 -0.0646
vn -0.5224 0.8165 -0.2456
vn 0.4930 0.8333 -0.2503
vn -0.0757 0.8561 -0.5112
vn 0.0799 0.8590 -0.5058
vn -0.3116 0.7762 -0.5480
vn 0.3094 0.7944 -0.5227
vn -0.0075 0.8875 -0.4607
vn 0.7848 0.3705 0.4968
vn -0.4076 0.4200 -0.8109
vn -0.3802 0.9245 -0.0266
vn 0.3800 0.9244 -0.0325
vn -0.5017 0.8644 0.0333
vn 0.4975 0.8674 -0.0046
vn 0.0209 0.8841 -0.4669
vn -0.0011 1.0000 -0.0005
vn -0.0803 0.9959 0.0410
vn 0.0246 0.9969 -0.0750
vn 0.0383 0.9981 0.0491
vn -0.0842 0.9964 0.0006
vn 0.0808 0.9960 0.0378
vn -0.0212 0.9969 -0.0764
vn -0.0356 0.9984 0.0430
vn 0.0845 0.9964 -0.0002
vn 0.0011 1.0000 -0.0004
vn 0.0001 1.0000 0.0011
vn -0.0001 1.0000 0.0011
vn -0.0454 -0.8154 -0.5771
vn -0.1250 0.5907 -0.7972
vn -0.3189 0.0046 -0.9478
vn 0.5137 -0.0256 -0.8576
vn -0.0817 -0.5186 -0.8511
vn -0.1159 0.2056 -0.9717
vn -0.3457 -0.0882 -0.9342
vn 0.5518 -0.0413 -0.8330
vn 0.9969 -0.0474 0.0633
vn -0.0143 0.8302 -0.5573
vn 0.9965 -0.0323 -0.0769
vn 0.0118 0.9993 -0.0351
vn -0.8945 -0.0355 -0.4457
vn 0.0508 -0.9926 0.1101
vn -0.9613 -0.0237 -0.2746
vn -0.0883 0.2114 -0.9734
vn -0.9953 -0.0663 -0.0701
vn 0.0570 -0.1351 0.9892
vn -0.9951 -0.0910 -0.0380
vn 0.1388 0.5232 0.8408
vn 0.9993 -0.0323 0.0174
vn -0.1613 -0.5227 -0.8371
vn -0.0112 0.9995 -0.0288
vn 0.0190 0.9992 -0.0344
vn -0.6869 0.4815 0.5444
vn -0.4854 0.4191 0.7673
vn 0.3966 0.5009 0.7693
vn 0.7508 0.4775 -0.4565
vn 0.5055 0.3393 -0.7933
vn -0.8324 0.3709 -0.4118
vn 0.6809 0.3975 -0.6151
vn 0.3935 0.4531 0.7999
vn -0.7942 0.1880 0.5778
vn -0.4790 0.1556 -0.8639
vn -0.7119 0.4176 -0.5646
vn 0.5453 0.1780 -0.8191
vn -0.4482 0.4778 0.7555
vn 0.8430 0.1910 0.5028
vn 0.2532 0.9305 -0.2646
vn -0.0000 0.9344 -0.3562
vn 0.1108 0.9341 -0.3393
vn -0.2536 0.9303 -0.2649
vn -0.3384 0.9410 -0.0000
vn -0.1109 0.9340 -0.3396
vn -0.3359 0.9358 -0.1072
vn 0.3375 0.9413 -0.0000
vn 0.3352 0.9361 -0.1069
vn 0.6658 0.2768 -0.6928
vn -0.0002 0.2596 -0.9657
vn 0.3025 0.2649 -0.9156
vn -0.6675 0.2699 -0.6940
vn -0.9645 0.2640 -0.0000
vn -0.3031 0.2615 -0.9164
vn -0.9167 0.2680 -0.2964
vn 0.9613 0.2754 -0.0000
vn 0.9139 0.2781 -0.2958
vn 0.6231 -0.4374 -0.6484
vn 0.0003 -0.4414 -0.8973
vn 0.2820 -0.4407 -0.8522
vn -0.6132 -0.4668 -0.6373
vn -0.8839 -0.4677 -0.0000
vn -0.2807 -0.4514 -0.8470
vn -0.8399 -0.4696 -0.2721
vn 0.9065 -0.4221 -0.0000
vn 0.8599 -0.4276 -0.2790
vn 0.3462 -0.8684 -0.3551
vn 0.0117 -0.8383 -0.5451
vn 0.1639 -0.8672 -0.4701
vn -0.3021 -0.9000 -0.3141
vn -0.4035 -0.9150 -0.0000
vn -0.1431 -0.8760 -0.4606
vn -0.4047 -0.9047 -0.1332
vn 0.4997 -0.8662 -0.0000
vn 0.4751 -0.8665 -0.1533
vn 0.6599 -0.2509 -0.7082
vn -0.5885 0.7854 0.1921
vn 0.4496 0.7954 -0.4064
vn -0.6862 -0.1707 -0.7071
vn -0.9896 -0.1437 -0.0000
vn -0.3621 -0.1277 -0.9233
vn -0.9419 -0.1478 -0.3016
vn 0.9624 -0.2717 -0.0000
vn 0.9141 -0.2760 -0.2972
vn 0.6352 0.3908 -0.6662
vn -0.5532 -0.8180 0.1577
vn 0.4265 -0.8288 -0.3622
vn -0.6364 0.4017 -0.6584
vn -0.9219 0.3874 -0.0000
vn -0.3177 0.3781 -0.8695
vn -0.8731 0.3969 -0.2832
vn 0.9277 0.3732 -0.0000
vn 0.8785 0.3835 -0.2848
vn 0.6645 0.2809 -0.6925
vn -0.7705 0.6368 0.0295
vn 0.4228 0.5240 -0.7393
vn -0.6649 0.2922 -0.6874
vn -0.9580 0.2869 -0.0000
vn -0.3321 0.2831 -0.8997
vn -0.9101 0.2912 -0.2948
vn 0.9633 0.2684 -0.0000
vn 0.9150 0.2738 -0.2965
vn 0.6914 -0.0593 -0.7201
vn -0.5881 -0.5560 -0.5874
vn 0.4415 -0.2821 -0.8518
vn -0.6941 -0.0528 -0.7180
vn -0.9987 -0.0513 -0.0000
vn -0.3446 -0.0619 -0.9367
vn -0.9502 -0.0519 -0.3073
vn 0.9982 -0.0607 -0.0000
vn 0.9497 -0.0608 -0.3072
vn 0.6152 -0.4593 -0.6407
vn -0.0005 -0.4585 -0.8887
vn 0.2787 -0.4463 -0.8504
vn -0.6156 -0.4611 -0.6391
vn -0.8910 -0.4539 -0.0000
vn -0.2864 -0.4616 -0.8396
vn -0.8456 -0.4587 -0.2730
vn 0.8456 -0.4589 -0.2728
vn 0.4609 -0.7540 -0.4681
vn -0.0006 -0.7866 -0.6174
vn 0.1969 -0.7747 -0.6009
vn -0.4483 -0.7687 -0.4561
vn -0.6390 -0.7692 -0.0000
vn -0.1978 -0.7805 -0.5931
vn -0.6054 -0.7721 -0.1933
vn 0.6393 -0.7690 -0.0000
vn 0.6135 -0.7664 -0.1904
vn 0.7333 -0.5962 -0.3269
vn -0.0034 -0.8818 -0.4717
vn 0.0538 -0.6982 -0.7139
vn -0.7118 -0.6237 -0.3232
vn -0.4478 -0.8942 -0.0000
vn -0.0700 -0.7189 -0.6915
vn -0.4558 -0.8832 -0.1107
vn 0.4479 -0.8941 -0.0000
vn 0.4658 -0.8800 -0.0928
vn 0.0045 -0.9999 0.0092
vn -0.0001 -0.9999 -0.0110
vn -0.0132 -0.9999 -0.0095
vn -0.0045 -1.0000 0.0087
vn -0.0111 -0.9999 -0.0000
vn 0.0124 -0.9999 -0.0104
vn -0.0182 -0.9998 0.0016
vn 0.0111 -0.9999 -0.0000
vn 0.0181 -0.9998 0.0020
vn 0.2423 -0.9702 -0.0039
vn 0.2541 -0.8336 0.4904
vn 0.2353 -0.9719 -0.0000
vn -0.3242 -0.9334 -0.1537
vn -0.0035 -0.9646 -0.2639
vn -0.2432 -0.9699 -0.0132
vn -0.2681 -0.8419 0.4683
vn -0.2356 -0.9719 -0.0000
vn 0.3095 -0.9368 -0.1631
vn -0.0000 -1.0000 -0.0000
vn 0.7051 -0.1086 -0.7007
vn -0.0626 0.0465 -0.9970
vn 0.2383 0.3079 -0.9211
vn -0.0297 0.3003 -0.9534
vn 0.2973 0.3271 -0.8970
vn -0.1023 0.3772 -0.9204
vn 0.3093 -0.0794 -0.9476
vn -0.0685 -0.1275 -0.9895
vn 0.5785 0.7293 -0.3653
vn -0.5002 0.7646 -0.4064
vn 0.6150 -0.7368 0.2810
vn -0.6882 -0.6803 0.2522
vn 0.6881 0.5160 0.5102
vn -0.7113 0.4647 0.5273
vn 0.5742 -0.4754 -0.6666
vn -0.5623 -0.5319 -0.6332
vn 0.5565 -0.0764 0.8273
vn -0.5907 -0.0846 0.8024
vn 0.5953 0.1267 -0.7935
vn -0.5452 0.1064 -0.8315
vn 0.4359 -0.8870 -0.1521
vn -0.0879 -0.8698 -0.4856
vn -0.5681 -0.8081 -0.1557
vn 0.1312 -0.8129 -0.5674
vn 0.1033 -0.9005 0.4224
vn -0.4006 -0.9110 0.0984
vn -0.1557 -0.8474 0.5076
vn 0.5308 -0.8410 0.1043
vn -0.2282 -0.0892 -0.9695
vn 0.9676 -0.0774 -0.2405
vn 0.1949 -0.1008 0.9756
vn -0.9477 -0.1152 0.2976
vn -0.2320 -0.0833 0.9691
vn -0.9756 -0.0571 -0.2119
vn 0.9630 -0.0854 0.2556
vn 0.2577 -0.0806 -0.9629
vn 0.2532 0.9305 0.2646
vn -0.0000 0.9344 0.3562
vn 0.1108 0.9341 0.3393
vn -0.2536 0.9303 0.2649
vn -0.1109 0.9340 0.3396
vn -0.3359 0.9358 0.1072
vn 0.3352 0.9361 0.1069
vn 0.6658 0.2768 0.6928
vn -0.0002 0.2596 0.9657
vn 0.3025 0.2649 0.9156
vn -0.6675 0.2699 0.6940
vn -0.3031 0.2615 0.9164
vn -0.9167 0.2680 0.2964
vn 0.9139 0.2781 0.2958
vn 0.6231 -0.4374 0.6484
vn 0.0003 -0.4414 0.8973
vn 0.2820 -0.4407 0.8522
vn -0.6132 -0.4668 0.6373
vn -0.2807 -0.4514 0.8470
vn -0.8399 -0.4697 0.2721
vn 0.8599 -0.4276 0.2790
vn 0.3460 -0.8685 0.3549
vn 0.0114 -0.8419 0.5395
vn 0.1634 -0.8683 0.4683
vn -0.3021 -0.9000 0.3141
vn -0.1407 -0.8808 0.4521
vn -0.4047 -0.9047 0.1332
vn 0.4750 -0.8665 0.1533
vn 0.6600 -0.2507 0.7082
vn -0.5899 0.7924 -0.1553
vn 0.4217 0.8185 0.3902
vn -0.6862 -0.1707 0.7071
vn -0.3624 -0.1273 0.9233
vn -0.9419 -0.1478 0.3016
vn 0.9141 -0.2760 0.2972
vn 0.6355 0.3906 0.6660
vn -0.5559 -0.8288 -0.0644
vn 0.4521 -0.7934 0.4076
vn -0.6364 0.4017 0.6584
vn -0.3182 0.3779 0.8694
vn -0.8731 0.3969 0.2832
vn 0.8785 0.3835 0.2848
vn 0.6647 0.2809 0.6923
vn -0.7682 0.6397 0.0256
vn 0.4332 0.5092 0.7437
vn -0.6649 0.2922 0.6874
vn -0.3324 0.2832 0.8996
vn -0.9101 0.2912 0.2948
vn 0.9150 0.2738 0.2965
vn 0.6914 -0.0594 0.7200
vn -0.5716 -0.5618 0.5980
vn 0.4291 -0.3025 0.8511
vn -0.6941 -0.0528 0.7180
vn -0.3447 -0.0620 0.9366
vn -0.9502 -0.0519 0.3073
vn 0.9497 -0.0608 0.3072
vn 0.6152 -0.4593 0.6407
vn -0.0005 -0.4586 0.8887
vn 0.2787 -0.4464 0.8504
vn -0.6156 -0.4611 0.6391
vn -0.2864 -0.4616 0.8396
vn -0.8456 -0.4587 0.2730
vn 0.8456 -0.4589 0.2728
vn 0.4609 -0.7540 0.4681
vn -0.0006 -0.7866 0.6174
vn 0.1969 -0.7747 0.6009
vn -0.4483 -0.7687 0.4561
vn -0.1978 -0.7805 0.5931
vn -0.6054 -0.7721 0.1933
vn 0.6135 -0.7664 0.1904
vn 0.7333 -0.5962 0.3269
vn -0.0034 -0.8818 0.4717
vn 0.0538 -0.6982 0.7139
vn -0.7118 -0.6237 0.3232
vn -0.0700 -0.7189 0.6915
vn -0.4558 -0.8832 0.1107
vn 0.4658 -0.8800 0.0928
vn 0.0045 -0.9999 -0.0092
vn -0.0001 -0.9999 0.0110
vn -0.0132 -0.9999 0.0095
vn -0.0045 -1.0000 -0.0087
vn 0.0124 -0.9999 0.0104
vn -0.0182 -0.9998 -0.0016
vn 0.0181 -0.9998 -0.0020
vn 0.2423 -0.9702 0.0039
vn 0.2541 -0.8336 -0.4904
vn -0.3242 -0.9334 0.1537
vn -0.0035 -0.9646 0.2639
vn -0.2432 -0.9699 0.0132
vn -0.2680 -0.8419 -0.4683
vn 0.3095 -0.9368 0.1631
vn 0.5460 0.6973 0.4644
vn -0.0915 0.1078 0.9900
vn 0.2503 0.3021 0.9198
vn -0.0680 0.2700 0.9605
vn 0.3027 0.3314 0.8936
vn -0.1136 0.3884 0.9145
vn 0.3102 -0.0826 0.9471
vn -0.0697 -0.1303 0.9890
vn 0.5703 0.7337 0.3694
vn -0.4920 0.7681 0.4098
vn 0.6131 -0.7352 -0.2892
vn -0.6888 -0.6774 -0.2581
vn 0.6781 0.5101 -0.5291
vn -0.7025 0.4602 -0.5429
vn 0.5652 -0.4776 0.6727
vn -0.5555 -0.5328 0.6384
vn 0.5541 -0.0761 -0.8289
vn -0.5893 -0.0841 -0.8035
vn 0.5945 0.1266 0.7941
vn -0.5440 0.1063 0.8323
vn 0.4359 -0.8870 0.1521
vn -0.0879 -0.8698 0.4856
vn -0.5681 -0.8081 0.1557
vn 0.1312 -0.8129 0.5674
vn 0.1033 -0.9005 -0.4224
vn -0.4006 -0.9110 -0.0984
vn -0.1557 -0.8474 -0.5076
vn 0.5308 -0.8410 -0.1043
vn -0.2282 -0.0892 0.9695
vn 0.9676 -0.0774 0.2405
vn 0.1949 -0.1008 -0.9756
vn -0.9477 -0.1152 -0.2976
vn -0.2320 -0.0833 -0.9691
vn -0.9756 -0.0571 0.2119
vn 0.9630 -0.0854 -0.2556
vn 0.2577 -0.0806 0.9629
vn 0.3078 0.9336 -0.1834
vn 0.0544 0.9341 -0.3529
vn 0.1762 0.9325 -0.3152
vn 0.3417 0.9388 -0.0444
vn -0.3084 0.9334 -0.1837
vn -0.0544 0.9340 -0.3530
vn -0.1764 0.9324 -0.3155
vn -0.3425 0.9385 -0.0445
vn 0.8236 0.2789 -0.4939
vn 0.1484 0.2613 -0.9538
vn 0.4738 0.2707 -0.8380
vn 0.9527 0.2763 -0.1267
vn -0.8258 0.2703 -0.4949
vn -0.1488 0.2596 -0.9542
vn -0.4748 0.2655 -0.8391
vn -0.9558 0.2652 -0.1269
vn 0.6323 0.4096 -0.6577
vn 0.2880 0.3980 -0.8710
vn -0.2882 0.3969 -0.8714
vn -0.6329 0.4075 -0.6583
vn 0.9134 0.4071 -0.0000
vn 0.8678 0.4100 -0.2807
vn -0.8691 0.4069 -0.2811
vn -0.9150 0.4035 -0.0000
vn -0.0000 0.3942 -0.9190
vn 0.7727 -0.4333 -0.4639
vn 0.1385 -0.4409 -0.8868
vn 0.4423 -0.4397 -0.7817
vn 0.8981 -0.4232 -0.1198
vn -0.7568 -0.4704 -0.4539
vn -0.1381 -0.4445 -0.8851
vn -0.4379 -0.4598 -0.7726
vn -0.8760 -0.4679 -0.1167
vn 0.3136 -0.0093 -0.9495
vn -0.0004 -0.0143 -0.9999
vn -0.3144 -0.0179 -0.9491
vn 0.6926 -0.0012 -0.7213
vn -0.6933 -0.0204 -0.7204
vn 1.0000 0.0075 -0.0000
vn 0.9512 0.0054 -0.3084
vn -0.9512 -0.0219 -0.3078
vn -0.9998 -0.0221 -0.0000
vn 0.4269 -0.8679 -0.2541
vn 0.0878 -0.8616 -0.4999
vn 0.2494 -0.8676 -0.4301
vn 0.4957 -0.8660 -0.0660
vn -0.3724 -0.9003 -0.2252
vn -0.0777 -0.7975 -0.5983
vn -0.2119 -0.9021 -0.3760
vn -0.4084 -0.9111 -0.0555
vn -0.4335 -0.7799 -0.4514
vn -0.5924 -0.7825 -0.1919
vn 0.6635 -0.7482 -0.0000
vn -0.6244 -0.7811 -0.0000
vn 0.2059 -0.7582 -0.6187
vn 0.0034 -0.7457 -0.6663
vn -0.2046 -0.7585 -0.6187
vn 0.4519 -0.7590 -0.4688
vn 0.6270 -0.7522 -0.2026
vn 0.8225 -0.2729 -0.4990
vn 0.1427 0.8490 0.5087
vn 0.4398 -0.2804 -0.8532
vn 0.9536 -0.2731 -0.1272
vn -0.8488 -0.1575 -0.5048
vn -0.2253 -0.0364 -0.9736
vn -0.5043 -0.1672 -0.8472
vn -0.9811 -0.1440 -0.1293
vn -0.2505 -0.6501 -0.7174
vn -0.5075 -0.6819 -0.5268
vn 0.7219 -0.6920 -0.0000
vn 0.6830 -0.6964 -0.2206
vn -0.7014 -0.6741 -0.2314
vn -0.7291 -0.6844 -0.0000
vn 0.5087 -0.6879 -0.5177
vn 0.2281 -0.7408 -0.6319
vn -0.1848 -0.9470 0.2628
vn 0.7895 0.3906 -0.4734
vn 0.1005 0.4615 -0.8814
vn 0.4358 0.3671 -0.8218
vn 0.9183 0.3765 -0.1226
vn -0.7850 0.4024 -0.4710
vn -0.1701 0.3474 -0.9221
vn -0.4654 0.3913 -0.7939
vn -0.9125 0.3906 -0.1219
vn 0.3364 0.0113 -0.9417
vn -0.0988 0.0353 -0.9945
vn -0.3547 0.0609 -0.9330
vn 0.6894 0.0465 -0.7229
vn -0.6942 0.0559 -0.7176
vn 0.9993 0.0386 -0.0000
vn 0.9503 0.0416 -0.3086
vn -0.9497 0.0549 -0.3083
vn -0.9986 0.0526 -0.0000
vn 0.8237 0.2781 -0.4942
vn 0.1082 0.4508 -0.8860
vn 0.4699 0.2887 -0.8342
vn 0.9545 0.2699 -0.1271
vn -0.8198 0.2936 -0.4917
vn -0.2026 0.2943 -0.9340
vn -0.4845 0.2866 -0.8265
vn -0.9492 0.2881 -0.1264
vn -0.6154 0.4648 -0.6366
vn -0.8434 0.4625 -0.2733
vn 0.8996 0.4366 -0.0000
vn -0.8901 0.4557 -0.0000
vn 0.2537 0.4951 -0.8310
vn -0.0233 0.5011 -0.8651
vn -0.3029 0.4500 -0.8401
vn 0.6157 0.4538 -0.6442
vn 0.8521 0.4446 -0.2761
vn 0.8561 -0.0603 -0.5133
vn 0.1328 -0.1618 -0.9778
vn 0.4896 -0.0612 -0.8698
vn 0.9895 -0.0608 -0.1314
vn -0.8566 -0.0524 -0.5134
vn -0.2068 -0.0811 -0.9750
vn -0.5038 -0.0547 -0.8621
vn -0.9900 -0.0515 -0.1314
vn -0.3480 0.1010 -0.9321
vn -0.6912 0.1083 -0.7145
vn 0.9958 0.0918 -0.0000
vn 0.9472 0.0945 -0.3065
vn -0.9459 0.1081 -0.3060
vn -0.9943 0.1062 -0.0000
vn 0.6896 0.0985 -0.7175
vn 0.3566 0.0987 -0.9290
vn -0.2081 0.0837 -0.9745
vn 0.7612 -0.4613 -0.4558
vn 0.1375 -0.4492 -0.8828
vn 0.4374 -0.4517 -0.7776
vn 0.8824 -0.4558 -0.1167
vn -0.7610 -0.4617 -0.4558
vn -0.1425 -0.4645 -0.8740
vn -0.4411 -0.4586 -0.7715
vn -0.8827 -0.4552 -0.1168
vn -0.0169 -0.2848 -0.9584
vn -0.3229 -0.2634 -0.9091
vn 0.6692 -0.2569 -0.6973
vn 0.3007 -0.2560 -0.9187
vn -0.6715 -0.2554 -0.6956
vn 0.9671 -0.2545 -0.0000
vn 0.9195 -0.2573 -0.2973
vn -0.9204 -0.2537 -0.2975
vn -0.9681 -0.2506 -0.0000
vn 0.5635 -0.7597 -0.3244
vn 0.0989 -0.7837 -0.6132
vn 0.3186 -0.7601 -0.5663
vn 0.6346 -0.7686 -0.0810
vn -0.5482 -0.7719 -0.3221
vn -0.1002 -0.7864 -0.6096
vn -0.3153 -0.7710 -0.5533
vn -0.6327 -0.7700 -0.0827
vn 0.7795 -0.6265 -0.0000
vn -0.7794 -0.6265 -0.0000
vn 0.2424 -0.6272 -0.7402
vn 0.0009 -0.6331 -0.7741
vn -0.2433 -0.6355 -0.7327
vn 0.5396 -0.6275 -0.5614
vn -0.5358 -0.6346 -0.5570
vn 0.7406 -0.6287 -0.2371
vn -0.7381 -0.6315 -0.2378
vn 0.5537 -0.8219 -0.1337
vn 0.0407 -0.8570 -0.5136
vn 0.4267 -0.5480 -0.7194
vn 0.4497 -0.8921 -0.0442
vn -0.5254 -0.8355 -0.1611
vn -0.0496 -0.8613 -0.5057
vn -0.4395 -0.5813 -0.6848
vn -0.4478 -0.8927 -0.0503
vn 0.5159 -0.8566 -0.0000
vn 0.5102 -0.8483 -0.1416
vn -0.4979 -0.8540 -0.1508
vn -0.5155 -0.8569 -0.0000
vn 0.4749 -0.7756 -0.4157
vn -0.4502 -0.7999 -0.3968
vn 0.1590 -0.8217 -0.5472
vn -0.0018 -0.8673 -0.4979
vn -0.1637 -0.8299 -0.5333
vn 0.2719 -0.9586 0.0847
vn -0.0488 -0.9643 -0.2604
vn -0.1899 -0.9254 0.3279
vn 0.2360 -0.9717 -0.0100
vn -0.2759 -0.9588 0.0681
vn 0.0383 -0.9649 -0.2600
vn 0.1879 -0.9363 0.2968
vn -0.2366 -0.9715 -0.0131
vn -0.0047 -0.9034 -0.4287
vn 0.2513 -0.7862 -0.5646
vn 0.7512 -0.6000 0.2752
vn -0.2648 -0.7692 -0.5815
vn -0.7592 -0.6111 0.2242
vn 0.3766 -0.9264 -0.0000
vn 0.4003 -0.9156 -0.0378
vn -0.3977 -0.9158 -0.0565
vn -0.3767 -0.9263 -0.0000
vn 0.0093 -0.9999 0.0044
vn -0.0040 -0.9999 -0.0104
vn -0.0044 -1.0000 0.0035
vn 0.0118 -0.9999 0.0024
vn -0.0093 -0.9999 0.0040
vn 0.0037 -0.9999 -0.0106
vn 0.0041 -1.0000 0.0029
vn -0.0119 -0.9999 0.0024
vn 0.0587 -0.9930 0.1024
vn 0.0863 -0.9963 0.0020
vn 0.0838 -0.9965 -0.0000
vn -0.0012 -0.9963 -0.0858
vn -0.0612 -0.9971 -0.0457
vn -0.0868 -0.9962 -0.0003
vn -0.0600 -0.9933 0.0984
vn -0.0839 -0.9965 -0.0000
vn 0.0568 -0.9971 -0.0504
vn -0.0000 -1.0000 -0.0003
vn -0.0007 -1.0000 0.0004
vn 0.0007 -1.0000 0.0004
vn -0.0437 0.9979 0.0472
vn -0.0122 -0.9948 0.1013
vn 0.7015 -0.1050 -0.7049
vn -0.9785 0.0199 0.2051
vn -0.3611 0.4530 0.8151
vn 0.2917 0.3216 -0.9008
vn 0.2817 -0.1142 -0.9527
vn -0.3865 -0.1615 0.9080
vn -0.0112 0.8259 -0.5637
vn 0.0733 -0.5710 -0.8177
vn 0.5683 0.1176 -0.8144
vn -0.9975 0.0587 0.0399
vn -0.2540 0.5046 -0.8252
vn 0.2722 0.3034 -0.9132
vn 0.2717 -0.0673 -0.9600
vn -0.1523 -0.1894 -0.9700
vn 0.0726 0.8922 -0.4458
vn -0.0860 -0.9268 0.3655
vn 0.9910 0.1023 -0.0868
vn -0.9876 0.1151 -0.1066
vn -0.0413 0.6474 0.7610
vn 0.0264 -0.6418 -0.7664
vn 0.9774 -0.0169 -0.2106
vn -0.9891 -0.0713 -0.1287
vn -0.6052 -0.7048 -0.3700
vn -0.7498 0.6501 0.1227
vn -0.5579 0.8241 -0.0979
vn 0.5637 0.8019 -0.1981
vn 0.5685 -0.5847 -0.5787
vn -0.6075 -0.7932 -0.0422
vn 0.5581 -0.8181 -0.1389
vn 0.6420 0.7534 -0.1418
vn -0.0723 -0.1136 0.9909
vn 0.0978 0.1255 -0.9873
vn 0.9977 0.0549 -0.0389
vn -0.9994 0.0153 0.0309
vn -0.5505 -0.1727 -0.8168
vn -0.5978 0.1237 0.7921
vn 0.5750 -0.1439 -0.8054
vn 0.5882 0.1239 0.7992
vn 0.5892 0.4535 -0.6687
vn 0.5762 -0.3988 0.7134
vn -0.6573 -0.3895 0.6452
vn -0.4948 0.4567 -0.7393
vn 0.2020 -0.8931 -0.4019
vn -0.2808 -0.8487 -0.4481
vn -0.1661 -0.9321 0.3219
vn 0.2384 -0.8970 0.3723
vn 0.4205 -0.8706 -0.2553
vn 0.3214 -0.9227 0.2129
vn -0.3169 -0.9188 -0.2353
vn -0.4348 -0.8711 0.2283
vn -0.2113 -0.4386 -0.8735
vn 0.9616 -0.1202 -0.2467
vn -0.2161 -0.4219 0.8805
vn -0.9647 -0.1350 -0.2259
vn 0.2812 -0.2540 0.9254
vn 0.8832 -0.4109 0.2260
vn -0.8695 -0.4786 0.1218
vn 0.1092 -0.2899 -0.9508
vn -0.1162 -0.2608 -0.9584
vn 0.8558 -0.4668 -0.2228
vn 0.1768 -0.4867 0.8555
vn -0.8234 -0.5112 0.2464
vn -0.8535 -0.1090 -0.5096
vn -0.4626 -0.1110 0.8796
vn 0.7868 -0.0880 0.6109
vn 0.4687 -0.0701 -0.8805
vn -0.3333 -0.2486 0.9095
vn -0.9058 -0.3691 -0.2083
vn 0.8701 -0.4860 0.0823
vn 0.2441 -0.3772 -0.8934
vn 0.8871 -0.0854 -0.4535
vn -0.5352 -0.0614 -0.8425
vn 0.5245 -0.0888 0.8468
vn -0.8360 -0.0674 0.5446
vn 0.3078 0.9336 0.1834
vn 0.0544 0.9341 0.3529
vn 0.1762 0.9325 0.3152
vn 0.3417 0.9388 0.0444
vn -0.3084 0.9334 0.1837
vn -0.0544 0.9340 0.3530
vn -0.1764 0.9324 0.3155
vn -0.3425 0.9385 0.0445
vn 0.8236 0.2789 0.4939
vn 0.1484 0.2613 0.9538
vn 0.4738 0.2707 0.8380
vn 0.9527 0.2763 0.1267
vn -0.8258 0.2703 0.4949
vn -0.1488 0.2596 0.9542
vn -0.4748 0.2656 0.8391
vn -0.9558 0.2652 0.1269
vn 0.6323 0.4096 0.6577
vn 0.2880 0.3980 0.8710
vn -0.2882 0.3969 0.8714
vn -0.6329 0.4075 0.6583
vn 0.8678 0.4100 0.2807
vn -0.8691 0.4069 0.2811
vn -0.0000 0.3942 0.9190
vn 0.7727 -0.4333 0.4639
vn 0.1385 -0.4409 0.8868
vn 0.4423 -0.4397 0.7817
vn 0.8981 -0.4232 0.1198
vn -0.7568 -0.4704 0.4539
vn -0.1381 -0.4445 0.8851
vn -0.4379 -0.4598 0.7726
vn -0.8760 -0.4679 0.1167
vn 0.3136 -0.0093 0.9495
vn -0.0004 -0.0143 0.9999
vn -0.3144 -0.0179 0.9491
vn 0.6926 -0.0012 0.7213
vn -0.6933 -0.0204 0.7204
vn 0.9512 0.0054 0.3084
vn -0.9512 -0.0219 0.3078
vn 0.4269 -0.8679 0.2541
vn 0.0871 -0.8637 0.4964
vn 0.2490 -0.8681 0.4293
vn 0.4957 -0.8660 0.0660
vn -0.3724 -0.9003 0.2252
vn -0.0771 -0.8028 0.5913
vn -0.2118 -0.9022 0.3758
vn -0.4084 -0.9111 0.0555
vn -0.4335 -0.7799 0.4514
vn -0.5924 -0.7825 0.1919
vn 0.2059 -0.7582 0.6187
vn 0.0034 -0.7457 0.6663
vn -0.2046 -0.7585 0.6187
vn 0.4519 -0.7590 0.4688
vn 0.6271 -0.7522 0.2026
vn 0.8225 -0.2730 0.4989
vn 0.1133 0.8581 -0.5009
vn 0.4407 -0.2783 0.8534
vn 0.9536 -0.2731 0.1272
vn -0.8488 -0.1575 0.5048
vn -0.2276 -0.0275 0.9734
vn -0.5043 -0.1673 0.8472
vn -0.9811 -0.1440 0.1293
vn -0.2501 -0.6522 0.7156
vn -0.5075 -0.6819 0.5268
vn 0.6830 -0.6964 0.2206
vn -0.7014 -0.6741 0.2314
vn 0.5086 -0.6882 0.5174
vn 0.2278 -0.7417 0.6309
vn -0.1721 -0.9410 -0.2913
vn 0.7895 0.3906 0.4734
vn 0.1237 0.3514 0.9280
vn 0.4388 0.3653 0.8210
vn 0.9183 0.3765 0.1226
vn -0.7850 0.4024 0.4710
vn -0.1752 0.3452 0.9220
vn -0.4654 0.3913 0.7939
vn -0.9125 0.3906 0.1219
vn 0.3437 0.0287 0.9386
vn -0.1233 0.0485 0.9912
vn -0.3552 0.0612 0.9328
vn 0.6896 0.0466 0.7226
vn -0.6942 0.0559 0.7176
vn 0.9503 0.0416 0.3086
vn -0.9497 0.0549 0.3083
vn 0.8237 0.2781 0.4942
vn 0.1076 0.4663 0.8780
vn 0.4714 0.2893 0.8331
vn 0.9545 0.2699 0.1271
vn -0.8198 0.2936 0.4917
vn -0.2053 0.2951 0.9332
vn -0.4845 0.2866 0.8265
vn -0.9492 0.2881 0.1264
vn -0.6154 0.4648 0.6366
vn -0.8434 0.4625 0.2733
vn 0.2566 0.4929 0.8314
vn -0.0262 0.4998 0.8658
vn -0.3032 0.4499 0.8400
vn 0.6159 0.4537 0.6441
vn 0.8521 0.4446 0.2761
vn 0.8561 -0.0603 0.5133
vn 0.1327 -0.1643 0.9774
vn 0.4902 -0.0619 0.8694
vn 0.9895 -0.0608 0.1314
vn -0.8566 -0.0524 0.5134
vn -0.2078 -0.0820 0.9747
vn -0.5038 -0.0547 0.8621
vn -0.9900 -0.0515 0.1314
vn -0.3482 0.1009 0.9320
vn -0.6912 0.1083 0.7145
vn 0.9472 0.0945 0.3065
vn -0.9459 0.1081 0.3060
vn 0.6897 0.0985 0.7173
vn 0.3618 0.0954 0.9273
vn -0.2204 0.0813 0.9720
vn 0.7612 -0.4613 0.4558
vn 0.1375 -0.4492 0.8828
vn 0.4374 -0.4517 0.7776
vn 0.8824 -0.4558 0.1167
vn -0.7610 -0.4617 0.4558
vn -0.1425 -0.4645 0.8740
vn -0.4411 -0.4586 0.7715
vn -0.8827 -0.4552 0.1168
vn -0.0169 -0.2853 0.9583
vn -0.3229 -0.2634 0.9090
vn 0.6692 -0.2570 0.6972
vn 0.3007 -0.2565 0.9186
vn -0.6715 -0.2554 0.6956
vn 0.9195 -0.2573 0.2973
vn -0.9204 -0.2537 0.2975
vn 0.5635 -0.7597 0.3244
vn 0.0989 -0.7837 0.6132
vn 0.3186 -0.7601 0.5663
vn 0.6346 -0.7686 0.0810
vn -0.5482 -0.7719 0.3221
vn -0.1002 -0.7864 0.6096
vn -0.3153 -0.7710 0.5533
vn -0.6327 -0.7700 0.0827
vn 0.2424 -0.6272 0.7402
vn 0.0009 -0.6331 0.7741
vn -0.2433 -0.6355 0.7327
vn 0.5396 -0.6275 0.5614
vn -0.5358 -0.6346 0.5570
vn 0.7406 -0.6287 0.2371
vn -0.7381 -0.6315 0.2378
vn 0.5537 -0.8219 0.1337
vn 0.0407 -0.8570 0.5136
vn 0.4267 -0.5480 0.7194
vn 0.4497 -0.8921 0.0442
vn -0.5254 -0.8355 0.1611
vn -0.0496 -0.8613 0.5057
vn -0.4395 -0.5813 0.6848
vn -0.4478 -0.8927 0.0503
vn 0.5102 -0.8483 0.1416
vn -0.4979 -0.8540 0.1508
vn 0.4749 -0.7756 0.4157
vn -0.4502 -0.7999 0.3968
vn 0.1590 -0.8217 0.5472
vn -0.0018 -0.8673 0.4979
vn -0.1637 -0.8299 0.5333
vn 0.2719 -0.9586 -0.0847
vn -0.0488 -0.9643 0.2604
vn -0.1899 -0.9254 -0.3279
vn 0.2360 -0.9717 0.0100
vn -0.2759 -0.9588 -0.0681
vn 0.0383 -0.9649 0.2600
vn 0.1879 -0.9363 -0.2968
vn -0.2366 -0.9715 0.0131
vn -0.0047 -0.9034 0.4287
vn 0.2513 -0.7862 0.5646
vn 0.7512 -0.6000 -0.2752
vn -0.2648 -0.7692 0.5815
vn -0.7592 -0.6111 -0.2242
vn 0.4003 -0.9156 0.0378
vn -0.3977 -0.9158 0.0565
vn 0.0093 -0.9999 -0.0044
vn -0.0040 -0.9999 0.0104
vn -0.0044 -1.0000 -0.0035
vn 0.0118 -0.9999 -0.0024
vn -0.0093 -0.9999 -0.0040
vn 0.0037 -0.9999 0.0106
vn 0.0041 -1.0000 -0.0029
vn -0.0119 -0.9999 -0.0024
vn 0.0587 -0.9930 -0.1024
vn 0.0863 -0.9963 -0.0020
vn -0.0012 -0.9963 0.0858
vn -0.0612 -0.9971 0.0457
vn -0.0868 -0.9962 0.0003
vn -0.0600 -0.9933 -0.0984
vn 0.0568 -0.9971 0.0504
vn -0.0000 -1.0000 0.0003
vn -0.0007 -1.0000 -0.0004
vn 0.0007 -1.0000 -0.0004
vn -0.0476 0.9983 -0.0346
vn -0.0003 -0.9998 0.0184
vn 0.7078 -0.0055 0.7064
vn -0.9902 0.0046 -0.1394
vn -0.3816 0.4676 -0.7973
vn 0.2913 0.4595 0.8391
vn 0.3012 -0.1816 0.9361
vn -0.3817 -0.4832 -0.7879
vn -0.0126 0.8302 0.5573
vn 0.0739 -0.5721 0.8168
vn 0.5679 0.0853 0.8186
vn -0.9984 0.0533 0.0164
vn -0.2880 0.5223 0.8027
vn 0.2839 0.3084 0.9079
vn 0.2706 -0.0789 0.9595
vn -0.1512 -0.1951 0.9691
vn 0.0725 0.8925 0.4452
vn -0.0892 -0.9213 -0.3785
vn 0.9893 0.1124 0.0935
vn -0.9857 0.1238 0.1143
vn -0.0411 0.6281 -0.7770
vn 0.0261 -0.6407 0.7673
vn 0.9760 -0.0189 0.2170
vn -0.9887 -0.0713 0.1318
vn -0.5976 -0.7084 0.3755
vn -0.7530 0.6459 -0.1258
vn -0.5524 0.8277 0.0989
vn 0.5460 0.8135 0.2004
vn 0.5522 -0.5954 0.5836
vn -0.6119 -0.7897 0.0441
vn 0.5728 -0.8069 0.1442
vn 0.6541 0.7412 0.1511
vn -0.0728 -0.1136 -0.9909
vn 0.0981 0.1254 0.9872
vn 0.9978 0.0551 0.0373
vn -0.9994 0.0155 -0.0314
vn -0.5469 -0.1717 0.8194
vn -0.5927 0.1172 -0.7969
vn 0.5712 -0.1429 0.8083
vn 0.5826 0.1168 -0.8043
vn 0.5850 0.4541 0.6720
vn 0.5675 -0.3923 -0.7239
vn -0.6527 -0.3831 -0.6537
vn -0.4889 0.4574 0.7428
vn 0.2020 -0.8931 0.4019
vn -0.2808 -0.8487 0.4481
vn -0.1661 -0.9321 -0.3219
vn 0.2384 -0.8970 -0.3723
vn 0.4205 -0.8706 0.2553
vn 0.3214 -0.9227 -0.2129
vn -0.3169 -0.9188 0.2353
vn -0.4348 -0.8711 -0.2283
vn -0.2113 -0.4386 0.8735
vn 0.9616 -0.1202 0.2467
vn -0.2161 -0.4219 -0.8805
vn -0.9647 -0.1350 0.2259
vn 0.2812 -0.2540 -0.9254
vn 0.8832 -0.4109 -0.2260
vn -0.8695 -0.4786 -0.1218
vn 0.1092 -0.2899 0.9508
vn -0.1162 -0.2608 0.9584
vn 0.8558 -0.4668 0.2228
vn 0.1768 -0.4867 -0.8555
vn -0.8234 -0.5112 -0.2464
vn -0.8535 -0.1090 0.5096
vn -0.4626 -0.1110 -0.8796
vn 0.7868 -0.0880 -0.6109
vn 0.4687 -0.0701 0.8805
vn -0.3333 -0.2486 -0.9095
vn -0.9058 -0.3691 0.2083
vn 0.8701 -0.4860 -0.0823
vn 0.2441 -0.3772 0.8934
vn 0.8871 -0.0854 0.4535
vn -0.5352 -0.0614 0.8425
vn 0.5245 -0.0888 -0.8468
vn -0.8360 -0.0674 -0.5446
vn 0.4506 0.4034 -0.7964
vn -0.4509 0.4018 -0.7970
vn 0.9050 0.4081 -0.1203
vn -0.9065 0.4047 -0.1205
vn 0.7818 0.4112 -0.4687
vn -0.7828 0.4086 -0.4692
vn 0.1414 0.3952 -0.9076
vn -0.1415 0.3947 -0.9078
vn 0.1536 -0.0121 -0.9881
vn -0.1544 -0.0163 -0.9879
vn 0.4921 -0.0055 -0.8705
vn -0.4929 -0.0193 -0.8699
vn 0.9912 0.0070 -0.1321
vn -0.9910 -0.0221 -0.1317
vn 0.8573 0.0027 -0.5149
vn -0.8575 -0.0213 -0.5140
vn -0.5334 -0.7830 -0.3200
vn 0.1041 -0.7529 -0.6499
vn -0.1007 -0.7462 -0.6580
vn 0.3209 -0.7595 -0.5659
vn -0.3131 -0.7716 -0.5537
vn 0.6568 -0.7490 -0.0874
vn -0.6187 -0.7813 -0.0825
vn 0.5614 -0.7563 -0.3358
vn -0.3623 -0.6881 -0.6287
vn 0.7137 -0.6939 -0.0954
vn -0.7247 -0.6819 -0.0989
vn 0.6176 -0.6961 -0.3661
vn -0.6340 -0.6712 -0.3842
vn -0.1520 -0.8927 0.4242
vn -0.1408 -0.5233 -0.8404
vn 0.3695 -0.6893 -0.6232
vn 0.0113 0.9920 -0.1256
vn -0.2159 0.0567 -0.9748
vn 0.4798 0.0388 -0.8765
vn -0.5079 0.0560 -0.8596
vn 0.9904 0.0395 -0.1326
vn -0.9897 0.0533 -0.1325
vn 0.8565 0.0442 -0.5143
vn -0.8561 0.0561 -0.5137
vn -0.7586 0.4665 -0.4550
vn 0.1045 0.5249 -0.8447
vn -0.1605 0.4588 -0.8739
vn 0.4243 0.4636 -0.7779
vn -0.4489 0.4566 -0.7681
vn 0.8907 0.4389 -0.1187
vn -0.8813 0.4577 -0.1174
vn 0.7656 0.4506 -0.4591
vn -0.5032 0.1050 -0.8578
vn 0.9870 0.0926 -0.1312
vn -0.9856 0.1067 -0.1310
vn 0.8536 0.0969 -0.5119
vn -0.8526 0.1091 -0.5111
vn -0.9910 -0.1026 -0.0858
vn -0.2248 0.0961 -0.9697
vn 0.4936 0.0984 -0.8641
vn -0.1723 -0.2769 -0.9453
vn 0.4733 -0.2512 -0.8443
vn -0.4845 -0.2556 -0.8366
vn 0.9585 -0.2553 -0.1272
vn -0.9595 -0.2515 -0.1273
vn 0.8284 -0.2589 -0.4967
vn -0.8293 -0.2556 -0.4970
vn 0.1421 -0.2758 -0.9506
vn 0.1207 -0.6295 -0.7676
vn -0.1203 -0.6364 -0.7619
vn 0.3814 -0.6259 -0.6803
vn -0.3807 -0.6333 -0.6738
vn 0.7723 -0.6271 -0.1013
vn -0.7717 -0.6278 -0.1018
vn 0.6679 -0.6290 -0.3978
vn -0.6633 -0.6347 -0.3966
vn 0.5142 -0.8555 -0.0609
vn -0.5116 -0.8568 -0.0648
vn 0.5231 -0.8156 -0.2473
vn -0.4930 -0.8329 -0.2516
vn 0.0762 -0.8557 -0.5118
vn -0.0803 -0.8585 -0.5064
vn 0.3105 -0.7795 -0.5441
vn -0.3079 -0.7971 -0.5195
vn 0.0036 -0.8902 -0.4555
vn -0.7818 -0.3836 0.4916
vn 0.4213 -0.4176 -0.8050
vn 0.3794 -0.9249 -0.0266
vn -0.3792 -0.9247 -0.0325
vn 0.4894 -0.8716 0.0271
vn -0.4851 -0.8744 -0.0084
vn -0.0169 -0.8870 -0.4615
vn 0.0011 -1.0000 -0.0005
vn 0.0822 -0.9959 0.0371
vn -0.0245 -0.9967 -0.0774
vn -0.0283 -0.9987 0.0429
vn 0.0853 -0.9964 0.0006
vn -0.0830 -0.9960 0.0340
vn 0.0209 -0.9967 -0.0787
vn 0.0259 -0.9990 0.0376
vn -0.0856 -0.9963 -0.0002
vn -0.0011 -1.0000 -0.0005
vn -0.0001 -1.0000 0.0011
vn 0.0001 -1.0000 0.0011
vn 0.1825 0.7686 0.6132
vn 0.4174 -0.5148 0.7488
vn 0.3014 -0.0512 -0.9521
vn -0.7264 -0.1372 -0.6735
vn 0.0852 0.4811 -0.8725
vn 0.1132 -0.1926 -0.9747
vn 0.3343 0.1032 -0.9368
vn -0.5641 -0.0155 -0.8255
vn -1.0000 0.0073 -0.0065
vn 0.0050 -0.8405 -0.5418
vn -0.9964 0.0478 -0.0707
vn -0.0154 -0.9984 -0.0540
vn 0.9011 0.0457 -0.4311
vn -0.0695 0.9926 0.0994
vn 0.9694 -0.0032 -0.2455
vn 0.0605 -0.2139 -0.9750
vn 0.9965 0.0194 -0.0816
vn -0.0435 0.1307 0.9905
vn 0.9926 0.1017 -0.0664
vn -0.1096 -0.5123 0.8518
vn -0.9957 0.0554 -0.0742
vn 0.1141 0.5308 -0.8398
vn 0.0138 -0.9994 -0.0326
vn -0.0199 -0.9991 -0.0362
vn 0.7042 -0.4755 0.5273
vn 0.4770 -0.4281 0.7675
vn -0.4060 -0.4985 0.7660
vn -0.7535 -0.4724 -0.4572
vn -0.4952 -0.3500 -0.7951
vn 0.8188 -0.3828 -0.4279
vn -0.6838 -0.3812 -0.6221
vn -0.3978 -0.4180 0.8167
vn 0.8112 -0.1516 0.5647
vn 0.4961 -0.1446 -0.8562
vn 0.7009 -0.4030 -0.5885
vn -0.5504 -0.1658 -0.8183
vn 0.4354 -0.4380 0.7865
vn -0.8485 -0.1475 0.5083
vn 0.4506 0.4034 0.7964
vn -0.4509 0.4018 0.7970
vn 0.9050 0.4081 0.1203
vn -0.9065 0.4047 0.1205
vn 0.7818 0.4112 0.4687
vn -0.7828 0.4086 0.4692
vn 0.1414 0.3952 0.9076
vn -0.1415 0.3947 0.9078
vn 0.1536 -0.0121 0.9881
vn -0.1544 -0.0163 0.9879
vn 0.4921 -0.0055 0.8705
vn -0.4929 -0.0193 0.8699
vn 0.9912 0.0070 0.1321
vn -0.9910 -0.0221 0.1317
vn 0.8573 0.0027 0.5149
vn -0.8575 -0.0213 0.5140
vn -0.5334 -0.7830 0.3200
vn 0.1041 -0.7529 0.6499
vn -0.1007 -0.7462 0.6580
vn 0.3209 -0.7595 0.5659
vn -0.3131 -0.7716 0.5537
vn 0.6568 -0.7490 0.0874
vn -0.6187 -0.7813 0.0825
vn 0.5614 -0.7563 0.3358
vn -0.3622 -0.6883 0.6285
vn 0.7137 -0.6939 0.0954
vn -0.7247 -0.6819 0.0989
vn 0.6175 -0.6961 0.3661
vn -0.6340 -0.6712 0.3842
vn -0.1569 -0.8749 -0.4583
vn -0.1399 -0.5247 0.8397
vn 0.3697 -0.6903 0.6219
vn 0.0085 0.9922 0.1244
vn -0.2205 0.0617 0.9734
vn 0.4825 0.0432 0.8749
vn -0.5079 0.0560 0.8596
vn 0.9904 0.0395 0.1326
vn -0.9897 0.0533 0.1325
vn 0.8565 0.0442 0.5143
vn -0.8561 0.0561 0.5137
vn -0.7586 0.4665 0.4550
vn 0.1049 0.5224 0.8462
vn -0.1628 0.4580 0.8739
vn 0.4260 0.4626 0.7775
vn -0.4489 0.4566 0.7681
vn 0.8907 0.4389 0.1187
vn -0.8813 0.4577 0.1174
vn 0.7656 0.4506 0.4591
vn -0.5032 0.1050 0.8578
vn 0.9870 0.0926 0.1312
vn -0.9856 0.1067 0.1310
vn 0.8536 0.0969 0.5119
vn -0.8526 0.1091 0.5111
vn -0.9897 -0.1090 0.0927
vn -0.2273 0.0955 0.9691
vn 0.4950 0.0978 0.8634
vn -0.1725 -0.2772 0.9452
vn 0.4734 -0.2514 0.8442
vn -0.4845 -0.2556 0.8366
vn 0.9585 -0.2553 0.1272
vn -0.9595 -0.2515 0.1273
vn 0.8284 -0.2589 0.4967
vn -0.8293 -0.2556 0.4970
vn 0.1421 -0.2763 0.9505
vn 0.1207 -0.6295 0.7676
vn -0.1203 -0.6364 0.7619
vn 0.3814 -0.6259 0.6803
vn -0.3807 -0.6333 0.6738
vn 0.7723 -0.6271 0.1013
vn -0.7717 -0.6278 0.1018
vn 0.6679 -0.6290 0.3978
vn -0.6633 -0.6347 0.3966
vn 0.5142 -0.8555 0.0609
vn -0.5116 -0.8568 0.0648
vn 0.5231 -0.8156 0.2473
vn -0.4930 -0.8329 0.2516
vn 0.0762 -0.8557 0.5118
vn -0.0803 -0.8585 0.5064
vn 0.3105 -0.7795 0.5441
vn -0.3079 -0.7971 0.5195
vn 0.0036 -0.8902 0.4555
vn -0.7818 -0.3836 -0.4916
vn 0.4213 -0.4176 0.8050
vn 0.3794 -0.9249 0.0266
vn -0.3792 -0.9247 0.0325
vn 0.4894 -0.8716 -0.0271
vn -0.4851 -0.8744 0.0084
vn -0.0169 -0.8870 0.4615
vn 0.0010 -1.0000 0.0005
vn 0.0822 -0.9959 -0.0371
vn -0.0245 -0.9967 0.0774
vn -0.0283 -0.9987 -0.0429
vn 0.0853 -0.9964 -0.0006
vn -0.0830 -0.9960 -0.0340
vn 0.0209 -0.9967 0.0787
vn 0.0259 -0.9990 -0.0376
vn -0.0856 -0.9963 0.0002
vn -0.0011 -1.0000 0.0005
vn -0.0001 -1.0000 -0.0011
vn 0.0001 -1.0000 -0.0011
vn 0.1616 0.7661 -0.6220
vn 0.2438 -0.7134 -0.6570
vn 0.3178 0.0066 0.9481
vn -0.7122 -0.0709 0.6984
vn 0.0816 0.5062 0.8585
vn 0.1128 -0.1979 0.9737
vn 0.3419 0.0899 0.9354
vn -0.5724 -0.0153 0.8198
vn -1.0000 0.0057 0.0030
vn 0.0048 -0.8396 0.5432
vn -0.9955 0.0569 0.0753
vn -0.0154 -0.9984 0.0542
vn 0.8941 0.0173 0.4475
vn -0.0708 0.9915 -0.1089
vn 0.9668 0.0359 0.2531
vn 0.0606 -0.2129 0.9752
vn 0.9968 0.0177 0.0779
vn -0.0438 0.1223 -0.9915
vn 0.9927 0.1026 0.0640
vn -0.1109 -0.5018 -0.8578
vn -0.9955 0.0576 0.0748
vn 0.1149 0.5298 0.8403
vn 0.0138 -0.9994 0.0326
vn -0.0199 -0.9991 0.0362
vn 0.7042 -0.4755 -0.5273
vn 0.4770 -0.4281 -0.7675
vn -0.4060 -0.4985 -0.7660
vn -0.7535 -0.4724 0.4572
vn -0.4952 -0.3500 0.7951
vn 0.8188 -0.3828 0.4279
vn -0.6838 -0.3812 0.6221
vn -0.3978 -0.4180 -0.8167
vn 0.8112 -0.1516 -0.5647
vn 0.4961 -0.1446 0.8562
vn 0.7009 -0.4030 0.5885
vn -0.5504 -0.1658 0.8183
vn 0.4354 -0.4380 -0.7865
vn -0.8485 -0.1475 -0.5083
vt 0.375000 0.500000
vt 0.375000 0.468750
vt 0.375000 0.468750
vt 0.375000 0.500000
vt 0.375000 0.437500
vt 0.375000 0.437500
vt 0.375000 0.625000
vt 0.375000 0.593750
vt 0.375000 0.591580
vt 0.375000 0.605903
vt 0.375000 0.562500
vt 0.375000 0.562500
vt 0.375000 0.591146
vt 0.375000 0.604167
vt 0.375000 0.562500
vt 0.375000 0.591146
vt 0.375000 0.531250
vt 0.375000 0.531250
vt 0.375000 0.406250
vt 0.375000 0.408420
vt 0.375000 0.375000
vt 0.375000 0.394097
vt 0.375000 0.395833
vt 0.375000 0.408854
vt 0.375000 0.408420
vt 0.375000 0.408854
vt 0.375000 0.408854
vt 0.375000 0.437500
vt 0.375000 0.395833
vt 0.375000 0.395833
vt 0.375000 0.437500
vt 0.375000 0.500000
vt 0.375000 0.468750
vt 0.375000 0.500000
vt 0.375000 0.468750
vt 0.375000 0.500000
vt 0.375000 0.604167
vt 0.375000 0.591146
vt 0.375000 0.591146
vt 0.375000 0.604167
vt 0.375000 0.562500
vt 0.375000 0.591146
vt 0.375000 0.562500
vt 0.375000 0.531250
vt 0.375000 0.531250
vt 0.375000 0.394097
vt 0.375000 0.406684
vt 0.375000 0.406684
vt 0.375000 0.432181
vt 0.375000 0.406250
vt 0.375000 0.406249
vt 0.375000 0.424973
vt 0.375000 0.380318
vt 0.375000 0.387526
vt 0.375000 0.406249
vt 0.375000 0.406250
vt 0.375000 0.375000
vt 0.375000 0.406684
vt 0.375000 0.437500
vt 0.375000 0.406684
vt 0.375000 0.408303
vt 0.375000 0.393630
vt 0.375000 0.391894
vt 0.375000 0.408087
vt 0.375000 0.408303
vt 0.375000 0.408252
vt 0.375000 0.398570
vt 0.375000 0.395611
vt 0.375000 0.398763
vt 0.375000 0.400872
vt 0.375000 0.398456
vt 0.375000 0.400738
vt 0.375000 0.401064
vt 0.375000 0.399213
vt 0.375000 0.401201
vt 0.375000 0.408080
vt 0.375000 0.389762
vt 0.375000 0.408250
vt 0.375000 0.391878
vt 0.375000 0.408737
vt 0.375000 0.395365
vt 0.375000 0.408088
vt 0.375000 0.531250
vt 0.375000 0.500000
vt 0.375000 0.500000
vt 0.375000 0.531467
vt 0.375000 0.437500
vt 0.375000 0.408637
vt 0.375000 0.408854
vt 0.375000 0.408637
vt 0.375000 0.468750
vt 0.375000 0.468750
vt 0.375000 0.468750
vt 0.375000 0.407552
vt 0.375000 0.394506
vt 0.375000 0.429254
vt 0.375000 0.489583
vt 0.375000 0.497396
vt 0.375000 0.496190
vt 0.375000 0.488691
vt 0.375000 0.488691
vt 0.375000 0.484375
vt 0.375000 0.487799
vt 0.375000 0.468750
vt 0.375000 0.488691
vt 0.375000 0.447917
vt 0.375000 0.448809
vt 0.375000 0.453125
vt 0.375000 0.591719
vt 0.375000 0.605938
vt 0.375000 0.562535
vt 0.375000 0.594703
vt 0.375000 0.591580
vt 0.375000 0.562627
vt 0.375000 0.532118
vt 0.375000 0.508247
vt 0.375000 0.532743
vt 0.375000 0.508849
vt 0.375000 0.537013
vt 0.375000 0.506453
vt 0.375000 0.409186
vt 0.375000 0.429662
vt 0.375000 0.422811
vt 0.375000 0.624773
vt 0.375000 0.571667
vt 0.375000 0.555589
vt 0.375000 0.588722
vt 0.375000 0.518560
vt 0.375000 0.516580
vt 0.375000 0.529288
vt 0.375000 0.540979
vt 0.375000 0.552671
vt 0.375000 0.552671
vt 0.375000 0.570557
vt 0.375000 0.549794
vt 0.375000 0.526867
vt 0.375000 0.582672
vt 0.375000 0.572586
vt 0.375000 0.562500
vt 0.375000 0.516580
vt 0.375000 0.465987
vt 0.375000 0.446780
vt 0.375000 0.529288
vt 0.375000 0.483394
vt 0.375000 0.422811
vt 0.375000 0.529288
vt 0.375000 0.540979
vt 0.375000 0.504911
vt 0.375000 0.582672
vt 0.375000 0.603735
vt 0.375000 0.598881
vt 0.375000 0.624798
vt 0.375000 0.624899
vt 0.375000 0.594703
vt 0.375000 0.582672
vt 0.375000 0.570557
vt 0.375000 0.550419
vt 0.375000 0.552671
vt 0.375000 0.527720
vt 0.375000 0.464353
vt 0.375000 0.483394
vt 0.375000 0.375000
vt 0.375000 0.506033
vt 0.375000 0.529288
vt 0.375000 0.479269
vt 0.375000 0.624798
vt 0.375000 0.603735
vt 0.375000 0.598743
vt 0.375000 0.624899
vt 0.375000 0.582672
vt 0.375000 0.625000
vt 0.375000 0.552671
vt 0.375000 0.540979
vt 0.375000 0.555589
vt 0.375000 0.588722
vt 0.375000 0.516580
vt 0.375000 0.596516
vt 0.375000 0.624786
vt 0.375000 0.624786
vt 0.375000 0.596516
vt 0.375000 0.406249
vt 0.375000 0.406250
vt 0.375000 0.377659
vt 0.375000 0.434841
vt 0.375000 0.406684
vt 0.375000 0.432144
vt 0.375000 0.406250
vt 0.375000 0.434822
vt 0.375000 0.380355
vt 0.375000 0.377677
vt 0.375000 0.432181
vt 0.375000 0.432163
vt 0.375000 0.434831
vt 0.375000 0.432144
vt 0.375000 0.380355
vt 0.375000 0.380336
vt 0.375000 0.377668
vt 0.375000 0.380318
vt 0.375000 0.406339
vt 0.375000 0.407091
vt 0.375000 0.393680
vt 0.375000 0.413722
vt 0.375000 0.425611
vt 0.375000 0.408087
vt 0.375000 0.414133
vt 0.375000 0.406367
vt 0.375000 0.407109
vt 0.375000 0.425817
vt 0.375000 0.393612
vt 0.375000 0.413722
vt 0.375000 0.413927
vt 0.375000 0.425714
vt 0.375000 0.414133
vt 0.375000 0.395611
vt 0.375000 0.389354
vt 0.375000 0.389762
vt 0.375000 0.401201
vt 0.375000 0.399213
vt 0.375000 0.399106
vt 0.375000 0.400999
vt 0.375000 0.401064
vt 0.375000 0.400839
vt 0.375000 0.398368
vt 0.375000 0.398573
vt 0.375000 0.398779
vt 0.375000 0.406367
vt 0.375000 0.406245
vt 0.375000 0.400738
vt 0.375000 0.411662
vt 0.375000 0.411437
vt 0.375000 0.406250
vt 0.375000 0.381776
vt 0.375000 0.387543
vt 0.375000 0.406250
vt 0.375000 0.406249
vt 0.375000 0.424956
vt 0.375000 0.406249
vt 0.375000 0.413927
vt 0.375000 0.413394
vt 0.375000 0.411502
vt 0.375000 0.411300
vt 0.375000 0.413288
vt 0.375000 0.406339
vt 0.375000 0.406239
vt 0.375000 0.400872
vt 0.375000 0.406250
vt 0.375000 0.430723
vt 0.375000 0.406250
vt 0.375000 0.411662
vt 0.375000 0.406250
vt 0.375000 0.422112
vt 0.375000 0.418430
vt 0.375000 0.418330
vt 0.375000 0.406250
vt 0.375000 0.394170
vt 0.375000 0.390388
vt 0.375000 0.394070
vt 0.375000 0.406250
vt 0.375000 0.489559
vt 0.375000 0.447941
vt 0.375000 0.449701
vt 0.375000 0.487799
vt 0.375000 0.453125
vt 0.375000 0.500000
vt 0.375000 0.498481
vt 0.375000 0.497661
vt 0.375000 0.489559
vt 0.375000 0.468750
vt 0.375000 0.448809
vt 0.375000 0.439019
vt 0.375000 0.439839
vt 0.375000 0.447917
vt 0.375000 0.448809
vt 0.375000 0.440104
vt 0.375000 0.441310
vt 0.375000 0.449701
vt 0.375000 0.429662
vt 0.375000 0.438585
vt 0.375000 0.446832
vt 0.375000 0.445964
vt 0.375000 0.491536
vt 0.375000 0.508247
vt 0.375000 0.498915
vt 0.375000 0.490668
vt 0.375000 0.438802
vt 0.375000 0.447082
vt 0.375000 0.446832
vt 0.375000 0.490668
vt 0.375000 0.469872
vt 0.375000 0.491395
vt 0.375000 0.508849
vt 0.375000 0.498817
vt 0.375000 0.437500
vt 0.375000 0.395833
vt 0.375000 0.408854
vt 0.375000 0.437500
vt 0.375000 0.500000
vt 0.375000 0.591146
vt 0.375000 0.591146
vt 0.375000 0.531250
vt 0.375000 0.531250
vt 0.375000 0.406920
vt 0.375000 0.468949
vt 0.375000 0.424019
vt 0.375000 0.421515
vt 0.375000 0.406250
vt 0.375000 0.390984
vt 0.375000 0.388480
vt 0.375000 0.385767
vt 0.375000 0.407479
vt 0.375000 0.390428
vt 0.375000 0.408066
vt 0.375000 0.469535
vt 0.375000 0.468913
vt 0.375000 0.437072
vt 0.375000 0.445205
vt 0.375000 0.437464
vt 0.375000 0.408264
vt 0.375000 0.407795
vt 0.375000 0.393508
vt 0.375000 0.408273
vt 0.375000 0.406983
vt 0.375000 0.468741
vt 0.375000 0.468885
vt 0.375000 0.400917
vt 0.375000 0.398774
vt 0.375000 0.395523
vt 0.375000 0.401201
vt 0.375000 0.399213
vt 0.375000 0.388359
vt 0.375000 0.407762
vt 0.375000 0.391878
vt 0.375000 0.469252
vt 0.375000 0.468729
vt 0.375000 0.435622
vt 0.375000 0.442614
vt 0.375000 0.408737
vt 0.375000 0.468711
vt 0.375000 0.437344
vt 0.375000 0.408698
vt 0.375000 0.407795
vt 0.375000 0.531467
vt 0.375000 0.437500
vt 0.375000 0.408637
vt 0.375000 0.468750
vt 0.375000 0.394506
vt 0.375000 0.409186
vt 0.375000 0.496190
vt 0.375000 0.487799
vt 0.375000 0.488691
vt 0.375000 0.489583
vt 0.375000 0.484375
vt 0.375000 0.447917
vt 0.375000 0.605937
vt 0.375000 0.562535
vt 0.375000 0.532624
vt 0.375000 0.536537
vt 0.375000 0.508590
vt 0.375000 0.532118
vt 0.375000 0.429036
vt 0.375000 0.407552
vt 0.375000 0.555589
vt 0.375000 0.526993
vt 0.375000 0.550300
vt 0.375000 0.536537
vt 0.375000 0.464353
vt 0.375000 0.549794
vt 0.375000 0.526867
vt 0.375000 0.465987
vt 0.375000 0.516580
vt 0.375000 0.504911
vt 0.375000 0.598881
vt 0.375000 0.596516
vt 0.375000 0.424113
vt 0.375000 0.426406
vt 0.375000 0.406528
vt 0.375000 0.387638
vt 0.375000 0.388386
vt 0.375000 0.434731
vt 0.375000 0.431683
vt 0.375000 0.379782
vt 0.375000 0.380816
vt 0.375000 0.385767
vt 0.375000 0.398779
vt 0.375000 0.386889
vt 0.375000 0.406250
vt 0.375000 0.414045
vt 0.375000 0.420433
vt 0.375000 0.406528
vt 0.375000 0.406250
vt 0.375000 0.393612
vt 0.375000 0.426001
vt 0.375000 0.416978
vt 0.375000 0.388513
vt 0.375000 0.395523
vt 0.375000 0.388359
vt 0.375000 0.400946
vt 0.375000 0.398865
vt 0.375000 0.399213
vt 0.375000 0.399164
vt 0.375000 0.396427
vt 0.375000 0.399048
vt 0.375000 0.400812
vt 0.375000 0.400738
vt 0.375000 0.406250
vt 0.375000 0.406250
vt 0.375000 0.411437
vt 0.375000 0.411763
vt 0.375000 0.414045
vt 0.375000 0.382576
vt 0.375000 0.380816
vt 0.375000 0.385282
vt 0.375000 0.391017
vt 0.375000 0.389161
vt 0.375000 0.388386
vt 0.375000 0.389160
vt 0.375000 0.406249
vt 0.375000 0.406250
vt 0.375000 0.391017
vt 0.375000 0.406250
vt 0.375000 0.421482
vt 0.375000 0.423338
vt 0.375000 0.414045
vt 0.375000 0.411763
vt 0.375000 0.413727
vt 0.375000 0.411437
vt 0.375000 0.413288
vt 0.375000 0.411584
vt 0.375000 0.423338
vt 0.375000 0.429923
vt 0.375000 0.431683
vt 0.375000 0.421482
vt 0.375000 0.427217
vt 0.375000 0.406250
vt 0.375000 0.413453
vt 0.375000 0.411689
vt 0.375000 0.413636
vt 0.375000 0.413288
vt 0.375000 0.416074
vt 0.375000 0.413336
vt 0.375000 0.411555
vt 0.375000 0.411300
vt 0.375000 0.406250
vt 0.375000 0.406250
vt 0.375000 0.417484
vt 0.375000 0.421645
vt 0.375000 0.427217
vt 0.375000 0.417409
vt 0.375000 0.406250
vt 0.375000 0.395090
vt 0.375000 0.390854
vt 0.375000 0.385282
vt 0.375000 0.395016
vt 0.375000 0.406250
vt 0.375000 0.496407
vt 0.375000 0.498481
vt 0.375000 0.468750
vt 0.375000 0.447941
vt 0.375000 0.441093
vt 0.375000 0.439019
vt 0.375000 0.441310
vt 0.375000 0.440104
vt 0.375000 0.437717
vt 0.375000 0.499783
vt 0.375000 0.438802
vt 0.375000 0.498698
s 1
usemtl caldero.001
f 648/691/628 931/692/911 1489/693/1469 945/694/925
f 931/692/911 650/695/630 946/696/926 1489/693/1469
f 1489/693/1469 946/696/926 659/696/639 939/693/919
f 945/694/925 1489/693/1469 939/693/919 657/694/637
f 653/695/633 935/692/915 1490/692/1470 947/696/927
f 935/692/915 651/691/631 948/694/928 1490/692/1470
f 1490/692/1470 948/694/928 660/694/640 943/692/923
f 947/696/927 1490/692/1470 943/692/923 662/696/642
f 655/697/635 932/698/912 1491/699/1471 949/700/929
f 932/698/912 656/701/636 950/702/930 1491/699/1471
f 1491/699/1471 950/702/930 665/702/645 940/703/920
f 949/700/929 1491/699/1471 940/703/920 664/704/644
f 654/701/634 936/698/916 1492/699/1472 951/705/931
f 936/698/916 652/697/632 952/700/932 1492/699/1472
f 1492/699/1472 952/700/932 661/704/641 944/706/924
f 951/705/931 1492/699/1472 944/706/924 663/705/643
f 656/701/636 929/707/909 1493/708/1473 950/702/930
f 929/707/909 648/691/628 945/694/925 1493/708/1473
f 1493/708/1473 945/694/925 657/694/637 937/708/917
f 950/702/930 1493/708/1473 937/708/917 665/702/645
f 651/691/631 933/707/913 1494/708/1474 948/694/928
f 933/707/913 654/701/634 951/705/931 1494/708/1474
f 1494/708/1474 951/705/931 663/705/643 941/708/921
f 948/694/928 1494/708/1474 941/708/921 660/694/640
f 650/695/630 930/709/910 1495/710/1475 946/696/926
f 930/709/910 649/711/629 953/712/933 1495/710/1475
f 1495/710/1475 953/712/933 658/713/638 938/714/918
f 946/696/926 1495/710/1475 938/714/918 659/696/639
f 649/711/629 934/709/914 1496/715/1476 953/712/933
f 934/709/914 653/695/633 947/696/927 1496/715/1476
f 1496/715/1476 947/696/927 662/696/642 942/714/922
f 953/712/933 1496/715/1476 942/714/922 658/713/638
f 659/696/639 938/716/918 1497/717/1477 962/718/942
f 938/716/918 658/719/638 963/720/943 1497/717/1477
f 1497/717/1477 963/720/943 667/719/647 955/716/935
f 962/718/942 1497/717/1477 955/716/935 668/696/648
f 658/719/638 942/716/922 1498/714/1478 963/720/943
f 942/716/922 662/721/642 964/718/944 1498/714/1478
f 1498/714/1478 964/718/944 671/721/651 959/716/939
f 963/720/943 1498/714/1478 959/716/939 667/719/647
f 657/722/637 939/723/919 1499/693/1479 965/724/945
f 939/723/919 659/696/639 962/718/942 1499/693/1479
f 1499/693/1479 962/718/942 668/696/648 956/723/936
f 965/724/945 1499/693/1479 956/723/936 666/722/646
f 662/721/642 943/725/923 1500/692/1480 964/718/944
f 943/725/923 660/694/640 966/726/946 1500/692/1480
f 1500/692/1480 966/726/946 669/694/649 960/725/940
f 964/718/944 1500/692/1480 960/725/940 671/721/651
f 664/727/644 940/728/920 1501/729/1481 967/730/947
f 940/728/920 665/702/645 968/731/948 1501/729/1481
f 1501/729/1481 968/731/948 674/702/654 957/728/937
f 967/730/947 1501/729/1481 957/728/937 673/727/653
f 663/702/643 944/732/924 1502/729/1482 969/733/949
f 944/732/924 661/727/641 970/730/950 1502/729/1482
f 1502/729/1482 970/730/950 670/727/650 961/732/941
f 969/733/949 1502/729/1482 961/732/941 672/702/652
f 665/702/645 937/707/917 1503/734/1483 968/731/948
f 937/707/917 657/722/637 965/724/945 1503/734/1483
f 1503/734/1483 965/724/945 666/722/646 954/707/934
f 968/731/948 1503/734/1483 954/707/934 674/702/654
f 660/694/640 941/735/921 1504/708/1484 966/726/946
f 941/735/921 663/702/643 969/733/949 1504/708/1484
f 1504/708/1484 969/733/949 672/702/652 958/735/938
f 966/726/946 1504/708/1484 958/735/938 669/694/649
f 669/694/649 958/735/938 1505/708/1485 979/726/959
f 958/735/938 672/702/652 980/733/960 1505/708/1485
f 1505/708/1485 980/733/960 681/702/661 975/735/955
f 979/726/959 1505/708/1485 975/735/955 678/694/658
f 668/696/648 955/716/935 1506/717/1486 983/718/963
f 955/716/935 667/719/647 984/720/964 1506/717/1486
f 1506/717/1486 984/720/964 676/719/656 972/716/952
f 983/718/963 1506/717/1486 972/716/952 677/696/657
f 667/719/647 959/716/939 1507/714/1487 984/720/964
f 959/716/939 671/721/651 985/718/965 1507/714/1487
f 1507/714/1487 985/718/965 680/721/660 976/716/956
f 984/720/964 1507/714/1487 976/716/956 676/719/656
f 666/722/646 956/723/936 1508/693/1488 986/724/966
f 956/723/936 668/696/648 983/718/963 1508/693/1488
f 1508/693/1488 983/718/963 677/696/657 973/723/953
f 986/724/966 1508/693/1488 973/723/953 675/722/655
f 671/721/651 960/725/940 1509/692/1489 985/718/965
f 960/725/940 669/694/649 979/726/959 1509/692/1489
f 1509/692/1489 979/726/959 678/694/658 977/725/957
f 985/718/965 1509/692/1489 977/725/957 680/721/660
f 673/727/653 957/728/937 1510/729/1490 981/730/961
f 957/728/937 674/702/654 987/731/967 1510/729/1490
f 1510/729/1490 987/731/967 683/702/663 974/728/954
f 981/730/961 1510/729/1490 974/728/954 682/727/662
f 672/702/652 961/732/941 1511/729/1491 980/733/960
f 961/732/941 670/727/650 982/730/962 1511/729/1491
f 1511/729/1491 982/730/962 679/727/659 978/732/958
f 980/733/960 1511/729/1491 978/732/958 681/702/661
f 674/702/654 954/707/934 1512/734/1492 987/731/967
f 954/707/934 666/722/646 986/724/966 1512/734/1492
f 1512/734/1492 986/724/966 675/722/655 971/707/951
f 987/731/967 1512/734/1492 971/707/951 683/702/663
f 680/721/660 977/725/957 1513/692/1493 996/718/976
f 977/725/957 678/694/658 997/726/977 1513/692/1493
f 1513/692/1493 997/726/977 687/694/667 994/725/974
f 996/718/976 1513/692/1493 994/725/974 689/721/669
f 682/727/662 974/728/954 1514/729/1494 998/730/978
f 974/728/954 683/702/663 999/731/979 1514/729/1494
f 1514/729/1494 999/731/979 692/702/672 991/728/971
f 998/730/978 1514/729/1494 991/728/971 691/727/671
f 681/702/661 978/732/958 1515/729/1495 1000/733/980
f 978/732/958 679/727/659 1001/730/981 1515/729/1495
f 1515/729/1495 1001/730/981 688/727/668 995/732/975
f 1000/733/980 1515/729/1495 995/732/975 690/702/670
f 683/702/663 971/707/951 1516/734/1496 999/731/979
f 971/707/951 675/722/655 1002/724/982 1516/734/1496
f 1516/734/1496 1002/724/982 684/722/664 988/707/968
f 999/731/979 1516/734/1496 988/707/968 692/702/672
f 678/694/658 975/735/955 1517/708/1497 997/726/977
f 975/735/955 681/702/661 1000/733/980 1517/708/1497
f 1517/708/1497 1000/733/980 690/702/670 992/735/972
f 997/726/977 1517/708/1497 992/735/972 687/694/667
f 677/696/657 972/714/952 1518/715/1498 1003/696/983
f 972/714/952 676/713/656 1004/736/984 1518/715/1498
f 1518/715/1498 1004/736/984 767/711/747 989/737/969
f 1003/696/983 1518/715/1498 989/737/969 766/695/746
f 676/713/656 976/714/956 1519/715/1499 1004/736/984
f 976/714/956 680/696/660 996/696/976 1519/715/1499
f 1519/715/1499 996/696/976 689/696/669 993/738/973
f 1004/736/984 1519/715/1499 993/738/973 767/711/747
f 675/694/655 973/693/953 1520/693/1500 1002/694/982
f 973/693/953 677/696/657 1003/696/983 1520/693/1500
f 1520/693/1500 1003/696/983 766/695/746 990/693/970
f 1002/694/982 1520/693/1500 990/693/970 684/694/664
f 686/739/666 1146/740/1126 1521/741/1501 1173/742/1153
f 1146/740/1126 685/743/665 1172/744/1152 1521/741/1501
f 1521/741/1501 1172/744/1152 775/743/755 1162/745/1142
f 1173/742/1153 1521/741/1501 1162/745/1142 774/739/754
f 767/711/747 993/738/973 1522/746/1502 1014/747/994
f 993/738/973 689/696/669 1015/696/995 1522/746/1502
f 1522/746/1502 1015/696/995 698/696/678 1010/748/990
f 1014/747/994 1522/746/1502 1010/748/990 769/711/749
f 684/694/664 990/693/970 1523/693/1503 1016/694/996
f 990/693/970 766/695/746 1013/749/993 1523/693/1503
f 1523/693/1503 1013/749/993 768/695/748 1007/693/987
f 1016/694/996 1523/693/1503 1007/693/987 693/694/673
f 689/721/669 994/725/974 1524/692/1504 1015/718/995
f 994/725/974 687/694/667 1017/726/997 1524/692/1504
f 1524/692/1504 1017/726/997 696/694/676 1011/725/991
f 1015/718/995 1524/692/1504 1011/725/991 698/721/678
f 691/727/671 991/728/971 1525/729/1505 1018/730/998
f 991/728/971 692/702/672 1019/731/999 1525/729/1505
f 1525/729/1505 1019/731/999 701/702/681 1008/728/988
f 1018/730/998 1525/729/1505 1008/728/988 700/727/680
f 690/702/670 995/732/975 1526/729/1506 1020/733/1000
f 995/732/975 688/727/668 1021/730/1001 1526/729/1506
f 1526/729/1506 1021/730/1001 697/727/677 1012/732/992
f 1020/733/1000 1526/729/1506 1012/732/992 699/702/679
f 692/702/672 988/707/968 1527/734/1507 1019/731/999
f 988/707/968 684/722/664 1016/724/996 1527/734/1507
f 1527/734/1507 1016/724/996 693/722/673 1005/707/985
f 1019/731/999 1527/734/1507 1005/707/985 701/702/681
f 687/694/667 992/735/972 1528/708/1508 1017/726/997
f 992/735/972 690/702/670 1020/733/1000 1528/708/1508
f 1528/708/1508 1020/733/1000 699/702/679 1009/735/989
f 1017/726/997 1528/708/1508 1009/735/989 696/694/676
f 696/694/676 1009/735/989 1529/708/1509 1030/726/1010
f 1009/735/989 699/702/679 1031/733/1011 1529/708/1509
f 1529/708/1509 1031/733/1011 708/702/688 1026/735/1006
f 1030/726/1010 1529/708/1509 1026/735/1006 705/694/685
f 768/695/748 1006/750/986 1530/751/1510 1034/721/1014
f 1006/750/986 769/711/749 1035/752/1015 1530/751/1510
f 1530/751/1510 1035/752/1015 771/753/751 1023/754/1003
f 1034/721/1014 1530/751/1510 1023/754/1003 770/695/750
f 769/711/749 1010/748/990 1531/755/1511 1035/752/1015
f 1010/748/990 698/696/678 1036/696/1016 1531/755/1511
f 1531/755/1511 1036/696/1016 707/696/687 1027/756/1007
f 1035/752/1015 1531/755/1511 1027/756/1007 771/753/751
f 693/694/673 1007/693/987 1532/693/1512 1037/694/1017
f 1007/693/987 768/695/748 1034/721/1014 1532/693/1512
f 1532/693/1512 1034/721/1014 770/695/750 1024/693/1004
f 1037/694/1017 1532/693/1512 1024/693/1004 702/694/682
f 698/721/678 1011/725/991 1533/692/1513 1036/718/1016
f 1011/725/991 696/694/676 1030/726/1010 1533/692/1513
f 1533/692/1513 1030/726/1010 705/694/685 1028/725/1008
f 1036/718/1016 1533/692/1513 1028/725/1008 707/721/687
f 700/727/680 1008/728/988 1534/729/1514 1032/730/1012
f 1008/728/988 701/702/681 1038/731/1018 1534/729/1514
f 1534/729/1514 1038/731/1018 710/702/690 1025/728/1005
f 1032/730/1012 1534/729/1514 1025/728/1005 709/727/689
f 699/702/679 1012/732/992 1535/729/1515 1031/733/1011
f 1012/732/992 697/727/677 1033/730/1013 1535/729/1515
f 1535/729/1515 1033/730/1013 706/727/686 1029/732/1009
f 1031/733/1011 1535/729/1515 1029/732/1009 708/702/688
f 701/702/681 1005/707/985 1536/734/1516 1038/731/1018
f 1005/707/985 693/722/673 1037/724/1017 1536/734/1516
f 1536/734/1516 1037/724/1017 702/722/682 1022/707/1002
f 1038/731/1018 1536/734/1516 1022/707/1002 710/702/690
f 707/721/687 1028/725/1008 1537/692/1517 1047/718/1027
f 1028/725/1008 705/694/685 1048/726/1028 1537/692/1517
f 1537/692/1517 1048/726/1028 714/694/694 1045/725/1025
f 1047/718/1027 1537/692/1517 1045/725/1025 716/721/696
f 709/727/689 1025/728/1005 1538/729/1518 1049/730/1029
f 1025/728/1005 710/702/690 1050/731/1030 1538/729/1518
f 1538/729/1518 1050/731/1030 719/702/699 1042/728/1022
f 1049/730/1029 1538/729/1518 1042/728/1022 718/727/698
f 708/702/688 1029/732/1009 1539/729/1519 1051/733/1031
f 1029/732/1009 706/727/686 1052/730/1032 1539/729/1519
f 1539/729/1519 1052/730/1032 715/727/695 1046/732/1026
f 1051/733/1031 1539/729/1519 1046/732/1026 717/702/697
f 710/702/690 1022/707/1002 1540/734/1520 1050/731/1030
f 1022/707/1002 702/722/682 1053/724/1033 1540/734/1520
f 1540/734/1520 1053/724/1033 711/722/691 1039/707/1019
f 1050/731/1030 1540/734/1520 1039/707/1019 719/702/699
f 705/694/685 1026/735/1006 1541/708/1521 1048/726/1028
f 1026/735/1006 708/702/688 1051/733/1031 1541/708/1521
f 1541/708/1521 1051/733/1031 717/702/697 1043/735/1023
f 1048/726/1028 1541/708/1521 1043/735/1023 714/694/694
f 703/757/683 1157/758/1137 1542/759/1522 1171/760/1151
f 1157/758/1137 712/761/692 1170/762/1150 1542/759/1522
f 1542/759/1522 1170/762/1150 781/763/761 1169/764/1149
f 1171/760/1151 1542/759/1522 1169/764/1149 779/765/759
f 771/753/751 1027/756/1007 1543/766/1523 1055/767/1035
f 1027/756/1007 707/696/687 1047/696/1027 1543/766/1523
f 1543/766/1523 1047/696/1027 716/696/696 1044/768/1024
f 1055/767/1035 1543/766/1523 1044/768/1024 773/769/753
f 702/694/682 1024/693/1004 1544/693/1524 1053/694/1033
f 1024/693/1004 770/695/750 1054/749/1034 1544/693/1524
f 1544/693/1524 1054/749/1034 772/695/752 1041/693/1021
f 1053/694/1033 1544/693/1524 1041/693/1021 711/694/691
f 773/769/753 1044/768/1024 1545/770/1525 1064/771/1044
f 1044/768/1024 716/696/696 1065/696/1045 1545/770/1525
f 1545/770/1525 1065/696/1045 725/696/705 1061/714/1041
f 1064/771/1044 1545/770/1525 1061/714/1041 721/713/701
f 711/694/691 1041/693/1021 1546/693/1526 1066/694/1046
f 1041/693/1021 772/695/752 1067/696/1047 1546/693/1526
f 1546/693/1526 1067/696/1047 722/696/702 1058/693/1038
f 1066/694/1046 1546/693/1526 1058/693/1038 720/694/700
f 716/721/696 1045/725/1025 1547/692/1527 1065/718/1045
f 1045/725/1025 714/694/694 1068/726/1048 1547/692/1527
f 1547/692/1527 1068/726/1048 723/694/703 1062/725/1042
f 1065/718/1045 1547/692/1527 1062/725/1042 725/721/705
f 718/727/698 1042/728/1022 1548/729/1528 1069/730/1049
f 1042/728/1022 719/702/699 1070/731/1050 1548/729/1528
f 1548/729/1528 1070/731/1050 728/702/708 1059/728/1039
f 1069/730/1049 1548/729/1528 1059/728/1039 727/727/707
f 717/702/697 1046/732/1026 1549/729/1529 1071/733/1051
f 1046/732/1026 715/727/695 1072/730/1052 1549/729/1529
f 1549/729/1529 1072/730/1052 724/727/704 1063/732/1043
f 1071/733/1051 1549/729/1529 1063/732/1043 726/702/706
f 719/702/699 1039/707/1019 1550/734/1530 1070/731/1050
f 1039/707/1019 711/722/691 1066/724/1046 1550/734/1530
f 1550/734/1530 1066/724/1046 720/722/700 1056/707/1036
f 1070/731/1050 1550/734/1530 1056/707/1036 728/702/708
f 714/694/694 1043/735/1023 1551/708/1531 1068/726/1048
f 1043/735/1023 717/702/697 1071/733/1051 1551/708/1531
f 1551/708/1531 1071/733/1051 726/702/706 1060/735/1040
f 1068/726/1048 1551/708/1531 1060/735/1040 723/694/703
f 772/695/752 1040/772/1020 1552/770/1532 1067/696/1047
f 1040/772/1020 773/769/753 1064/771/1044 1552/770/1532
f 1552/770/1532 1064/771/1044 721/713/701 1057/714/1037
f 1067/696/1047 1552/770/1532 1057/714/1037 722/696/702
f 722/696/702 1057/716/1037 1553/717/1533 1083/718/1063
f 1057/716/1037 721/719/701 1084/720/1064 1553/717/1533
f 1553/717/1533 1084/720/1064 730/719/710 1074/716/1054
f 1083/718/1063 1553/717/1533 1074/716/1054 731/696/711
f 721/719/701 1061/716/1041 1554/714/1534 1084/720/1064
f 1061/716/1041 725/721/705 1085/718/1065 1554/714/1534
f 1554/714/1534 1085/718/1065 734/721/714 1078/716/1058
f 1084/720/1064 1554/714/1534 1078/716/1058 730/719/710
f 720/722/700 1058/723/1038 1555/693/1535 1086/724/1066
f 1058/723/1038 722/696/702 1083/718/1063 1555/693/1535
f 1555/693/1535 1083/718/1063 731/696/711 1075/723/1055
f 1086/724/1066 1555/693/1535 1075/723/1055 729/722/709
f 725/721/705 1062/725/1042 1556/692/1536 1085/718/1065
f 1062/725/1042 723/694/703 1087/726/1067 1556/692/1536
f 1556/692/1536 1087/726/1067 732/694/712 1079/725/1059
f 1085/718/1065 1556/692/1536 1079/725/1059 734/721/714
f 727/727/707 1059/728/1039 1557/729/1537 1081/730/1061
f 1059/728/1039 728/702/708 1088/731/1068 1557/729/1537
f 1557/729/1537 1088/731/1068 737/702/717 1076/728/1056
f 1081/730/1061 1557/729/1537 1076/728/1056 736/727/716
f 726/702/706 1063/732/1043 1558/729/1538 1089/733/1069
f 1063/732/1043 724/727/704 1082/730/1062 1558/729/1538
f 1558/729/1538 1082/730/1062 733/727/713 1080/732/1060
f 1089/733/1069 1558/729/1538 1080/732/1060 735/702/715
f 728/702/708 1056/707/1036 1559/734/1539 1088/731/1068
f 1056/707/1036 720/722/700 1086/724/1066 1559/734/1539
f 1559/734/1539 1086/724/1066 729/722/709 1073/707/1053
f 1088/731/1068 1559/734/1539 1073/707/1053 737/702/717
f 723/694/703 1060/735/1040 1560/708/1540 1087/726/1067
f 1060/735/1040 726/702/706 1089/733/1069 1560/708/1540
f 1560/708/1540 1089/733/1069 735/702/715 1077/735/1057
f 1087/726/1067 1560/708/1540 1077/735/1057 732/694/712
f 736/727/716 1076/728/1056 1561/729/1541 1098/730/1078
f 1076/728/1056 737/702/717 1099/731/1079 1561/729/1541
f 1561/729/1541 1099/731/1079 746/702/726 1093/728/1073
f 1098/730/1078 1561/729/1541 1093/728/1073 745/727/725
f 735/702/715 1080/732/1060 1562/729/1542 1100/733/1080
f 1080/732/1060 733/727/713 1101/730/1081 1562/729/1542
f 1562/729/1542 1101/730/1081 742/727/722 1097/732/1077
f 1100/733/1080 1562/729/1542 1097/732/1077 744/702/724
f 737/702/717 1073/708/1053 1563/773/1543 1099/702/1079
f 1073/708/1053 729/694/709 1102/774/1082 1563/773/1543
f 1563/773/1543 1102/774/1082 738/775/718 1090/776/1070
f 1099/702/1079 1563/773/1543 1090/776/1070 746/702/726
f 732/694/712 1077/708/1057 1564/708/1544 1103/691/1083
f 1077/708/1057 735/705/715 1100/705/1080 1564/708/1544
f 1564/708/1544 1100/705/1080 744/705/724 1094/776/1074
f 1103/691/1083 1564/708/1544 1094/776/1074 741/775/721
f 731/696/711 1074/714/1054 1565/714/1545 1104/777/1084
f 1074/714/1054 730/713/710 1105/713/1085 1565/714/1545
f 1565/714/1545 1105/713/1085 739/713/719 1091/778/1071
f 1104/777/1084 1565/714/1545 1091/778/1071 740/695/720
f 730/713/710 1078/714/1058 1566/779/1546 1105/713/1085
f 1078/714/1058 734/696/714 1106/777/1086 1566/779/1546
f 1566/779/1546 1106/777/1086 743/695/723 1095/780/1075
f 1105/713/1085 1566/779/1546 1095/780/1075 739/713/719
f 729/694/709 1075/693/1055 1567/781/1547 1102/774/1082
f 1075/693/1055 731/696/711 1104/777/1084 1567/781/1547
f 1567/781/1547 1104/777/1084 740/695/720 1092/782/1072
f 1102/774/1082 1567/781/1547 1092/782/1072 738/775/718
f 734/696/714 1079/692/1059 1568/783/1548 1106/777/1086
f 1079/692/1059 732/694/712 1103/691/1083 1568/783/1548
f 1568/783/1548 1103/691/1083 741/775/721 1096/783/1076
f 1106/777/1086 1568/783/1548 1096/783/1076 743/695/723
f 739/713/719 1095/780/1075 1569/784/1549 1115/785/1095
f 1095/780/1075 743/695/723 1116/786/1096 1569/784/1549
f 1569/784/1549 1116/786/1096 764/695/744 1112/709/1092
f 1115/785/1095 1569/784/1549 1112/709/1092 760/711/740
f 799/787/779 1221/788/1201 1570/789/1550 1215/790/1195
f 1221/788/1201 798/787/778 1200/791/1180 1570/789/1550
f 1570/789/1550 1200/791/1180 792/792/772 1197/793/1177
f 1215/790/1195 1570/789/1550 1197/793/1177 788/792/768
f 795/787/775 1213/794/1193 1571/783/1551 1207/795/1187
f 1213/794/1193 794/796/774 1198/797/1178 1571/783/1551
f 1571/783/1551 1198/797/1178 787/798/767 1190/693/1170
f 1207/795/1187 1571/783/1551 1190/693/1170 786/792/766
f 745/704/725 1093/703/1073 1572/799/1552 1120/800/1100
f 1093/703/1073 746/702/726 1121/801/1101 1572/799/1552
f 1572/799/1552 1121/801/1101 756/701/736 1110/802/1090
f 1120/800/1100 1572/799/1552 1110/802/1090 758/697/738
f 744/705/724 1097/706/1077 1573/803/1553 1122/804/1102
f 1097/706/1077 742/704/722 1123/800/1103 1573/803/1553
f 1573/803/1553 1123/800/1103 763/697/743 1114/698/1094
f 1122/804/1102 1573/803/1553 1114/698/1094 761/701/741
f 746/702/726 1090/776/1070 1574/805/1554 1121/801/1101
f 1090/776/1070 738/775/718 1117/806/1097 1574/805/1554
f 1574/805/1554 1117/806/1097 757/691/737 1107/707/1087
f 1121/801/1101 1574/805/1554 1107/707/1087 756/701/736
f 741/775/721 1094/776/1074 1575/807/1555 1119/808/1099
f 1094/776/1074 744/705/724 1122/804/1102 1575/807/1555
f 1575/807/1555 1122/804/1102 761/701/741 1111/809/1091
f 1119/808/1099 1575/807/1555 1111/809/1091 762/810/742
f 740/695/720 1091/778/1071 1576/811/1556 1118/812/1098
f 1091/778/1071 739/713/719 1115/785/1095 1576/811/1556
f 1576/811/1556 1115/785/1095 760/711/740 1108/813/1088
f 1118/812/1098 1576/811/1556 1108/813/1088 759/695/739
f 765/814/745 1141/815/1121 1577/816/1557 1145/817/1125
f 1141/815/1121 748/818/728 1129/819/1109 1577/816/1557
f 1577/816/1557 1129/819/1109 752/820/732 1130/821/1110
f 1145/817/1125 1577/816/1557 1130/821/1110 750/822/730
f 747/823/727 1124/824/1104 1578/825/1558 1132/826/1112
f 1124/824/1104 755/827/735 1133/828/1113 1578/825/1558
f 1578/825/1558 1133/828/1113 756/829/736 1107/707/1087
f 1132/826/1112 1578/825/1558 1107/707/1087 757/691/737
f 748/818/728 1125/830/1105 1579/831/1559 1135/832/1115
f 1125/830/1105 749/833/729 1136/834/1116 1579/831/1559
f 1579/831/1559 1136/834/1116 759/695/739 1108/835/1088
f 1135/832/1115 1579/831/1559 1108/835/1088 760/711/740
f 749/836/729 1126/837/1106 1580/838/1560 1136/834/1116
f 1126/837/1106 747/823/727 1132/826/1112 1580/838/1560
f 1580/838/1560 1132/826/1112 757/691/737 1109/692/1089
f 1136/834/1116 1580/838/1560 1109/692/1089 759/718/739
f 755/839/735 1127/840/1107 1581/841/1561 1133/828/1113
f 1127/840/1107 754/842/734 1134/843/1114 1581/841/1561
f 1581/841/1561 1134/843/1114 758/697/738 1110/844/1090
f 1133/828/1113 1581/841/1561 1110/844/1090 756/701/736
f 753/845/733 1128/846/1108 1582/847/1562 1137/828/1117
f 1128/846/1108 750/848/730 1138/849/1118 1582/847/1562
f 1582/847/1562 1138/849/1118 762/810/742 1111/809/1091
f 1137/828/1117 1582/847/1562 1111/809/1091 761/701/741
f 752/820/732 1129/830/1109 1583/850/1563 1140/851/1120
f 1129/830/1109 748/818/728 1135/832/1115 1583/850/1563
f 1583/850/1563 1135/832/1115 760/852/740 1112/709/1092
f 1140/851/1120 1583/850/1563 1112/709/1092 764/718/744
f 750/848/730 1130/821/1110 1584/853/1564 1138/849/1118
f 1130/821/1110 752/854/732 1140/851/1120 1584/853/1564
f 1584/853/1564 1140/851/1120 764/695/744 1113/855/1093
f 1138/849/1118 1584/853/1564 1113/855/1093 762/810/742
f 751/856/731 1131/857/1111 1585/858/1565 1139/859/1119
f 1131/857/1111 753/860/733 1137/828/1117 1585/858/1565
f 1585/858/1565 1137/828/1117 761/829/741 1114/698/1094
f 1139/859/1119 1585/858/1565 1114/698/1094 763/861/743
f 747/862/727 1126/863/1106 1586/864/1566 1144/865/1124
f 1126/863/1106 749/833/729 1125/866/1105 1586/864/1566
f 1586/864/1566 1125/866/1105 748/818/728 1141/815/1121
f 1144/865/1124 1586/864/1566 1141/815/1121 765/814/745
f 755/827/735 1124/824/1104 1587/867/1567 1127/840/1107
f 1124/824/1104 747/823/727 1144/865/1124 1587/867/1567
f 1587/867/1567 1144/865/1124 765/814/745 1142/868/1122
f 1127/840/1107 1587/867/1567 1142/868/1122 754/842/734
f 751/856/731 1143/869/1123 1588/870/1568 1131/857/1111
f 1143/869/1123 765/814/745 1145/817/1125 1588/870/1568
f 1588/870/1568 1145/817/1125 750/848/730 1128/846/1108
f 1131/857/1111 1588/870/1568 1128/846/1108 753/845/733
f 685/743/665 1146/871/1126 1589/872/1569 1150/873/1130
f 1146/871/1126 686/739/666 1151/874/1131 1589/872/1569
f 1589/872/1569 1151/874/1131 766/695/746 989/875/969
f 1150/873/1130 1589/872/1569 989/875/969 767/711/747
f 695/876/675 1147/871/1127 1590/877/1570 1152/878/1132
f 1147/871/1127 694/879/674 1153/880/1133 1590/877/1570
f 1590/877/1570 1153/880/1133 769/711/749 1006/750/986
f 1152/878/1132 1590/877/1570 1006/750/986 768/695/748
f 686/881/666 1148/882/1128 1591/883/1571 1151/874/1131
f 1148/882/1128 695/884/675 1152/878/1132 1591/883/1571
f 1591/883/1571 1152/878/1132 768/718/748 1013/749/993
f 1151/874/1131 1591/883/1571 1013/749/993 766/718/746
f 694/885/674 1149/886/1129 1592/887/1572 1153/880/1133
f 1149/886/1129 685/888/665 1150/873/1130 1592/887/1572
f 1592/887/1572 1150/873/1130 767/852/747 1014/747/994
f 1153/880/1133 1592/887/1572 1014/747/994 769/852/749
f 703/757/683 1154/889/1134 1593/890/1573 1158/891/1138
f 1154/889/1134 704/892/684 1159/893/1139 1593/890/1573
f 1593/890/1573 1159/893/1139 770/695/750 1023/894/1003
f 1158/891/1138 1593/890/1573 1023/894/1003 771/753/751
f 713/895/693 1155/896/1135 1594/897/1574 1160/898/1140
f 1155/896/1135 712/761/692 1161/899/1141 1594/897/1574
f 1594/897/1574 1161/899/1141 773/769/753 1040/772/1020
f 1160/898/1140 1594/897/1574 1040/772/1020 772/695/752
f 704/900/684 1156/901/1136 1595/902/1575 1159/893/1139
f 1156/901/1136 713/903/693 1160/898/1140 1595/902/1575
f 1595/902/1575 1160/898/1140 772/718/752 1054/749/1034
f 1159/893/1139 1595/902/1575 1054/749/1034 770/718/750
f 712/761/692 1157/904/1137 1596/905/1576 1161/899/1141
f 1157/904/1137 703/757/683 1158/891/1138 1596/905/1576
f 1596/905/1576 1158/891/1138 771/753/751 1055/906/1035
f 1161/899/1141 1596/905/1576 1055/906/1035 773/769/753
f 779/907/759 1169/908/1149 1597/909/1577 1183/910/1163
f 1169/908/1149 781/911/761 1182/912/1162 1597/909/1577
f 1597/909/1577 1182/912/1162 785/913/765 1181/914/1161
f 1183/910/1163 1597/909/1577 1181/914/1161 783/915/763
f 712/761/692 1155/916/1135 1598/917/1578 1170/918/1150
f 1155/916/1135 713/895/693 1174/919/1154 1598/917/1578
f 1598/917/1578 1174/919/1154 780/920/760 1167/921/1147
f 1170/918/1150 1598/917/1578 1167/921/1147 781/911/761
f 685/743/665 1149/886/1129 1599/922/1579 1172/744/1152
f 1149/886/1129 694/879/674 1175/923/1155 1599/922/1579
f 1599/922/1579 1175/923/1155 777/879/757 1165/886/1145
f 1172/744/1152 1599/922/1579 1165/886/1145 775/743/755
f 694/879/674 1147/924/1127 1600/925/1580 1175/923/1155
f 1147/924/1127 695/876/675 1176/926/1156 1600/925/1580
f 1600/925/1580 1176/926/1156 776/876/756 1163/927/1143
f 1175/923/1155 1600/925/1580 1163/927/1143 777/879/757
f 713/895/693 1156/928/1136 1601/929/1581 1174/919/1154
f 1156/928/1136 704/892/684 1177/930/1157 1601/929/1581
f 1601/929/1581 1177/930/1157 778/931/758 1168/932/1148
f 1174/919/1154 1601/929/1581 1168/932/1148 780/920/760
f 704/892/684 1154/933/1134 1602/934/1582 1177/930/1157
f 1154/933/1134 703/757/683 1171/935/1151 1602/934/1582
f 1602/934/1582 1171/935/1151 779/907/759 1166/936/1146
f 1177/930/1157 1602/934/1582 1166/936/1146 778/931/758
f 695/876/675 1148/882/1128 1603/937/1583 1176/926/1156
f 1148/882/1128 686/739/666 1173/742/1153 1603/937/1583
f 1603/937/1583 1173/742/1153 774/739/754 1164/882/1144
f 1176/926/1156 1603/937/1583 1164/882/1144 776/876/756
f 781/911/761 1167/921/1147 1604/938/1584 1182/912/1162
f 1167/921/1147 780/920/760 1184/939/1164 1604/938/1584
f 1604/938/1584 1184/939/1164 784/895/764 1179/921/1159
f 1182/912/1162 1604/938/1584 1179/921/1159 785/913/765
f 780/920/760 1168/932/1148 1605/929/1585 1184/939/1164
f 1168/932/1148 778/931/758 1185/930/1165 1605/929/1585
f 1605/929/1585 1185/930/1165 782/892/762 1180/928/1160
f 1184/939/1164 1605/929/1585 1180/928/1160 784/895/764
f 778/931/758 1166/936/1146 1606/936/1586 1185/930/1165
f 1166/936/1146 779/907/759 1183/910/1163 1606/936/1586
f 1606/936/1586 1183/910/1163 783/915/763 1178/940/1158
f 1185/930/1165 1606/936/1586 1178/940/1158 782/892/762
f 784/895/764 1180/928/1160 1607/941/1587 1186/942/1166
f 1180/928/1160 782/892/762 1187/943/1167 1607/941/1587
f 1607/941/1587 1187/943/1167 776/876/756 1164/882/1144
f 1186/942/1166 1607/941/1587 1164/882/1144 774/739/754
f 782/892/762 1178/940/1158 1608/944/1588 1187/943/1167
f 1178/940/1158 783/915/763 1188/945/1168 1608/944/1588
f 1608/944/1588 1188/945/1168 777/879/757 1163/927/1143
f 1187/943/1167 1608/944/1588 1163/927/1143 776/876/756
f 783/915/763 1181/914/1161 1609/946/1589 1188/945/1168
f 1181/914/1161 785/913/765 1189/947/1169 1609/946/1589
f 1609/946/1589 1189/947/1169 775/743/755 1165/886/1145
f 1188/945/1168 1609/946/1589 1165/886/1145 777/879/757
f 785/913/765 1179/921/1159 1610/948/1590 1189/947/1169
f 1179/921/1159 784/895/764 1186/942/1166 1610/948/1590
f 1610/948/1590 1186/942/1166 774/739/754 1162/745/1142
f 1189/947/1169 1610/948/1590 1162/745/1142 775/743/755
f 786/792/766 1190/693/1170 1611/692/1591 1195/949/1175
f 1190/693/1170 787/798/767 1196/950/1176 1611/692/1591
f 1611/692/1591 1196/950/1176 791/695/771 1192/692/1172
f 1195/949/1175 1611/692/1591 1192/692/1172 790/691/770
f 789/798/769 1191/692/1171 1612/783/1592 1194/951/1174
f 1191/692/1171 788/792/768 1197/952/1177 1612/783/1592
f 1612/783/1592 1197/952/1177 792/792/772 1193/692/1173
f 1194/951/1174 1612/783/1592 1193/692/1173 793/953/773
f 796/954/776 1212/955/1192 1613/956/1593 1208/694/1188
f 1212/955/1192 795/787/775 1207/795/1187 1613/956/1593
f 1613/956/1593 1207/795/1187 786/792/766 1195/957/1175
f 1208/694/1188 1613/956/1593 1195/957/1175 790/691/770
f 798/787/778 1220/794/1200 1614/958/1594 1200/791/1180
f 1220/794/1200 800/796/780 1203/959/1183 1614/958/1594
f 1614/958/1594 1203/959/1183 793/953/773 1193/692/1173
f 1200/791/1180 1614/958/1594 1193/692/1173 792/792/772
f 797/718/777 1211/692/1191 1615/693/1595 1209/749/1189
f 1211/692/1191 796/691/776 1208/694/1188 1615/693/1595
f 1615/693/1595 1208/694/1188 790/724/770 1192/692/1172
f 1209/749/1189 1615/693/1595 1192/692/1172 791/718/771
f 794/796/774 1210/960/1190 1616/961/1596 1198/797/1178
f 1210/960/1190 797/695/777 1209/749/1189 1616/961/1596
f 1616/961/1596 1209/749/1189 791/695/771 1196/950/1176
f 1198/797/1178 1616/961/1596 1196/950/1176 787/798/767
f 801/962/781 1219/794/1199 1617/782/1597 1217/963/1197
f 1219/794/1199 799/787/779 1215/790/1195 1617/782/1597
f 1617/782/1597 1215/790/1195 788/792/768 1191/692/1171
f 1217/963/1197 1617/782/1597 1191/692/1171 789/798/769
f 800/796/780 1218/964/1198 1618/965/1598 1203/959/1183
f 1218/964/1198 801/962/781 1217/963/1197 1618/965/1598
f 1618/965/1598 1217/963/1197 789/798/769 1194/966/1174
f 1203/959/1183 1618/965/1598 1194/966/1174 793/953/773
f 740/695/720 1118/967/1098 1619/968/1599 1206/969/1186
f 1118/967/1098 759/695/739 1204/970/1184 1619/968/1599
f 1619/968/1599 1204/970/1184 797/695/777 1210/960/1190
f 1206/969/1186 1619/968/1599 1210/960/1190 794/796/774
f 759/695/739 1109/692/1089 1620/693/1600 1204/970/1184
f 1109/692/1089 757/691/737 1202/971/1182 1620/693/1600
f 1620/693/1600 1202/971/1182 796/954/776 1211/692/1191
f 1204/970/1184 1620/693/1600 1211/692/1191 797/695/777
f 757/691/737 1117/972/1097 1621/973/1601 1202/971/1182
f 1117/972/1097 738/775/718 1199/974/1179 1621/973/1601
f 1621/973/1601 1199/974/1179 795/787/775 1212/955/1192
f 1202/971/1182 1621/973/1601 1212/955/1192 796/954/776
f 738/775/718 1092/782/1072 1622/794/1602 1199/974/1179
f 1092/782/1072 740/695/720 1206/969/1186 1622/794/1602
f 1622/794/1602 1206/969/1186 794/796/774 1213/794/1193
f 1199/974/1179 1622/794/1602 1213/794/1193 795/787/775
f 764/695/744 1116/786/1096 1623/975/1603 1216/976/1196
f 1116/786/1096 743/695/723 1205/977/1185 1623/975/1603
f 1623/975/1603 1205/977/1185 801/962/781 1218/964/1198
f 1216/976/1196 1623/975/1603 1218/964/1198 800/796/780
f 743/695/723 1096/783/1076 1624/693/1604 1205/977/1185
f 1096/783/1076 741/775/721 1201/978/1181 1624/693/1604
f 1624/693/1604 1201/978/1181 799/787/779 1219/794/1199
f 1205/977/1185 1624/693/1604 1219/794/1199 801/962/781
f 762/810/742 1113/855/1093 1625/979/1605 1214/980/1194
f 1113/855/1093 764/695/744 1216/976/1196 1625/979/1605
f 1625/979/1605 1216/976/1196 800/796/780 1220/794/1200
f 1214/980/1194 1625/979/1605 1220/794/1200 798/787/778
f 741/775/721 1119/981/1099 1626/982/1606 1201/978/1181
f 1119/981/1099 762/810/742 1214/980/1194 1626/982/1606
f 1626/982/1606 1214/980/1194 798/787/778 1221/788/1201
f 1201/978/1181 1626/982/1606 1221/788/1201 799/787/779
f 802/691/782 1238/694/1218 1627/693/1607 1224/692/1204
f 1238/694/1218 809/694/789 1232/693/1212 1627/693/1607
f 1627/693/1607 1232/693/1212 811/721/791 1239/721/1219
f 1224/692/1204 1627/693/1607 1239/721/1219 804/695/784
f 806/695/786 1240/696/1220 1628/693/1608 1228/692/1208
f 1240/696/1220 813/696/793 1236/693/1216 1628/693/1608
f 1628/693/1608 1236/693/1216 812/722/792 1241/722/1221
f 1228/692/1208 1628/693/1608 1241/722/1221 805/691/785
f 655/697/635 949/700/929 1629/699/1609 1225/698/1205
f 949/700/929 664/704/644 1233/706/1213 1629/699/1609
f 1629/699/1609 1233/706/1213 815/701/795 1242/701/1222
f 1225/698/1205 1629/699/1609 1242/701/1222 808/701/788
f 807/701/787 1243/702/1223 1630/699/1610 1229/698/1209
f 1243/702/1223 814/702/794 1237/703/1217 1630/699/1610
f 1630/699/1610 1237/703/1217 661/704/641 952/700/932
f 1229/698/1209 1630/699/1610 952/700/932 652/697/632
f 808/701/788 1242/701/1222 1631/708/1611 1222/707/1202
f 1242/701/1222 815/701/795 1230/708/1210 1631/708/1611
f 1631/708/1611 1230/708/1210 809/694/789 1238/694/1218
f 1222/707/1202 1631/708/1611 1238/694/1218 802/691/782
f 805/691/785 1241/722/1221 1632/708/1612 1226/707/1206
f 1241/722/1221 812/722/792 1234/708/1214 1632/708/1612
f 1632/708/1612 1234/708/1214 814/702/794 1243/702/1223
f 1226/707/1206 1632/708/1612 1243/702/1223 807/701/787
f 804/695/784 1239/721/1219 1633/715/1613 1223/709/1203
f 1239/721/1219 811/721/791 1231/714/1211 1633/715/1613
f 1633/715/1613 1231/714/1211 810/713/790 1244/712/1224
f 1223/709/1203 1633/715/1613 1244/712/1224 803/711/783
f 803/711/783 1244/712/1224 1634/710/1614 1227/709/1207
f 1244/712/1224 810/713/790 1235/714/1215 1634/710/1614
f 1634/710/1614 1235/714/1215 813/696/793 1240/696/1220
f 1227/709/1207 1634/710/1614 1240/696/1220 806/695/786
f 811/983/791 1253/718/1233 1635/717/1615 1231/716/1211
f 1253/718/1233 818/983/798 1246/716/1226 1635/717/1615
f 1635/717/1615 1246/716/1226 817/719/797 1254/984/1234
f 1231/716/1211 1635/717/1615 1254/984/1234 810/719/790
f 810/719/790 1254/984/1234 1636/714/1616 1235/985/1215
f 1254/984/1234 817/719/797 1250/985/1230 1636/714/1616
f 1636/714/1616 1250/985/1230 820/696/800 1255/986/1235
f 1235/985/1215 1636/714/1616 1255/986/1235 813/696/793
f 809/722/789 1256/987/1236 1637/693/1617 1232/723/1212
f 1256/987/1236 816/722/796 1247/723/1227 1637/693/1617
f 1637/693/1617 1247/723/1227 818/983/798 1253/718/1233
f 1232/723/1212 1637/693/1617 1253/718/1233 811/983/791
f 813/696/793 1255/986/1235 1638/692/1618 1236/725/1216
f 1255/986/1235 820/696/800 1251/725/1231 1638/692/1618
f 1638/692/1618 1251/725/1231 819/694/799 1257/726/1237
f 1236/725/1216 1638/692/1618 1257/726/1237 812/694/792
f 664/704/644 967/730/947 1639/988/1619 1233/989/1213
f 967/730/947 673/704/653 1248/989/1228 1639/988/1619
f 1639/988/1619 1248/989/1228 822/702/802 1258/731/1238
f 1233/989/1213 1639/988/1619 1258/731/1238 815/702/795
f 814/702/794 1259/731/1239 1640/706/1620 1237/732/1217
f 1259/731/1239 821/702/801 1252/732/1232 1640/706/1620
f 1640/706/1620 1252/732/1232 670/704/650 970/730/950
f 1237/732/1217 1640/706/1620 970/730/950 661/704/641
f 815/702/795 1258/731/1238 1641/708/1621 1230/990/1210
f 1258/731/1238 822/702/802 1245/990/1225 1641/708/1621
f 1641/708/1621 1245/990/1225 816/722/796 1256/987/1236
f 1230/990/1210 1641/708/1621 1256/987/1236 809/722/789
f 812/694/792 1257/726/1237 1642/707/1622 1234/991/1214
f 1257/726/1237 819/694/799 1249/991/1229 1642/707/1622
f 1642/707/1622 1249/991/1229 821/702/801 1259/731/1239
f 1234/991/1214 1642/707/1622 1259/731/1239 814/702/794
f 819/694/799 1268/726/1248 1643/707/1623 1249/991/1229
f 1268/726/1248 826/694/806 1264/991/1244 1643/707/1623
f 1643/707/1623 1264/991/1244 828/702/808 1269/731/1249
f 1249/991/1229 1643/707/1623 1269/731/1249 821/702/801
f 818/983/798 1270/718/1250 1644/717/1624 1246/716/1226
f 1270/718/1250 825/983/805 1261/716/1241 1644/717/1624
f 1644/717/1624 1261/716/1241 824/719/804 1271/984/1251
f 1246/716/1226 1644/717/1624 1271/984/1251 817/719/797
f 817/719/797 1271/984/1251 1645/714/1625 1250/985/1230
f 1271/984/1251 824/719/804 1265/985/1245 1645/714/1625
f 1645/714/1625 1265/985/1245 827/696/807 1272/986/1252
f 1250/985/1230 1645/714/1625 1272/986/1252 820/696/800
f 816/722/796 1273/987/1253 1646/693/1626 1247/723/1227
f 1273/987/1253 823/722/803 1262/723/1242 1646/693/1626
f 1646/693/1626 1262/723/1242 825/983/805 1270/718/1250
f 1247/723/1227 1646/693/1626 1270/718/1250 818/983/798
f 820/696/800 1272/986/1252 1647/692/1627 1251/725/1231
f 1272/986/1252 827/696/807 1266/725/1246 1647/692/1627
f 1647/692/1627 1266/725/1246 826/694/806 1268/726/1248
f 1251/725/1231 1647/692/1627 1268/726/1248 819/694/799
f 673/704/653 981/730/961 1648/988/1628 1248/989/1228
f 981/730/961 682/704/662 1263/989/1243 1648/988/1628
f 1648/988/1628 1263/989/1243 829/702/809 1274/731/1254
f 1248/989/1228 1648/988/1628 1274/731/1254 822/702/802
f 821/702/801 1269/731/1249 1649/706/1629 1252/732/1232
f 1269/731/1249 828/702/808 1267/732/1247 1649/706/1629
f 1649/706/1629 1267/732/1247 679/704/659 982/730/962
f 1252/732/1232 1649/706/1629 982/730/962 670/704/650
f 822/702/802 1274/731/1254 1650/708/1630 1245/990/1225
f 1274/731/1254 829/702/809 1260/990/1240 1650/708/1630
f 1650/708/1630 1260/990/1240 823/722/803 1273/987/1253
f 1245/990/1225 1650/708/1630 1273/987/1253 816/722/796
f 827/696/807 1283/986/1263 1651/692/1631 1266/725/1246
f 1283/986/1263 834/696/814 1281/725/1261 1651/692/1631
f 1651/692/1631 1281/725/1261 833/694/813 1284/726/1264
f 1266/725/1246 1651/692/1631 1284/726/1264 826/694/806
f 682/704/662 998/730/978 1652/988/1632 1263/989/1243
f 998/730/978 691/704/671 1278/989/1258 1652/988/1632
f 1652/988/1632 1278/989/1258 836/702/816 1285/731/1265
f 1263/989/1243 1652/988/1632 1285/731/1265 829/702/809
f 828/702/808 1286/731/1266 1653/706/1633 1267/732/1247
f 1286/731/1266 835/702/815 1282/732/1262 1653/706/1633
f 1653/706/1633 1282/732/1262 688/704/668 1001/730/981
f 1267/732/1247 1653/706/1633 1001/730/981 679/704/659
f 829/702/809 1285/731/1265 1654/708/1634 1260/990/1240
f 1285/731/1265 836/702/816 1275/990/1255 1654/708/1634
f 1654/708/1634 1275/990/1255 830/722/810 1287/987/1267
f 1260/990/1240 1654/708/1634 1287/987/1267 823/722/803
f 826/694/806 1284/726/1264 1655/707/1635 1264/991/1244
f 1284/726/1264 833/694/813 1279/991/1259 1655/707/1635
f 1655/707/1635 1279/991/1259 835/702/815 1286/731/1266
f 1264/991/1244 1655/707/1635 1286/731/1266 828/702/808
f 825/721/805 1288/696/1268 1656/710/1636 1261/714/1241
f 1288/696/1268 893/695/873 1276/709/1256 1656/710/1636
f 1656/710/1636 1276/709/1256 894/711/874 1289/736/1269
f 1261/714/1241 1656/710/1636 1289/736/1269 824/713/804
f 824/713/804 1289/736/1269 1657/710/1637 1265/714/1245
f 1289/736/1269 894/711/874 1280/992/1260 1657/710/1637
f 1657/710/1637 1280/992/1260 834/696/814 1283/696/1263
f 1265/714/1245 1657/710/1637 1283/696/1263 827/696/807
f 823/694/803 1287/694/1267 1658/693/1638 1262/693/1242
f 1287/694/1267 830/694/810 1277/993/1257 1658/693/1638
f 1658/693/1638 1277/993/1257 893/695/873 1288/696/1268
f 1262/693/1242 1658/693/1638 1288/696/1268 825/721/805
f 832/739/812 1440/994/1420 1659/927/1639 1413/745/1393
f 1440/994/1420 901/995/881 1429/996/1409 1659/927/1639
f 1659/927/1639 1429/996/1409 902/997/882 1439/998/1419
f 1413/745/1393 1659/927/1639 1439/998/1419 831/743/811
f 894/711/874 1299/999/1279 1660/1000/1640 1280/992/1260
f 1299/999/1279 896/1001/876 1295/1002/1275 1660/1000/1640
f 1660/1000/1640 1295/1002/1275 841/696/821 1300/696/1280
f 1280/992/1260 1660/1000/1640 1300/696/1280 834/696/814
f 830/694/810 1301/694/1281 1661/1003/1641 1277/993/1257
f 1301/694/1281 837/694/817 1292/1004/1272 1661/1003/1641
f 1661/1003/1641 1292/1004/1272 895/1005/875 1298/1006/1278
f 1277/993/1257 1661/1003/1641 1298/1006/1278 893/695/873
f 834/696/814 1300/986/1280 1662/692/1642 1281/725/1261
f 1300/986/1280 841/696/821 1296/725/1276 1662/692/1642
f 1662/692/1642 1296/725/1276 840/694/820 1302/726/1282
f 1281/725/1261 1662/692/1642 1302/726/1282 833/694/813
f 691/704/671 1018/730/998 1663/988/1643 1278/989/1258
f 1018/730/998 700/704/680 1293/989/1273 1663/988/1643
f 1663/988/1643 1293/989/1273 843/702/823 1303/731/1283
f 1278/989/1258 1663/988/1643 1303/731/1283 836/702/816
f 835/702/815 1304/731/1284 1664/706/1644 1282/732/1262
f 1304/731/1284 842/702/822 1297/732/1277 1664/706/1644
f 1664/706/1644 1297/732/1277 697/704/677 1021/730/1001
f 1282/732/1262 1664/706/1644 1021/730/1001 688/704/668
f 836/702/816 1303/731/1283 1665/708/1645 1275/990/1255
f 1303/731/1283 843/702/823 1290/990/1270 1665/708/1645
f 1665/708/1645 1290/990/1270 837/722/817 1301/987/1281
f 1275/990/1255 1665/708/1645 1301/987/1281 830/722/810
f 833/694/813 1302/726/1282 1666/707/1646 1279/991/1259
f 1302/726/1282 840/694/820 1294/991/1274 1666/707/1646
f 1666/707/1646 1294/991/1274 842/702/822 1304/731/1284
f 1279/991/1259 1666/707/1646 1304/731/1284 835/702/815
f 840/694/820 1313/726/1293 1667/707/1647 1294/991/1274
f 1313/726/1293 847/694/827 1309/991/1289 1667/707/1647
f 1667/707/1647 1309/991/1289 849/702/829 1314/731/1294
f 1294/991/1274 1667/707/1647 1314/731/1294 842/702/822
f 895/1005/875 1315/1007/1295 1668/1008/1648 1291/1009/1271
f 1315/1007/1295 897/695/877 1306/709/1286 1668/1008/1648
f 1668/1008/1648 1306/709/1286 898/711/878 1316/1010/1296
f 1291/1009/1271 1668/1008/1648 1316/1010/1296 896/1001/876
f 896/1001/876 1316/1010/1296 1669/1011/1649 1295/1002/1275
f 1316/1010/1296 898/711/878 1310/1012/1290 1669/1011/1649
f 1669/1011/1649 1310/1012/1290 848/696/828 1317/696/1297
f 1295/1002/1275 1669/1011/1649 1317/696/1297 841/696/821
f 837/694/817 1318/694/1298 1670/1013/1650 1292/1004/1272
f 1318/694/1298 844/694/824 1307/1014/1287 1670/1013/1650
f 1670/1013/1650 1307/1014/1287 897/695/877 1315/1007/1295
f 1292/1004/1272 1670/1013/1650 1315/1007/1295 895/1005/875
f 841/696/821 1317/986/1297 1671/692/1651 1296/725/1276
f 1317/986/1297 848/696/828 1311/725/1291 1671/692/1651
f 1671/692/1651 1311/725/1291 847/694/827 1313/726/1293
f 1296/725/1276 1671/692/1651 1313/726/1293 840/694/820
f 700/704/680 1032/730/1012 1672/988/1652 1293/989/1273
f 1032/730/1012 709/704/689 1308/989/1288 1672/988/1652
f 1672/988/1652 1308/989/1288 850/702/830 1319/731/1299
f 1293/989/1273 1672/988/1652 1319/731/1299 843/702/823
f 842/702/822 1314/731/1294 1673/706/1653 1297/732/1277
f 1314/731/1294 849/702/829 1312/732/1292 1673/706/1653
f 1673/706/1653 1312/732/1292 706/704/686 1033/730/1013
f 1297/732/1277 1673/706/1653 1033/730/1013 697/704/677
f 843/702/823 1319/731/1299 1674/708/1654 1290/990/1270
f 1319/731/1299 850/702/830 1305/990/1285 1674/708/1654
f 1674/708/1654 1305/990/1285 844/722/824 1318/987/1298
f 1290/990/1270 1674/708/1654 1318/987/1298 837/722/817
f 848/696/828 1328/986/1308 1675/692/1655 1311/725/1291
f 1328/986/1308 855/696/835 1326/725/1306 1675/692/1655
f 1675/692/1655 1326/725/1306 854/694/834 1329/726/1309
f 1311/725/1291 1675/692/1655 1329/726/1309 847/694/827
f 709/704/689 1049/730/1029 1676/988/1656 1308/989/1288
f 1049/730/1029 718/704/698 1323/989/1303 1676/988/1656
f 1676/988/1656 1323/989/1303 857/702/837 1330/731/1310
f 1308/989/1288 1676/988/1656 1330/731/1310 850/702/830
f 849/702/829 1331/731/1311 1677/706/1657 1312/732/1292
f 1331/731/1311 856/702/836 1327/732/1307 1677/706/1657
f 1677/706/1657 1327/732/1307 715/704/695 1052/730/1032
f 1312/732/1292 1677/706/1657 1052/730/1032 706/704/686
f 850/702/830 1330/731/1310 1678/708/1658 1305/990/1285
f 1330/731/1310 857/702/837 1320/990/1300 1678/708/1658
f 1678/708/1658 1320/990/1300 851/722/831 1332/987/1312
f 1305/990/1285 1678/708/1658 1332/987/1312 844/722/824
f 847/694/827 1329/726/1309 1679/707/1659 1309/991/1289
f 1329/726/1309 854/694/834 1324/991/1304 1679/707/1659
f 1679/707/1659 1324/991/1304 856/702/836 1331/731/1311
f 1309/991/1289 1679/707/1659 1331/731/1311 849/702/829
f 845/915/825 1438/1015/1418 1680/1016/1660 1424/1017/1404
f 1438/1015/1418 906/1018/886 1436/1019/1416 1680/1016/1660
f 1680/1016/1660 1436/1019/1416 908/911/888 1437/918/1417
f 1424/1017/1404 1680/1016/1660 1437/918/1417 852/761/832
f 898/711/878 1334/1020/1314 1681/1021/1661 1310/1012/1290
f 1334/1020/1314 900/1022/880 1325/768/1305 1681/1021/1661
f 1681/1021/1661 1325/768/1305 855/696/835 1328/696/1308
f 1310/1012/1290 1681/1021/1661 1328/696/1308 848/696/828
f 844/694/824 1332/694/1312 1682/1023/1662 1307/1014/1287
f 1332/694/1312 851/694/831 1322/1024/1302 1682/1023/1662
f 1682/1023/1662 1322/1024/1302 899/1025/879 1333/1026/1313
f 1307/1014/1287 1682/1023/1662 1333/1026/1313 897/695/877
f 900/1022/880 1343/771/1323 1683/1027/1663 1325/768/1305
f 1343/771/1323 859/713/839 1340/714/1320 1683/1027/1663
f 1683/1027/1663 1340/714/1320 862/696/842 1344/696/1324
f 1325/768/1305 1683/1027/1663 1344/696/1324 855/696/835
f 851/694/831 1345/694/1325 1684/1028/1664 1322/1024/1302
f 1345/694/1325 858/694/838 1337/693/1317 1684/1028/1664
f 1684/1028/1664 1337/693/1317 860/721/840 1346/1029/1326
f 1322/1024/1302 1684/1028/1664 1346/1029/1326 899/1025/879
f 855/696/835 1344/986/1324 1685/692/1665 1326/725/1306
f 1344/986/1324 862/696/842 1341/725/1321 1685/692/1665
f 1685/692/1665 1341/725/1321 861/694/841 1347/726/1327
f 1326/725/1306 1685/692/1665 1347/726/1327 854/694/834
f 718/704/698 1069/730/1049 1686/988/1666 1323/989/1303
f 1069/730/1049 727/704/707 1338/989/1318 1686/988/1666
f 1686/988/1666 1338/989/1318 864/702/844 1348/731/1328
f 1323/989/1303 1686/988/1666 1348/731/1328 857/702/837
f 856/702/836 1349/731/1329 1687/706/1667 1327/732/1307
f 1349/731/1329 863/702/843 1342/732/1322 1687/706/1667
f 1687/706/1667 1342/732/1322 724/704/704 1072/730/1052
f 1327/732/1307 1687/706/1667 1072/730/1052 715/704/695
f 857/702/837 1348/731/1328 1688/708/1668 1320/990/1300
f 1348/731/1328 864/702/844 1335/990/1315 1688/708/1668
f 1688/708/1668 1335/990/1315 858/722/838 1345/987/1325
f 1320/990/1300 1688/708/1668 1345/987/1325 851/722/831
f 854/694/834 1347/726/1327 1689/707/1669 1324/991/1304
f 1347/726/1327 861/694/841 1339/991/1319 1689/707/1669
f 1689/707/1669 1339/991/1319 863/702/843 1349/731/1329
f 1324/991/1304 1689/707/1669 1349/731/1329 856/702/836
f 899/1025/879 1346/1029/1326 1690/1030/1670 1321/1031/1301
f 1346/1029/1326 860/721/840 1336/714/1316 1690/1030/1670
f 1690/1030/1670 1336/714/1316 859/713/839 1343/771/1323
f 1321/1031/1301 1690/1030/1670 1343/771/1323 900/1022/880
f 860/983/840 1358/718/1338 1691/717/1671 1336/716/1316
f 1358/718/1338 867/983/847 1351/716/1331 1691/717/1671
f 1691/717/1671 1351/716/1331 866/719/846 1359/984/1339
f 1336/716/1316 1691/717/1671 1359/984/1339 859/719/839
f 859/719/839 1359/984/1339 1692/714/1672 1340/985/1320
f 1359/984/1339 866/719/846 1355/985/1335 1692/714/1672
f 1692/714/1672 1355/985/1335 869/696/849 1360/986/1340
f 1340/985/1320 1692/714/1672 1360/986/1340 862/696/842
f 858/722/838 1361/987/1341 1693/693/1673 1337/723/1317
f 1361/987/1341 865/722/845 1352/723/1332 1693/693/1673
f 1693/693/1673 1352/723/1332 867/983/847 1358/718/1338
f 1337/723/1317 1693/693/1673 1358/718/1338 860/983/840
f 862/696/842 1360/986/1340 1694/692/1674 1341/725/1321
f 1360/986/1340 869/696/849 1356/725/1336 1694/692/1674
f 1694/692/1674 1356/725/1336 868/694/848 1362/726/1342
f 1341/725/1321 1694/692/1674 1362/726/1342 861/694/841
f 727/704/707 1081/730/1061 1695/988/1675 1338/989/1318
f 1081/730/1061 736/704/716 1353/989/1333 1695/988/1675
f 1695/988/1675 1353/989/1333 871/702/851 1363/731/1343
f 1338/989/1318 1695/988/1675 1363/731/1343 864/702/844
f 863/702/843 1364/731/1344 1696/706/1676 1342/732/1322
f 1364/731/1344 870/702/850 1357/732/1337 1696/706/1676
f 1696/706/1676 1357/732/1337 733/704/713 1082/730/1062
f 1342/732/1322 1696/706/1676 1082/730/1062 724/704/704
f 864/702/844 1363/731/1343 1697/708/1677 1335/990/1315
f 1363/731/1343 871/702/851 1350/990/1330 1697/708/1677
f 1697/708/1677 1350/990/1330 865/722/845 1361/987/1341
f 1335/990/1315 1697/708/1677 1361/987/1341 858/722/838
f 861/694/841 1362/726/1342 1698/707/1678 1339/991/1319
f 1362/726/1342 868/694/848 1354/991/1334 1698/707/1678
f 1698/707/1678 1354/991/1334 870/702/850 1364/731/1344
f 1339/991/1319 1698/707/1678 1364/731/1344 863/702/843
f 736/704/716 1098/730/1078 1699/988/1679 1353/989/1333
f 1098/730/1078 745/704/725 1368/989/1348 1699/988/1679
f 1699/988/1679 1368/989/1348 878/702/858 1373/731/1353
f 1353/989/1333 1699/988/1679 1373/731/1353 871/702/851
f 870/702/850 1374/731/1354 1700/706/1680 1357/732/1337
f 1374/731/1354 877/702/857 1372/732/1352 1700/706/1680
f 1700/706/1680 1372/732/1352 742/704/722 1101/730/1081
f 1357/732/1337 1700/706/1680 1101/730/1081 733/704/713
f 871/701/851 1373/701/1353 1701/773/1681 1350/708/1330
f 1373/701/1353 878/701/858 1365/1032/1345 1701/773/1681
f 1701/773/1681 1365/1032/1345 872/722/852 1375/694/1355
f 1350/708/1330 1701/773/1681 1375/694/1355 865/694/845
f 868/722/848 1376/694/1356 1702/708/1682 1354/708/1334
f 1376/694/1356 875/775/855 1369/776/1349 1702/708/1682
f 1702/708/1682 1369/776/1349 877/702/857 1374/702/1354
f 1354/708/1334 1702/708/1682 1374/702/1354 870/702/850
f 867/721/847 1377/1033/1357 1703/714/1683 1351/714/1331
f 1377/1033/1357 874/721/854 1366/780/1346 1703/714/1683
f 1703/714/1683 1366/780/1346 873/713/853 1378/713/1358
f 1351/714/1331 1703/714/1683 1378/713/1358 866/713/846
f 866/713/846 1378/713/1358 1704/779/1684 1355/714/1335
f 1378/713/1358 873/713/853 1370/1034/1350 1704/779/1684
f 1704/779/1684 1370/1034/1350 876/695/856 1379/696/1359
f 1355/714/1335 1704/779/1684 1379/696/1359 869/696/849
f 865/694/845 1375/694/1355 1705/1035/1685 1352/693/1332
f 1375/694/1355 872/722/852 1367/783/1347 1705/1035/1685
f 1705/1035/1685 1367/783/1347 874/721/854 1377/1033/1357
f 1352/693/1332 1705/1035/1685 1377/1033/1357 867/721/847
f 869/696/849 1379/696/1359 1706/958/1686 1356/693/1336
f 1379/696/1359 876/695/856 1371/781/1351 1706/958/1686
f 1706/958/1686 1371/781/1351 875/775/855 1376/694/1356
f 1356/693/1336 1706/958/1686 1376/694/1356 868/722/848
f 873/713/853 1388/1036/1368 1707/1037/1687 1370/1034/1350
f 1388/1036/1368 889/711/869 1385/813/1365 1707/1037/1687
f 1707/1037/1687 1385/813/1365 892/695/872 1389/967/1369
f 1370/1034/1350 1707/1037/1687 1389/967/1369 876/695/856
f 926/787/906 1482/790/1462 1708/1038/1688 1488/788/1468
f 1482/790/1462 915/792/895 1464/1039/1444 1708/1038/1688
f 1708/1038/1688 1464/1039/1444 919/792/899 1467/1040/1447
f 1488/788/1468 1708/1038/1688 1467/1040/1447 925/1041/905
f 922/1041/902 1474/1040/1454 1709/693/1689 1480/693/1460
f 1474/1040/1454 913/1042/893 1457/692/1437 1709/693/1689
f 1709/693/1689 1457/692/1437 914/798/894 1465/797/1445
f 1480/693/1460 1709/693/1689 1465/797/1445 921/1043/901
f 745/704/725 1120/1044/1100 1710/803/1690 1368/706/1348
f 1120/1044/1100 758/697/738 1383/698/1363 1710/803/1690
f 1710/803/1690 1383/698/1363 886/701/866 1393/804/1373
f 1368/706/1348 1710/803/1690 1393/804/1373 878/701/858
f 877/702/857 1394/1045/1374 1711/799/1691 1372/703/1352
f 1394/1045/1374 890/701/870 1387/844/1367 1711/799/1691
f 1711/799/1691 1387/844/1367 763/697/743 1123/1044/1103
f 1372/703/1352 1711/799/1691 1123/1044/1103 742/704/722
f 878/701/858 1393/804/1373 1712/1046/1692 1365/1032/1345
f 1393/804/1373 886/701/866 1380/1047/1360 1712/1046/1692
f 1712/1046/1692 1380/1047/1360 887/691/867 1390/1048/1370
f 1365/1032/1345 1712/1046/1692 1390/1048/1370 872/722/852
f 875/775/855 1392/806/1372 1713/1049/1693 1369/776/1349
f 1392/806/1372 891/691/871 1384/707/1364 1713/1049/1693
f 1713/1049/1693 1384/707/1364 890/701/870 1394/1045/1374
f 1369/776/1349 1713/1049/1693 1394/1045/1374 877/702/857
f 874/721/854 1391/1050/1371 1714/1051/1694 1366/780/1346
f 1391/1050/1371 888/695/868 1381/709/1361 1714/1051/1694
f 1714/1051/1694 1381/709/1361 889/711/869 1388/1036/1368
f 1366/780/1346 1714/1051/1694 1388/1036/1368 873/713/853
f 765/814/745 1412/817/1392 1715/1052/1695 1410/815/1390
f 1412/817/1392 882/822/862 1401/821/1381 1715/1052/1695
f 1715/1052/1695 1401/821/1381 883/820/863 1400/819/1380
f 1410/815/1390 1715/1052/1695 1400/819/1380 880/818/860
f 879/823/859 1403/1053/1383 1716/1054/1696 1395/824/1375
f 1403/1053/1383 887/691/867 1380/1055/1360 1716/1054/1696
f 1716/1054/1696 1380/1055/1360 886/701/866 1404/828/1384
f 1395/824/1375 1716/1054/1696 1404/828/1384 885/827/865
f 880/818/860 1405/832/1385 1717/1056/1697 1396/830/1376
f 1405/832/1385 889/852/869 1381/709/1361 1717/1056/1697
f 1717/1056/1697 1381/709/1361 888/718/868 1406/834/1386
f 1396/830/1376 1717/1056/1697 1406/834/1386 881/833/861
f 881/836/861 1406/834/1386 1718/838/1698 1397/837/1377
f 1406/834/1386 888/718/868 1382/692/1362 1718/838/1698
f 1718/838/1698 1382/692/1362 887/691/867 1403/1053/1383
f 1397/837/1377 1718/838/1698 1403/1053/1383 879/823/859
f 885/839/865 1404/828/1384 1719/858/1699 1398/840/1378
f 1404/828/1384 886/829/866 1383/698/1363 1719/858/1699
f 1719/858/1699 1383/698/1363 758/861/738 1134/843/1114
f 1398/840/1378 1719/858/1699 1134/843/1114 754/842/734
f 884/845/864 1407/828/1387 1720/1057/1700 1399/846/1379
f 1407/828/1387 890/829/870 1384/707/1364 1720/1057/1700
f 1720/1057/1700 1384/707/1364 891/691/871 1408/1058/1388
f 1399/846/1379 1720/1057/1700 1408/1058/1388 882/848/862
f 883/820/863 1409/851/1389 1721/1059/1701 1400/1060/1380
f 1409/851/1389 892/695/872 1385/813/1365 1721/1059/1701
f 1721/1059/1701 1385/813/1365 889/711/869 1405/832/1385
f 1400/1060/1380 1721/1059/1701 1405/832/1385 880/818/860
f 882/848/862 1408/1058/1388 1722/1061/1702 1401/821/1381
f 1408/1058/1388 891/691/871 1386/692/1366 1722/1061/1702
f 1722/1061/1702 1386/692/1366 892/718/872 1409/851/1389
f 1401/821/1381 1722/1061/1702 1409/851/1389 883/854/863
f 751/856/731 1139/859/1119 1723/1062/1703 1402/857/1382
f 1139/859/1119 763/697/743 1387/844/1367 1723/1062/1703
f 1723/1062/1703 1387/844/1367 890/701/870 1407/828/1387
f 1402/857/1382 1723/1062/1703 1407/828/1387 884/860/864
f 879/862/859 1411/865/1391 1724/1052/1704 1397/863/1377
f 1411/865/1391 765/814/745 1410/815/1390 1724/1052/1704
f 1724/1052/1704 1410/815/1390 880/818/860 1396/830/1376
f 1397/863/1377 1724/1052/1704 1396/830/1376 881/833/861
f 885/827/865 1398/840/1378 1725/870/1705 1395/824/1375
f 1398/840/1378 754/842/734 1142/868/1122 1725/870/1705
f 1725/870/1705 1142/868/1122 765/814/745 1411/865/1391
f 1395/824/1375 1725/870/1705 1411/865/1391 879/823/859
f 751/856/731 1402/857/1382 1726/1063/1706 1143/869/1123
f 1402/857/1382 884/845/864 1399/846/1379 1726/1063/1706
f 1726/1063/1706 1399/846/1379 882/848/862 1412/817/1392
f 1143/869/1123 1726/1063/1706 1412/817/1392 765/814/745
f 831/888/811 1417/873/1397 1727/877/1707 1413/745/1393
f 1417/873/1397 894/852/874 1276/709/1256 1727/877/1707
f 1727/877/1707 1276/709/1256 893/718/873 1418/874/1398
f 1413/745/1393 1727/877/1707 1418/874/1398 832/881/812
f 839/1064/819 1419/1065/1399 1728/1066/1708 1414/924/1394
f 1419/1065/1399 895/1005/875 1291/1009/1271 1728/1066/1708
f 1728/1066/1708 1291/1009/1271 896/1001/876 1420/1067/1400
f 1414/924/1394 1728/1066/1708 1420/1067/1400 838/1068/818
f 832/739/812 1418/874/1398 1729/1069/1709 1415/1070/1395
f 1418/874/1398 893/695/873 1298/1006/1278 1729/1069/1709
f 1729/1069/1709 1298/1006/1278 895/1005/875 1419/1065/1399
f 1415/1070/1395 1729/1069/1709 1419/1065/1399 839/1064/819
f 838/1068/818 1420/1067/1400 1730/1071/1710 1416/1072/1396
f 1420/1067/1400 896/1001/876 1299/1073/1279 1730/1071/1710
f 1730/1071/1710 1299/1073/1279 894/711/874 1417/873/1397
f 1416/1072/1396 1730/1071/1710 1417/873/1397 831/743/811
f 845/1074/825 1425/1075/1405 1731/1076/1711 1421/940/1401
f 1425/1075/1405 898/852/878 1306/709/1286 1731/1076/1711
f 1731/1076/1711 1306/709/1286 897/718/877 1426/893/1406
f 1421/940/1401 1731/1076/1711 1426/893/1406 846/900/826
f 853/1077/833 1427/1078/1407 1732/1079/1712 1422/1080/1402
f 1427/1078/1407 899/1025/879 1321/1031/1301 1732/1079/1712
f 1732/1079/1712 1321/1031/1301 900/1022/880 1428/1081/1408
f 1422/1080/1402 1732/1079/1712 1428/1081/1408 852/761/832
f 846/892/826 1426/893/1406 1733/1082/1713 1423/1083/1403
f 1426/893/1406 897/695/877 1333/1026/1313 1733/1082/1713
f 1733/1082/1713 1333/1026/1313 899/1025/879 1427/1078/1407
f 1423/1083/1403 1733/1082/1713 1427/1078/1407 853/1077/833
f 852/761/832 1428/1081/1408 1734/1084/1714 1424/1085/1404
f 1428/1081/1408 900/1022/880 1334/1086/1314 1734/1084/1714
f 1734/1084/1714 1334/1086/1314 898/711/878 1425/1075/1405
f 1424/1085/1404 1734/1084/1714 1425/1075/1405 845/915/825
f 906/765/886 1450/1087/1430 1735/1088/1715 1436/1089/1416
f 1450/1087/1430 910/1090/890 1448/1091/1428 1735/1088/1715
f 1735/1088/1715 1448/1091/1428 912/1092/892 1449/1093/1429
f 1436/1089/1416 1735/1088/1715 1449/1093/1429 908/911/888
f 852/761/832 1437/1094/1417 1736/921/1716 1422/1095/1402
f 1437/1094/1417 908/911/888 1434/1096/1414 1736/921/1716
f 1736/921/1716 1434/1096/1414 907/1097/887 1441/1098/1421
f 1422/1095/1402 1736/921/1716 1441/1098/1421 853/1099/833
f 831/743/811 1439/998/1419 1737/1100/1717 1416/1101/1396
f 1439/998/1419 902/997/882 1432/1102/1412 1737/1100/1717
f 1737/1100/1717 1432/1102/1412 904/1103/884 1442/1104/1422
f 1416/1101/1396 1737/1100/1717 1442/1104/1422 838/1105/818
f 838/1105/818 1442/1106/1422 1738/1107/1718 1414/1108/1394
f 1442/1106/1422 904/1109/884 1430/1110/1410 1738/1107/1718
f 1738/1107/1718 1430/1110/1410 903/1111/883 1443/1112/1423
f 1414/1108/1394 1738/1107/1718 1443/1112/1423 839/1064/819
f 853/1113/833 1441/1114/1421 1739/1115/1719 1423/1083/1403
f 1441/1114/1421 907/1116/887 1435/1117/1415 1739/1115/1719
f 1739/1115/1719 1435/1117/1415 905/931/885 1444/1118/1424
f 1423/1083/1403 1739/1115/1719 1444/1118/1424 846/892/826
f 846/892/826 1444/1118/1424 1740/936/1720 1421/940/1401
f 1444/1118/1424 905/931/885 1433/936/1413 1740/936/1720
f 1740/936/1720 1433/936/1413 906/1018/886 1438/1015/1418
f 1421/940/1401 1740/936/1720 1438/1015/1418 845/915/825
f 839/1064/819 1443/1119/1423 1741/1120/1721 1415/1121/1395
f 1443/1119/1423 903/1122/883 1431/1123/1411 1741/1120/1721
f 1741/1120/1721 1431/1123/1411 901/995/881 1440/994/1420
f 1415/1121/1395 1741/1120/1721 1440/994/1420 832/739/812
f 908/911/888 1449/1093/1429 1742/938/1722 1434/1096/1414
f 1449/1093/1429 912/1092/892 1446/1124/1426 1742/938/1722
f 1742/938/1722 1446/1124/1426 911/1125/891 1451/1126/1431
f 1434/1096/1414 1742/938/1722 1451/1126/1431 907/1097/887
f 907/1097/887 1451/1126/1431 1743/1127/1723 1435/1128/1415
f 1451/1126/1431 911/1125/891 1447/1129/1427 1743/1127/1723
f 1743/1127/1723 1447/1129/1427 909/1130/889 1452/1131/1432
f 1435/1128/1415 1743/1127/1723 1452/1131/1432 905/1132/885
f 905/1132/885 1452/1131/1432 1744/936/1724 1433/1133/1413
f 1452/1131/1432 909/1130/889 1445/1134/1425 1744/936/1724
f 1744/936/1724 1445/1134/1425 910/1090/890 1450/1087/1430
f 1433/1133/1413 1744/936/1724 1450/1087/1430 906/765/886
f 911/1125/891 1453/1135/1433 1745/1136/1725 1447/1129/1427
f 1453/1135/1433 901/995/881 1431/1137/1411 1745/1136/1725
f 1745/1136/1725 1431/1137/1411 903/1111/883 1454/1138/1434
f 1447/1129/1427 1745/1136/1725 1454/1138/1434 909/1130/889
f 909/1130/889 1454/1138/1434 1746/948/1726 1445/1134/1425
f 1454/1138/1434 903/1111/883 1430/1139/1410 1746/948/1726
f 1746/948/1726 1430/1139/1410 904/1109/884 1455/1140/1435
f 1445/1134/1425 1746/948/1726 1455/1140/1435 910/1090/890
f 910/1090/890 1455/1140/1435 1747/1141/1727 1448/1091/1428
f 1455/1140/1435 904/1109/884 1432/1142/1412 1747/1141/1727
f 1747/1141/1727 1432/1142/1412 902/997/882 1456/1143/1436
f 1448/1091/1428 1747/1141/1727 1456/1143/1436 912/1092/892
f 912/1092/892 1456/1143/1436 1748/944/1728 1446/1124/1426
f 1456/1143/1436 902/997/882 1429/1144/1409 1748/944/1728
f 1748/944/1728 1429/1144/1409 901/995/881 1453/1135/1433
f 1446/1124/1426 1748/944/1728 1453/1135/1433 911/1125/891
f 913/1042/893 1462/1039/1442 1749/783/1729 1457/692/1437
f 1462/1039/1442 917/1042/897 1459/692/1439 1749/783/1729
f 1749/783/1729 1459/692/1439 918/953/898 1463/951/1443
f 1457/692/1437 1749/783/1729 1463/951/1443 914/798/894
f 916/953/896 1461/966/1441 1750/782/1730 1458/693/1438
f 1461/966/1441 920/953/900 1460/693/1440 1750/782/1730
f 1750/782/1730 1460/693/1440 919/792/899 1464/952/1444
f 1458/693/1438 1750/782/1730 1464/952/1444 915/792/895
f 923/954/903 1475/949/1455 1751/1145/1731 1479/1146/1459
f 1475/949/1455 917/1042/897 1462/1039/1442 1751/1145/1731
f 1751/1145/1731 1462/1039/1442 913/1042/893 1474/1040/1454
f 1479/1146/1459 1751/1145/1731 1474/1040/1454 922/1041/902
f 925/1041/905 1467/1040/1447 1752/693/1732 1487/693/1467
f 1467/1040/1447 919/792/899 1460/1147/1440 1752/693/1732
f 1752/693/1732 1460/1147/1440 920/953/900 1470/797/1450
f 1487/693/1467 1752/693/1732 1470/797/1450 927/1043/907
f 924/695/904 1476/1148/1456 1753/782/1733 1478/692/1458
f 1476/1148/1456 918/953/898 1459/692/1439 1753/782/1733
f 1753/782/1733 1459/692/1439 917/1042/897 1475/949/1455
f 1478/692/1458 1753/782/1733 1475/949/1455 923/954/903
f 921/1043/901 1465/797/1445 1754/1149/1734 1477/1150/1457
f 1465/797/1445 914/798/894 1463/951/1443 1754/1149/1734
f 1754/1149/1734 1463/951/1443 918/953/898 1476/1148/1456
f 1477/1150/1457 1754/1149/1734 1476/1148/1456 924/695/904
f 928/962/908 1484/963/1464 1755/692/1735 1486/693/1466
f 1484/963/1464 916/953/896 1458/693/1438 1755/692/1735
f 1755/692/1735 1458/693/1438 915/792/895 1482/790/1462
f 1486/693/1466 1755/692/1735 1482/790/1462 926/787/906
f 927/1043/907 1470/797/1450 1756/1151/1736 1485/1152/1465
f 1470/797/1450 920/953/900 1461/951/1441 1756/1151/1736
f 1756/1151/1736 1461/951/1441 916/953/896 1484/963/1464
f 1485/1152/1465 1756/1151/1736 1484/963/1464 928/962/908
f 874/721/854 1473/969/1453 1757/1153/1737 1391/1050/1371
f 1473/969/1453 921/1043/901 1477/1150/1457 1757/1153/1737
f 1757/1153/1737 1477/1150/1457 924/695/904 1471/749/1451
f 1391/1050/1371 1757/1153/1737 1471/749/1451 888/695/868
f 888/718/868 1471/749/1451 1758/693/1738 1382/692/1362
f 1471/749/1451 924/718/904 1478/692/1458 1758/693/1738
f 1758/693/1738 1478/692/1458 923/691/903 1469/694/1449
f 1382/692/1362 1758/693/1738 1469/694/1449 887/724/867
f 887/691/867 1469/694/1449 1759/1154/1739 1390/1048/1370
f 1469/694/1449 923/954/903 1479/1146/1459 1759/1154/1739
f 1759/1154/1739 1479/1146/1459 922/1041/902 1466/978/1446
f 1390/1048/1370 1759/1154/1739 1466/978/1446 872/722/852
f 872/722/852 1466/978/1446 1760/693/1740 1367/783/1347
f 1466/978/1446 922/1041/902 1480/693/1460 1760/693/1740
f 1760/693/1740 1480/693/1460 921/1043/901 1473/969/1453
f 1367/783/1347 1760/693/1740 1473/969/1453 874/721/854
f 892/695/872 1483/969/1463 1761/1155/1741 1389/812/1369
f 1483/969/1463 927/1043/907 1485/1152/1465 1761/1155/1741
f 1761/1155/1741 1485/1152/1465 928/962/908 1472/977/1452
f 1389/812/1369 1761/1155/1741 1472/977/1452 876/695/856
f 876/695/856 1472/977/1452 1762/693/1742 1371/781/1351
f 1472/977/1452 928/962/908 1486/693/1466 1762/693/1742
f 1762/693/1742 1486/693/1466 926/787/906 1468/978/1448
f 1371/781/1351 1762/693/1742 1468/978/1448 875/775/855
f 891/691/871 1481/978/1461 1763/693/1743 1386/692/1366
f 1481/978/1461 925/1041/905 1487/693/1467 1763/693/1743
f 1763/693/1743 1487/693/1467 927/1043/907 1483/969/1463
f 1386/692/1366 1763/693/1743 1483/969/1463 892/695/872
f 875/775/855 1468/978/1448 1764/1156/1744 1392/972/1372
f 1468/978/1448 926/787/906 1488/788/1468 1764/1156/1744
f 1764/1156/1744 1488/788/1468 925/1041/905 1481/978/1461
f 1392/972/1372 1764/1156/1744 1481/978/1461 891/691/871
f 1765/691/1745 2062/694/2041 2606/693/2583 2048/692/2027
f 2048/692/2027 2606/693/2583 2063/696/2042 1767/695/1747
f 2606/693/2583 2056/693/2035 1776/696/1756 2063/696/2042
f 2062/694/2041 1774/694/1754 2056/693/2035 2606/693/2583
f 1770/695/1750 2064/696/2043 2607/692/2584 2052/692/2031
f 2052/692/2031 2607/692/2584 2065/694/2044 1768/691/1748
f 2607/692/2584 2060/692/2039 1777/694/1757 2065/694/2044
f 2064/696/2043 1779/696/1759 2060/692/2039 2607/692/2584
f 1772/697/1752 2066/700/2045 2608/699/2585 2049/698/2028
f 2049/698/2028 2608/699/2585 2067/702/2046 1773/701/1753
f 2608/699/2585 2057/703/2036 1782/702/1762 2067/702/2046
f 2066/700/2045 1781/704/1761 2057/703/2036 2608/699/2585
f 1771/701/1751 2068/705/2047 2609/699/2586 2053/698/2032
f 2053/698/2032 2609/699/2586 2069/700/2048 1769/697/1749
f 2609/699/2586 2061/706/2040 1778/704/1758 2069/700/2048
f 2068/705/2047 1780/705/1760 2061/706/2040 2609/699/2586
f 1773/701/1753 2067/702/2046 2610/708/2587 2046/707/2025
f 2046/707/2025 2610/708/2587 2062/694/2041 1765/691/1745
f 2610/708/2587 2054/708/2033 1774/694/1754 2062/694/2041
f 2067/702/2046 1782/702/1762 2054/708/2033 2610/708/2587
f 1768/691/1748 2065/694/2044 2611/708/2588 2050/707/2029
f 2050/707/2029 2611/708/2588 2068/705/2047 1771/701/1751
f 2611/708/2588 2058/708/2037 1780/705/1760 2068/705/2047
f 2065/694/2044 1777/694/1757 2058/708/2037 2611/708/2588
f 1767/695/1747 2063/696/2042 2612/710/2589 2047/709/2026
f 2047/709/2026 2612/710/2589 2070/712/2049 1766/711/1746
f 2612/710/2589 2055/714/2034 1775/713/1755 2070/712/2049
f 2063/696/2042 1776/696/1756 2055/714/2034 2612/710/2589
f 1766/711/1746 2070/712/2049 2613/715/2590 2051/709/2030
f 2051/709/2030 2613/715/2590 2064/696/2043 1770/695/1750
f 2613/715/2590 2059/714/2038 1779/696/1759 2064/696/2043
f 2070/712/2049 1775/713/1755 2059/714/2038 2613/715/2590
f 1776/696/1756 2079/718/2058 2614/717/2591 2055/716/2034
f 2055/716/2034 2614/717/2591 2080/720/2059 1775/719/1755
f 2614/717/2591 2072/716/2051 1784/719/1764 2080/720/2059
f 2079/718/2058 1785/696/1765 2072/716/2051 2614/717/2591
f 1775/719/1755 2080/720/2059 2615/714/2592 2059/716/2038
f 2059/716/2038 2615/714/2592 2081/718/2060 1779/721/1759
f 2615/714/2592 2076/716/2055 1788/721/1768 2081/718/2060
f 2080/720/2059 1784/719/1764 2076/716/2055 2615/714/2592
f 1774/722/1754 2082/724/2061 2616/693/2593 2056/723/2035
f 2056/723/2035 2616/693/2593 2079/718/2058 1776/696/1756
f 2616/693/2593 2073/723/2052 1785/696/1765 2079/718/2058
f 2082/724/2061 1783/722/1763 2073/723/2052 2616/693/2593
f 1779/721/1759 2081/718/2060 2617/692/2594 2060/725/2039
f 2060/725/2039 2617/692/2594 2083/726/2062 1777/694/1757
f 2617/692/2594 2077/725/2056 1786/694/1766 2083/726/2062
f 2081/718/2060 1788/721/1768 2077/725/2056 2617/692/2594
f 1781/727/1761 2084/730/2063 2618/729/2595 2057/728/2036
f 2057/728/2036 2618/729/2595 2085/731/2064 1782/702/1762
f 2618/729/2595 2074/728/2053 1791/702/1771 2085/731/2064
f 2084/730/2063 1790/727/1770 2074/728/2053 2618/729/2595
f 1780/702/1760 2086/733/2065 2619/729/2596 2061/732/2040
f 2061/732/2040 2619/729/2596 2087/730/2066 1778/727/1758
f 2619/729/2596 2078/732/2057 1787/727/1767 2087/730/2066
f 2086/733/2065 1789/702/1769 2078/732/2057 2619/729/2596
f 1782/702/1762 2085/731/2064 2620/734/2597 2054/707/2033
f 2054/707/2033 2620/734/2597 2082/724/2061 1774/722/1754
f 2620/734/2597 2071/707/2050 1783/722/1763 2082/724/2061
f 2085/731/2064 1791/702/1771 2071/707/2050 2620/734/2597
f 1777/694/1757 2083/726/2062 2621/708/2598 2058/735/2037
f 2058/735/2037 2621/708/2598 2086/733/2065 1780/702/1760
f 2621/708/2598 2075/735/2054 1789/702/1769 2086/733/2065
f 2083/726/2062 1786/694/1766 2075/735/2054 2621/708/2598
f 1786/694/1766 2096/726/2075 2622/708/2599 2075/735/2054
f 2075/735/2054 2622/708/2599 2097/733/2076 1789/702/1769
f 2622/708/2599 2092/735/2071 1798/702/1778 2097/733/2076
f 2096/726/2075 1795/694/1775 2092/735/2071 2622/708/2599
f 1785/696/1765 2100/718/2079 2623/717/2600 2072/716/2051
f 2072/716/2051 2623/717/2600 2101/720/2080 1784/719/1764
f 2623/717/2600 2089/716/2068 1793/719/1773 2101/720/2080
f 2100/718/2079 1794/696/1774 2089/716/2068 2623/717/2600
f 1784/719/1764 2101/720/2080 2624/714/2601 2076/716/2055
f 2076/716/2055 2624/714/2601 2102/718/2081 1788/721/1768
f 2624/714/2601 2093/716/2072 1797/721/1777 2102/718/2081
f 2101/720/2080 1793/719/1773 2093/716/2072 2624/714/2601
f 1783/722/1763 2103/724/2082 2625/693/2602 2073/723/2052
f 2073/723/2052 2625/693/2602 2100/718/2079 1785/696/1765
f 2625/693/2602 2090/723/2069 1794/696/1774 2100/718/2079
f 2103/724/2082 1792/722/1772 2090/723/2069 2625/693/2602
f 1788/721/1768 2102/718/2081 2626/692/2603 2077/725/2056
f 2077/725/2056 2626/692/2603 2096/726/2075 1786/694/1766
f 2626/692/2603 2094/725/2073 1795/694/1775 2096/726/2075
f 2102/718/2081 1797/721/1777 2094/725/2073 2626/692/2603
f 1790/727/1770 2098/730/2077 2627/729/2604 2074/728/2053
f 2074/728/2053 2627/729/2604 2104/731/2083 1791/702/1771
f 2627/729/2604 2091/728/2070 1800/702/1780 2104/731/2083
f 2098/730/2077 1799/727/1779 2091/728/2070 2627/729/2604
f 1789/702/1769 2097/733/2076 2628/729/2605 2078/732/2057
f 2078/732/2057 2628/729/2605 2099/730/2078 1787/727/1767
f 2628/729/2605 2095/732/2074 1796/727/1776 2099/730/2078
f 2097/733/2076 1798/702/1778 2095/732/2074 2628/729/2605
f 1791/702/1771 2104/731/2083 2629/734/2606 2071/707/2050
f 2071/707/2050 2629/734/2606 2103/724/2082 1783/722/1763
f 2629/734/2606 2088/707/2067 1792/722/1772 2103/724/2082
f 2104/731/2083 1800/702/1780 2088/707/2067 2629/734/2606
f 1797/721/1777 2113/718/2092 2630/692/2607 2094/725/2073
f 2094/725/2073 2630/692/2607 2114/726/2093 1795/694/1775
f 2630/692/2607 2111/725/2090 1804/694/1784 2114/726/2093
f 2113/718/2092 1806/721/1786 2111/725/2090 2630/692/2607
f 1799/727/1779 2115/730/2094 2631/729/2608 2091/728/2070
f 2091/728/2070 2631/729/2608 2116/731/2095 1800/702/1780
f 2631/729/2608 2108/728/2087 1809/702/1789 2116/731/2095
f 2115/730/2094 1808/727/1788 2108/728/2087 2631/729/2608
f 1798/702/1778 2117/733/2096 2632/729/2609 2095/732/2074
f 2095/732/2074 2632/729/2609 2118/730/2097 1796/727/1776
f 2632/729/2609 2112/732/2091 1805/727/1785 2118/730/2097
f 2117/733/2096 1807/702/1787 2112/732/2091 2632/729/2609
f 1800/702/1780 2116/731/2095 2633/734/2610 2088/707/2067
f 2088/707/2067 2633/734/2610 2119/724/2098 1792/722/1772
f 2633/734/2610 2105/707/2084 1801/722/1781 2119/724/2098
f 2116/731/2095 1809/702/1789 2105/707/2084 2633/734/2610
f 1795/694/1775 2114/726/2093 2634/708/2611 2092/735/2071
f 2092/735/2071 2634/708/2611 2117/733/2096 1798/702/1778
f 2634/708/2611 2109/735/2088 1807/702/1787 2117/733/2096
f 2114/726/2093 1804/694/1784 2109/735/2088 2634/708/2611
f 1794/696/1774 2120/696/2099 2635/715/2612 2089/714/2068
f 2089/714/2068 2635/715/2612 2121/736/2100 1793/713/1773
f 2635/715/2612 2106/737/2085 1884/711/1863 2121/736/2100
f 2120/696/2099 1883/695/1862 2106/737/2085 2635/715/2612
f 1793/713/1773 2121/736/2100 2636/715/2613 2093/714/2072
f 2093/714/2072 2636/715/2613 2113/696/2092 1797/696/1777
f 2636/715/2613 2110/738/2089 1806/696/1786 2113/696/2092
f 2121/736/2100 1884/711/1863 2110/738/2089 2636/715/2613
f 1792/694/1772 2119/694/2098 2637/693/2614 2090/693/2069
f 2090/693/2069 2637/693/2614 2120/696/2099 1794/696/1774
f 2637/693/2614 2107/693/2086 1883/695/1862 2120/696/2099
f 2119/694/2098 1801/694/1781 2107/693/2086 2637/693/2614
f 1803/739/1783 2290/742/2267 2638/741/2615 2263/740/2240
f 2263/740/2240 2638/741/2615 2289/744/2266 1802/743/1782
f 2638/741/2615 2279/745/2256 1892/743/1871 2289/744/2266
f 2290/742/2267 1891/739/1870 2279/745/2256 2638/741/2615
f 1884/711/1863 2131/747/2110 2639/746/2616 2110/738/2089
f 2110/738/2089 2639/746/2616 2132/696/2111 1806/696/1786
f 2639/746/2616 2127/748/2106 1815/696/1795 2132/696/2111
f 2131/747/2110 1886/711/1865 2127/748/2106 2639/746/2616
f 1801/694/1781 2133/694/2112 2640/693/2617 2107/693/2086
f 2107/693/2086 2640/693/2617 2130/749/2109 1883/695/1862
f 2640/693/2617 2124/693/2103 1885/695/1864 2130/749/2109
f 2133/694/2112 1810/694/1790 2124/693/2103 2640/693/2617
f 1806/721/1786 2132/718/2111 2641/692/2618 2111/725/2090
f 2111/725/2090 2641/692/2618 2134/726/2113 1804/694/1784
f 2641/692/2618 2128/725/2107 1813/694/1793 2134/726/2113
f 2132/718/2111 1815/721/1795 2128/725/2107 2641/692/2618
f 1808/727/1788 2135/730/2114 2642/729/2619 2108/728/2087
f 2108/728/2087 2642/729/2619 2136/731/2115 1809/702/1789
f 2642/729/2619 2125/728/2104 1818/702/1798 2136/731/2115
f 2135/730/2114 1817/727/1797 2125/728/2104 2642/729/2619
f 1807/702/1787 2137/733/2116 2643/729/2620 2112/732/2091
f 2112/732/2091 2643/729/2620 2138/730/2117 1805/727/1785
f 2643/729/2620 2129/732/2108 1814/727/1794 2138/730/2117
f 2137/733/2116 1816/702/1796 2129/732/2108 2643/729/2620
f 1809/702/1789 2136/731/2115 2644/734/2621 2105/707/2084
f 2105/707/2084 2644/734/2621 2133/724/2112 1801/722/1781
f 2644/734/2621 2122/707/2101 1810/722/1790 2133/724/2112
f 2136/731/2115 1818/702/1798 2122/707/2101 2644/734/2621
f 1804/694/1784 2134/726/2113 2645/708/2622 2109/735/2088
f 2109/735/2088 2645/708/2622 2137/733/2116 1807/702/1787
f 2645/708/2622 2126/735/2105 1816/702/1796 2137/733/2116
f 2134/726/2113 1813/694/1793 2126/735/2105 2645/708/2622
f 1813/694/1793 2147/726/2126 2646/708/2623 2126/735/2105
f 2126/735/2105 2646/708/2623 2148/733/2127 1816/702/1796
f 2646/708/2623 2143/735/2122 1825/702/1805 2148/733/2127
f 2147/726/2126 1822/694/1802 2143/735/2122 2646/708/2623
f 1885/695/1864 2151/721/2130 2647/751/2624 2123/750/2102
f 2123/750/2102 2647/751/2624 2152/752/2131 1886/711/1865
f 2647/751/2624 2140/754/2119 1888/753/1867 2152/752/2131
f 2151/721/2130 1887/695/1866 2140/754/2119 2647/751/2624
f 1886/711/1865 2152/752/2131 2648/755/2625 2127/748/2106
f 2127/748/2106 2648/755/2625 2153/696/2132 1815/696/1795
f 2648/755/2625 2144/756/2123 1824/696/1804 2153/696/2132
f 2152/752/2131 1888/753/1867 2144/756/2123 2648/755/2625
f 1810/694/1790 2154/694/2133 2649/693/2626 2124/693/2103
f 2124/693/2103 2649/693/2626 2151/721/2130 1885/695/1864
f 2649/693/2626 2141/693/2120 1887/695/1866 2151/721/2130
f 2154/694/2133 1819/694/1799 2141/693/2120 2649/693/2626
f 1815/721/1795 2153/718/2132 2650/692/2627 2128/725/2107
f 2128/725/2107 2650/692/2627 2147/726/2126 1813/694/1793
f 2650/692/2627 2145/725/2124 1822/694/1802 2147/726/2126
f 2153/718/2132 1824/721/1804 2145/725/2124 2650/692/2627
f 1817/727/1797 2149/730/2128 2651/729/2628 2125/728/2104
f 2125/728/2104 2651/729/2628 2155/731/2134 1818/702/1798
f 2651/729/2628 2142/728/2121 1827/702/1807 2155/731/2134
f 2149/730/2128 1826/727/1806 2142/728/2121 2651/729/2628
f 1816/702/1796 2148/733/2127 2652/729/2629 2129/732/2108
f 2129/732/2108 2652/729/2629 2150/730/2129 1814/727/1794
f 2652/729/2629 2146/732/2125 1823/727/1803 2150/730/2129
f 2148/733/2127 1825/702/1805 2146/732/2125 2652/729/2629
f 1818/702/1798 2155/731/2134 2653/734/2630 2122/707/2101
f 2122/707/2101 2653/734/2630 2154/724/2133 1810/722/1790
f 2653/734/2630 2139/707/2118 1819/722/1799 2154/724/2133
f 2155/731/2134 1827/702/1807 2139/707/2118 2653/734/2630
f 1824/721/1804 2164/718/2143 2654/692/2631 2145/725/2124
f 2145/725/2124 2654/692/2631 2165/726/2144 1822/694/1802
f 2654/692/2631 2162/725/2141 1831/694/1811 2165/726/2144
f 2164/718/2143 1833/721/1813 2162/725/2141 2654/692/2631
f 1826/727/1806 2166/730/2145 2655/729/2632 2142/728/2121
f 2142/728/2121 2655/729/2632 2167/731/2146 1827/702/1807
f 2655/729/2632 2159/728/2138 1836/702/1816 2167/731/2146
f 2166/730/2145 1835/727/1815 2159/728/2138 2655/729/2632
f 1825/702/1805 2168/733/2147 2656/729/2633 2146/732/2125
f 2146/732/2125 2656/729/2633 2169/730/2148 1823/727/1803
f 2656/729/2633 2163/732/2142 1832/727/1812 2169/730/2148
f 2168/733/2147 1834/702/1814 2163/732/2142 2656/729/2633
f 1827/702/1807 2167/731/2146 2657/734/2634 2139/707/2118
f 2139/707/2118 2657/734/2634 2170/724/2149 1819/722/1799
f 2657/734/2634 2156/707/2135 1828/722/1808 2170/724/2149
f 2167/731/2146 1836/702/1816 2156/707/2135 2657/734/2634
f 1822/694/1802 2165/726/2144 2658/708/2635 2143/735/2122
f 2143/735/2122 2658/708/2635 2168/733/2147 1825/702/1805
f 2658/708/2635 2160/735/2139 1834/702/1814 2168/733/2147
f 2165/726/2144 1831/694/1811 2160/735/2139 2658/708/2635
f 1820/757/1800 2288/760/2265 2659/759/2636 2274/758/2251
f 2274/758/2251 2659/759/2636 2287/762/2264 1829/761/1809
f 2659/759/2636 2286/764/2263 1898/763/1877 2287/762/2264
f 2288/760/2265 1896/765/1875 2286/764/2263 2659/759/2636
f 1888/753/1867 2172/767/2151 2660/766/2637 2144/756/2123
f 2144/756/2123 2660/766/2637 2164/696/2143 1824/696/1804
f 2660/766/2637 2161/768/2140 1833/696/1813 2164/696/2143
f 2172/767/2151 1890/769/1869 2161/768/2140 2660/766/2637
f 1819/694/1799 2170/694/2149 2661/693/2638 2141/693/2120
f 2141/693/2120 2661/693/2638 2171/749/2150 1887/695/1866
f 2661/693/2638 2158/693/2137 1889/695/1868 2171/749/2150
f 2170/694/2149 1828/694/1808 2158/693/2137 2661/693/2638
f 1890/769/1869 2181/771/2160 2662/770/2639 2161/768/2140
f 2161/768/2140 2662/770/2639 2182/696/2161 1833/696/1813
f 2662/770/2639 2178/714/2157 1842/696/1822 2182/696/2161
f 2181/771/2160 1838/713/1818 2178/714/2157 2662/770/2639
f 1828/694/1808 2183/694/2162 2663/693/2640 2158/693/2137
f 2158/693/2137 2663/693/2640 2184/696/2163 1889/695/1868
f 2663/693/2640 2175/693/2154 1839/696/1819 2184/696/2163
f 2183/694/2162 1837/694/1817 2175/693/2154 2663/693/2640
f 1833/721/1813 2182/718/2161 2664/692/2641 2162/725/2141
f 2162/725/2141 2664/692/2641 2185/726/2164 1831/694/1811
f 2664/692/2641 2179/725/2158 1840/694/1820 2185/726/2164
f 2182/718/2161 1842/721/1822 2179/725/2158 2664/692/2641
f 1835/727/1815 2186/730/2165 2665/729/2642 2159/728/2138
f 2159/728/2138 2665/729/2642 2187/731/2166 1836/702/1816
f 2665/729/2642 2176/728/2155 1845/702/1824 2187/731/2166
f 2186/730/2165 1844/727/1013 2176/728/2155 2665/729/2642
f 1834/702/1814 2188/733/2167 2666/729/2643 2163/732/2142
f 2163/732/2142 2666/729/2643 2189/730/2168 1832/727/1812
f 2666/729/2643 2180/732/2159 1841/727/1821 2189/730/2168
f 2188/733/2167 1843/702/1823 2180/732/2159 2666/729/2643
f 1836/702/1816 2187/731/2166 2667/734/2644 2156/707/2135
f 2156/707/2135 2667/734/2644 2183/724/2162 1828/722/1808
f 2667/734/2644 2173/707/2152 1837/722/1817 2183/724/2162
f 2187/731/2166 1845/702/1824 2173/707/2152 2667/734/2644
f 1831/694/1811 2185/726/2164 2668/708/2645 2160/735/2139
f 2160/735/2139 2668/708/2645 2188/733/2167 1834/702/1814
f 2668/708/2645 2177/735/2156 1843/702/1823 2188/733/2167
f 2185/726/2164 1840/694/1820 2177/735/2156 2668/708/2645
f 1889/695/1868 2184/696/2163 2669/770/2646 2157/772/2136
f 2157/772/2136 2669/770/2646 2181/771/2160 1890/769/1869
f 2669/770/2646 2174/714/2153 1838/713/1818 2181/771/2160
f 2184/696/2163 1839/696/1819 2174/714/2153 2669/770/2646
f 1839/696/1819 2200/718/2179 2670/717/2647 2174/716/2153
f 2174/716/2153 2670/717/2647 2201/720/2180 1838/719/1818
f 2670/717/2647 2191/716/2170 1847/719/1826 2201/720/2180
f 2200/718/2179 1848/696/1827 2191/716/2170 2670/717/2647
f 1838/719/1818 2201/720/2180 2671/714/2648 2178/716/2157
f 2178/716/2157 2671/714/2648 2202/718/2181 1842/721/1822
f 2671/714/2648 2195/716/2174 1851/721/1830 2202/718/2181
f 2201/720/2180 1847/719/1826 2195/716/2174 2671/714/2648
f 1837/722/1817 2203/724/2182 2672/693/2649 2175/723/2154
f 2175/723/2154 2672/693/2649 2200/718/2179 1839/696/1819
f 2672/693/2649 2192/723/2171 1848/696/1827 2200/718/2179
f 2203/724/2182 1846/722/1825 2192/723/2171 2672/693/2649
f 1842/721/1822 2202/718/2181 2673/692/2650 2179/725/2158
f 2179/725/2158 2673/692/2650 2204/726/2183 1840/694/1820
f 2673/692/2650 2196/725/2175 1849/694/1828 2204/726/2183
f 2202/718/2181 1851/721/1830 2196/725/2175 2673/692/2650
f 1844/727/1013 2198/730/2177 2674/729/2651 2176/728/2155
f 2176/728/2155 2674/729/2651 2205/731/2184 1845/702/1824
f 2674/729/2651 2193/728/2172 1854/702/1833 2205/731/2184
f 2198/730/2177 1853/727/1832 2193/728/2172 2674/729/2651
f 1843/702/1823 2206/733/2185 2675/729/2652 2180/732/2159
f 2180/732/2159 2675/729/2652 2199/730/2178 1841/727/1821
f 2675/729/2652 2197/732/2176 1850/727/1829 2199/730/2178
f 2206/733/2185 1852/702/1831 2197/732/2176 2675/729/2652
f 1845/702/1824 2205/731/2184 2676/734/2653 2173/707/2152
f 2173/707/2152 2676/734/2653 2203/724/2182 1837/722/1817
f 2676/734/2653 2190/707/2169 1846/722/1825 2203/724/2182
f 2205/731/2184 1854/702/1833 2190/707/2169 2676/734/2653
f 1840/694/1820 2204/726/2183 2677/708/2654 2177/735/2156
f 2177/735/2156 2677/708/2654 2206/733/2185 1843/702/1823
f 2677/708/2654 2194/735/2173 1852/702/1831 2206/733/2185
f 2204/726/2183 1849/694/1828 2194/735/2173 2677/708/2654
f 1853/727/1832 2215/730/2194 2678/729/2655 2193/728/2172
f 2193/728/2172 2678/729/2655 2216/731/2195 1854/702/1833
f 2678/729/2655 2210/728/2189 1863/702/1842 2216/731/2195
f 2215/730/2194 1862/727/1841 2210/728/2189 2678/729/2655
f 1852/702/1831 2217/733/2196 2679/729/2656 2197/732/2176
f 2197/732/2176 2679/729/2656 2218/730/2197 1850/727/1829
f 2679/729/2656 2214/732/2193 1859/727/1838 2218/730/2197
f 2217/733/2196 1861/702/1840 2214/732/2193 2679/729/2656
f 1854/702/1833 2216/702/2195 2680/773/2657 2190/708/2169
f 2190/708/2169 2680/773/2657 2219/774/2198 1846/694/1825
f 2680/773/2657 2207/776/2186 1855/775/1834 2219/774/2198
f 2216/702/2195 1863/702/1842 2207/776/2186 2680/773/2657
f 1849/694/1828 2220/691/2199 2681/708/2658 2194/708/2173
f 2194/708/2173 2681/708/2658 2217/705/2196 1852/705/1831
f 2681/708/2658 2211/776/2190 1861/705/1840 2217/705/2196
f 2220/691/2199 1858/775/1837 2211/776/2190 2681/708/2658
f 1848/696/1827 2221/777/2200 2682/714/2659 2191/714/2170
f 2191/714/2170 2682/714/2659 2222/713/2201 1847/713/1826
f 2682/714/2659 2208/778/2187 1856/713/1835 2222/713/2201
f 2221/777/2200 1857/695/1836 2208/778/2187 2682/714/2659
f 1847/713/1826 2222/713/2201 2683/779/2660 2195/714/2174
f 2195/714/2174 2683/779/2660 2223/777/2202 1851/696/1830
f 2683/779/2660 2212/780/2191 1860/695/1839 2223/777/2202
f 2222/713/2201 1856/713/1835 2212/780/2191 2683/779/2660
f 1846/694/1825 2219/774/2198 2684/781/2661 2192/693/2171
f 2192/693/2171 2684/781/2661 2221/777/2200 1848/696/1827
f 2684/781/2661 2209/782/2188 1857/695/1836 2221/777/2200
f 2219/774/2198 1855/775/1834 2209/782/2188 2684/781/2661
f 1851/696/1830 2223/777/2202 2685/783/2662 2196/692/2175
f 2196/692/2175 2685/783/2662 2220/691/2199 1849/694/1828
f 2685/783/2662 2213/783/2192 1858/775/1837 2220/691/2199
f 2223/777/2202 1860/695/1839 2213/783/2192 2685/783/2662
f 1856/713/1835 2232/785/2211 2686/784/2663 2212/780/2191
f 2212/780/2191 2686/784/2663 2233/786/2212 1860/695/1839
f 2686/784/2663 2229/709/2208 1881/695/1860 2233/786/2212
f 2232/785/2211 1877/711/1856 2229/709/2208 2686/784/2663
f 1916/787/1895 2332/790/2309 2687/789/2664 2338/788/2315
f 2338/788/2315 2687/789/2664 2317/791/2294 1915/787/1894
f 2687/789/2664 2314/793/2291 1909/792/1888 2317/791/2294
f 2332/790/2309 1905/792/1884 2314/793/2291 2687/789/2664
f 1912/787/1891 2324/795/2301 2688/783/2665 2330/794/2307
f 2330/794/2307 2688/783/2665 2315/797/2292 1911/796/1890
f 2688/783/2665 2307/693/2284 1904/798/1883 2315/797/2292
f 2324/795/2301 1903/792/1882 2307/693/2284 2688/783/2665
f 1862/704/1841 2237/800/2216 2689/799/2666 2210/703/2189
f 2210/703/2189 2689/799/2666 2238/801/2217 1863/702/1842
f 2689/799/2666 2227/802/2206 1873/701/1852 2238/801/2217
f 2237/800/2216 1875/697/1854 2227/802/2206 2689/799/2666
f 1861/705/1840 2239/804/2218 2690/803/2667 2214/706/2193
f 2214/706/2193 2690/803/2667 2240/800/2219 1859/704/1838
f 2690/803/2667 2231/698/2210 1880/697/1859 2240/800/2219
f 2239/804/2218 1878/701/1857 2231/698/2210 2690/803/2667
f 1863/702/1842 2238/801/2217 2691/805/2668 2207/776/2186
f 2207/776/2186 2691/805/2668 2234/806/2213 1855/775/1834
f 2691/805/2668 2224/707/2203 1874/691/1853 2234/806/2213
f 2238/801/2217 1873/701/1852 2224/707/2203 2691/805/2668
f 1858/775/1837 2236/808/2215 2692/807/2669 2211/776/2190
f 2211/776/2190 2692/807/2669 2239/804/2218 1861/705/1840
f 2692/807/2669 2228/809/2207 1878/701/1857 2239/804/2218
f 2236/808/2215 1879/810/1858 2228/809/2207 2692/807/2669
f 1857/695/1836 2235/812/2214 2693/811/2670 2208/778/2187
f 2208/778/2187 2693/811/2670 2232/785/2211 1856/713/1835
f 2693/811/2670 2225/813/2204 1877/711/1856 2232/785/2211
f 2235/812/2214 1876/695/1855 2225/813/2204 2693/811/2670
f 1882/814/1861 2262/817/2239 2694/816/2671 2258/815/2237
f 2258/815/2237 2694/816/2671 2246/819/2225 1865/818/1844
f 2694/816/2671 2247/821/2226 1869/820/1848 2246/819/2225
f 2262/817/2239 1867/822/1846 2247/821/2226 2694/816/2671
f 1864/823/1843 2249/826/2228 2695/825/2672 2241/824/2220
f 2241/824/2220 2695/825/2672 2250/828/2229 1872/827/1851
f 2695/825/2672 2224/707/2203 1873/829/1852 2250/828/2229
f 2249/826/2228 1874/691/1853 2224/707/2203 2695/825/2672
f 1865/818/1844 2252/832/2231 2696/831/2673 2242/830/2221
f 2242/830/2221 2696/831/2673 2253/834/2232 1866/833/1845
f 2696/831/2673 2225/835/2204 1876/695/1855 2253/834/2232
f 2252/832/2231 1877/711/1856 2225/835/2204 2696/831/2673
f 1866/836/1845 2253/834/2232 2697/838/2674 2243/837/2222
f 2243/837/2222 2697/838/2674 2249/826/2228 1864/823/1843
f 2697/838/2674 2226/692/2205 1874/691/1853 2249/826/2228
f 2253/834/2232 1876/718/1855 2226/692/2205 2697/838/2674
f 1872/839/1851 2250/828/2229 2698/841/2675 2244/840/2223
f 2244/840/2223 2698/841/2675 2251/843/2230 1871/842/1850
f 2698/841/2675 2227/844/2206 1875/697/1854 2251/843/2230
f 2250/828/2229 1873/701/1852 2227/844/2206 2698/841/2675
f 1870/845/1849 2254/828/2233 2699/847/2676 2245/846/2224
f 2245/846/2224 2699/847/2676 2255/849/2234 1867/848/1846
f 2699/847/2676 2228/809/2207 1879/810/1858 2255/849/2234
f 2254/828/2233 1878/701/1857 2228/809/2207 2699/847/2676
f 1869/820/1848 2257/851/2236 2700/850/2677 2246/830/2225
f 2246/830/2225 2700/850/2677 2252/832/2231 1865/818/1844
f 2700/850/2677 2229/709/2208 1877/852/1856 2252/832/2231
f 2257/851/2236 1881/718/1860 2229/709/2208 2700/850/2677
f 1867/848/1846 2255/849/2234 2701/853/2678 2247/821/2226
f 2247/821/2226 2701/853/2678 2257/851/2236 1869/854/1848
f 2701/853/2678 2230/855/2209 1881/695/1860 2257/851/2236
f 2255/849/2234 1879/810/1858 2230/855/2209 2701/853/2678
f 1868/856/1847 2256/859/2235 2702/858/2679 2248/857/2227
f 2248/857/2227 2702/858/2679 2254/828/2233 1870/860/1849
f 2702/858/2679 2231/698/2210 1878/829/1857 2254/828/2233
f 2256/859/2235 1880/861/1859 2231/698/2210 2702/858/2679
f 1864/862/1843 2261/865/2238 2703/864/2680 2243/863/2222
f 2243/863/2222 2703/864/2680 2242/866/2221 1866/833/1845
f 2703/864/2680 2258/815/2237 1865/818/1844 2242/866/2221
f 2261/865/2238 1882/814/1861 2258/815/2237 2703/864/2680
f 1872/827/1851 2244/840/2223 2704/867/2681 2241/824/2220
f 2241/824/2220 2704/867/2681 2261/865/2238 1864/823/1843
f 2704/867/2681 2259/868/1861 1882/814/1861 2261/865/2238
f 2244/840/2223 1871/842/1850 2259/868/1861 2704/867/2681
f 1868/856/1847 2248/857/2227 2705/870/2682 2260/869/1861
f 2260/869/1861 2705/870/2682 2262/817/2239 1882/814/1861
f 2705/870/2682 2245/846/2224 1867/848/1846 2262/817/2239
f 2248/857/2227 1870/845/1849 2245/846/2224 2705/870/2682
f 1802/743/1782 2267/873/2244 2706/872/2683 2263/871/2240
f 2263/871/2240 2706/872/2683 2268/874/2245 1803/739/1783
f 2706/872/2683 2106/875/2085 1883/695/1862 2268/874/2245
f 2267/873/2244 1884/711/1863 2106/875/2085 2706/872/2683
f 1812/876/1792 2269/878/2246 2707/877/2684 2264/871/2241
f 2264/871/2241 2707/877/2684 2270/880/2247 1811/879/1791
f 2707/877/2684 2123/750/2102 1886/711/1865 2270/880/2247
f 2269/878/2246 1885/695/1864 2123/750/2102 2707/877/2684
f 1803/881/1783 2268/874/2245 2708/883/2685 2265/882/2242
f 2265/882/2242 2708/883/2685 2269/878/2246 1812/884/1792
f 2708/883/2685 2130/749/2109 1885/718/1864 2269/878/2246
f 2268/874/2245 1883/718/1862 2130/749/2109 2708/883/2685
f 1811/885/1791 2270/880/2247 2709/887/2686 2266/886/2243
f 2266/886/2243 2709/887/2686 2267/873/2244 1802/888/1782
f 2709/887/2686 2131/747/2110 1884/852/1863 2267/873/2244
f 2270/880/2247 1886/852/1865 2131/747/2110 2709/887/2686
f 1820/757/1800 2275/891/2252 2710/890/2687 2271/889/2248
f 2271/889/2248 2710/890/2687 2276/893/2253 1821/892/1801
f 2710/890/2687 2140/894/2119 1887/695/1866 2276/893/2253
f 2275/891/2252 1888/753/1867 2140/894/2119 2710/890/2687
f 1830/895/1810 2277/898/2254 2711/897/2688 2272/896/2249
f 2272/896/2249 2711/897/2688 2278/899/2255 1829/761/1809
f 2711/897/2688 2157/772/2136 1890/769/1869 2278/899/2255
f 2277/898/2254 1889/695/1868 2157/772/2136 2711/897/2688
f 1821/900/1801 2276/893/2253 2712/902/2689 2273/901/2250
f 2273/901/2250 2712/902/2689 2277/898/2254 1830/903/1810
f 2712/902/2689 2171/749/2150 1889/718/1868 2277/898/2254
f 2276/893/2253 1887/718/1866 2171/749/2150 2712/902/2689
f 1829/761/1809 2278/899/2255 2713/905/2690 2274/904/2251
f 2274/904/2251 2713/905/2690 2275/891/2252 1820/757/1800
f 2713/905/2690 2172/906/2151 1888/753/1867 2275/891/2252
f 2278/899/2255 1890/769/1869 2172/906/2151 2713/905/2690
f 1896/907/1875 2300/910/2277 2714/909/2691 2286/908/2263
f 2286/908/2263 2714/909/2691 2299/912/2276 1898/911/1877
f 2714/909/2691 2298/914/2275 1902/913/1881 2299/912/2276
f 2300/910/2277 1900/915/1879 2298/914/2275 2714/909/2691
f 1829/761/1809 2287/918/2264 2715/917/2692 2272/916/2249
f 2272/916/2249 2715/917/2692 2291/919/2268 1830/895/1810
f 2715/917/2692 2284/921/2261 1897/920/1876 2291/919/2268
f 2287/918/2264 1898/911/1877 2284/921/2261 2715/917/2692
f 1802/743/1782 2289/744/2266 2716/922/2693 2266/886/2243
f 2266/886/2243 2716/922/2693 2292/923/2269 1811/879/1791
f 2716/922/2693 2282/886/2259 1894/879/1873 2292/923/2269
f 2289/744/2266 1892/743/1871 2282/886/2259 2716/922/2693
f 1811/879/1791 2292/923/2269 2717/925/2694 2264/924/2241
f 2264/924/2241 2717/925/2694 2293/926/2270 1812/876/1792
f 2717/925/2694 2280/927/2257 1893/876/1872 2293/926/2270
f 2292/923/2269 1894/879/1873 2280/927/2257 2717/925/2694
f 1830/895/1810 2291/919/2268 2718/929/2695 2273/928/2250
f 2273/928/2250 2718/929/2695 2294/930/2271 1821/892/1801
f 2718/929/2695 2285/932/2262 1895/931/1874 2294/930/2271
f 2291/919/2268 1897/920/1876 2285/932/2262 2718/929/2695
f 1821/892/1801 2294/930/2271 2719/934/2696 2271/933/2248
f 2271/933/2248 2719/934/2696 2288/935/2265 1820/757/1800
f 2719/934/2696 2283/936/2260 1896/907/1875 2288/935/2265
f 2294/930/2271 1895/931/1874 2283/936/2260 2719/934/2696
f 1812/876/1792 2293/926/2270 2720/937/2697 2265/882/2242
f 2265/882/2242 2720/937/2697 2290/742/2267 1803/739/1783
f 2720/937/2697 2281/882/2258 1891/739/1870 2290/742/2267
f 2293/926/2270 1893/876/1872 2281/882/2258 2720/937/2697
f 1898/911/1877 2299/912/2276 2721/938/2698 2284/921/2261
f 2284/921/2261 2721/938/2698 2301/939/2278 1897/920/1876
f 2721/938/2698 2296/921/2273 1901/895/1880 2301/939/2278
f 2299/912/2276 1902/913/1881 2296/921/2273 2721/938/2698
f 1897/920/1876 2301/939/2278 2722/929/2699 2285/932/2262
f 2285/932/2262 2722/929/2699 2302/930/2279 1895/931/1874
f 2722/929/2699 2297/928/2274 1899/892/1878 2302/930/2279
f 2301/939/2278 1901/895/1880 2297/928/2274 2722/929/2699
f 1895/931/1874 2302/930/2279 2723/936/2700 2283/936/2260
f 2283/936/2260 2723/936/2700 2300/910/2277 1896/907/1875
f 2723/936/2700 2295/940/2272 1900/915/1879 2300/910/2277
f 2302/930/2279 1899/892/1878 2295/940/2272 2723/936/2700
f 1901/895/1880 2303/942/2280 2724/941/2701 2297/928/2274
f 2297/928/2274 2724/941/2701 2304/943/2281 1899/892/1878
f 2724/941/2701 2281/882/2258 1893/876/1872 2304/943/2281
f 2303/942/2280 1891/739/1870 2281/882/2258 2724/941/2701
f 1899/892/1878 2304/943/2281 2725/944/2702 2295/940/2272
f 2295/940/2272 2725/944/2702 2305/945/2282 1900/915/1879
f 2725/944/2702 2280/927/2257 1894/879/1873 2305/945/2282
f 2304/943/2281 1893/876/1872 2280/927/2257 2725/944/2702
f 1900/915/1879 2305/945/2282 2726/946/2703 2298/914/2275
f 2298/914/2275 2726/946/2703 2306/947/2283 1902/913/1881
f 2726/946/2703 2282/886/2259 1892/743/1871 2306/947/2283
f 2305/945/2282 1894/879/1873 2282/886/2259 2726/946/2703
f 1902/913/1881 2306/947/2283 2727/948/2704 2296/921/2273
f 2296/921/2273 2727/948/2704 2303/942/2280 1901/895/1880
f 2727/948/2704 2279/745/2256 1891/739/1870 2303/942/2280
f 2306/947/2283 1892/743/1871 2279/745/2256 2727/948/2704
f 1903/792/1882 2312/949/2289 2728/692/2705 2307/693/2284
f 2307/693/2284 2728/692/2705 2313/950/2290 1904/798/1883
f 2728/692/2705 2309/692/2286 1908/695/1887 2313/950/2290
f 2312/949/2289 1907/691/1886 2309/692/2286 2728/692/2705
f 1906/798/1885 2311/951/2288 2729/783/2706 2308/692/2285
f 2308/692/2285 2729/783/2706 2314/952/2291 1905/792/1884
f 2729/783/2706 2310/692/2287 1909/792/1888 2314/952/2291
f 2311/951/2288 1910/953/1889 2310/692/2287 2729/783/2706
f 1913/954/1892 2325/694/2302 2730/956/2707 2329/955/2306
f 2329/955/2306 2730/956/2707 2324/795/2301 1912/787/1891
f 2730/956/2707 2312/957/2289 1903/792/1882 2324/795/2301
f 2325/694/2302 1907/691/1886 2312/957/2289 2730/956/2707
f 1915/787/1894 2317/791/2294 2731/958/2708 2337/794/2314
f 2337/794/2314 2731/958/2708 2320/959/2297 1917/796/1896
f 2731/958/2708 2310/692/2287 1910/953/1889 2320/959/2297
f 2317/791/2294 1909/792/1888 2310/692/2287 2731/958/2708
f 1914/718/1893 2326/749/2303 2732/693/2709 2328/692/2305
f 2328/692/2305 2732/693/2709 2325/694/2302 1913/691/1892
f 2732/693/2709 2309/692/2286 1907/724/1886 2325/694/2302
f 2326/749/2303 1908/718/1887 2309/692/2286 2732/693/2709
f 1911/796/1890 2315/797/2292 2733/961/2710 2327/960/2304
f 2327/960/2304 2733/961/2710 2326/749/2303 1914/695/1893
f 2733/961/2710 2313/950/2290 1908/695/1887 2326/749/2303
f 2315/797/2292 1904/798/1883 2313/950/2290 2733/961/2710
f 1918/962/1897 2334/963/2311 2734/782/2711 2336/794/2313
f 2336/794/2313 2734/782/2711 2332/790/2309 1916/787/1895
f 2734/782/2711 2308/692/2285 1905/792/1884 2332/790/2309
f 2334/963/2311 1906/798/1885 2308/692/2285 2734/782/2711
f 1917/796/1896 2320/959/2297 2735/965/2712 2335/964/2312
f 2335/964/2312 2735/965/2712 2334/963/2311 1918/962/1897
f 2735/965/2712 2311/966/2288 1906/798/1885 2334/963/2311
f 2320/959/2297 1910/953/1889 2311/966/2288 2735/965/2712
f 1857/695/1836 2323/969/2300 2736/968/2713 2235/967/2214
f 2235/967/2214 2736/968/2713 2321/970/2298 1876/695/1855
f 2736/968/2713 2327/960/2304 1914/695/1893 2321/970/2298
f 2323/969/2300 1911/796/1890 2327/960/2304 2736/968/2713
f 1876/695/1855 2321/970/2298 2737/693/2714 2226/692/2205
f 2226/692/2205 2737/693/2714 2319/971/2296 1874/691/1853
f 2737/693/2714 2328/692/2305 1913/954/1892 2319/971/2296
f 2321/970/2298 1914/695/1893 2328/692/2305 2737/693/2714
f 1874/691/1853 2319/971/2296 2738/973/2715 2234/972/2213
f 2234/972/2213 2738/973/2715 2316/974/2293 1855/775/1834
f 2738/973/2715 2329/955/2306 1912/787/1891 2316/974/2293
f 2319/971/2296 1913/954/1892 2329/955/2306 2738/973/2715
f 1855/775/1834 2316/974/2293 2739/794/2716 2209/782/2188
f 2209/782/2188 2739/794/2716 2323/969/2300 1857/695/1836
f 2739/794/2716 2330/794/2307 1911/796/1890 2323/969/2300
f 2316/974/2293 1912/787/1891 2330/794/2307 2739/794/2716
f 1881/695/1860 2333/976/2310 2740/975/2717 2233/786/2212
f 2233/786/2212 2740/975/2717 2322/977/2299 1860/695/1839
f 2740/975/2717 2335/964/2312 1918/962/1897 2322/977/2299
f 2333/976/2310 1917/796/1896 2335/964/2312 2740/975/2717
f 1860/695/1839 2322/977/2299 2741/693/2718 2213/783/2192
f 2213/783/2192 2741/693/2718 2318/978/2295 1858/775/1837
f 2741/693/2718 2336/794/2313 1916/787/1895 2318/978/2295
f 2322/977/2299 1918/962/1897 2336/794/2313 2741/693/2718
f 1879/810/1858 2331/980/2308 2742/979/2719 2230/855/2209
f 2230/855/2209 2742/979/2719 2333/976/2310 1881/695/1860
f 2742/979/2719 2337/794/2314 1917/796/1896 2333/976/2310
f 2331/980/2308 1915/787/1894 2337/794/2314 2742/979/2719
f 1858/775/1837 2318/978/2295 2743/982/2720 2236/981/2215
f 2236/981/2215 2743/982/2720 2331/980/2308 1879/810/1858
f 2743/982/2720 2338/788/2315 1915/787/1894 2331/980/2308
f 2318/978/2295 1916/787/1895 2338/788/2315 2743/982/2720
f 1919/691/1898 2341/692/2318 2744/693/2721 2355/694/2332
f 2355/694/2332 2744/693/2721 2349/693/2326 1926/694/1905
f 2744/693/2721 2356/721/2333 1928/721/1907 2349/693/2326
f 2341/692/2318 1921/695/1900 2356/721/2333 2744/693/2721
f 1923/695/1902 2345/692/2322 2745/693/2722 2357/696/2334
f 2357/696/2334 2745/693/2722 2353/693/2330 1930/696/1909
f 2745/693/2722 2358/722/2335 1929/722/1908 2353/693/2330
f 2345/692/2322 1922/691/1901 2358/722/2335 2745/693/2722
f 1772/697/1752 2342/698/2319 2746/699/2723 2066/700/2045
f 2066/700/2045 2746/699/2723 2350/706/2327 1781/704/1761
f 2746/699/2723 2359/701/2336 1932/701/1911 2350/706/2327
f 2342/698/2319 1925/701/1904 2359/701/2336 2746/699/2723
f 1924/701/1903 2346/698/2323 2747/699/2724 2360/702/2337
f 2360/702/2337 2747/699/2724 2354/703/2331 1931/702/1910
f 2747/699/2724 2069/700/2048 1778/704/1758 2354/703/2331
f 2346/698/2323 1769/697/1749 2069/700/2048 2747/699/2724
f 1925/701/1904 2339/707/2316 2748/708/2725 2359/701/2336
f 2359/701/2336 2748/708/2725 2347/708/2324 1932/701/1911
f 2748/708/2725 2355/694/2332 1926/694/1905 2347/708/2324
f 2339/707/2316 1919/691/1898 2355/694/2332 2748/708/2725
f 1922/691/1901 2343/707/2320 2749/708/2726 2358/722/2335
f 2358/722/2335 2749/708/2726 2351/708/2328 1929/722/1908
f 2749/708/2726 2360/702/2337 1931/702/1910 2351/708/2328
f 2343/707/2320 1924/701/1903 2360/702/2337 2749/708/2726
f 1921/695/1900 2340/709/2317 2750/715/2727 2356/721/2333
f 2356/721/2333 2750/715/2727 2348/714/2325 1928/721/1907
f 2750/715/2727 2361/712/2338 1927/713/1906 2348/714/2325
f 2340/709/2317 1920/711/1899 2361/712/2338 2750/715/2727
f 1920/711/1899 2344/709/2321 2751/710/2728 2361/712/2338
f 2361/712/2338 2751/710/2728 2352/714/2329 1927/713/1906
f 2751/710/2728 2357/696/2334 1930/696/1909 2352/714/2329
f 2344/709/2321 1923/695/1902 2357/696/2334 2751/710/2728
f 1928/983/1907 2348/716/2325 2752/717/2729 2370/718/2347
f 2370/718/2347 2752/717/2729 2363/716/2340 1935/983/1914
f 2752/717/2729 2371/984/2348 1934/719/1913 2363/716/2340
f 2348/716/2325 1927/719/1906 2371/984/2348 2752/717/2729
f 1927/719/1906 2352/985/2329 2753/714/2730 2371/984/2348
f 2371/984/2348 2753/714/2730 2367/985/2344 1934/719/1913
f 2753/714/2730 2372/986/2349 1937/696/1916 2367/985/2344
f 2352/985/2329 1930/696/1909 2372/986/2349 2753/714/2730
f 1926/722/1905 2349/723/2326 2754/693/2731 2373/987/2350
f 2373/987/2350 2754/693/2731 2364/723/2341 1933/722/1912
f 2754/693/2731 2370/718/2347 1935/983/1914 2364/723/2341
f 2349/723/2326 1928/983/1907 2370/718/2347 2754/693/2731
f 1930/696/1909 2353/725/2330 2755/692/2732 2372/986/2349
f 2372/986/2349 2755/692/2732 2368/725/2345 1937/696/1916
f 2755/692/2732 2374/726/2351 1936/694/1915 2368/725/2345
f 2353/725/2330 1929/694/1908 2374/726/2351 2755/692/2732
f 1781/704/1761 2350/989/2327 2756/988/2733 2084/730/2063
f 2084/730/2063 2756/988/2733 2365/989/2342 1790/704/1770
f 2756/988/2733 2375/731/2352 1939/702/1918 2365/989/2342
f 2350/989/2327 1932/702/1911 2375/731/2352 2756/988/2733
f 1931/702/1910 2354/732/2331 2757/706/2734 2376/731/2353
f 2376/731/2353 2757/706/2734 2369/732/2346 1938/702/1917
f 2757/706/2734 2087/730/2066 1787/704/1767 2369/732/2346
f 2354/732/2331 1778/704/1758 2087/730/2066 2757/706/2734
f 1932/702/1911 2347/990/2324 2758/708/2735 2375/731/2352
f 2375/731/2352 2758/708/2735 2362/990/2339 1939/702/1918
f 2758/708/2735 2373/987/2350 1933/722/1912 2362/990/2339
f 2347/990/2324 1926/722/1905 2373/987/2350 2758/708/2735
f 1929/694/1908 2351/991/2328 2759/707/2736 2374/726/2351
f 2374/726/2351 2759/707/2736 2366/991/2343 1936/694/1915
f 2759/707/2736 2376/731/2353 1938/702/1917 2366/991/2343
f 2351/991/2328 1931/702/1910 2376/731/2353 2759/707/2736
f 1936/694/1915 2366/991/2343 2760/707/2737 2385/726/2362
f 2385/726/2362 2760/707/2737 2381/991/2358 1943/694/1922
f 2760/707/2737 2386/731/2363 1945/702/1924 2381/991/2358
f 2366/991/2343 1938/702/1917 2386/731/2363 2760/707/2737
f 1935/983/1914 2363/716/2340 2761/717/2738 2387/718/2364
f 2387/718/2364 2761/717/2738 2378/716/2355 1942/983/1921
f 2761/717/2738 2388/984/2365 1941/719/1920 2378/716/2355
f 2363/716/2340 1934/719/1913 2388/984/2365 2761/717/2738
f 1934/719/1913 2367/985/2344 2762/714/2739 2388/984/2365
f 2388/984/2365 2762/714/2739 2382/985/2359 1941/719/1920
f 2762/714/2739 2389/986/2366 1944/696/1923 2382/985/2359
f 2367/985/2344 1937/696/1916 2389/986/2366 2762/714/2739
f 1933/722/1912 2364/723/2341 2763/693/2740 2390/987/2367
f 2390/987/2367 2763/693/2740 2379/723/2356 1940/722/1919
f 2763/693/2740 2387/718/2364 1942/983/1921 2379/723/2356
f 2364/723/2341 1935/983/1914 2387/718/2364 2763/693/2740
f 1937/696/1916 2368/725/2345 2764/692/2741 2389/986/2366
f 2389/986/2366 2764/692/2741 2383/725/2360 1944/696/1923
f 2764/692/2741 2385/726/2362 1943/694/1922 2383/725/2360
f 2368/725/2345 1936/694/1915 2385/726/2362 2764/692/2741
f 1790/704/1770 2365/989/2342 2765/988/2742 2098/730/2077
f 2098/730/2077 2765/988/2742 2380/989/2357 1799/704/1779
f 2765/988/2742 2391/731/2368 1946/702/1925 2380/989/2357
f 2365/989/2342 1939/702/1918 2391/731/2368 2765/988/2742
f 1938/702/1917 2369/732/2346 2766/706/2743 2386/731/2363
f 2386/731/2363 2766/706/2743 2384/732/2361 1945/702/1924
f 2766/706/2743 2099/730/2078 1796/704/1776 2384/732/2361
f 2369/732/2346 1787/704/1767 2099/730/2078 2766/706/2743
f 1939/702/1918 2362/990/2339 2767/708/2744 2391/731/2368
f 2391/731/2368 2767/708/2744 2377/990/2354 1946/702/1925
f 2767/708/2744 2390/987/2367 1940/722/1919 2377/990/2354
f 2362/990/2339 1933/722/1912 2390/987/2367 2767/708/2744
f 1944/696/1923 2383/725/2360 2768/692/2745 2400/986/2377
f 2400/986/2377 2768/692/2745 2398/725/2375 1951/696/1930
f 2768/692/2745 2401/726/2378 1950/694/1929 2398/725/2375
f 2383/725/2360 1943/694/1922 2401/726/2378 2768/692/2745
f 1799/704/1779 2380/989/2357 2769/988/2746 2115/730/2094
f 2115/730/2094 2769/988/2746 2395/989/2372 1808/704/1788
f 2769/988/2746 2402/731/2379 1953/702/1932 2395/989/2372
f 2380/989/2357 1946/702/1925 2402/731/2379 2769/988/2746
f 1945/702/1924 2384/732/2361 2770/706/2747 2403/731/2380
f 2403/731/2380 2770/706/2747 2399/732/2376 1952/702/1931
f 2770/706/2747 2118/730/2097 1805/704/1785 2399/732/2376
f 2384/732/2361 1796/704/1776 2118/730/2097 2770/706/2747
f 1946/702/1925 2377/990/2354 2771/708/2748 2402/731/2379
f 2402/731/2379 2771/708/2748 2392/990/2369 1953/702/1932
f 2771/708/2748 2404/987/2381 1947/722/1926 2392/990/2369
f 2377/990/2354 1940/722/1919 2404/987/2381 2771/708/2748
f 1943/694/1922 2381/991/2358 2772/707/2749 2401/726/2378
f 2401/726/2378 2772/707/2749 2396/991/2373 1950/694/1929
f 2772/707/2749 2403/731/2380 1952/702/1931 2396/991/2373
f 2381/991/2358 1945/702/1924 2403/731/2380 2772/707/2749
f 1942/721/1921 2378/714/2355 2773/710/2750 2405/696/2382
f 2405/696/2382 2773/710/2750 2393/709/2370 2010/695/1989
f 2773/710/2750 2406/736/2383 2011/711/1990 2393/709/2370
f 2378/714/2355 1941/713/1920 2406/736/2383 2773/710/2750
f 1941/713/1920 2382/714/2359 2774/710/2751 2406/736/2383
f 2406/736/2383 2774/710/2751 2397/992/2374 2011/711/1990
f 2774/710/2751 2400/696/2377 1951/696/1930 2397/992/2374
f 2382/714/2359 1944/696/1923 2400/696/2377 2774/710/2751
f 1940/694/1919 2379/693/2356 2775/693/2752 2404/694/2381
f 2404/694/2381 2775/693/2752 2394/993/2371 1947/694/1926
f 2775/693/2752 2405/696/2382 2010/695/1989 2394/993/2371
f 2379/693/2356 1942/721/1921 2405/696/2382 2775/693/2752
f 1949/739/1928 2530/745/2507 2776/927/2753 2557/994/2534
f 2557/994/2534 2776/927/2753 2546/996/2523 2018/995/1997
f 2776/927/2753 2556/998/2533 2019/997/1998 2546/996/2523
f 2530/745/2507 1948/743/1927 2556/998/2533 2776/927/2753
f 2011/711/1990 2397/992/2374 2777/1000/2754 2416/999/2393
f 2416/999/2393 2777/1000/2754 2412/1002/2389 2013/1001/1992
f 2777/1000/2754 2417/696/2394 1958/696/1937 2412/1002/2389
f 2397/992/2374 1951/696/1930 2417/696/2394 2777/1000/2754
f 1947/694/1926 2394/993/2371 2778/1003/2755 2418/694/2395
f 2418/694/2395 2778/1003/2755 2409/1004/2386 1954/694/1933
f 2778/1003/2755 2415/1006/2392 2012/1005/1991 2409/1004/2386
f 2394/993/2371 2010/695/1989 2415/1006/2392 2778/1003/2755
f 1951/696/1930 2398/725/2375 2779/692/2756 2417/986/2394
f 2417/986/2394 2779/692/2756 2413/725/2390 1958/696/1937
f 2779/692/2756 2419/726/2396 1957/694/1936 2413/725/2390
f 2398/725/2375 1950/694/1929 2419/726/2396 2779/692/2756
f 1808/704/1788 2395/989/2372 2780/988/2757 2135/730/2114
f 2135/730/2114 2780/988/2757 2410/989/2387 1817/704/1797
f 2780/988/2757 2420/731/2397 1960/702/1939 2410/989/2387
f 2395/989/2372 1953/702/1932 2420/731/2397 2780/988/2757
f 1952/702/1931 2399/732/2376 2781/706/2758 2421/731/2398
f 2421/731/2398 2781/706/2758 2414/732/2391 1959/702/1938
f 2781/706/2758 2138/730/2117 1814/704/1794 2414/732/2391
f 2399/732/2376 1805/704/1785 2138/730/2117 2781/706/2758
f 1953/702/1932 2392/990/2369 2782/708/2759 2420/731/2397
f 2420/731/2397 2782/708/2759 2407/990/2384 1960/702/1939
f 2782/708/2759 2418/987/2395 1954/722/1933 2407/990/2384
f 2392/990/2369 1947/722/1926 2418/987/2395 2782/708/2759
f 1950/694/1929 2396/991/2373 2783/707/2760 2419/726/2396
f 2419/726/2396 2783/707/2760 2411/991/2388 1957/694/1936
f 2783/707/2760 2421/731/2398 1959/702/1938 2411/991/2388
f 2396/991/2373 1952/702/1931 2421/731/2398 2783/707/2760
f 1957/694/1936 2411/991/2388 2784/707/2761 2430/726/2407
f 2430/726/2407 2784/707/2761 2426/991/2403 1964/694/1943
f 2784/707/2761 2431/731/2408 1966/702/1945 2426/991/2403
f 2411/991/2388 1959/702/1938 2431/731/2408 2784/707/2761
f 2012/1005/1991 2408/1009/2385 2785/1008/2762 2432/1007/2409
f 2432/1007/2409 2785/1008/2762 2423/709/2400 2014/695/1993
f 2785/1008/2762 2433/1010/2410 2015/711/1994 2423/709/2400
f 2408/1009/2385 2013/1001/1992 2433/1010/2410 2785/1008/2762
f 2013/1001/1992 2412/1002/2389 2786/1011/2763 2433/1010/2410
f 2433/1010/2410 2786/1011/2763 2427/1012/2404 2015/711/1994
f 2786/1011/2763 2434/696/2411 1965/696/1944 2427/1012/2404
f 2412/1002/2389 1958/696/1937 2434/696/2411 2786/1011/2763
f 1954/694/1933 2409/1004/2386 2787/1013/2764 2435/694/2412
f 2435/694/2412 2787/1013/2764 2424/1014/2401 1961/694/1940
f 2787/1013/2764 2432/1007/2409 2014/695/1993 2424/1014/2401
f 2409/1004/2386 2012/1005/1991 2432/1007/2409 2787/1013/2764
f 1958/696/1937 2413/725/2390 2788/692/2765 2434/986/2411
f 2434/986/2411 2788/692/2765 2428/725/2405 1965/696/1944
f 2788/692/2765 2430/726/2407 1964/694/1943 2428/725/2405
f 2413/725/2390 1957/694/1936 2430/726/2407 2788/692/2765
f 1817/704/1797 2410/989/2387 2789/988/2766 2149/730/2128
f 2149/730/2128 2789/988/2766 2425/989/2402 1826/704/1806
f 2789/988/2766 2436/731/2413 1967/702/1946 2425/989/2402
f 2410/989/2387 1960/702/1939 2436/731/2413 2789/988/2766
f 1959/702/1938 2414/732/2391 2790/706/2767 2431/731/2408
f 2431/731/2408 2790/706/2767 2429/732/2406 1966/702/1945
f 2790/706/2767 2150/730/2129 1823/704/1803 2429/732/2406
f 2414/732/2391 1814/704/1794 2150/730/2129 2790/706/2767
f 1960/702/1939 2407/990/2384 2791/708/2768 2436/731/2413
f 2436/731/2413 2791/708/2768 2422/990/2399 1967/702/1946
f 2791/708/2768 2435/987/2412 1961/722/1940 2422/990/2399
f 2407/990/2384 1954/722/1933 2435/987/2412 2791/708/2768
f 1965/696/1944 2428/725/2405 2792/692/2769 2445/986/2422
f 2445/986/2422 2792/692/2769 2443/725/2420 1972/696/1951
f 2792/692/2769 2446/726/2423 1971/694/1950 2443/725/2420
f 2428/725/2405 1964/694/1943 2446/726/2423 2792/692/2769
f 1826/704/1806 2425/989/2402 2793/988/2770 2166/730/2145
f 2166/730/2145 2793/988/2770 2440/989/2417 1835/704/1815
f 2793/988/2770 2447/731/2424 1974/702/1953 2440/989/2417
f 2425/989/2402 1967/702/1946 2447/731/2424 2793/988/2770
f 1966/702/1945 2429/732/2406 2794/706/2771 2448/731/2425
f 2448/731/2425 2794/706/2771 2444/732/2421 1973/702/1952
f 2794/706/2771 2169/730/2148 1832/704/1812 2444/732/2421
f 2429/732/2406 1823/704/1803 2169/730/2148 2794/706/2771
f 1967/702/1946 2422/990/2399 2795/708/2772 2447/731/2424
f 2447/731/2424 2795/708/2772 2437/990/2414 1974/702/1953
f 2795/708/2772 2449/987/2426 1968/722/1947 2437/990/2414
f 2422/990/2399 1961/722/1940 2449/987/2426 2795/708/2772
f 1964/694/1943 2426/991/2403 2796/707/2773 2446/726/2423
f 2446/726/2423 2796/707/2773 2441/991/2418 1971/694/1950
f 2796/707/2773 2448/731/2425 1973/702/1952 2441/991/2418
f 2426/991/2403 1966/702/1945 2448/731/2425 2796/707/2773
f 1962/915/1941 2541/1017/2518 2797/1016/2774 2555/1015/2532
f 2555/1015/2532 2797/1016/2774 2553/1019/2530 2023/1018/2002
f 2797/1016/2774 2554/918/2531 2025/911/2004 2553/1019/2530
f 2541/1017/2518 1969/761/1948 2554/918/2531 2797/1016/2774
f 2015/711/1994 2427/1012/2404 2798/1021/2775 2451/1020/2428
f 2451/1020/2428 2798/1021/2775 2442/768/2419 2017/1022/1996
f 2798/1021/2775 2445/696/2422 1972/696/1951 2442/768/2419
f 2427/1012/2404 1965/696/1944 2445/696/2422 2798/1021/2775
f 1961/694/1940 2424/1014/2401 2799/1023/2776 2449/694/2426
f 2449/694/2426 2799/1023/2776 2439/1024/2416 1968/694/1947
f 2799/1023/2776 2450/1026/2427 2016/1025/1995 2439/1024/2416
f 2424/1014/2401 2014/695/1993 2450/1026/2427 2799/1023/2776
f 2017/1022/1996 2442/768/2419 2800/1027/2777 2460/771/2437
f 2460/771/2437 2800/1027/2777 2457/714/2434 1976/713/1955
f 2800/1027/2777 2461/696/2438 1979/696/1958 2457/714/2434
f 2442/768/2419 1972/696/1951 2461/696/2438 2800/1027/2777
f 1968/694/1947 2439/1024/2416 2801/1028/2778 2462/694/2439
f 2462/694/2439 2801/1028/2778 2454/693/2431 1975/694/1954
f 2801/1028/2778 2463/1029/2440 1977/721/1956 2454/693/2431
f 2439/1024/2416 2016/1025/1995 2463/1029/2440 2801/1028/2778
f 1972/696/1951 2443/725/2420 2802/692/2779 2461/986/2438
f 2461/986/2438 2802/692/2779 2458/725/2435 1979/696/1958
f 2802/692/2779 2464/726/2441 1978/694/1957 2458/725/2435
f 2443/725/2420 1971/694/1950 2464/726/2441 2802/692/2779
f 1835/704/1815 2440/989/2417 2803/988/2780 2186/730/2165
f 2186/730/2165 2803/988/2780 2455/989/2432 1844/704/1013
f 2803/988/2780 2465/731/2442 1981/702/1960 2455/989/2432
f 2440/989/2417 1974/702/1953 2465/731/2442 2803/988/2780
f 1973/702/1952 2444/732/2421 2804/706/2781 2466/731/2443
f 2466/731/2443 2804/706/2781 2459/732/2436 1980/702/1959
f 2804/706/2781 2189/730/2168 1841/704/1821 2459/732/2436
f 2444/732/2421 1832/704/1812 2189/730/2168 2804/706/2781
f 1974/702/1953 2437/990/2414 2805/708/2782 2465/731/2442
f 2465/731/2442 2805/708/2782 2452/990/2429 1981/702/1960
f 2805/708/2782 2462/987/2439 1975/722/1954 2452/990/2429
f 2437/990/2414 1968/722/1947 2462/987/2439 2805/708/2782
f 1971/694/1950 2441/991/2418 2806/707/2783 2464/726/2441
f 2464/726/2441 2806/707/2783 2456/991/2433 1978/694/1957
f 2806/707/2783 2466/731/2443 1980/702/1959 2456/991/2433
f 2441/991/2418 1973/702/1952 2466/731/2443 2806/707/2783
f 2016/1025/1995 2438/1031/2415 2807/1030/2784 2463/1029/2440
f 2463/1029/2440 2807/1030/2784 2453/714/2430 1977/721/1956
f 2807/1030/2784 2460/771/2437 1976/713/1955 2453/714/2430
f 2438/1031/2415 2017/1022/1996 2460/771/2437 2807/1030/2784
f 1977/983/1956 2453/716/2430 2808/717/2785 2475/718/2452
f 2475/718/2452 2808/717/2785 2468/716/2445 1984/983/1963
f 2808/717/2785 2476/984/2453 1983/719/1962 2468/716/2445
f 2453/716/2430 1976/719/1955 2476/984/2453 2808/717/2785
f 1976/719/1955 2457/985/2434 2809/714/2786 2476/984/2453
f 2476/984/2453 2809/714/2786 2472/985/2449 1983/719/1962
f 2809/714/2786 2477/986/2454 1986/696/1965 2472/985/2449
f 2457/985/2434 1979/696/1958 2477/986/2454 2809/714/2786
f 1975/722/1954 2454/723/2431 2810/693/2787 2478/987/2455
f 2478/987/2455 2810/693/2787 2469/723/2446 1982/722/1961
f 2810/693/2787 2475/718/2452 1984/983/1963 2469/723/2446
f 2454/723/2431 1977/983/1956 2475/718/2452 2810/693/2787
f 1979/696/1958 2458/725/2435 2811/692/2788 2477/986/2454
f 2477/986/2454 2811/692/2788 2473/725/2450 1986/696/1965
f 2811/692/2788 2479/726/2456 1985/694/1964 2473/725/2450
f 2458/725/2435 1978/694/1957 2479/726/2456 2811/692/2788
f 1844/704/1013 2455/989/2432 2812/988/2789 2198/730/2177
f 2198/730/2177 2812/988/2789 2470/989/2447 1853/704/1832
f 2812/988/2789 2480/731/2457 1988/702/1967 2470/989/2447
f 2455/989/2432 1981/702/1960 2480/731/2457 2812/988/2789
f 1980/702/1959 2459/732/2436 2813/706/2790 2481/731/2458
f 2481/731/2458 2813/706/2790 2474/732/2451 1987/702/1966
f 2813/706/2790 2199/730/2178 1850/704/1829 2474/732/2451
f 2459/732/2436 1841/704/1821 2199/730/2178 2813/706/2790
f 1981/702/1960 2452/990/2429 2814/708/2791 2480/731/2457
f 2480/731/2457 2814/708/2791 2467/990/2444 1988/702/1967
f 2814/708/2791 2478/987/2455 1982/722/1961 2467/990/2444
f 2452/990/2429 1975/722/1954 2478/987/2455 2814/708/2791
f 1978/694/1957 2456/991/2433 2815/707/2792 2479/726/2456
f 2479/726/2456 2815/707/2792 2471/991/2448 1985/694/1964
f 2815/707/2792 2481/731/2458 1987/702/1966 2471/991/2448
f 2456/991/2433 1980/702/1959 2481/731/2458 2815/707/2792
f 1853/704/1832 2470/989/2447 2816/988/2793 2215/730/2194
f 2215/730/2194 2816/988/2793 2485/989/2462 1862/704/1841
f 2816/988/2793 2490/731/2467 1995/702/1974 2485/989/2462
f 2470/989/2447 1988/702/1967 2490/731/2467 2816/988/2793
f 1987/702/1966 2474/732/2451 2817/706/2794 2491/731/2468
f 2491/731/2468 2817/706/2794 2489/732/2466 1994/702/1973
f 2817/706/2794 2218/730/2197 1859/704/1838 2489/732/2466
f 2474/732/2451 1850/704/1829 2218/730/2197 2817/706/2794
f 1988/701/1967 2467/708/2444 2818/773/2795 2490/701/2467
f 2490/701/2467 2818/773/2795 2482/1032/2459 1995/701/1974
f 2818/773/2795 2492/694/2469 1989/722/1968 2482/1032/2459
f 2467/708/2444 1982/694/1961 2492/694/2469 2818/773/2795
f 1985/722/1964 2471/708/2448 2819/708/2796 2493/694/2470
f 2493/694/2470 2819/708/2796 2486/776/2463 1992/775/1971
f 2819/708/2796 2491/702/2468 1994/702/1973 2486/776/2463
f 2471/708/2448 1987/702/1966 2491/702/2468 2819/708/2796
f 1984/721/1963 2468/714/2445 2820/714/2797 2494/1033/2471
f 2494/1033/2471 2820/714/2797 2483/780/2460 1991/721/1970
f 2820/714/2797 2495/713/2472 1990/713/1969 2483/780/2460
f 2468/714/2445 1983/713/1962 2495/713/2472 2820/714/2797
f 1983/713/1962 2472/714/2449 2821/779/2798 2495/713/2472
f 2495/713/2472 2821/779/2798 2487/1034/2464 1990/713/1969
f 2821/779/2798 2496/696/2473 1993/695/1972 2487/1034/2464
f 2472/714/2449 1986/696/1965 2496/696/2473 2821/779/2798
f 1982/694/1961 2469/693/2446 2822/1035/2799 2492/694/2469
f 2492/694/2469 2822/1035/2799 2484/783/2461 1989/722/1968
f 2822/1035/2799 2494/1033/2471 1991/721/1970 2484/783/2461
f 2469/693/2446 1984/721/1963 2494/1033/2471 2822/1035/2799
f 1986/696/1965 2473/693/2450 2823/958/2800 2496/696/2473
f 2496/696/2473 2823/958/2800 2488/781/2465 1993/695/1972
f 2823/958/2800 2493/694/2470 1992/775/1971 2488/781/2465
f 2473/693/2450 1985/722/1964 2493/694/2470 2823/958/2800
f 1990/713/1969 2487/1034/2464 2824/1037/2801 2505/1036/2482
f 2505/1036/2482 2824/1037/2801 2502/813/2479 2006/711/1985
f 2824/1037/2801 2506/967/2483 2009/695/1988 2502/813/2479
f 2487/1034/2464 1993/695/1972 2506/967/2483 2824/1037/2801
f 2043/787/2022 2605/788/2582 2825/1038/2802 2599/790/2576
f 2599/790/2576 2825/1038/2802 2581/1039/2558 2032/792/2011
f 2825/1038/2802 2584/1040/2561 2036/792/2015 2581/1039/2558
f 2605/788/2582 2042/1041/2021 2584/1040/2561 2825/1038/2802
f 2039/1041/2018 2597/693/2574 2826/693/2803 2591/1040/2568
f 2591/1040/2568 2826/693/2803 2574/692/2551 2030/1042/2009
f 2826/693/2803 2582/797/2559 2031/798/2010 2574/692/2551
f 2597/693/2574 2038/1043/2017 2582/797/2559 2826/693/2803
f 1862/704/1841 2485/706/2462 2827/803/2804 2237/1044/2216
f 2237/1044/2216 2827/803/2804 2500/698/2477 1875/697/1854
f 2827/803/2804 2510/804/2487 2003/701/1982 2500/698/2477
f 2485/706/2462 1995/701/1974 2510/804/2487 2827/803/2804
f 1994/702/1973 2489/703/2466 2828/799/2805 2511/1045/2488
f 2511/1045/2488 2828/799/2805 2504/844/2481 2007/701/1986
f 2828/799/2805 2240/1044/2219 1880/697/1859 2504/844/2481
f 2489/703/2466 1859/704/1838 2240/1044/2219 2828/799/2805
f 1995/701/1974 2482/1032/2459 2829/1046/2806 2510/804/2487
f 2510/804/2487 2829/1046/2806 2497/1047/2474 2003/701/1982
f 2829/1046/2806 2507/1048/2484 2004/691/1983 2497/1047/2474
f 2482/1032/2459 1989/722/1968 2507/1048/2484 2829/1046/2806
f 1992/775/1971 2486/776/2463 2830/1049/2807 2509/806/2486
f 2509/806/2486 2830/1049/2807 2501/707/2478 2008/691/1987
f 2830/1049/2807 2511/1045/2488 2007/701/1986 2501/707/2478
f 2486/776/2463 1994/702/1973 2511/1045/2488 2830/1049/2807
f 1991/721/1970 2483/780/2460 2831/1051/2808 2508/1050/2485
f 2508/1050/2485 2831/1051/2808 2498/709/2475 2005/695/1984
f 2831/1051/2808 2505/1036/2482 2006/711/1985 2498/709/2475
f 2483/780/2460 1990/713/1969 2505/1036/2482 2831/1051/2808
f 1882/814/1861 2527/815/2504 2832/1052/2809 2529/817/2506
f 2529/817/2506 2832/1052/2809 2518/821/2495 1999/822/1978
f 2832/1052/2809 2517/819/2494 2000/820/1979 2518/821/2495
f 2527/815/2504 1997/818/1976 2517/819/2494 2832/1052/2809
f 1996/823/1975 2512/824/2489 2833/1054/2810 2520/1053/2497
f 2520/1053/2497 2833/1054/2810 2497/1055/2474 2004/691/1983
f 2833/1054/2810 2521/828/2498 2003/701/1982 2497/1055/2474
f 2512/824/2489 2002/827/1981 2521/828/2498 2833/1054/2810
f 1997/818/1976 2513/830/2490 2834/1056/2811 2522/832/2499
f 2522/832/2499 2834/1056/2811 2498/709/2475 2006/852/1985
f 2834/1056/2811 2523/834/2500 2005/718/1984 2498/709/2475
f 2513/830/2490 1998/833/1977 2523/834/2500 2834/1056/2811
f 1998/836/1977 2514/837/2491 2835/838/2812 2523/834/2500
f 2523/834/2500 2835/838/2812 2499/692/2476 2005/718/1984
f 2835/838/2812 2520/1053/2497 2004/691/1983 2499/692/2476
f 2514/837/2491 1996/823/1975 2520/1053/2497 2835/838/2812
f 2002/839/1981 2515/840/2492 2836/858/2813 2521/828/2498
f 2521/828/2498 2836/858/2813 2500/698/2477 2003/829/1982
f 2836/858/2813 2251/843/2230 1875/861/1854 2500/698/2477
f 2515/840/2492 1871/842/1850 2251/843/2230 2836/858/2813
f 2001/845/1980 2516/846/2493 2837/1057/2814 2524/828/2501
f 2524/828/2501 2837/1057/2814 2501/707/2478 2007/829/1986
f 2837/1057/2814 2525/1058/2502 2008/691/1987 2501/707/2478
f 2516/846/2493 1999/848/1978 2525/1058/2502 2837/1057/2814
f 2000/820/1979 2517/1060/2494 2838/1059/2815 2526/851/2503
f 2526/851/2503 2838/1059/2815 2502/813/2479 2009/695/1988
f 2838/1059/2815 2522/832/2499 2006/711/1985 2502/813/2479
f 2517/1060/2494 1997/818/1976 2522/832/2499 2838/1059/2815
f 1999/848/1978 2518/821/2495 2839/1061/2816 2525/1058/2502
f 2525/1058/2502 2839/1061/2816 2503/692/2480 2008/691/1987
f 2839/1061/2816 2526/851/2503 2009/718/1988 2503/692/2480
f 2518/821/2495 2000/854/1979 2526/851/2503 2839/1061/2816
f 1868/856/1847 2519/857/2496 2840/1062/2817 2256/859/2235
f 2256/859/2235 2840/1062/2817 2504/844/2481 1880/697/1859
f 2840/1062/2817 2524/828/2501 2007/701/1986 2504/844/2481
f 2519/857/2496 2001/860/1980 2524/828/2501 2840/1062/2817
f 1996/862/1975 2514/863/2491 2841/1052/2818 2528/865/2505
f 2528/865/2505 2841/1052/2818 2527/815/2504 1882/814/1861
f 2841/1052/2818 2513/830/2490 1997/818/1976 2527/815/2504
f 2514/863/2491 1998/833/1977 2513/830/2490 2841/1052/2818
f 2002/827/1981 2512/824/2489 2842/870/2819 2515/840/2492
f 2515/840/2492 2842/870/2819 2259/868/1861 1871/842/1850
f 2842/870/2819 2528/865/2505 1882/814/1861 2259/868/1861
f 2512/824/2489 1996/823/1975 2528/865/2505 2842/870/2819
f 1868/856/1847 2260/869/1861 2843/1063/2820 2519/857/2496
f 2519/857/2496 2843/1063/2820 2516/846/2493 2001/845/1980
f 2843/1063/2820 2529/817/2506 1999/848/1978 2516/846/2493
f 2260/869/1861 1882/814/1861 2529/817/2506 2843/1063/2820
f 1948/888/1927 2530/745/2507 2844/877/2821 2534/873/2511
f 2534/873/2511 2844/877/2821 2393/709/2370 2011/852/1990
f 2844/877/2821 2535/874/2512 2010/718/1989 2393/709/2370
f 2530/745/2507 1949/881/1928 2535/874/2512 2844/877/2821
f 1956/1064/1935 2531/924/2508 2845/1066/2822 2536/1065/2513
f 2536/1065/2513 2845/1066/2822 2408/1009/2385 2012/1005/1991
f 2845/1066/2822 2537/1067/2514 2013/1001/1992 2408/1009/2385
f 2531/924/2508 1955/1068/1934 2537/1067/2514 2845/1066/2822
f 1949/739/1928 2532/1070/2509 2846/1069/2823 2535/874/2512
f 2535/874/2512 2846/1069/2823 2415/1006/2392 2010/695/1989
f 2846/1069/2823 2536/1065/2513 2012/1005/1991 2415/1006/2392
f 2532/1070/2509 1956/1064/1935 2536/1065/2513 2846/1069/2823
f 1955/1068/1934 2533/1072/2510 2847/1071/2824 2537/1067/2514
f 2537/1067/2514 2847/1071/2824 2416/1073/2393 2013/1001/1992
f 2847/1071/2824 2534/873/2511 2011/711/1990 2416/1073/2393
f 2533/1072/2510 1948/743/1927 2534/873/2511 2847/1071/2824
f 1962/1074/1941 2538/940/2515 2848/1076/2825 2542/1075/2519
f 2542/1075/2519 2848/1076/2825 2423/709/2400 2015/852/1994
f 2848/1076/2825 2543/893/2520 2014/718/1993 2423/709/2400
f 2538/940/2515 1963/900/1942 2543/893/2520 2848/1076/2825
f 1970/1077/1949 2539/1080/2516 2849/1079/2826 2544/1078/2521
f 2544/1078/2521 2849/1079/2826 2438/1031/2415 2016/1025/1995
f 2849/1079/2826 2545/1081/2522 2017/1022/1996 2438/1031/2415
f 2539/1080/2516 1969/761/1948 2545/1081/2522 2849/1079/2826
f 1963/892/1942 2540/1083/2517 2850/1082/2827 2543/893/2520
f 2543/893/2520 2850/1082/2827 2450/1026/2427 2014/695/1993
f 2850/1082/2827 2544/1078/2521 2016/1025/1995 2450/1026/2427
f 2540/1083/2517 1970/1077/1949 2544/1078/2521 2850/1082/2827
f 1969/761/1948 2541/1085/2518 2851/1084/2828 2545/1081/2522
f 2545/1081/2522 2851/1084/2828 2451/1086/2428 2017/1022/1996
f 2851/1084/2828 2542/1075/2519 2015/711/1994 2451/1086/2428
f 2541/1085/2518 1962/915/1941 2542/1075/2519 2851/1084/2828
f 2023/765/2002 2553/1089/2530 2852/1088/2829 2567/1087/2544
f 2567/1087/2544 2852/1088/2829 2565/1091/2542 2027/1090/2006
f 2852/1088/2829 2566/1093/2543 2029/1092/2008 2565/1091/2542
f 2553/1089/2530 2025/911/2004 2566/1093/2543 2852/1088/2829
f 1969/761/1948 2539/1095/2516 2853/921/2830 2554/1094/2531
f 2554/1094/2531 2853/921/2830 2551/1096/2528 2025/911/2004
f 2853/921/2830 2558/1098/2535 2024/1097/2003 2551/1096/2528
f 2539/1095/2516 1970/1099/1949 2558/1098/2535 2853/921/2830
f 1948/743/1927 2533/1101/2510 2854/1100/2831 2556/998/2533
f 2556/998/2533 2854/1100/2831 2549/1102/2526 2019/997/1998
f 2854/1100/2831 2559/1104/2536 2021/1103/2000 2549/1102/2526
f 2533/1101/2510 1955/1105/1934 2559/1104/2536 2854/1100/2831
f 1955/1105/1934 2531/1108/2508 2855/1107/2832 2559/1106/2536
f 2559/1106/2536 2855/1107/2832 2547/1110/2524 2021/1109/2000
f 2855/1107/2832 2560/1112/2537 2020/1111/1999 2547/1110/2524
f 2531/1108/2508 1956/1064/1935 2560/1112/2537 2855/1107/2832
f 1970/1113/1949 2540/1083/2517 2856/1115/2833 2558/1114/2535
f 2558/1114/2535 2856/1115/2833 2552/1117/2529 2024/1116/2003
f 2856/1115/2833 2561/1118/2538 2022/931/2001 2552/1117/2529
f 2540/1083/2517 1963/892/1942 2561/1118/2538 2856/1115/2833
f 1963/892/1942 2538/940/2515 2857/936/2834 2561/1118/2538
f 2561/1118/2538 2857/936/2834 2550/936/2527 2022/931/2001
f 2857/936/2834 2555/1015/2532 2023/1018/2002 2550/936/2527
f 2538/940/2515 1962/915/1941 2555/1015/2532 2857/936/2834
f 1956/1064/1935 2532/1121/2509 2858/1120/2835 2560/1119/2537
f 2560/1119/2537 2858/1120/2835 2548/1123/2525 2020/1122/1999
f 2858/1120/2835 2557/994/2534 2018/995/1997 2548/1123/2525
f 2532/1121/2509 1949/739/1928 2557/994/2534 2858/1120/2835
f 2025/911/2004 2551/1096/2528 2859/938/2836 2566/1093/2543
f 2566/1093/2543 2859/938/2836 2563/1124/2540 2029/1092/2008
f 2859/938/2836 2568/1126/2545 2028/1125/2007 2563/1124/2540
f 2551/1096/2528 2024/1097/2003 2568/1126/2545 2859/938/2836
f 2024/1097/2003 2552/1128/2529 2860/1127/2837 2568/1126/2545
f 2568/1126/2545 2860/1127/2837 2564/1129/2541 2028/1125/2007
f 2860/1127/2837 2569/1131/2546 2026/1130/2005 2564/1129/2541
f 2552/1128/2529 2022/1132/2001 2569/1131/2546 2860/1127/2837
f 2022/1132/2001 2550/1133/2527 2861/936/2838 2569/1131/2546
f 2569/1131/2546 2861/936/2838 2562/1134/2539 2026/1130/2005
f 2861/936/2838 2567/1087/2544 2027/1090/2006 2562/1134/2539
f 2550/1133/2527 2023/765/2002 2567/1087/2544 2861/936/2838
f 2028/1125/2007 2564/1129/2541 2862/1136/2839 2570/1135/2547
f 2570/1135/2547 2862/1136/2839 2548/1137/2525 2018/995/1997
f 2862/1136/2839 2571/1138/2548 2020/1111/1999 2548/1137/2525
f 2564/1129/2541 2026/1130/2005 2571/1138/2548 2862/1136/2839
f 2026/1130/2005 2562/1134/2539 2863/948/2840 2571/1138/2548
f 2571/1138/2548 2863/948/2840 2547/1139/2524 2020/1111/1999
f 2863/948/2840 2572/1140/2549 2021/1109/2000 2547/1139/2524
f 2562/1134/2539 2027/1090/2006 2572/1140/2549 2863/948/2840
f 2027/1090/2006 2565/1091/2542 2864/1141/2841 2572/1140/2549
f 2572/1140/2549 2864/1141/2841 2549/1142/2526 2021/1109/2000
f 2864/1141/2841 2573/1143/2550 2019/997/1998 2549/1142/2526
f 2565/1091/2542 2029/1092/2008 2573/1143/2550 2864/1141/2841
f 2029/1092/2008 2563/1124/2540 2865/944/2842 2573/1143/2550
f 2573/1143/2550 2865/944/2842 2546/1144/2523 2019/997/1998
f 2865/944/2842 2570/1135/2547 2018/995/1997 2546/1144/2523
f 2563/1124/2540 2028/1125/2007 2570/1135/2547 2865/944/2842
f 2030/1042/2009 2574/692/2551 2866/783/2843 2579/1039/2556
f 2579/1039/2556 2866/783/2843 2576/692/2553 2034/1042/2013
f 2866/783/2843 2580/951/2557 2035/953/2014 2576/692/2553
f 2574/692/2551 2031/798/2010 2580/951/2557 2866/783/2843
f 2033/953/2012 2575/693/2552 2867/782/2844 2578/966/2555
f 2578/966/2555 2867/782/2844 2577/693/2554 2037/953/2016
f 2867/782/2844 2581/952/2558 2036/792/2015 2577/693/2554
f 2575/693/2552 2032/792/2011 2581/952/2558 2867/782/2844
f 2040/954/2019 2596/1146/2573 2868/1145/2845 2592/949/2569
f 2592/949/2569 2868/1145/2845 2579/1039/2556 2034/1042/2013
f 2868/1145/2845 2591/1040/2568 2030/1042/2009 2579/1039/2556
f 2596/1146/2573 2039/1041/2018 2591/1040/2568 2868/1145/2845
f 2042/1041/2021 2604/693/2581 2869/693/2846 2584/1040/2561
f 2584/1040/2561 2869/693/2846 2577/1147/2554 2036/792/2015
f 2869/693/2846 2587/797/2564 2037/953/2016 2577/1147/2554
f 2604/693/2581 2044/1043/2023 2587/797/2564 2869/693/2846
f 2041/695/2020 2595/692/2572 2870/782/2847 2593/1148/2570
f 2593/1148/2570 2870/782/2847 2576/692/2553 2035/953/2014
f 2870/782/2847 2592/949/2569 2034/1042/2013 2576/692/2553
f 2595/692/2572 2040/954/2019 2592/949/2569 2870/782/2847
f 2038/1043/2017 2594/1150/2571 2871/1149/2848 2582/797/2559
f 2582/797/2559 2871/1149/2848 2580/951/2557 2031/798/2010
f 2871/1149/2848 2593/1148/2570 2035/953/2014 2580/951/2557
f 2594/1150/2571 2041/695/2020 2593/1148/2570 2871/1149/2848
f 2045/962/2024 2603/693/2580 2872/692/2849 2601/963/2578
f 2601/963/2578 2872/692/2849 2575/693/2552 2033/953/2012
f 2872/692/2849 2599/790/2576 2032/792/2011 2575/693/2552
f 2603/693/2580 2043/787/2022 2599/790/2576 2872/692/2849
f 2044/1043/2023 2602/1152/2579 2873/1151/2850 2587/797/2564
f 2587/797/2564 2873/1151/2850 2578/951/2555 2037/953/2016
f 2873/1151/2850 2601/963/2578 2033/953/2012 2578/951/2555
f 2602/1152/2579 2045/962/2024 2601/963/2578 2873/1151/2850
f 1991/721/1970 2508/1050/2485 2874/1153/2851 2590/969/2567
f 2590/969/2567 2874/1153/2851 2594/1150/2571 2038/1043/2017
f 2874/1153/2851 2588/749/2565 2041/695/2020 2594/1150/2571
f 2508/1050/2485 2005/695/1984 2588/749/2565 2874/1153/2851
f 2005/718/1984 2499/692/2476 2875/693/2852 2588/749/2565
f 2588/749/2565 2875/693/2852 2595/692/2572 2041/718/2020
f 2875/693/2852 2586/694/2563 2040/691/2019 2595/692/2572
f 2499/692/2476 2004/724/1983 2586/694/2563 2875/693/2852
f 2004/691/1983 2507/1048/2484 2876/1154/2853 2586/694/2563
f 2586/694/2563 2876/1154/2853 2596/1146/2573 2040/954/2019
f 2876/1154/2853 2583/978/2560 2039/1041/2018 2596/1146/2573
f 2507/1048/2484 1989/722/1968 2583/978/2560 2876/1154/2853
f 1989/722/1968 2484/783/2461 2877/693/2854 2583/978/2560
f 2583/978/2560 2877/693/2854 2597/693/2574 2039/1041/2018
f 2877/693/2854 2590/969/2567 2038/1043/2017 2597/693/2574
f 2484/783/2461 1991/721/1970 2590/969/2567 2877/693/2854
f 2009/695/1988 2506/812/2483 2878/1155/2855 2600/969/2577
f 2600/969/2577 2878/1155/2855 2602/1152/2579 2044/1043/2023
f 2878/1155/2855 2589/977/2566 2045/962/2024 2602/1152/2579
f 2506/812/2483 1993/695/1972 2589/977/2566 2878/1155/2855
f 1993/695/1972 2488/781/2465 2879/693/2856 2589/977/2566
f 2589/977/2566 2879/693/2856 2603/693/2580 2045/962/2024
f 2879/693/2856 2585/978/2562 2043/787/2022 2603/693/2580
f 2488/781/2465 1992/775/1971 2585/978/2562 2879/693/2856
f 2008/691/1987 2503/692/2480 2880/693/2857 2598/978/2575
f 2598/978/2575 2880/693/2857 2604/693/2581 2042/1041/2021
f 2880/693/2857 2600/969/2577 2044/1043/2023 2604/693/2581
f 2503/692/2480 2009/695/1988 2600/969/2577 2880/693/2857
f 1992/775/1971 2509/972/2486 2881/1156/2858 2585/978/2562
f 2585/978/2562 2881/1156/2858 2605/788/2582 2043/787/2022
f 2881/1156/2858 2598/978/2575 2042/1041/2021 2605/788/2582
f 2509/972/2486 2008/691/1987 2598/978/2575 2881/1156/2858
f 929/707/909 656/701/636 1773/701/1753 2046/707/2025
f 648/691/628 929/707/909 2046/707/2025 1765/691/1745
f 930/709/910 650/695/630 1767/695/1747 2047/709/2026
f 649/711/629 930/709/910 2047/709/2026 1766/711/1746
f 931/692/911 648/691/628 1765/691/1745 2048/692/2027
f 650/695/630 931/692/911 2048/692/2027 1767/695/1747
f 932/698/912 655/697/635 1772/697/1752 2049/698/2028
f 656/701/636 932/698/912 2049/698/2028 1773/701/1753
f 654/701/634 933/707/913 2050/707/2029 1771/701/1751
f 933/707/913 651/691/631 1768/691/1748 2050/707/2029
f 653/695/633 934/709/914 2051/709/2030 1770/695/1750
f 934/709/914 649/711/629 1766/711/1746 2051/709/2030
f 651/691/631 935/692/915 2052/692/2031 1768/691/1748
f 935/692/915 653/695/633 1770/695/1750 2052/692/2031
f 652/697/632 936/698/916 2053/698/2032 1769/697/1749
f 936/698/916 654/701/634 1771/701/1751 2053/698/2032
f 808/701/788 1222/707/1202 2339/707/2316 1925/701/1904
f 1222/707/1202 802/691/782 1919/691/1898 2339/707/2316
f 804/695/784 1223/709/1203 2340/709/2317 1921/695/1900
f 1223/709/1203 803/711/783 1920/711/1899 2340/709/2317
f 802/691/782 1224/692/1204 2341/692/2318 1919/691/1898
f 1224/692/1204 804/695/784 1921/695/1900 2341/692/2318
f 655/697/635 1225/698/1205 2342/698/2319 1772/697/1752
f 1225/698/1205 808/701/788 1925/701/1904 2342/698/2319
f 1226/707/1206 807/701/787 1924/701/1903 2343/707/2320
f 805/691/785 1226/707/1206 2343/707/2320 1922/691/1901
f 1227/709/1207 806/695/786 1923/695/1902 2344/709/2321
f 803/711/783 1227/709/1207 2344/709/2321 1920/711/1899
f 1228/692/1208 805/691/785 1922/691/1901 2345/692/2322
f 806/695/786 1228/692/1208 2345/692/2322 1923/695/1902
f 1229/698/1209 652/697/632 1769/697/1749 2346/698/2323
f 807/701/787 1229/698/1209 2346/698/2323 1924/701/1903
o armarioPociones.001
v 1.353148 1.785553 2.707882
v 1.217879 3.946038 2.711817
v -1.023708 1.785553 2.777018
v -0.904222 3.946038 2.773542
v 1.208256 1.881889 2.340704
v 1.087573 3.849702 2.344215
v -0.896413 1.881889 2.401922
v -0.791514 3.849702 2.398871
v -0.913021 3.946038 2.402406
v -1.032507 1.785553 2.405881
v 1.344349 1.785553 2.336746
v 1.209080 3.946038 2.340680
v -0.784722 3.849702 2.701027
v -0.889621 1.881889 2.704078
v 1.215048 1.881889 2.642860
v 1.094366 3.849702 2.646370
v 1.253105 3.156246 2.710792
v -0.936170 3.156633 2.774472
v -0.944969 3.156633 2.403335
v 1.244306 3.156246 2.339656
v -0.819615 3.150067 2.399689
v 1.118953 3.141173 2.343302
v -0.812823 3.150067 2.701844
v 1.125745 3.141173 2.645458
v -0.976850 2.491502 2.775655
v -0.985649 2.491502 2.404518
v 1.290497 2.442500 2.338312
v -0.855322 2.490011 2.400727
v 1.160169 2.441012 2.342103
v -0.848529 2.490011 2.702883
v 1.166962 2.441012 2.644259
v 1.299296 2.442500 2.709449
v 0.061388 1.785553 2.745456
v 0.033671 3.946038 2.746262
v 0.052590 1.785553 2.374319
v 0.024872 3.946038 2.375125
v 0.068386 1.881889 2.373860
v 0.038976 3.849702 2.374715
v 0.075179 1.881889 2.676015
v 0.045768 3.849702 2.676871
v 0.179443 3.110548 2.672982
v 0.166899 3.138382 2.742387
v 0.029125 2.466406 2.746394
v 0.042246 2.490011 2.676973
v 0.027879 2.490011 2.375038
v 0.176919 3.110548 2.370703
v 1.253105 3.039384 2.710792
v -0.947720 3.039772 2.774807
v -0.956518 3.039772 2.403671
v 1.244306 3.039384 2.339656
v -0.819615 3.039716 2.399689
v 1.118953 3.030822 2.343302
v -0.812823 3.039716 2.701844
v 1.125745 3.030822 2.645458
v 0.166899 3.021520 2.742387
v -0.976850 2.378360 2.775655
v -0.985649 2.378360 2.404518
v 1.290497 2.329358 2.338312
v -0.855322 2.388955 2.400727
v 1.160169 2.339955 2.342103
v -0.848529 2.388955 2.702883
v 1.166962 2.339955 2.644259
v 1.299296 2.329358 2.709449
v 0.042246 2.388955 2.676973
v 0.029125 2.353264 2.746394
v -0.082528 3.946038 2.749642
v -0.077558 1.785553 2.378105
v -0.046857 1.881889 2.377212
v -0.040065 1.881889 2.679367
v 0.047022 3.138382 2.745873
v -0.095509 2.466406 2.750019
v -0.068759 1.785553 2.749241
v -0.091326 3.946038 2.378505
v -0.063916 3.849702 2.377708
v -0.057124 3.849702 2.679863
v -0.068115 2.490011 2.680183
v 0.047022 3.021520 2.745873
v -0.068115 2.388955 2.680183
v -0.095509 2.353264 2.750019
v -0.088350 2.490011 2.378418
v 0.063442 3.110548 2.374003
v 0.061271 3.110548 2.676420
v -0.086195 2.392504 2.378356
v 0.029106 2.391460 2.375002
v 0.061709 2.994640 2.374054
v 0.179443 2.990026 2.672982
v 0.174834 2.991426 2.370763
v 0.063341 2.996885 2.676360
v -0.089257 3.956246 2.756895
v -0.949261 3.956246 2.781910
v -0.958470 3.956246 2.396670
v 0.023150 3.956246 2.368118
v 1.262570 3.956246 2.332067
v 1.271779 3.956246 2.717307
v 0.032359 3.956246 2.753358
v -0.098466 3.956246 2.371655
v -0.949261 4.012392 2.781910
v -0.958470 4.012392 2.396670
v -0.089257 4.012392 2.756895
v 0.023150 4.012392 2.368118
v 1.262570 4.012392 2.332067
v 1.271779 4.012392 2.717307
v 0.032359 4.012392 2.753358
v -0.098466 4.012392 2.371655
v -0.910779 4.027704 2.774760
v -0.919637 4.027704 2.401571
v -0.083507 4.027704 2.750698
v 0.024621 4.027704 2.374105
v 1.216867 4.027704 2.339427
v 1.225726 4.027704 2.712616
v 0.033480 4.027704 2.747295
v -0.092366 4.027704 2.377508
v -0.968368 4.037913 2.785460
v -0.977751 4.037913 2.394237
v -0.092111 4.037913 2.759972
v 0.022420 4.037913 2.365145
v 1.285262 4.037913 2.328413
v 1.294645 4.037913 2.719636
v 0.031803 4.037913 2.756368
v -0.101494 4.037913 2.368749
v -1.036432 4.262494 2.798105
v -1.046435 4.262494 2.385569
v -0.102281 4.262494 2.770933
v 0.019818 4.262494 2.354555
v 1.366097 4.262494 2.315396
v 1.376100 4.262494 2.727932
v 0.029821 4.262494 2.767091
v -0.112283 4.262494 2.358397
v 0.060676 1.770241 2.752794
v 1.414881 1.770241 2.713404
v -1.086098 1.770241 2.400122
v -1.076874 1.770241 2.785882
v -0.084987 1.770241 2.371003
v 1.405656 1.770241 2.327645
v -0.075763 1.770241 2.756763
v 0.051452 1.770241 2.367034
v -1.086098 1.708991 2.400122
v -1.076874 1.708991 2.785882
v 0.060676 1.708991 2.752794
v 1.414881 1.708991 2.713404
v -0.084987 1.708991 2.371003
v 1.405656 1.708991 2.327645
v -0.075763 1.708991 2.756763
v 0.051452 1.708991 2.367034
v -1.024774 1.690616 2.406712
v -1.016036 1.690616 2.775739
v 0.061491 1.690616 2.744397
v 1.344240 1.690616 2.707086
v -0.076486 1.690616 2.379129
v 1.335503 1.690616 2.338059
v -0.067749 1.690616 2.748156
v 0.052754 1.690616 2.375370
v -1.104016 1.684492 2.398197
v -1.094650 1.684492 2.788845
v 0.060438 1.684492 2.755248
v 1.435520 1.684492 2.715251
v -0.087471 1.684492 2.368629
v 1.426154 1.684492 2.324602
v -0.078105 1.684492 2.759277
v 0.051072 1.684492 2.364599
v -1.160742 1.471344 2.392101
v -1.150925 1.471344 2.798228
v 0.059685 1.471344 2.763015
v 1.500863 1.471344 2.721096
v -0.095334 1.471344 2.361112
v 1.491046 1.471344 2.314969
v -0.085518 1.471344 2.767238
v 0.049868 1.471344 2.356889
v 1.352812 2.325104 2.707892
v 1.352812 2.438247 2.707892
v 1.344013 2.438247 2.336756
v 1.344013 2.325104 2.336756
v -1.035718 2.487248 2.777367
v -1.044517 2.487248 2.406230
v -1.035718 2.374106 2.777367
v -1.044517 2.374106 2.406230
v 1.330149 3.043783 2.708551
v 1.320188 3.160354 2.708841
v 1.311389 3.160354 2.337705
v 1.321351 3.043783 2.337415
vn 0.3961 0.6075 0.6885
vn 0.3666 -0.6424 0.6730
vn -0.3720 0.6021 0.7064
vn -0.3420 -0.6437 0.6846
vn -0.3359 0.3589 -0.8708
vn -0.3366 -0.4056 -0.8498
vn 0.2863 0.3707 -0.8835
vn 0.2873 -0.4087 -0.8663
vn -0.3803 -0.6407 -0.6669
vn -0.4115 0.5990 -0.6870
vn 0.3564 0.6106 -0.7072
vn 0.3278 -0.6454 -0.6900
vn 0.5156 -0.6876 -0.5112
vn 0.5476 0.6623 -0.5114
vn -0.5785 0.6581 -0.4819
vn -0.5393 -0.6893 -0.4838
vn 0.3117 0.4031 0.8604
vn -0.7102 0.0509 0.7022
vn -0.7460 0.0506 -0.6640
vn 0.2614 0.4067 -0.8754
vn 0.7136 -0.0147 -0.7004
vn -0.8054 0.4716 -0.3590
vn 0.7206 -0.0149 -0.6931
vn -0.6962 0.4065 -0.5917
vn -0.3179 0.4131 0.8534
vn -0.3663 0.4094 -0.8356
vn 0.3207 0.4205 -0.8487
vn 0.5276 0.3310 -0.7824
vn -0.8004 0.4812 -0.3575
vn 0.6609 0.4047 -0.6320
vn -0.6828 0.4091 -0.6054
vn 0.3688 0.4168 0.8308
vn 0.0283 0.2260 0.9737
vn 0.0276 -0.3099 0.9504
vn -0.0283 0.2260 -0.9737
vn -0.0276 -0.3099 -0.9504
vn 0.3296 0.8820 -0.3369
vn -0.2639 -0.6655 -0.6982
vn 0.2828 0.7770 -0.5624
vn -0.3041 -0.7891 -0.5338
vn -0.4411 0.4845 -0.7554
vn 0.0291 -0.0000 0.9996
vn -0.0066 0.6035 -0.7973
vn 0.0409 0.7003 0.7127
vn -0.6127 0.7204 0.3251
vn 0.3600 -0.3686 0.8571
vn -0.7190 0.0561 0.6927
vn -0.7543 0.0559 -0.6542
vn 0.3106 -0.3722 -0.8746
vn 0.7225 -0.0241 -0.6909
vn -0.8226 0.4693 -0.3211
vn 0.7112 -0.0237 -0.7026
vn -0.6939 0.3941 -0.6026
vn -0.2558 -0.3672 0.8943
vn -0.3070 -0.3637 -0.8795
vn 0.2524 -0.3604 -0.8980
vn 0.5371 0.3328 -0.7751
vn -0.7904 -0.5166 -0.3292
vn 0.6528 0.3954 -0.6461
vn -0.6749 -0.4388 -0.5933
vn 0.3038 -0.3570 0.8833
vn 0.4204 -0.2741 -0.8650
vn 0.3331 0.8877 -0.3179
vn 0.2827 0.7754 -0.5647
vn -0.2713 -0.6816 -0.6796
vn -0.3054 -0.7861 -0.5373
vn 0.3905 0.4718 -0.7905
vn 0.4259 0.2963 -0.8549
vn 0.6444 0.7333 0.2166
vn 0.0084 0.9983 -0.0568
vn -0.0267 0.2781 -0.9602
vn 0.7863 0.5317 0.3146
vn 0.5667 -0.3281 0.7558
vn 0.7194 -0.0961 0.6879
vn -0.4755 0.3416 -0.8107
vn -0.5361 0.4275 0.7279
vn 0.4753 -0.0682 -0.8772
vn 0.0276 -0.3098 0.9504
vn -0.5939 -0.5930 0.5438
vn -0.6217 -0.5933 -0.5114
vn 0.5852 -0.6062 -0.5385
vn 0.6127 -0.6066 0.5066
vn -0.0276 -0.3098 -0.9504
vn -0.6343 0.5262 0.5664
vn -0.6635 0.5262 -0.5319
vn 0.0285 0.1894 0.9815
vn -0.0285 0.1894 -0.9815
vn 0.6224 0.5488 -0.5580
vn 0.6511 0.5490 0.5242
vn -0.2047 -0.2528 0.9456
vn -0.2575 -0.2518 -0.9329
vn 0.0285 -0.1980 0.9798
vn -0.0285 -0.1980 -0.9798
vn 0.1687 -0.2413 -0.9557
vn 0.2224 -0.2406 0.9448
vn -0.5008 -0.6863 0.5274
vn -0.5281 -0.6863 -0.5001
vn 0.0267 -0.3945 0.9185
vn -0.0267 -0.3945 -0.9185
vn 0.4788 -0.7048 -0.5235
vn 0.5059 -0.7048 0.4974
vn -0.6016 0.6039 0.5229
vn -0.6279 0.6049 -0.4898
vn 0.0176 0.7972 0.6035
vn -0.0176 0.7972 -0.6035
vn 0.6146 0.5905 -0.5230
vn 0.6408 0.5916 0.4892
vn 0.6300 0.5824 0.5137
vn -0.6391 0.5680 -0.5187
vn -0.6108 0.5678 0.5519
vn 0.6021 0.5821 -0.5465
vn -0.6426 -0.5624 -0.5203
vn -0.6142 -0.5622 0.5538
vn 0.0284 -0.2165 0.9759
vn 0.6333 -0.5775 0.5152
vn -0.0284 -0.2165 -0.9759
vn 0.6053 -0.5772 -0.5481
vn -0.1900 0.4339 -0.8807
vn -0.1397 0.4348 0.8896
vn 0.0268 0.3838 0.9230
vn 0.1685 0.4256 0.8891
vn -0.0268 0.3838 -0.9230
vn 0.1176 0.4264 -0.8968
vn -0.5071 0.7101 -0.4885
vn -0.4808 0.7098 0.5148
vn 0.0239 0.5697 0.8215
vn 0.4935 0.7201 0.4879
vn -0.0239 0.5697 -0.8215
vn 0.4671 0.7198 -0.5134
vn -0.6187 -0.6158 -0.4878
vn -0.5926 -0.6148 0.5204
vn 0.0175 -0.7995 0.6003
vn 0.6282 -0.6064 0.4874
vn -0.0175 -0.7995 -0.6003
vn 0.6021 -0.6054 -0.5205
vn 0.5208 -0.7097 0.4745
vn 0.5809 0.6487 0.4917
vn 0.5546 0.6481 -0.5219
vn 0.4959 -0.7088 -0.5016
vn -0.5521 0.6510 0.5209
vn -0.5782 0.6517 -0.4909
vn -0.4987 -0.7063 0.5025
vn -0.5236 -0.7071 -0.4753
vn 0.5948 -0.6388 0.4880
vn 0.5049 0.7190 0.4775
vn 0.4798 0.7183 -0.5038
vn 0.5688 -0.6381 -0.5189
vt 0.536115 0.153198
vt 0.625000 0.153198
vt 0.625000 0.250000
vt 0.536115 0.250000
vt 0.625000 0.500000
vt 0.536115 0.500000
vt 0.457819 0.735686
vt 0.386147 0.735686
vt 0.457819 0.735686
vt 0.536115 0.750000
vt 0.625000 0.750000
vt 0.625000 1.000000
vt 0.536115 1.000000
vt 0.375000 0.750000
vt 0.375000 1.000000
vt 0.625000 0.610491
vt 0.457819 0.514315
vt 0.386147 0.514315
vt 0.375000 0.500000
vt 0.453689 0.500000
vt 0.386147 0.612153
vt 0.375000 0.610491
vt 0.613853 0.600031
vt 0.613853 0.514314
vt 0.625000 0.596802
vt 0.532894 0.735685
vt 0.613853 0.735686
vt 0.532894 0.612153
vt 0.613853 0.612153
vt 0.532894 0.735686
vt 0.386147 0.600031
vt 0.613853 0.612153
vt 0.532894 0.514315
vt 0.525200 0.514315
vt 0.525200 0.514315
vt 0.472103 0.612153
vt 0.521794 0.612153
vt 0.525200 0.735686
vt 0.472103 0.735686
vt 0.525200 0.735685
vt 0.527667 0.750000
vt 0.527667 0.153198
vt 0.527667 0.250000
vt 0.453689 0.153198
vt 0.469371 0.153198
vt 0.469371 0.250000
vt 0.453689 0.250000
vt 0.469371 0.500000
vt 0.469371 0.750000
vt 0.469371 1.000000
vt 0.472103 0.735686
vt 0.453689 0.750000
vt 0.457819 0.612153
vt 0.472103 0.514315
vt 0.457819 0.514315
vt 0.527667 0.500000
vt 0.457819 0.600031
vt 0.472103 0.600031
vt 0.453689 0.000000
vt 0.469371 0.000000
vt 0.469371 0.139509
vt 0.453689 0.139509
vt 0.527667 0.000000
vt 0.536115 0.000000
vt 0.536115 0.139509
vt 0.527667 0.139509
vt 0.522426 0.598895
vt 0.532894 0.598658
vt 0.375000 0.596802
vt 0.625000 0.139509
vt 0.625000 0.000000
vt 0.000000 0.000000
vt 0.527667 1.000000
vt 0.375000 0.000000
vt 0.375000 0.139509
vt 0.453689 1.000000
vt 0.375000 0.250000
vt 0.375000 0.153198
vt 0.875000 0.610491
vt 0.875000 0.750000
vt 0.875000 0.500000
vt 0.875000 0.596802
vt 0.125000 0.750000
vt 0.125000 0.610491
vt 0.125000 0.596802
vt 0.125000 0.500000
s 1
usemtl madera1.001
f 2951/1157/2900 2947/1158/2892 2885/1159/2862 2899/1160/2876
f 2899/1160/2876 2885/1159/2862 2890/1161/2867 2900/1162/2877
f 2941/1163/2916 2886/1164/2863 2896/1164/2873 2943/1165/2918
f 2901/1166/2878 2893/1167/2870 2883/1168/2860 2898/1169/2875
f 2892/1170/2869 2882/1171/2859 3011/1171/2966 3015/1170/2969
f 2893/1167/2870 2917/1172/2894 2973/1172/2894 2974/1167/2939
f 2940/1173/2915 2888/1174/2865 2891/1175/2868 2938/1176/2913
f 2918/1177/2895 2886/1164/2863 2892/1170/2869 2916/1178/2893
f 2955/1179/2923 2889/1180/2866 2890/1161/2867 2954/1181/2894
f 2903/1182/2880 2887/1183/2864 2893/1167/2870 2901/1166/2878
f 2949/1187/2921 2888/1174/2865 2895/1174/2872 2950/1187/2922
f 2919/1188/2896 2887/1183/2864 2897/1183/2874 2921/1185/2898
f 2902/1189/2879 2889/1180/2866 2894/1180/2871 2904/1189/2881
f 2932/1190/2908 2902/1189/2879 2904/1189/2881 2934/1191/2910
f 2933/1196/2909 2903/1182/2880 2901/1166/2878 2931/1197/2907
f 2889/1180/2866 2902/1189/2879 2900/1162/2877 2890/1161/2867
f 2901/1166/2878 2898/1169/2875 3059/1169/3003 3060/1166/3004
f 2887/1183/2864 2903/1182/2880 2905/1186/2882 2897/1183/2874
f 2958/1198/2900 2951/1157/2900 2899/1160/2876 2929/1199/2905
f 2960/1200/2900 2952/1201/2900 2906/1202/2883 2937/1203/2912
f 2906/1202/2883 2907/1204/2884 3055/1204/2999 3054/1202/2998
f 2908/1205/2885 2913/1206/2890 3051/1206/2995 3052/1205/2996
f 2941/1163/2916 2910/1207/2887 2908/1205/2885 2939/1208/2914
f 2945/1209/2920 2925/1192/2901 2912/1195/2889 2943/1165/2918
f 2940/1173/2915 2909/1210/2886 2911/1210/2888 2942/1211/2917
f 2932/1190/2908 2909/1210/2886 2907/1204/2884 2930/1212/2906
f 2933/1196/2909 2910/1207/2887 2912/1195/2889 2935/1194/2911
f 2959/1213/2926 2957/1214/2925 2925/1192/2901 2945/1209/2920
f 2944/1215/2919 2913/1216/2890 2924/1217/2900 2946/1218/2900
f 2928/1219/2904 2898/1220/2875 2923/1221/2900 2936/1222/2900
f 2955/1179/2923 2919/1188/2896 2921/1185/2898 2956/1179/2924
f 2886/1164/2863 2918/1177/2895 2920/1177/2897 2896/1164/2873
f 2887/1183/2864 2919/1188/2896 2917/1172/2894 2893/1167/2870
f 2949/1187/2921 2918/1177/2895 2916/1178/2893 2948/1225/2893
f 2915/1226/2892 2883/1227/2860 2975/1227/2940 2976/1226/2892
f 2948/1225/2893 2916/1178/2893 3017/1178/2893 3014/1225/2893
f 2898/1220/2875 2883/1227/2860 2915/1226/2892 2923/1221/2900
f 2903/1228/2880 2927/1228/2903 2922/1228/2899 2905/1228/2882
f 2926/1228/2902 2925/1228/2901 2912/1195/2889 2910/1207/2887
f 2919/1228/2896 2927/1228/2903 2922/1228/2899 2921/1228/2898
f 2922/1228/2899 2927/1228/2903 2962/1228/2928 2963/1228/2929
f 2922/1228/2899 2927/1228/2903 2968/1228/2934 2967/1228/2933
f 2913/1216/2890 2928/1219/2904 2936/1222/2900 2924/1217/2900
f 2903/1182/2880 2933/1196/2909 2935/1194/2911 2905/1186/2882
f 2902/1189/2879 2932/1190/2908 2930/1212/2906 2900/1162/2877
f 2952/1201/2900 2958/1198/2900 2929/1199/2905 2906/1202/2883
f 2906/1202/2883 2929/1199/2905 2930/1212/2906 2907/1204/2884
f 2908/1205/2885 2931/1197/2907 2928/1229/2904 2913/1206/2890
f 2910/1207/2887 2933/1196/2909 2931/1197/2907 2908/1205/2885
f 2909/1210/2886 2932/1190/2908 2934/1191/2910 2911/1210/2888
f 2882/1230/2859 2944/1215/2919 2946/1218/2900 2914/1231/2891
f 2950/1187/2922 2959/1213/2926 2945/1209/2920 2920/1177/2897
f 2888/1174/2865 2940/1173/2915 2942/1211/2917 2895/1174/2872
f 2886/1164/2863 2941/1163/2916 2939/1208/2914 2892/1170/2869
f 2892/1170/2869 2939/1208/2914 2944/1232/2919 2882/1171/2859
f 2884/1233/2861 2937/1203/2912 2938/1176/2913 2891/1175/2868
f 2953/1234/2891 2960/1200/2900 2937/1203/2912 2884/1233/2861
f 2909/1210/2886 2940/1173/2915 2938/1176/2913 2907/1204/2884
f 2910/1207/2887 2941/1163/2916 2943/1165/2918 2912/1195/2889
f 2914/1231/2891 2946/1218/2900 2960/1200/2900 2953/1234/2891
f 2924/1217/2900 2936/1222/2900 2958/1198/2900 2952/1201/2900
f 3013/1233/2968 3012/1175/2967 3018/1175/2970 3019/1233/2971
f 2976/1226/2892 2975/1227/2940 2983/1227/2947 2984/1226/2944
f 2888/1174/2865 2949/1187/2921 2948/1225/2893 2891/1175/2868
f 2889/1180/2866 2955/1179/2923 2956/1179/2924 2894/1180/2871
f 2942/1211/2917 2911/1210/2888 2957/1214/2925 2959/1213/2926
f 2946/1218/2900 2924/1217/2900 2952/1201/2900 2960/1200/2900
f 2936/1222/2900 2923/1221/2900 2951/1157/2900 2958/1198/2900
f 2918/1177/2895 2949/1187/2921 2950/1187/2922 2920/1177/2897
f 2919/1188/2896 2955/1179/2923 2954/1181/2894 2917/1172/2894
f 2923/1221/2900 2915/1226/2892 2947/1158/2892 2951/1157/2900
f 2963/1224/2929 2922/1184/2899 2967/1193/2933 2925/1192/2901 2957/1214/2925 2969/1223/2935
f 2955/1228/2923 2962/1228/2928 2963/1228/2929 2956/1228/2924
f 2962/1228/2928 2955/1228/2923 2919/1228/2896 2927/1228/2903
f 2963/1224/2929 2956/1179/2924 2921/1185/2898 2922/1184/2899
f 2961/1228/2927 2957/1228/2925 2925/1228/2901 2926/1228/2902
f 2957/1228/2925 2961/1228/2927 2966/1228/2932 2969/1228/2935
f 2962/1228/2928 2966/1228/2932 2968/1228/2934 2927/1228/2903
f 2957/1228/2925 2959/1228/2926 2964/1228/2930 2961/1228/2927
f 2925/1228/2901 2945/1228/2920 2965/1228/2931 2926/1228/2902
f 2918/1228/2895 2965/1228/2931 2926/1228/2902 2961/1228/2927 2964/1228/2930 2949/1228/2921
f 2961/1228/2927 2909/1228/2886 2911/1228/2888 2957/1228/2925
f 2903/1228/2880 2927/1228/2903 2968/1228/2934 2933/1228/2909
f 2964/1228/2930 2959/1228/2926 2950/1228/2922 2949/1228/2921
f 2965/1228/2931 2945/1228/2920 2920/1228/2897 2918/1228/2895
f 2967/1228/2933 2968/1228/2934 2926/1228/2902 2925/1228/2901
f 2968/1228/2934 2966/1228/2932 2961/1228/2927 2926/1228/2902
f 2969/1228/2935 2966/1228/2932 2962/1228/2928 2963/1228/2929
f 2935/1194/2911 2967/1193/2933 2922/1184/2899 2905/1186/2882
f 2933/1228/2909 2968/1228/2934 2967/1228/2933 2935/1228/2911
f 2945/1228/2920 2965/1228/2931 2941/1228/2916 2943/1228/2918
f 2910/1228/2887 2926/1228/2902 2965/1228/2931 2941/1228/2916
f 2909/1228/2886 2961/1228/2927 2964/1228/2930 2940/1228/2915
f 2964/1228/2930 2940/1228/2915 2942/1228/2917 2959/1228/2926
f 2917/1172/2894 2954/1181/2894 2977/1181/2941 2973/1172/2894
f 2885/1159/2862 2947/1158/2892 2970/1158/2936 2971/1159/2937
f 2883/1168/2860 2893/1167/2870 2974/1167/2939 2975/1168/2940
f 2947/1158/2892 2915/1226/2892 2976/1226/2892 2970/1158/2936
f 2890/1161/2867 2885/1159/2862 2971/1159/2937 2972/1161/2938
f 2954/1181/2894 2890/1161/2867 2972/1161/2938 2977/1181/2941
f 2980/1158/2944 2984/1226/2944 2992/1226/2950 2988/1158/2950
f 2974/1167/2939 2973/1172/2894 2981/1172/2945 2982/1167/2946
f 2972/1161/2938 2971/1159/2937 2978/1159/2942 2979/1161/2943
f 2977/1181/2941 2972/1161/2938 2979/1161/2943 2985/1181/2945
f 2973/1172/2894 2977/1181/2941 2985/1181/2945 2981/1172/2945
f 2975/1168/2940 2974/1167/2939 2982/1167/2946 2983/1168/2947
f 2971/1159/2937 2970/1158/2936 2980/1158/2944 2978/1159/2942
f 2970/1158/2936 2976/1226/2892 2984/1226/2944 2980/1158/2944
f 2988/1158/2950 2992/1226/2950 3000/1226/2956 2996/1158/2956
f 2984/1226/2944 2983/1227/2947 2991/1227/2953 2992/1226/2950
f 2982/1167/2946 2981/1172/2945 2989/1172/2951 2990/1167/2952
f 2979/1161/2943 2978/1159/2942 2986/1159/2948 2987/1161/2949
f 2985/1181/2945 2979/1161/2943 2987/1161/2949 2993/1181/2951
f 2981/1172/2945 2985/1181/2945 2993/1181/2951 2989/1172/2951
f 2983/1168/2947 2982/1167/2946 2990/1167/2952 2991/1168/2953
f 2978/1159/2942 2980/1158/2944 2988/1158/2950 2986/1159/2948
f 2997/1172/2957 3001/1181/2957 3009/1181/2963 3005/1172/2963
f 2992/1226/2950 2991/1227/2953 2999/1227/2959 3000/1226/2956
f 2990/1167/2952 2989/1172/2951 2997/1172/2957 2998/1167/2958
f 2987/1161/2949 2986/1159/2948 2994/1159/2954 2995/1161/2955
f 2993/1181/2951 2987/1161/2949 2995/1161/2955 3001/1181/2957
f 2989/1172/2951 2993/1181/2951 3001/1181/2957 2997/1172/2957
f 2991/1168/2953 2990/1167/2952 2998/1167/2958 2999/1168/2959
f 2986/1159/2948 2988/1158/2950 2996/1158/2956 2994/1159/2954
f 3008/1235/2962 3007/1236/2965 3006/1167/2964 3005/1172/2963 3009/1181/2963 3003/1161/2961 3002/1237/2960 3004/1238/2962
f 2999/1168/2959 2998/1167/2958 3006/1167/2964 3007/1168/2965
f 2994/1159/2954 2996/1158/2956 3004/1158/2962 3002/1159/2960
f 2996/1158/2956 3000/1226/2956 3008/1226/2962 3004/1158/2962
f 3000/1226/2956 2999/1227/2959 3007/1227/2965 3008/1226/2962
f 2998/1167/2958 2997/1172/2957 3005/1172/2963 3006/1167/2964
f 2995/1161/2955 2994/1159/2954 3002/1159/2960 3003/1161/2961
f 3001/1181/2957 2995/1161/2955 3003/1161/2961 3009/1181/2963
f 2914/1231/2891 2953/1234/2891 3016/1234/2891 3010/1231/2891
f 2884/1233/2861 2891/1175/2868 3012/1175/2967 3013/1233/2968
f 2953/1234/2891 2884/1233/2861 3013/1233/2968 3016/1234/2891
f 2882/1230/2859 2914/1231/2891 3010/1231/2891 3011/1230/2966
f 2916/1178/2893 2892/1170/2869 3015/1170/2969 3017/1178/2893
f 2891/1175/2868 2948/1225/2893 3014/1225/2893 3012/1175/2967
f 3022/1225/2974 3025/1178/2974 3033/1178/2980 3030/1225/2980
f 3016/1234/2891 3013/1233/2968 3019/1233/2971 3024/1234/2972
f 3017/1178/2893 3015/1170/2969 3023/1170/2975 3025/1178/2974
f 3015/1170/2969 3011/1171/2966 3021/1171/2973 3023/1170/2975
f 3011/1230/2966 3010/1231/2891 3020/1231/2972 3021/1230/2973
f 3014/1225/2893 3017/1178/2893 3025/1178/2974 3022/1225/2974
f 3010/1231/2891 3016/1234/2891 3024/1234/2972 3020/1231/2972
f 3012/1175/2967 3014/1225/2893 3022/1225/2974 3018/1175/2970
f 3029/1230/2979 3028/1231/2978 3036/1231/2984 3037/1230/2985
f 3020/1231/2972 3024/1234/2972 3032/1234/2978 3028/1231/2978
f 3018/1175/2970 3022/1225/2974 3030/1225/2980 3026/1175/2976
f 3019/1233/2971 3018/1175/2970 3026/1175/2976 3027/1233/2977
f 3024/1234/2972 3019/1233/2971 3027/1233/2977 3032/1234/2978
f 3025/1178/2974 3023/1170/2975 3031/1170/2981 3033/1178/2980
f 3023/1170/2975 3021/1171/2973 3029/1171/2979 3031/1170/2981
f 3021/1230/2973 3020/1231/2972 3028/1231/2978 3029/1230/2979
f 3041/1178/2986 3039/1170/2987 3047/1170/2993 3049/1178/2992
f 3030/1225/2980 3033/1178/2980 3041/1178/2986 3038/1225/2986
f 3028/1231/2978 3032/1234/2978 3040/1234/2984 3036/1231/2984
f 3026/1175/2976 3030/1225/2980 3038/1225/2986 3034/1175/2982
f 3027/1233/2977 3026/1175/2976 3034/1175/2982 3035/1233/2983
f 3032/1234/2978 3027/1233/2977 3035/1233/2983 3040/1234/2984
f 3033/1178/2980 3031/1170/2981 3039/1170/2987 3041/1178/2986
f 3031/1170/2981 3029/1171/2979 3037/1171/2985 3039/1170/2987
f 3049/1178/2992 3047/1170/2993 3045/1239/2991 3044/1240/2990 3048/1241/2990 3043/1242/2989 3042/1175/2988 3046/1225/2992
f 3039/1170/2987 3037/1171/2985 3045/1171/2991 3047/1170/2993
f 3037/1230/2985 3036/1231/2984 3044/1231/2990 3045/1230/2991
f 3038/1225/2986 3041/1178/2986 3049/1178/2992 3046/1225/2992
f 3036/1231/2984 3040/1234/2984 3048/1234/2990 3044/1231/2990
f 3034/1175/2982 3038/1225/2986 3046/1225/2992 3042/1175/2988
f 3035/1233/2983 3034/1175/2982 3042/1175/2988 3043/1233/2989
f 3040/1234/2984 3035/1233/2983 3043/1233/2989 3048/1234/2990
f 3053/1208/2997 3052/1205/2996 3051/1206/2995 3050/1232/2994
f 2944/1232/2919 2939/1208/2914 3053/1208/2997 3050/1232/2994
f 2939/1208/2914 2908/1205/2885 3052/1205/2996 3053/1208/2997
f 2913/1216/2890 2944/1215/2919 3050/1215/2994 3051/1216/2995
f 3056/1203/3000 3054/1202/2998 3055/1204/2999 3057/1176/3001
f 2937/1203/2912 2906/1202/2883 3054/1202/2998 3056/1203/3000
f 2938/1176/2913 2937/1203/2912 3056/1203/3000 3057/1176/3001
f 2907/1204/2884 2938/1176/2913 3057/1176/3001 3055/1204/2999
f 3061/1197/3005 3060/1166/3004 3059/1169/3003 3058/1229/3002
f 2898/1220/2875 2928/1219/2904 3058/1219/3002 3059/1220/3003
f 2931/1197/2907 2901/1166/2878 3060/1166/3004 3061/1197/3005
f 2928/1229/2904 2931/1197/2907 3061/1197/3005 3058/1229/3002
f 2900/1162/2877 2930/1212/2906 2929/1199/2905 2899/1160/2876
usemtl madera2.001
f 2922/1184/2899 2921/1185/2898 2897/1183/2874 2905/1186/2882
f 2925/1192/2901 2967/1193/2933 2935/1194/2911 2912/1195/2889
f 2911/1210/2888 2934/1191/2910 2969/1223/2935 2957/1214/2925
f 2904/1189/2881 2894/1180/2871 2956/1179/2924 2963/1224/2929
f 2920/1177/2897 2945/1209/2920 2943/1165/2918 2896/1164/2873
f 2895/1174/2872 2942/1211/2917 2959/1213/2926 2950/1187/2922
f 2969/1223/2935 2934/1191/2910 2904/1189/2881 2963/1224/2929
o libro3.001
v -1.960706 1.487149 2.021775
v -2.295384 1.487149 2.379349
v -1.944210 1.487686 2.052156
v -2.263980 1.487686 2.393802
v -1.867337 1.487686 2.124106
v -2.187108 1.487686 2.465753
v -1.847928 1.486839 2.134729
v -2.175226 1.486839 2.484418
v -1.953448 1.487686 2.043509
v -2.273219 1.487686 2.385155
v -1.863026 1.484472 2.784024
v -1.831699 1.484472 2.750553
v -1.559915 1.484472 2.460177
v -1.528348 1.484472 2.426450
v -2.172038 1.486787 2.494798
v -1.837360 1.486787 2.137224
v -2.604397 1.489304 2.090122
v -2.301286 1.489304 1.766276
v -2.269719 1.489304 1.732549
v -1.946879 1.487686 2.049658
v -2.189777 1.487686 2.463254
v -1.870006 1.487686 2.121608
v -2.176821 1.488365 2.475381
v -1.857050 1.488365 2.133734
v -2.284816 1.487101 2.381845
v -1.957518 1.487101 2.032156
v -1.879783 1.568171 2.739085
v -1.851188 1.568171 2.708534
v -1.603112 1.568171 2.443487
v -1.574299 1.568171 2.412702
v -2.556484 1.566447 2.105712
v -2.527889 1.566447 2.075161
v -2.279814 1.566447 1.810115
v -2.251000 1.566447 1.779330
v -2.274427 1.525627 2.369710
v -1.968943 1.525627 2.043327
v -2.113889 1.548764 2.519969
v -1.808404 1.548764 2.193587
v -2.254655 1.491173 2.374579
v -2.178492 1.491173 2.445865
v -1.969403 1.489575 2.042897
v -1.808864 1.489245 2.193156
v -1.574759 1.488239 2.412272
v -1.603572 1.488239 2.443057
v -2.246222 1.491173 2.382472
v -2.248659 1.491173 2.380191
v -1.966492 1.490639 2.052371
v -1.962778 1.491173 2.062734
v -2.265241 1.490639 2.371557
v -1.851648 1.488239 2.708103
v -1.880243 1.488239 2.738654
v -1.866462 1.490400 2.145997
v -2.114349 1.490034 2.519538
v -1.874789 1.491792 2.145089
v -1.956781 1.491173 2.068347
v -1.954345 1.491173 2.070627
v -1.886614 1.491173 2.134021
v -1.884178 1.491173 2.136301
v -2.165210 1.490400 2.465183
v -2.251460 1.492649 1.778899
v -2.274887 1.490364 2.369279
v -2.556944 1.492649 2.105282
v -2.528350 1.492649 2.074731
v -2.280274 1.492649 1.809684
v -2.166666 1.491792 2.456934
v -2.176055 1.491173 2.448146
v -1.997756 1.525627 2.074112
v -1.837218 1.548764 2.224371
v -2.245832 1.525627 2.339159
v -2.085294 1.548764 2.489418
v -1.912649 1.502410 2.096016
v -1.913109 1.489410 2.095586
v -2.218133 1.502410 2.422399
v -2.218593 1.490199 2.421968
v -1.941463 1.502410 2.126801
v -2.189539 1.502410 2.391848
v -2.269719 1.476176 1.732549
v -2.251460 1.479522 1.778899
v -1.574759 1.475111 2.412272
v -1.528348 1.471344 2.426450
v -2.246222 1.478045 2.382472
v -2.263980 1.474558 2.393802
v -1.960706 1.474022 2.021775
v -1.969403 1.476448 2.042897
v -1.808864 1.476118 2.193156
v -1.837360 1.473660 2.137224
v -1.992273 1.474022 2.055502
v -2.264057 1.474022 2.345879
v -2.295384 1.474022 2.379349
v -1.944210 1.474558 2.052156
v -1.970808 1.474558 2.080574
v -2.237622 1.474558 2.365641
v -1.867337 1.474558 2.124106
v -1.893935 1.474558 2.152524
v -2.160750 1.474558 2.437591
v -2.187108 1.474558 2.465753
v -1.847928 1.473712 2.134729
v -1.877035 1.473712 2.165827
v -2.146359 1.473712 2.453575
v -2.175226 1.473712 2.484418
v -1.953448 1.474558 2.043509
v -1.980046 1.474558 2.071927
v -2.246861 1.474558 2.356994
v -2.273219 1.474558 2.385155
v -1.863026 1.471344 2.784024
v -1.831699 1.471344 2.750553
v -1.559915 1.471344 2.460177
v -2.172038 1.473660 2.494798
v -2.140711 1.473660 2.461327
v -1.868927 1.473660 2.170951
v -2.604397 1.476176 2.090122
v -2.573070 1.476176 2.056652
v -2.301286 1.476176 1.766276
v -2.266649 1.474558 2.391304
v -2.240291 1.474558 2.363142
v -1.973477 1.474558 2.078075
v -1.946879 1.474558 2.049658
v -2.189777 1.474558 2.463254
v -2.163419 1.474558 2.435093
v -1.896604 1.474558 2.150026
v -1.870006 1.474558 2.121608
v -2.176821 1.475237 2.475381
v -2.150463 1.475237 2.447219
v -1.883648 1.475237 2.162152
v -1.857050 1.475237 2.133734
v -2.284816 1.473974 2.381845
v -2.255949 1.473974 2.351002
v -1.986625 1.473974 2.063254
v -1.957518 1.473974 2.032156
v -1.875161 1.471528 2.747827
v -1.852858 1.471528 2.723998
v -1.587807 1.471528 2.440815
v -1.565270 1.471528 2.416737
v -2.149385 1.473583 2.491161
v -2.127083 1.473583 2.467332
v -1.862032 1.473583 2.184149
v -1.839495 1.473583 2.160071
v -1.876939 1.471638 2.720359
v -1.864557 1.471638 2.707130
v -1.605408 1.471638 2.430254
v -1.592798 1.471638 2.416780
v -2.121860 1.473473 2.491120
v -2.109479 1.473473 2.477891
v -1.850330 1.473473 2.201014
v -1.837720 1.473473 2.187541
v -2.556944 1.479522 2.105282
v -2.528350 1.479522 2.074731
v -2.280274 1.479522 1.809684
v -2.254655 1.478045 2.374579
v -2.248659 1.478045 2.380191
v -2.176055 1.478045 2.448146
v -2.166666 1.478665 2.456934
vn -0.7713 0.6350 -0.0442
vn -0.7397 0.6310 0.2337
vn -0.0510 0.9880 0.1459
vn -0.8213 0.4327 -0.3717
vn -0.7335 0.5255 -0.4312
vn -0.3872 0.5967 0.7029
vn -0.4620 0.6859 0.5622
vn -0.3189 0.9477 0.0120
vn -0.5223 0.6448 0.5580
vn 0.0907 0.5174 0.8510
vn 0.4454 0.7828 0.4346
vn -0.1151 0.9857 0.1230
vn 0.5380 0.6760 0.5036
vn 0.8179 0.5355 -0.2105
vn 0.5490 0.4079 -0.7295
vn 0.0629 0.9963 0.0589
vn 0.5223 0.6448 -0.5580
vn 0.1151 0.9857 -0.1229
vn 0.0319 0.5550 0.8312
vn -0.2435 0.9175 0.3146
vn -0.6664 0.6053 0.4354
vn -0.5156 0.6538 0.5539
vn -0.8543 0.5163 -0.0605
vn -0.4290 0.7958 -0.4274
vn 0.7126 0.6478 -0.2695
vn 0.0254 0.5098 -0.8599
vn 0.4079 0.4554 -0.7913
vn 0.1453 0.9842 -0.1012
vn 0.5124 0.5751 -0.6378
vn 0.1867 0.6337 -0.7507
vn 0.1434 0.9880 -0.0568
vn 0.7403 0.0661 -0.6690
vn -0.2069 0.6282 0.7500
vn -0.0865 0.9818 0.1693
vn 0.3456 0.7508 -0.5630
vn 0.5142 0.6368 -0.5745
vn 0.1025 0.9848 -0.1401
vn 0.1088 0.9858 -0.1276
vn -0.3597 -0.6540 0.6655
vn -0.1666 -0.7155 0.6785
vn 0.0850 -0.6975 -0.7115
vn 0.2047 -0.7464 -0.6332
vn -0.7044 -0.6975 0.1319
vn -0.6439 -0.6530 0.3988
vn -0.6882 0.6801 -0.2525
vn -0.8111 -0.5726 -0.1193
vn 0.4920 -0.7122 -0.5006
vn 0.1478 0.7618 -0.6308
vn -0.7731 -0.5016 -0.3882
vn 0.4832 -0.7071 -0.5163
vn -0.6834 -0.0000 0.7301
vn -0.0397 -0.5564 0.8300
vn 0.5875 0.6398 0.4955
vn -0.7301 -0.0000 -0.6833
vn 0.6230 0.6152 -0.4830
vn 0.4786 -0.6221 -0.6195
vn -0.6833 -0.0000 0.7301
vn 0.2322 -0.4894 -0.8406
vn -0.1579 0.5273 -0.8348
vn 0.5148 -0.7090 0.4819
vn 0.8074 -0.5541 -0.2030
vn 0.5902 0.6984 -0.4048
vn 0.5605 -0.7558 -0.3384
vn -0.4832 -0.7071 0.5163
vn 0.0261 -0.5791 0.8149
vn -0.5078 0.6104 -0.6080
vn -0.8316 -0.5503 0.0752
vn 0.3699 0.4670 0.8032
vn 0.0537 0.5668 0.8221
vn 0.0490 -0.6152 0.7869
vn 0.2463 0.7053 0.6648
vn 0.4155 0.6026 -0.6813
vn 0.6660 -0.7155 -0.2111
vn 0.6939 0.4060 -0.5947
vn 0.6520 0.6043 -0.4579
vn -0.7301 0.0085 -0.6833
vn 0.6833 -0.0000 -0.7301
vn 0.7301 -0.0079 0.6833
vn -0.7267 0.6159 0.3043
vn -0.8085 0.5727 -0.1355
vn -0.7895 -0.5950 -0.1506
vn -0.6148 0.7514 0.2397
vn 0.1513 0.5389 -0.8287
vn 0.1260 0.9850 -0.1175
vn 0.1432 -0.5525 -0.8211
vn 0.0767 0.9945 0.0718
vn -0.0441 0.9982 -0.0413
vn 0.2105 0.9575 0.1970
vn -0.2254 0.9511 -0.2110
vn -0.0037 -1.0000 -0.0035
vn 0.0180 -0.9997 0.0169
vn -0.7297 -0.0346 -0.6829
vn -0.0572 -0.9969 -0.0535
vn -0.0767 -0.9945 -0.0718
vn 0.0199 -0.9996 0.0186
vn -0.6809 -0.0845 0.7275
vn -0.0000 -1.0000 -0.0000
vn 0.0176 -0.9997 0.0164
vn -0.0040 -1.0000 -0.0037
vn -0.0541 0.9972 -0.0507
vt 0.572396 0.750000
vt 0.575000 0.750000
vt 0.575000 0.250000
vt 0.575000 0.000000
vt 0.572396 0.754340
vt 0.572396 0.750000
vt 0.475000 0.500000
vt 0.425000 0.500000
vt 0.427604 0.754340
vt 0.427604 0.997034
vt 0.525000 0.500000
vt 0.575000 0.500000
vt 0.575000 0.750000
vt 0.572396 0.996817
vt 0.425000 0.000000
vt 0.425000 0.000000
vt 0.425000 0.750000
vt 0.425000 0.750000
vt 0.575000 0.000000
vt 0.427604 0.750000
vt 0.427604 0.750000
vt 0.427604 1.000000
vt 0.000000 0.000000
vt 0.427604 1.000000
vt 0.572396 1.000000
vt 0.575000 1.000000
vt 0.425000 0.250000
vt 0.425000 0.375000
vt 0.425000 0.375000
vt 0.575000 0.375000
vt 0.475000 0.250000
vt 0.425000 1.000000
vt 0.439148 0.000000
vt 0.439148 0.750000
vt 0.439148 0.375000
vt 0.560959 0.375000
vt 0.560959 0.000000
vt 0.560959 0.750000
vt 0.525000 0.000000
vt 0.475000 0.000000
vt 0.475000 0.000000
vt 0.525000 0.250000
vt 0.524132 0.750000
vt 0.525000 0.750000
vt 0.475868 0.750000
vt 0.475000 0.750000
vt 0.475868 1.000000
vt 0.475000 1.000000
vt 0.524132 1.000000
vt 0.525000 1.000000
vt 0.572396 1.000000
vt 0.524132 1.000000
vt 0.475868 1.000000
vt 0.524132 0.750000
vt 0.475868 0.750000
vt 0.525000 0.750000
vt 0.475000 0.750000
vt 0.524132 0.996890
vt 0.524132 0.754340
vt 0.475868 0.996962
vt 0.475868 0.754340
vt 0.555655 0.512598
vt 0.555655 0.737402
vt 0.542720 0.737402
vt 0.457398 0.737402
vt 0.444254 0.737402
vt 0.444254 0.512598
vt 0.457398 0.512598
vt 0.542720 0.512598
vt 0.564999 0.505659
vt 0.534764 0.505659
vt 0.465314 0.505659
vt 0.434941 0.505659
vt 0.534764 0.744341
vt 0.564999 0.744341
vt 0.465314 0.744341
vt 0.434941 0.744341
s 0
usemtl papel.003
f 3126/1265/3056 3127/1265/3056 3212/1265/3056 3213/1265/3056
f 3107/1265/3062 3100/1265/3062 3210/1265/3062 3211/1265/3062
f 3106/1265/3062 3107/1265/3062 3211/1265/3062 3142/1265/3062
f 3092/1265/3081 3093/1265/3081 3124/1265/3081 3123/1265/3081
s 1
f 3095/1269/3082 3097/1258/3082 3102/1258/3032 3121/1269/3079
f 3099/1259/3082 3091/1250/3082 3104/1250/3020 3103/1259/3037
f 3088/1254/3062 3098/1255/3062 3114/1255/3027 3112/1254/3025
s 0
f 3091/1265/3083 3090/1265/3083 3105/1265/3083 3104/1265/3083
f 3090/1265/3083 3089/1265/3083 3111/1265/3083 3105/1265/3083
f 3089/1265/3083 3088/1265/3083 3112/1265/3083 3111/1265/3083
s 1
f 3133/1270/3082 3132/1271/3082 3099/1259/3082 3103/1259/3037
s 0
f 3094/1265/3081 3095/1265/3081 3121/1265/3081 3125/1265/3081
s 1
f 3096/1246/3062 3092/1245/3062 3123/1245/3013 3122/1246/3012
s 0
f 3093/1265/3081 3094/1265/3081 3125/1265/3081 3124/1265/3081
s 1
f 3134/1272/3062 3096/1246/3062 3122/1246/3012 3135/1272/3062
s 0
f 3128/1275/3091 3097/1258/3091 3095/1269/3091 3094/1265/3091
f 3090/1265/3092 3091/1265/3092 3099/1259/3092 3129/1276/3092
f 3136/1277/3093 3132/1271/3093 3097/1258/3093 3128/1275/3093
f 3137/1278/3093 3136/1277/3093 3128/1275/3093 3130/1279/3093
f 3130/1279/3091 3128/1275/3091 3094/1265/3091 3093/1265/3091
f 3089/1265/3092 3090/1265/3092 3129/1276/3092 3131/1280/3092
f 3134/1272/3093 3137/1278/3093 3130/1279/3093 3096/1246/3093
f 3096/1246/3091 3130/1279/3091 3093/1265/3091 3092/1265/3091
f 3088/1254/3092 3089/1265/3092 3131/1280/3092 3098/1255/3092
f 3098/1255/3094 3131/1280/3094 3137/1278/3094 3134/1272/3094
f 3131/1280/3094 3129/1276/3094 3136/1277/3094 3137/1278/3094
f 3129/1276/3094 3099/1259/3094 3132/1271/3094 3136/1277/3094
s 1
f 3098/1255/3062 3134/1272/3062 3135/1272/3062 3114/1255/3027
f 3102/1258/3032 3097/1258/3082 3132/1271/3082 3133/1270/3082
usemtl libro1.002
f 3084/1243/3006 3069/1244/3007 3120/1244/3008 3126/1243/3009
f 3078/1245/3010 3063/1246/3011 3122/1246/3012 3123/1245/3013
f 3074/1249/3018 3075/1250/3019 3104/1250/3020 3105/1249/3021
f 3073/1253/3018 3074/1249/3018 3105/1249/3021 3111/1253/3021
f 3072/1254/3024 3073/1253/3018 3111/1253/3021 3112/1254/3025
f 3076/1255/3026 3072/1254/3024 3112/1254/3025 3114/1255/3027
f 3087/1257/3030 3062/1258/3031 3102/1258/3032 3108/1257/3033
f 3077/1259/3034 3068/1260/3035 3113/1260/3036 3103/1259/3037
f 3063/1246/3011 3086/1261/3038 3110/1261/3039 3122/1246/3012
f 3069/1244/3007 3076/1255/3026 3114/1255/3027 3120/1244/3008
f 3086/1261/3038 3063/1246/3011 3150/1246/3044 3187/1261/3045
f 3085/1262/3040 3068/1260/3035 3158/1260/3046 3186/1262/3047
f 3076/1255/3026 3069/1244/3007 3161/1244/3048 3169/1255/3049
f 3084/1243/3006 3126/1243/3009 3213/1243/3050 3183/1243/3051
f 3078/1245/3010 3123/1245/3013 3207/1245/3053 3172/1245/3054
s 0
f 3124/1265/3059 3125/1265/3059 3209/1265/3059 3208/1265/3059
s 1
f 3069/1244/3007 3084/1243/3006 3183/1243/3051 3161/1244/3048
f 3077/1259/3034 3103/1259/3037 3146/1259/3060 3147/1259/3061
s 0
f 3123/1265/3059 3124/1265/3059 3208/1265/3059 3207/1265/3059
s 1
f 3063/1246/3011 3078/1245/3010 3172/1245/3054 3150/1246/3044
f 3102/1258/3032 3062/1258/3031 3144/1258/3063 3145/1258/3064
f 3075/1250/3019 3074/1249/3018 3168/1249/3065 3141/1250/3066
f 3074/1249/3018 3073/1253/3018 3167/1253/3065 3168/1249/3065
f 3073/1253/3018 3072/1254/3024 3166/1254/3070 3167/1253/3065
f 3100/1267/3073 3071/1267/3074 3165/1267/3075 3210/1267/3076
f 3072/1254/3024 3076/1255/3026 3169/1255/3049 3166/1254/3070
f 3104/1250/3020 3075/1250/3019 3141/1250/3066 3140/1250/3077
f 3071/1267/3074 3086/1268/3038 3187/1268/3045 3165/1267/3075
f 3062/1258/3031 3087/1257/3030 3190/1257/3078 3144/1258/3063
f 3121/1269/3079 3102/1258/3032 3145/1258/3064 3139/1269/3080
f 3068/1260/3035 3077/1259/3034 3147/1259/3061 3158/1260/3046
f 3125/1273/3084 3079/1273/3085 3174/1273/3086 3209/1273/3087
f 3103/1259/3037 3104/1250/3020 3140/1250/3077 3146/1259/3060
f 3068/1260/3035 3085/1262/3040 3115/1262/3043 3113/1260/3036
f 3080/1269/3088 3079/1273/3085 3125/1273/3084 3121/1269/3079
f 3070/1266/3067 3087/1274/3030 3108/1274/3033 3109/1266/3089
f 3080/1269/3088 3121/1269/3079 3139/1269/3080 3138/1269/3090
f 3086/1268/3038 3071/1267/3074 3100/1267/3073 3110/1268/3039
f 3087/1274/3030 3070/1266/3067 3162/1266/3068 3190/1274/3078
f 3079/1273/3085 3080/1269/3088 3138/1269/3090 3174/1273/3086
f 3144/1258/3063 3138/1269/3090 3139/1269/3080 3145/1258/3064
f 3141/1250/3066 3147/1259/3061 3146/1259/3060 3140/1250/3077
f 3150/1246/3044 3149/1281/3095 3188/1281/3096 3187/1261/3045
f 3149/1281/3095 3148/1282/3095 3189/1283/3096 3188/1281/3096
f 3148/1282/3095 3144/1258/3063 3190/1257/3078 3189/1283/3096
f 3144/1258/3063 3148/1282/3095 3174/1273/3086 3138/1269/3090
f 3148/1282/3095 3149/1281/3095 3173/1284/3097 3174/1273/3086
f 3149/1281/3095 3150/1246/3044 3172/1245/3054 3173/1284/3097
f 3183/1243/3051 3184/1285/3098 3160/1286/3099 3161/1244/3048
f 3184/1285/3098 3185/1287/3098 3159/1288/3099 3160/1286/3099
f 3185/1287/3098 3186/1262/3047 3158/1260/3046 3159/1288/3099
f 3162/1266/3068 3163/1289/3100 3189/1290/3096 3190/1274/3078
f 3163/1289/3100 3164/1291/3100 3188/1292/3096 3189/1290/3096
f 3164/1291/3100 3165/1267/3075 3187/1268/3045 3188/1292/3096
f 3176/1294/3102 3164/1291/3100 3163/1289/3100 3177/1295/3102
f 3156/1296/3103 3155/1297/3103 3185/1287/3098 3184/1285/3098
f 3169/1255/3049 3161/1244/3048 3160/1286/3099 3170/1298/3104
f 3170/1298/3104 3160/1286/3099 3159/1288/3099 3171/1299/3104
f 3171/1299/3104 3159/1288/3099 3158/1260/3046 3147/1259/3061
f 3180/1301/3102 3153/1300/3102 3152/1302/3102 3181/1303/3102
f 3180/1301/3102 3181/1303/3102 3155/1297/3103 3156/1296/3103
f 3152/1302/3102 3153/1300/3102 3176/1294/3102 3177/1295/3102
f 3199/1304/3104 3203/1305/3104 3204/1306/3104 3205/1307/3104 3206/1308/3104 3202/1309/3104 3201/1310/3104 3200/1311/3104
f 3191/1312/3104 3192/1313/3104 3167/1253/3065 3166/1254/3070
f 3192/1313/3104 3193/1314/3104 3168/1249/3065 3167/1253/3065
f 3193/1314/3104 3194/1315/3104 3141/1250/3066 3168/1249/3065
f 3196/1316/3104 3195/1317/3104 3169/1255/3049 3170/1298/3104
f 3197/1318/3104 3196/1316/3104 3170/1298/3104 3171/1299/3104
f 3198/1319/3104 3197/1318/3104 3171/1299/3104 3147/1259/3061
f 3195/1317/3104 3191/1312/3104 3166/1254/3070 3169/1255/3049
f 3194/1315/3104 3198/1319/3104 3147/1259/3061 3141/1250/3066
f 3173/1284/3097 3172/1245/3054 3207/1245/3053 3208/1284/3105
f 3174/1273/3086 3173/1284/3097 3208/1284/3105 3209/1273/3087
usemtl libroBorde.003
f 3082/1247/3014 3067/1248/3015 3127/1248/3016 3101/1247/3017
f 3083/1251/3022 3064/1252/3022 3117/1252/3023 3118/1251/3023
f 3065/1256/3028 3082/1247/3014 3101/1247/3017 3106/1256/3029
f 3085/1262/3040 3066/1263/3041 3119/1263/3042 3115/1262/3043
f 3066/1263/3041 3085/1262/3040 3186/1262/3047 3154/1263/3052
f 3081/1264/3022 3064/1252/3022 3151/1252/3055 3178/1264/3055
f 3127/1248/3016 3067/1248/3015 3157/1248/3057 3212/1248/3058
f 3083/1251/3022 3066/1263/3041 3154/1263/3052 3182/1251/3055
f 3070/1266/3067 3081/1264/3022 3178/1264/3055 3162/1266/3068
f 3067/1248/3015 3082/1247/3014 3179/1247/3069 3157/1248/3057
f 3064/1252/3022 3083/1251/3022 3182/1251/3055 3151/1252/3055
f 3065/1256/3028 3106/1256/3029 3142/1256/3071 3143/1256/3072
f 3082/1247/3014 3065/1256/3028 3143/1256/3072 3179/1247/3069
f 3066/1263/3041 3083/1251/3022 3118/1251/3023 3119/1263/3042
f 3064/1252/3022 3081/1264/3022 3116/1264/3023 3117/1252/3023
f 3081/1264/3022 3070/1266/3067 3109/1266/3089 3116/1264/3023
f 3175/1293/3101 3165/1267/3075 3164/1291/3100 3176/1294/3102
f 3177/1295/3102 3163/1289/3100 3162/1266/3068 3178/1264/3055
f 3157/1248/3057 3156/1296/3103 3184/1285/3098 3183/1243/3051
f 3155/1297/3103 3154/1263/3052 3186/1262/3047 3185/1287/3098
f 3179/1247/3069 3143/1256/3072 3153/1300/3102 3180/1301/3102
f 3181/1303/3102 3152/1302/3102 3151/1252/3055 3182/1251/3055
f 3179/1247/3069 3180/1301/3102 3156/1296/3103 3157/1248/3057
f 3181/1303/3102 3182/1251/3055 3154/1263/3052 3155/1297/3103
f 3151/1252/3055 3152/1302/3102 3177/1295/3102 3178/1264/3055
f 3153/1300/3102 3143/1256/3072 3175/1293/3101 3176/1294/3102
f 3199/1304/3104 3200/1311/3104 3192/1313/3104 3191/1312/3104
f 3200/1311/3104 3201/1310/3104 3193/1314/3104 3192/1313/3104
f 3201/1310/3104 3202/1309/3104 3194/1315/3104 3193/1314/3104
f 3204/1306/3104 3203/1305/3104 3195/1317/3104 3196/1316/3104
f 3205/1307/3104 3204/1306/3104 3196/1316/3104 3197/1318/3104
f 3206/1308/3104 3205/1307/3104 3197/1318/3104 3198/1319/3104
f 3203/1305/3104 3199/1304/3104 3191/1312/3104 3195/1317/3104
f 3202/1309/3104 3206/1308/3104 3198/1319/3104 3194/1315/3104
f 3175/1293/3101 3143/1256/3072 3142/1256/3071 3211/1293/3017
f 3165/1267/3075 3175/1293/3101 3211/1293/3017 3210/1267/3076
f 3157/1248/3057 3183/1243/3051 3213/1243/3050 3212/1248/3058
o estanteria.001
v -0.000843 1.471344 -4.916983
v 0.039365 2.463046 -4.916937
v 2.737360 1.471344 -4.913843
v 2.635672 2.466949 -4.913959
v 0.102112 1.531767 -4.547321
v 0.135903 2.386697 -4.547283
v 2.623623 1.531767 -4.544430
v 2.535912 2.375903 -4.544530
v 2.635248 2.466949 -4.544416
v 2.736936 1.471344 -4.544300
v -0.001266 1.471344 -4.547440
v 0.038942 2.463046 -4.547394
v 2.536239 2.375903 -4.829803
v 2.623950 1.531767 -4.829702
v 0.102440 1.531767 -4.832594
v 0.136230 2.386697 -4.832555
v 2.753969 2.061989 -4.913824
v 2.753545 2.061989 -4.544281
v -0.046856 1.983014 -4.547492
v 2.640443 2.044900 -4.544410
v 0.057150 1.981562 -4.547373
v 2.640770 2.044900 -4.829683
v 0.057477 1.981562 -4.832645
v -0.046432 1.983014 -4.917035
v 1.123165 1.471344 -4.915694
v 1.102544 2.456416 -4.915718
v 1.122741 1.471344 -4.546151
v 1.102120 2.456416 -4.546175
v 1.102670 1.531767 -4.546174
v 1.082049 2.395993 -4.546197
v 1.102997 1.531767 -4.831446
v 1.082376 2.395993 -4.831470
v 1.167142 1.949961 -4.915643
v 1.146974 1.964767 -4.831396
v 1.156697 1.964767 -4.546112
v 2.773018 1.959656 -4.913802
v 2.772594 1.959656 -4.544259
v -0.056603 1.879381 -4.547503
v 2.658104 1.950019 -4.544390
v 0.048113 1.885477 -4.547383
v 2.658431 1.950019 -4.829662
v 0.048440 1.885477 -4.832656
v -0.056179 1.879381 -4.917046
v 1.146974 1.868257 -4.831396
v 1.167142 1.845871 -4.915643
v 1.643567 2.456416 -4.915097
v 1.663764 1.471344 -4.545530
v 1.624756 1.531767 -4.545575
v 1.625083 1.531767 -4.830848
v 1.708165 1.993779 -4.915023
v 1.664188 1.471344 -4.915073
v 1.643143 2.456416 -4.545554
v 1.604135 2.395993 -4.545599
v 1.604462 2.395993 -4.830871
v 1.669060 2.008584 -4.830797
v 1.669060 1.912074 -4.830797
v 1.708165 1.889689 -4.915023
v 1.686569 2.008584 -4.545504
v 1.683709 1.914300 -4.545507
v 1.155068 1.869827 -4.546114
v 1.637856 2.470840 -4.910020
v 2.597471 2.481084 -4.908920
v 2.597059 2.481084 -4.549543
v 1.107518 2.470840 -4.551252
v 0.077376 2.477288 -4.552433
v 0.077788 2.477288 -4.911809
v 1.107930 2.470840 -4.910628
v 1.637443 2.470840 -4.550644
v 1.655013 2.491933 -4.925352
v 2.712745 2.503052 -4.924139
v 2.712297 2.503052 -4.534060
v 1.091126 2.491933 -4.535919
v -0.038784 2.498931 -4.537215
v -0.038337 2.498931 -4.927294
v 1.091574 2.491933 -4.925998
v 1.654566 2.491933 -4.535273
v 1.654893 2.614596 -4.925352
v 2.634371 2.652808 -4.924229
v 2.633924 2.652808 -4.534150
v 1.091006 2.614596 -4.535919
v 0.039349 2.648687 -4.537126
v 0.039796 2.648687 -4.927204
v 1.091453 2.614596 -4.925998
v 1.654445 2.614596 -4.535273
vn -0.2980 -0.8953 -0.3312
vn -0.5165 0.6834 -0.5159
vn 0.3045 -0.8928 -0.3320
vn 0.5022 0.6993 -0.5087
vn 0.2211 0.6698 0.7089
vn 0.2265 -0.6768 0.7004
vn -0.2246 0.6592 0.7176
vn -0.2321 -0.6947 0.6808
vn 0.5010 0.6994 0.5098
vn 0.3037 -0.8928 0.3327
vn -0.2987 -0.8953 0.3305
vn -0.5177 0.6834 0.5147
vn -0.2979 -0.8936 0.3358
vn -0.3036 0.8932 0.3318
vn 0.2964 0.8959 0.3308
vn 0.2997 -0.8936 0.3341
vn 0.6759 0.1614 -0.7192
vn 0.6742 0.1614 0.7207
vn -0.6819 0.0929 0.7255
vn -0.4663 0.5201 0.7156
vn 0.4416 0.5573 0.7031
vn -0.5535 0.6178 0.5585
vn 0.5213 0.6574 0.5441
vn -0.6802 0.0929 -0.7271
vn 0.0004 -0.9361 -0.3517
vn 0.0017 0.1716 -0.9852
vn -0.0004 -0.9361 0.3517
vn -0.0006 0.1716 0.9852
vn -0.0004 0.9361 0.3517
vn 0.0042 -0.9350 0.3545
vn 0.0042 -0.9371 0.3490
vn 0.0011 -0.0000 -1.0000
vn -0.1642 0.7824 0.6008
vn -0.1915 0.9044 0.3813
vn 0.6915 0.0390 -0.7213
vn 0.6898 0.0390 0.7229
vn -0.6909 -0.0143 0.7228
vn -0.4406 0.5731 0.6910
vn 0.4110 -0.5898 0.6951
vn -0.5223 0.6799 0.5147
vn 0.4871 -0.6985 0.5243
vn -0.6892 -0.0143 -0.7244
vn -0.1130 -0.7862 0.6075
vn 0.0002 0.1706 -0.9853
vn -0.0021 0.1706 0.9853
vn -0.0105 -0.9337 0.3580
vn -0.0105 -0.9382 0.3459
vn -0.1855 0.7766 0.6020
vn -0.1918 -0.0240 0.9811
vn -0.2159 0.9133 0.3453
vn -0.3622 0.1058 0.9261
vn -0.1349 -0.9333 0.3328
vn 0.0018 -0.1747 -0.9846
vn 0.3415 -0.3602 -0.8681
vn 0.3395 -0.3602 0.8689
vn -0.0015 -0.1757 0.9844
vn -0.3381 -0.3606 0.8693
vn -0.3361 -0.3606 -0.8701
vn 0.0007 -0.1757 -0.9844
vn -0.0005 -0.1747 0.9846
vn 0.0032 -0.3415 -0.9399
vn 0.5102 -0.7262 -0.4608
vn 0.5092 -0.7262 0.4619
vn -0.0023 -0.3393 0.9407
vn -0.5066 -0.7304 0.4581
vn -0.5056 -0.7304 -0.4593
vn -0.0002 -0.3393 -0.9407
vn 0.0011 -0.3415 0.9399
vn -0.0177 0.9314 -0.3635
vn 0.2396 0.9209 -0.3076
vn 0.2389 0.9209 0.3081
vn 0.0147 0.9323 0.3614
vn -0.2439 0.9189 0.3099
vn -0.2432 0.9189 -0.3105
vn 0.0155 0.9323 -0.3613
vn -0.0185 0.9314 0.3634
vt 0.472103 0.600031
vt 0.613853 0.600031
vt 0.613853 0.612153
vt 0.472103 0.612153
vt 0.457819 0.735686
vt 0.386147 0.735686
vt 0.457819 0.735686
vt 0.125000 0.610491
vt 0.375000 0.610491
vt 0.375000 0.750000
vt 0.125000 0.750000
vt 0.457819 0.514315
vt 0.386147 0.514315
vt 0.375000 0.500000
vt 0.453689 0.500000
vt 0.386147 0.612153
vt 0.613853 0.514314
vt 0.625000 0.500000
vt 0.625000 0.596802
vt 0.386147 0.600031
vt 0.613853 0.612153
vt 0.613853 0.735686
vt 0.000000 0.000000
vt 0.453689 0.153198
vt 0.469371 0.153198
vt 0.469371 0.250000
vt 0.453689 0.250000
vt 0.469371 0.500000
vt 0.453689 0.750000
vt 0.469371 0.750000
vt 0.469371 1.000000
vt 0.453689 1.000000
vt 0.472103 0.735686
vt 0.457819 0.612153
vt 0.472103 0.735686
vt 0.472103 0.514315
vt 0.457819 0.514315
vt 0.625000 0.153198
vt 0.625000 0.250000
vt 0.457819 0.600031
vt 0.453689 0.000000
vt 0.469371 0.000000
vt 0.469371 0.139509
vt 0.453689 0.139509
vt 0.625000 0.000000
vt 0.625000 0.139509
vt 0.625000 0.610491
vt 0.625000 0.750000
vt 0.375000 0.596802
vt 0.125000 0.596802
vt 0.625000 1.000000
vt 0.375000 0.000000
vt 0.375000 0.139509
vt 0.375000 1.000000
vt 0.375000 0.250000
vt 0.375000 0.153198
vt 0.125000 0.500000
vt 0.875000 0.610491
vt 0.875000 0.750000
vt 0.875000 0.596802
vt 0.875000 0.500000
s 1
usemtl madera1.002
f 3253/1324/3144 3218/1325/3110 3228/1325/3120 3255/1326/3146
f 3238/1327/3130 3240/1328/3132 3224/1329/3116 3214/1330/3106
f 3252/1331/3143 3220/1332/3112 3223/1333/3115 3250/1334/3141
f 3242/1335/3134 3218/1325/3110 3224/1329/3116 3240/1328/3132
f 3266/1321/3151 3221/1336/3113 3222/1337/3114 3265/1338/3150
f 3261/1339/3134 3220/1332/3112 3227/1332/3119 3262/1339/3134
f 3243/1340/3135 3219/1341/3111 3229/1341/3121 3245/1322/3136
f 3269/1342/3154 3272/1342/3156 3273/1342/3157 3257/1342/3148
f 3248/1342/3139 3273/1342/3157 3272/1342/3156 3271/1342/3155
f 3270/1343/3137 3263/1344/3137 3230/1345/3122 3249/1346/3140
f 3249/1346/3140 3230/1345/3122 3231/1347/3123 3250/1334/3141
f 3251/1348/3142 3232/1349/3124 3237/1350/3129 3256/1351/3147
f 3253/1324/3144 3234/1352/3126 3232/1349/3124 3251/1348/3142
f 3257/1353/3148 3247/1323/3138 3236/1354/3128 3255/1326/3146
f 3252/1331/3143 3233/1355/3125 3235/1355/3127 3254/1356/3145
f 3263/1344/3137 3259/1357/3149 3217/1358/3109 3230/1345/3122
f 3221/1336/3113 3233/1355/3125 3231/1347/3123 3222/1337/3114
f 3269/1359/3154 3268/1320/3153 3247/1323/3138 3257/1353/3148
f 3256/1360/3147 3237/1361/3129 3246/1362/3137 3258/1363/3137
f 3266/1321/3151 3243/1340/3135 3245/1322/3136 3267/1321/3152
f 3218/1325/3110 3242/1335/3134 3244/1335/3134 3228/1325/3120
f 3215/1364/3107 3239/1365/3131 3246/1362/3137 3237/1361/3129
f 3219/1341/3111 3243/1340/3135 3241/1366/3133 3225/1367/3117
f 3261/1339/3134 3242/1335/3134 3240/1328/3132 3260/1368/3132
f 3264/1369/3130 3260/1368/3132 3240/1328/3132 3238/1327/3130
f 3248/1342/3139 3247/1342/3138 3236/1354/3128 3234/1352/3126
f 3219/1341/3111 3234/1352/3126 3236/1354/3128 3229/1341/3121
f 3230/1345/3122 3217/1358/3109 3222/1337/3114 3231/1347/3123
f 3232/1349/3124 3225/1367/3117 3215/1370/3107 3237/1350/3129
f 3234/1352/3126 3219/1341/3111 3225/1367/3117 3232/1349/3124
f 3233/1355/3125 3221/1336/3113 3226/1336/3118 3235/1355/3127
f 3239/1365/3131 3259/1357/3149 3263/1344/3137 3246/1362/3137
f 3214/1371/3106 3256/1360/3147 3258/1363/3137 3238/1372/3130
f 3220/1332/3112 3252/1331/3143 3254/1356/3145 3227/1332/3119
f 3218/1325/3110 3253/1324/3144 3251/1348/3142 3224/1329/3116
f 3224/1329/3116 3251/1348/3142 3256/1351/3147 3214/1373/3106
f 3216/1374/3108 3249/1346/3140 3250/1334/3141 3223/1333/3115
f 3264/1375/3130 3270/1343/3137 3249/1346/3140 3216/1374/3108
f 3233/1355/3125 3252/1331/3143 3250/1334/3141 3231/1347/3123
f 3234/1352/3126 3253/1324/3144 3255/1326/3146 3236/1354/3128
f 3238/1372/3130 3258/1363/3137 3270/1343/3137 3264/1375/3130
f 3216/1376/3108 3223/1333/3115 3260/1368/3132 3264/1369/3130
f 3220/1332/3112 3261/1339/3134 3260/1368/3132 3223/1333/3115
f 3221/1336/3113 3266/1321/3151 3267/1321/3152 3226/1336/3118
f 3254/1356/3145 3235/1355/3127 3268/1320/3153 3269/1359/3154
f 3258/1363/3137 3246/1362/3137 3263/1344/3137 3270/1343/3137
f 3242/1335/3134 3261/1339/3134 3262/1339/3134 3244/1335/3134
f 3243/1340/3135 3266/1321/3151 3265/1338/3150 3241/1366/3133
f 3271/1342/3155 3268/1342/3153 3247/1342/3138 3248/1342/3139
f 3268/1342/3153 3269/1342/3154 3272/1342/3156 3271/1342/3155
f 3247/1342/3138 3257/1342/3148 3273/1342/3157 3248/1342/3139
f 3271/1342/3155 3233/1342/3125 3235/1342/3127 3268/1342/3153
f 3257/1342/3148 3273/1342/3157 3253/1342/3144 3255/1342/3146
f 3273/1342/3157 3248/1342/3139 3234/1342/3126 3253/1342/3144
f 3233/1342/3125 3271/1342/3155 3272/1342/3156 3252/1342/3143
f 3272/1342/3156 3252/1342/3143 3254/1342/3145 3269/1342/3154
f 3215/1370/3107 3225/1367/3117 3278/1367/3162 3279/1370/3163
f 3278/1367/3162 3277/1366/3161 3285/1366/3169 3286/1367/3170
f 3241/1366/3133 3265/1338/3150 3281/1338/3165 3277/1366/3161
f 3239/1365/3131 3215/1364/3107 3279/1364/3163 3280/1365/3164
f 3222/1337/3114 3217/1358/3109 3275/1358/3159 3276/1337/3160
f 3265/1338/3150 3222/1337/3114 3276/1337/3160 3281/1338/3165
f 3259/1357/3149 3239/1365/3131 3280/1365/3164 3274/1357/3158
f 3225/1367/3117 3241/1366/3133 3277/1366/3161 3278/1367/3162
f 3217/1358/3109 3259/1357/3149 3274/1357/3158 3275/1358/3159
f 3282/1357/3166 3288/1365/3172 3296/1365/3180 3290/1357/3174
f 3275/1358/3159 3274/1357/3158 3282/1357/3166 3283/1358/3167
f 3281/1338/3165 3276/1337/3160 3284/1337/3168 3289/1338/3173
f 3277/1366/3161 3281/1338/3165 3289/1338/3173 3285/1366/3169
f 3279/1370/3163 3278/1367/3162 3286/1367/3170 3287/1370/3171
f 3276/1337/3160 3275/1358/3159 3283/1358/3167 3284/1337/3168
f 3274/1357/3158 3280/1365/3164 3288/1365/3172 3282/1357/3166
f 3280/1365/3164 3279/1364/3163 3287/1364/3171 3288/1365/3172
f 3296/1377/3180 3295/1378/3179 3294/1367/3178 3293/1366/3177
f 3288/1365/3172 3287/1364/3171 3295/1364/3179 3296/1365/3180
f 3286/1367/3170 3285/1366/3169 3293/1366/3177 3294/1367/3178
f 3283/1358/3167 3282/1357/3166 3290/1357/3174 3291/1358/3175
f 3289/1338/3173 3284/1337/3168 3292/1337/3176 3297/1338/3181
f 3285/1366/3169 3289/1338/3173 3297/1338/3181 3293/1366/3177
f 3287/1370/3171 3286/1367/3170 3294/1367/3178 3295/1370/3179
f 3284/1337/3168 3283/1358/3167 3291/1358/3175 3292/1337/3176
f 3290/1379/3174 3296/1377/3180 3293/1366/3177 3297/1338/3181
f 3291/1380/3175 3290/1379/3174 3297/1338/3181 3292/1337/3176
usemtl madera2.002
f 3268/1320/3153 3267/1321/3152 3245/1322/3136 3247/1323/3138
f 3247/1323/3138 3245/1322/3136 3229/1341/3121 3236/1354/3128
f 3262/1339/3134 3269/1359/3154 3257/1353/3148 3244/1335/3134
f 3244/1335/3134 3257/1353/3148 3255/1326/3146 3228/1325/3120
f 3227/1332/3119 3254/1356/3145 3269/1359/3154 3262/1339/3134
f 3235/1355/3127 3226/1336/3118 3267/1321/3152 3268/1320/3153
o pizarra.001
v -3.396227 3.671332 -1.223415
v -3.413564 3.877403 -1.223348
v -3.396227 3.671400 -1.430214
v -3.413564 3.877470 -1.430147
v -3.463602 2.873492 0.234122
v -3.463602 4.179480 0.234122
v -3.463602 2.873492 -1.637730
v -3.463602 4.179480 -1.637730
v -3.359715 2.937436 0.151225
v -3.360446 4.117785 0.149574
v -3.375535 2.935187 -1.553182
v -3.376267 4.115535 -1.554833
v -3.377133 4.178237 -1.638600
v -3.376323 2.872250 -1.636773
v -3.358849 2.874735 0.234992
v -3.359658 4.180722 0.233165
v -3.417505 4.115519 -1.554562
v -3.416774 2.935170 -1.552911
v -3.400953 2.937420 0.151496
v -3.401684 4.117768 0.149845
v -3.394650 3.765550 -0.952359
v -3.411987 3.970639 -0.972457
v -3.394650 3.745382 -1.158173
v -3.411987 3.950470 -1.178270
v -3.383276 3.031184 -0.000665
v -3.400613 3.236780 0.013318
v -3.383276 3.045217 -0.206988
v -3.400613 3.250813 -0.193004
vn -0.9965 -0.0838 -0.0000
vn -0.5776 -0.5805 0.5739
vn -0.5768 0.5741 0.5811
vn -0.5767 -0.5734 -0.5819
vn -0.5777 0.5813 -0.5731
vn 0.9018 0.3009 -0.3103
vn 0.9021 -0.3007 -0.3096
vn 0.9069 0.3032 0.2926
vn 0.9072 -0.3013 0.2935
vn 0.5738 0.5732 -0.5849
vn 0.5751 -0.5823 -0.5746
vn 0.5803 -0.5728 0.5790
vn 0.5807 0.5811 0.5702
vn 0.5823 -0.5761 0.5736
vn 0.5817 0.5783 0.5721
vn 0.5724 0.5770 -0.5826
vn 0.5730 -0.5780 -0.5810
vn -0.9965 -0.0834 0.0082
vn -0.9965 -0.0836 -0.0057
vt 0.000000 0.000000
vt 1.000000 0.000000
vt 1.000000 1.000000
vt 0.000000 1.000000
vt 0.375000 0.000000
vt 0.625000 0.000000
vt 0.625000 0.250000
vt 0.375000 0.250000
vt 0.625000 0.500000
vt 0.375000 0.500000
vt 0.612975 0.511830
vt 0.612975 0.738170
vt 0.375000 0.750000
vt 0.625000 0.750000
vt 0.625000 1.000000
vt 0.375000 1.000000
vt 0.125000 0.500000
vt 0.125000 0.750000
vt 0.875000 0.500000
vt 0.875000 0.750000
vt 0.387025 0.511830
vt 0.387025 0.738170
s 1
usemtl posit2.001
f 3298/1381/3182 3299/1382/3182 3301/1383/3182 3300/1384/3182
usemtl pizarraBordes.002
f 3302/1385/3183 3303/1386/3184 3305/1387/3186 3304/1388/3185
f 3304/1388/3185 3305/1387/3186 3310/1389/3191 3311/1390/3192
f 3309/1391/3190 3307/1392/3188 3317/1392/3198 3314/1391/3195
f 3312/1393/3193 3313/1394/3194 3303/1395/3184 3302/1396/3183
f 3304/1397/3185 3311/1390/3192 3312/1393/3193 3302/1398/3183
f 3310/1389/3191 3305/1399/3186 3303/1400/3184 3313/1394/3194
f 3309/1391/3190 3308/1401/3189 3311/1390/3192 3310/1389/3191
f 3308/1401/3189 3306/1402/3187 3312/1393/3193 3311/1390/3192
f 3307/1392/3188 3309/1391/3190 3310/1389/3191 3313/1394/3194
f 3306/1402/3187 3307/1392/3188 3313/1394/3194 3312/1393/3193
f 3308/1401/3189 3309/1391/3190 3314/1391/3195 3315/1401/3196
f 3307/1392/3188 3306/1402/3187 3316/1402/3197 3317/1392/3198
f 3306/1402/3187 3308/1401/3189 3315/1401/3196 3316/1402/3197
usemtl pizarra.003
f 3315/1401/3196 3314/1391/3195 3317/1392/3198 3316/1402/3197
usemtl posit1.001
f 3318/1381/3199 3319/1382/3199 3321/1383/3199 3320/1384/3199
usemtl posit3.001
f 3322/1381/3200 3323/1382/3200 3325/1383/3200 3324/1384/3200
o escalera.001
v 2.306540 1.473602 2.290417
v 2.068991 4.538059 2.965712
v 1.731482 1.471563 2.097380
v 1.493934 4.536020 2.772675
v 2.344995 1.501893 2.175559
v 2.107446 4.566350 2.850854
v 1.769938 1.499855 1.982522
v 1.532389 4.564312 2.657818
v 2.292863 1.650035 2.329296
v 2.267087 1.982559 2.402573
v 2.241310 2.315084 2.475849
v 2.215534 2.647609 2.549125
v 2.189757 2.980133 2.622402
v 2.163981 3.312658 2.695678
v 2.138204 3.645182 2.768954
v 2.112428 3.977706 2.842231
v 2.086652 4.310231 2.915507
v 1.511595 4.308192 2.722470
v 1.537371 3.975668 2.649194
v 1.563147 3.643143 2.575917
v 1.588924 3.310619 2.502641
v 1.614700 2.978094 2.429365
v 1.640476 2.645570 2.356089
v 1.666253 2.313045 2.282812
v 1.692029 1.980521 2.209536
v 1.717806 1.647996 2.136260
v 1.550050 4.336484 2.607613
v 1.575826 4.003960 2.534336
v 1.601603 3.671435 2.461060
v 1.627379 3.338910 2.387784
v 1.653156 3.006386 2.314507
v 1.678932 2.673861 2.241231
v 1.704708 2.341337 2.167954
v 1.730485 2.008812 2.094678
v 1.756261 1.676288 2.021402
v 2.125107 4.338522 2.800649
v 2.150883 4.005998 2.727373
v 2.176660 3.673473 2.654097
v 2.202436 3.340949 2.580820
v 2.228213 3.008425 2.507544
v 2.253989 2.675900 2.434268
v 2.279765 2.343375 2.360991
v 2.305542 2.010851 2.287715
v 2.331318 1.678326 2.214439
v 1.737668 1.662609 2.076934
v 1.751345 1.486176 2.038055
v 2.326402 1.488215 2.231091
v 1.513797 4.550633 2.713350
v 2.088854 4.552672 2.906387
v 2.312726 1.664648 2.269971
v 1.531457 4.322805 2.663145
v 1.557234 3.990281 2.589869
v 1.583010 3.657756 2.516592
v 1.608786 3.325232 2.443316
v 1.634563 2.992707 2.370039
v 1.660339 2.660183 2.296763
v 1.686116 2.327658 2.223487
v 1.711892 1.995134 2.150210
v 2.106514 4.324844 2.856182
v 2.132291 3.992319 2.782905
v 2.158067 3.659795 2.709629
v 2.183843 3.327271 2.636353
v 2.209620 2.994746 2.563076
v 2.235396 2.662221 2.489800
v 2.261173 2.329697 2.416523
v 2.286949 1.997172 2.343247
v 1.669794 1.471345 2.076673
v 1.432246 4.535802 2.751968
v 1.708250 1.499636 1.961815
v 1.470701 4.564093 2.637110
v 1.449907 4.307974 2.701763
v 1.475683 3.975449 2.628486
v 1.501459 3.642925 2.555210
v 1.527236 3.310400 2.481934
v 1.553012 2.977876 2.408657
v 1.578789 2.645351 2.335381
v 1.604565 2.312827 2.262105
v 1.630341 1.980302 2.188828
v 1.656118 1.647778 2.115552
v 1.488362 4.336265 2.586905
v 1.514138 4.003741 2.513629
v 1.539915 3.671216 2.440352
v 1.565691 3.338692 2.367076
v 1.591468 3.006167 2.293800
v 1.617244 2.673643 2.220523
v 1.643020 2.341118 2.147247
v 1.668797 2.008594 2.073971
v 1.694573 1.676069 2.000694
v 1.675980 1.662390 2.056227
v 1.689657 1.485957 2.017347
v 1.452109 4.550415 2.692642
v 1.469769 4.322587 2.642437
v 1.495546 3.990062 2.569161
v 1.521322 3.657537 2.495885
v 1.547098 3.325013 2.422608
v 1.572875 2.992489 2.349332
v 1.598651 2.659964 2.276056
v 1.624428 2.327440 2.202779
v 1.650204 1.994915 2.129503
v 2.365196 1.473810 2.310107
v 2.127648 4.538267 2.985402
v 2.403652 1.502101 2.195249
v 2.166103 4.566558 2.870544
v 2.351520 1.650243 2.348986
v 2.325743 1.982767 2.422263
v 2.299967 2.315292 2.495539
v 2.274190 2.647816 2.568815
v 2.248414 2.980341 2.642092
v 2.222638 3.312865 2.715368
v 2.196861 3.645390 2.788644
v 2.171085 3.977915 2.861921
v 2.145308 4.310439 2.935197
v 2.183764 4.338730 2.820339
v 2.209540 4.006206 2.747063
v 2.235317 3.673681 2.673787
v 2.261093 3.341157 2.600510
v 2.286870 3.008632 2.527234
v 2.312646 2.676108 2.453958
v 2.338422 2.343583 2.380681
v 2.364199 2.011059 2.307405
v 2.389975 1.678534 2.234129
v 2.385059 1.488423 2.250782
v 2.147511 4.552880 2.926077
v 2.165147 4.325034 2.875944
v 2.371167 1.664697 2.290305
v 2.216652 3.659950 2.729534
v 2.242404 3.327408 2.656329
v 2.268157 2.994866 2.583124
v 2.190899 3.992492 2.802739
v 2.293909 2.662323 2.509919
v 2.319662 2.329781 2.436714
v 2.384820 1.488247 2.251496
v 2.345414 1.997239 2.363510
v 2.171160 3.744422 2.669731
v 2.152567 3.730744 2.725264
v 1.603287 3.396181 2.458951
v 1.621879 3.409859 2.403418
v 2.145384 4.076947 2.743008
v 2.126791 4.063269 2.798540
v 2.281449 2.068121 2.358882
v 2.300042 2.081800 2.303349
v 2.325819 1.749275 2.230073
v 2.307226 1.735597 2.285605
v 1.577510 3.728705 2.532227
v 1.596103 3.742384 2.476695
v 1.570327 4.074908 2.549971
v 1.551734 4.061230 2.605503
v 2.119607 4.409472 2.816284
v 2.101014 4.395793 2.871816
v 1.732169 1.733558 2.092569
v 1.706392 2.066082 2.165845
v 1.680616 2.398607 2.239121
v 2.255673 2.400646 2.432158
v 1.654839 2.731132 2.312398
v 2.229897 2.733170 2.505435
v 1.629063 3.063656 2.385674
v 2.204120 3.065695 2.578711
v 2.178344 3.398219 2.651987
v 1.525957 4.393754 2.678780
v 1.647656 3.077335 2.330142
v 2.196936 3.411898 2.596455
v 1.673432 2.744810 2.256866
v 2.222713 3.079373 2.523179
v 1.750761 1.747237 2.037036
v 1.699209 2.412286 2.183589
v 2.248489 2.746849 2.449902
v 1.724985 2.079761 2.110313
v 1.544550 4.407433 2.623247
v 2.274266 2.414324 2.376626
vn -0.9480 -0.0034 -0.3182
vn 0.9480 0.0034 0.3182
vn -0.3092 -0.2275 0.9234
vn 0.3092 0.2275 -0.9234
vn -0.0755 0.9738 0.2146
vn 0.0755 -0.9738 -0.2146
vt 0.599828 0.250000
vt 0.625000 0.250000
vt 0.625000 0.500000
vt 0.599828 0.500000
vt 0.524828 0.750000
vt 0.499828 0.750000
vt 0.599828 0.750000
vt 0.625000 0.750000
vt 0.625000 1.000000
vt 0.599828 1.000000
vt 0.375000 0.750000
vt 0.399828 0.750000
vt 0.399828 1.000000
vt 0.375000 1.000000
vt 0.424828 0.750000
vt 0.424828 1.000000
vt 0.449828 0.750000
vt 0.449828 1.000000
vt 0.474828 0.750000
vt 0.474828 1.000000
vt 0.499828 1.000000
vt 0.524828 1.000000
vt 0.549828 0.750000
vt 0.549828 1.000000
vt 0.574828 0.750000
vt 0.574828 1.000000
vt 0.474828 0.500000
vt 0.499828 0.500000
vt 0.524828 0.500000
vt 0.549828 0.500000
vt 0.574828 0.500000
vt 0.375000 0.250000
vt 0.399828 0.250000
vt 0.399828 0.500000
vt 0.375000 0.500000
vt 0.424828 0.250000
vt 0.424828 0.500000
vt 0.449828 0.250000
vt 0.449828 0.500000
vt 0.474828 0.250000
vt 0.499828 0.250000
vt 0.524828 0.250000
vt 0.549828 0.250000
vt 0.574828 0.250000
vt 0.000000 0.000000
vt 0.599828 0.871029
vt 0.574828 0.871184
vt 0.375000 0.872428
vt 0.549828 0.871340
vt 0.524828 0.871496
vt 0.499828 0.871651
vt 0.474828 0.871807
vt 0.449828 0.871962
vt 0.424828 0.872118
vt 0.399828 0.872273
s 0
usemtl madera1.003
f 3343/1403/3201 3329/1404/3201 3333/1405/3201 3352/1406/3201
f 3364/1407/3201 3365/1408/3201 3388/1408/3201 3387/1407/3201
f 3361/1409/3202 3331/1410/3202 3327/1411/3202 3342/1412/3202
f 3330/1413/3202 3369/1414/3202 3334/1415/3202 3326/1416/3202
f 3369/1414/3202 3368/1417/3202 3335/1418/3202 3334/1415/3202
f 3368/1417/3202 3367/1419/3202 3336/1420/3202 3335/1418/3202
f 3367/1419/3202 3366/1421/3202 3337/1422/3202 3336/1420/3202
f 3366/1421/3202 3365/1408/3202 3338/1423/3202 3337/1422/3202
f 3365/1408/3202 3364/1407/3202 3339/1424/3202 3338/1423/3202
f 3364/1407/3202 3363/1425/3202 3340/1426/3202 3339/1424/3202
f 3363/1425/3202 3362/1427/3202 3341/1428/3202 3340/1426/3202
f 3362/1427/3202 3361/1409/3202 3342/1412/3202 3341/1428/3202
f 3357/1429/3202 3356/1430/3202 3380/1430/3202 3381/1429/3202
f 3363/1425/3201 3364/1407/3201 3387/1407/3201 3386/1425/3201
f 3356/1430/3202 3355/1431/3202 3379/1431/3202 3380/1430/3202
f 3362/1427/3201 3363/1425/3201 3386/1425/3201 3385/1427/3201
f 3355/1431/3202 3354/1432/3202 3378/1432/3202 3379/1431/3202
f 3361/1409/3201 3362/1427/3201 3385/1427/3201 3384/1409/3201
f 3368/1417/3201 3369/1414/3201 3375/1414/3201 3391/1417/3201
f 3354/1432/3202 3353/1433/3202 3377/1433/3202 3378/1432/3202
f 3331/1410/3201 3361/1409/3201 3384/1409/3201 3374/1410/3201
f 3328/1434/3201 3351/1435/3201 3360/1436/3201 3332/1437/3201
f 3351/1435/3201 3350/1438/3201 3359/1439/3201 3360/1436/3201
f 3350/1438/3201 3349/1440/3201 3358/1441/3201 3359/1439/3201
f 3349/1440/3201 3348/1442/3201 3357/1429/3201 3358/1441/3201
f 3348/1442/3201 3347/1443/3201 3356/1430/3201 3357/1429/3201
f 3347/1443/3201 3346/1444/3201 3355/1431/3201 3356/1430/3201
f 3346/1444/3201 3345/1445/3201 3354/1432/3201 3355/1431/3201
f 3345/1445/3201 3344/1446/3201 3353/1433/3201 3354/1432/3201
f 3344/1446/3201 3343/1403/3201 3352/1406/3201 3353/1433/3201
f 3332/1437/3202 3360/1436/3202 3370/1436/3202 3371/1437/3202
f 3358/1441/3202 3357/1429/3202 3381/1429/3202 3382/1441/3202
f 3365/1408/3201 3366/1421/3201 3389/1421/3201 3388/1408/3201
f 3359/1439/3202 3358/1441/3202 3382/1441/3202 3383/1439/3202
f 3352/1406/3202 3333/1405/3202 3373/1405/3202 3376/1406/3202
f 3366/1421/3201 3367/1419/3201 3390/1419/3201 3389/1421/3201
f 3360/1436/3202 3359/1439/3202 3383/1439/3202 3370/1436/3202
f 3353/1433/3202 3352/1406/3202 3376/1406/3202 3377/1433/3202
f 3367/1419/3201 3368/1417/3201 3391/1417/3201 3390/1419/3201
f 3369/1414/3201 3330/1413/3201 3372/1413/3201 3375/1414/3201
f 3356/1430/3201 3380/1430/3201 3481/1430/3201 3485/1430/3201
f 3352/1447/3203 3361/1447/3203 3473/1447/3203 3493/1447/3203
f 3353/1433/3201 3377/1433/3201 3472/1433/3201 3471/1433/3201
f 3384/1447/3204 3376/1447/3204 3484/1447/3204 3474/1447/3204
f 3367/1419/3201 3390/1419/3201 3478/1419/3201 3494/1419/3201
f 3354/1432/3201 3378/1432/3201 3469/1432/3201 3470/1432/3201
f 3377/1447/3203 3385/1447/3203 3464/1447/3203 3472/1447/3203
f 3376/1406/3202 3352/1406/3202 3493/1406/3202 3484/1406/3202
f 3375/1414/3202 3369/1414/3202 3467/1414/3202 3468/1414/3202
f 3349/1440/3205 3358/1441/3205 3411/1441/3205 3402/1440/3205
f 3348/1442/3205 3357/1429/3205 3410/1429/3205 3401/1442/3205
f 3347/1443/3205 3356/1430/3205 3409/1430/3205 3400/1443/3205
f 3346/1444/3205 3355/1431/3205 3408/1431/3205 3399/1444/3205
f 3345/1445/3205 3354/1432/3205 3407/1432/3205 3398/1445/3205
f 3344/1446/3205 3353/1433/3205 3406/1433/3205 3397/1446/3205
f 3329/1404/3204 3343/1403/3204 3396/1403/3204 3393/1404/3204
f 3352/1406/3206 3343/1403/3206 3396/1403/3206 3405/1406/3206
f 3343/1403/3204 3344/1446/3204 3397/1446/3204 3396/1403/3204
f 3344/1446/3204 3345/1445/3204 3398/1445/3204 3397/1446/3204
f 3345/1445/3204 3346/1444/3204 3399/1444/3204 3398/1445/3204
f 3346/1444/3204 3347/1443/3204 3400/1443/3204 3399/1444/3204
f 3380/1430/3205 3356/1430/3205 3409/1430/3205 3421/1430/3205
f 3347/1443/3204 3348/1442/3204 3401/1442/3204 3400/1443/3204
f 3348/1442/3204 3349/1440/3204 3402/1440/3204 3401/1442/3204
f 3357/1429/3206 3381/1429/3206 3422/1429/3206 3410/1429/3206
f 3349/1440/3204 3350/1438/3204 3403/1438/3204 3402/1440/3204
f 3350/1438/3204 3351/1435/3204 3404/1435/3204 3403/1438/3204
f 3370/1436/3205 3360/1436/3205 3413/1436/3205 3414/1436/3205
f 3333/1405/3204 3352/1406/3204 3405/1406/3204 3395/1405/3204
f 3332/1437/3206 3371/1437/3206 3415/1437/3206 3394/1437/3206
f 3352/1406/3204 3353/1433/3204 3406/1433/3204 3405/1406/3204
f 3351/1435/3204 3328/1434/3204 3392/1434/3204 3404/1435/3204
f 3358/1441/3206 3382/1441/3206 3423/1441/3206 3411/1441/3206
f 3379/1431/3205 3355/1431/3205 3408/1431/3205 3420/1431/3205
f 3354/1432/3203 3353/1433/3203 3406/1433/3203 3407/1432/3203
f 3328/1434/3205 3332/1437/3205 3394/1437/3205 3392/1434/3205
f 3355/1431/3203 3354/1432/3203 3407/1432/3203 3408/1431/3203
f 3333/1405/3206 3329/1404/3206 3393/1404/3206 3395/1405/3206
f 3356/1430/3203 3355/1431/3203 3408/1431/3203 3409/1430/3203
f 3360/1436/3204 3332/1437/3204 3394/1437/3204 3413/1436/3204
f 3383/1439/3205 3359/1439/3205 3412/1439/3205 3424/1439/3205
f 3357/1429/3203 3356/1430/3203 3409/1430/3203 3410/1429/3203
f 3373/1405/3205 3333/1405/3205 3395/1405/3205 3416/1405/3205
f 3378/1432/3205 3354/1432/3205 3407/1432/3205 3419/1432/3205
f 3357/1429/3204 3358/1441/3204 3411/1441/3204 3410/1429/3204
f 3352/1406/3206 3376/1406/3206 3417/1406/3206 3405/1406/3206
f 3377/1433/3205 3353/1433/3205 3406/1433/3205 3418/1433/3205
f 3358/1441/3204 3359/1439/3204 3412/1439/3204 3411/1441/3204
f 3359/1439/3204 3360/1436/3204 3413/1436/3204 3412/1439/3204
f 3351/1435/3205 3360/1436/3205 3413/1436/3205 3404/1435/3205
f 3350/1438/3205 3359/1439/3205 3412/1439/3205 3403/1438/3205
f 3424/1439/3202 3412/1439/3202 3411/1441/3202 3423/1441/3202 3402/1440/3202 3403/1438/3202
f 3436/1428/3201 3437/1412/3201 3449/1448/3201 3454/1449/3201
f 3395/1405/3202 3393/1404/3202 3396/1403/3202 3405/1406/3202
f 3398/1445/3202 3407/1432/3202 3406/1433/3202 3397/1446/3202
f 3392/1434/3202 3394/1437/3202 3413/1436/3202 3404/1435/3202
f 3417/1406/3202 3418/1433/3202 3406/1433/3202 3405/1406/3202
f 3419/1432/3202 3420/1431/3202 3408/1431/3202 3407/1432/3202
f 3422/1429/3201 3421/1430/3201 3409/1430/3201 3410/1429/3201
f 3402/1440/3202 3411/1441/3202 3410/1429/3202 3401/1442/3202
f 3424/1439/3202 3414/1436/3202 3413/1436/3202 3412/1439/3202
f 3326/1416/3204 3334/1415/3204 3429/1415/3204 3425/1416/3204
f 3331/1410/3205 3374/1410/3205 3448/1410/3205 3428/1410/3205
f 3364/1407/3204 3363/1425/3204 3440/1425/3204 3441/1407/3204
f 3341/1428/3204 3342/1412/3204 3437/1412/3204 3436/1428/3204
f 3334/1415/3204 3335/1418/3204 3430/1418/3204 3429/1415/3204
f 3364/1407/3203 3365/1408/3203 3442/1408/3203 3441/1407/3203
f 3335/1418/3204 3336/1420/3204 3431/1420/3204 3430/1418/3204
f 3366/1421/3204 3365/1408/3204 3442/1408/3204 3443/1421/3204
f 3336/1420/3204 3337/1422/3204 3432/1422/3204 3431/1420/3204
f 3367/1419/3204 3366/1421/3204 3443/1421/3204 3444/1419/3204
f 3372/1413/3206 3330/1413/3206 3427/1413/3206 3447/1413/3206
f 3337/1422/3204 3338/1423/3204 3433/1423/3204 3432/1422/3204
f 3368/1417/3204 3367/1419/3204 3444/1419/3204 3445/1417/3204
f 3330/1413/3204 3369/1414/3204 3446/1414/3204 3427/1413/3204
f 3361/1409/3204 3331/1410/3204 3428/1410/3204 3438/1409/3204
f 3338/1423/3204 3339/1424/3204 3434/1424/3204 3433/1423/3204
f 3369/1414/3204 3368/1417/3204 3445/1417/3204 3446/1414/3204
f 3330/1413/3205 3326/1416/3205 3425/1416/3205 3457/1450/3205 3427/1413/3205
f 3362/1427/3204 3361/1409/3204 3438/1409/3204 3439/1427/3204
f 3339/1424/3204 3340/1426/3204 3435/1426/3204 3434/1424/3204
f 3327/1411/3206 3331/1410/3206 3428/1410/3206 3426/1411/3206
f 3363/1425/3204 3362/1427/3204 3439/1427/3204 3440/1425/3204
f 3342/1412/3204 3327/1411/3204 3426/1411/3204 3437/1412/3204
f 3340/1426/3204 3341/1428/3204 3436/1428/3204 3435/1426/3204
f 3437/1412/3202 3449/1448/3202 3448/1410/3202 3426/1411/3202
f 3403/1438/3202 3404/1435/3202 3414/1436/3202 3424/1439/3202
f 3400/1443/3202 3409/1430/3202 3408/1431/3202 3399/1444/3202
f 3401/1442/3201 3400/1443/3201 3421/1430/3201 3422/1429/3201
f 3398/1445/3202 3399/1444/3202 3420/1431/3202 3419/1432/3202
f 3396/1403/3202 3397/1446/3202 3418/1433/3202 3417/1406/3202
f 3435/1426/3201 3436/1428/3201 3454/1449/3201 3451/1451/3201
f 3434/1424/3201 3435/1426/3201 3451/1451/3201 3452/1452/3201
f 3433/1423/3201 3434/1424/3201 3452/1452/3201 3453/1453/3201
f 3432/1422/3201 3433/1423/3201 3453/1453/3201 3455/1454/3201
f 3431/1420/3201 3432/1422/3201 3455/1454/3201 3456/1455/3201
f 3430/1418/3201 3431/1420/3201 3456/1455/3201 3458/1456/3201
f 3429/1415/3201 3430/1418/3201 3458/1456/3201 3450/1457/3201
f 3446/1414/3202 3450/1457/3202 3457/1450/3202 3427/1413/3202
f 3452/1452/3201 3451/1451/3201 3440/1425/3201 3441/1407/3201
f 3453/1453/3201 3452/1452/3201 3441/1407/3201 3442/1408/3201
f 3448/1410/3202 3449/1448/3202 3438/1409/3202 3428/1410/3202
f 3456/1455/3201 3455/1454/3201 3443/1421/3201 3444/1419/3201
f 3458/1456/3201 3456/1455/3201 3444/1419/3201 3445/1417/3201
f 3455/1454/3201 3453/1453/3201 3442/1408/3201 3443/1421/3201
f 3450/1457/3201 3458/1456/3201 3445/1417/3201 3446/1414/3201
f 3454/1449/3201 3449/1448/3201 3438/1409/3201 3439/1427/3201
f 3457/1450/3202 3450/1457/3202 3429/1415/3202 3425/1416/3202
f 3451/1451/3201 3454/1449/3201 3439/1427/3201 3440/1425/3201
f 3493/1447/3206 3473/1447/3206 3474/1447/3206 3484/1447/3206
f 3463/1447/3205 3471/1447/3205 3472/1447/3205 3464/1447/3205
f 3459/1447/3205 3470/1447/3205 3469/1447/3205 3460/1447/3205
f 3461/1447/3205 3483/1447/3205 3486/1447/3205 3462/1447/3205
f 3485/1447/3205 3481/1447/3205 3482/1447/3205 3488/1447/3205
f 3479/1447/3206 3487/1447/3206 3491/1447/3206 3480/1447/3206
f 3477/1447/3206 3490/1447/3206 3494/1447/3206 3478/1447/3206
f 3476/1447/3205 3465/1447/3205 3466/1447/3205 3492/1447/3205
f 3467/1447/3205 3489/1447/3205 3475/1447/3205 3468/1447/3205
f 3362/1447/3204 3353/1447/3204 3471/1447/3204 3463/1447/3204
f 3387/1407/3202 3364/1407/3202 3486/1407/3202 3483/1407/3202
f 3361/1409/3201 3384/1409/3201 3474/1409/3201 3473/1409/3201
f 3363/1447/3204 3354/1447/3204 3470/1447/3204 3459/1447/3204
f 3381/1429/3202 3357/1429/3202 3487/1429/3202 3479/1429/3202
f 3364/1447/3204 3355/1447/3204 3462/1447/3204 3486/1447/3204
f 3388/1408/3202 3365/1408/3202 3488/1408/3202 3482/1408/3202
f 3365/1447/3204 3356/1447/3204 3485/1447/3204 3488/1447/3204
f 3360/1436/3201 3370/1436/3201 3475/1436/3201 3489/1436/3201
f 3370/1447/3203 3375/1447/3203 3468/1447/3203 3475/1447/3203
f 3357/1447/3203 3366/1447/3203 3491/1447/3203 3487/1447/3203
f 3383/1447/3203 3391/1447/3203 3465/1447/3203 3476/1447/3203
f 3358/1447/3203 3367/1447/3203 3494/1447/3203 3490/1447/3203
f 3382/1441/3202 3358/1441/3202 3490/1441/3202 3477/1441/3202
f 3390/1447/3204 3382/1447/3204 3477/1447/3204 3478/1447/3204
f 3368/1447/3204 3359/1447/3204 3492/1447/3204 3466/1447/3204
f 3386/1425/3202 3363/1425/3202 3459/1425/3202 3460/1425/3202
f 3366/1421/3201 3389/1421/3201 3480/1421/3201 3491/1421/3201
f 3389/1447/3204 3381/1447/3204 3479/1447/3204 3480/1447/3204
f 3369/1447/3204 3360/1447/3204 3489/1447/3204 3467/1447/3204
f 3355/1431/3201 3379/1431/3201 3461/1431/3201 3462/1431/3201
f 3380/1447/3203 3388/1447/3203 3482/1447/3203 3481/1447/3203
f 3385/1427/3202 3362/1427/3202 3463/1427/3202 3464/1427/3202
f 3359/1439/3201 3383/1439/3201 3476/1439/3201 3492/1439/3201
f 3379/1447/3203 3387/1447/3203 3483/1447/3203 3461/1447/3203
f 3391/1417/3202 3368/1417/3202 3466/1417/3202 3465/1417/3202
f 3378/1447/3203 3386/1447/3203 3460/1447/3203 3469/1447/3203
o calderoC
v -1.510943 12.939959 2.661019
v -1.924424 12.939646 2.515106
v -1.709271 12.939752 2.548910
v -2.337905 12.939959 2.661019
v -2.476970 12.939696 3.047867
v -2.139577 12.939752 2.548910
v -2.450207 12.939837 2.847843
v -1.371878 12.939696 3.047867
v -1.398641 12.939837 2.847843
v -1.501227 12.910263 2.651725
v -1.924431 12.910234 2.502445
v -1.704619 12.910259 2.536916
v -2.347598 12.910195 2.651765
v -2.489962 12.910296 3.047867
v -2.144234 12.910225 2.536942
v -2.462730 12.910237 2.843473
v -1.358801 12.910417 3.047867
v -1.386053 12.910340 2.843446
v -1.500410 12.875850 2.651522
v -1.924057 12.875562 2.502209
v -1.704017 12.875663 2.536671
v -2.347560 12.875577 2.651654
v -2.489977 12.875359 3.047867
v -2.144063 12.875529 2.536757
v -2.462736 12.875471 2.843442
v -1.357784 12.875835 3.047867
v -1.385090 12.875881 2.843351
v -1.518287 12.854806 2.670146
v -1.929199 12.853928 2.527031
v -1.714032 12.854749 2.560190
v -2.327463 12.854864 2.670053
v -2.463970 12.855234 3.047867
v -2.134874 12.854788 2.560124
v -2.437630 12.855040 2.852894
v -1.381895 12.855151 3.047867
v -1.408188 12.854965 2.852952
v -1.531015 12.836661 2.680019
v -1.946393 12.819707 2.505070
v -1.894838 12.821108 2.510838
v -2.317257 12.837212 2.679916
v -2.450509 12.837756 3.047867
v -2.136097 12.835848 2.572712
v -2.424831 12.837490 2.858298
v -1.397862 12.836967 3.047867
v -1.423523 12.836743 2.858366
v -1.527921 12.779256 2.676193
v -1.946673 12.794877 2.509128
v -1.895510 12.796412 2.514762
v -2.321482 12.779567 2.676201
v -2.455847 12.779272 3.047867
v -2.140125 12.777355 2.568040
v -2.430008 12.779441 2.856355
v -1.393544 12.778821 3.047867
v -1.419387 12.779016 2.856349
v -1.485592 12.657639 2.634205
v -1.941123 12.588612 2.426224
v -1.883483 12.590072 2.431755
v -2.367101 12.657899 2.634254
v -2.515791 12.657794 3.047867
v -2.164724 12.655812 2.514437
v -2.487269 12.657860 2.834239
v -1.336844 12.657400 3.047867
v -1.365381 12.657498 2.834208
v -1.469886 12.420384 2.617038
v -1.938227 12.535011 2.420963
v -1.880917 12.536485 2.425427
v -2.386240 12.420537 2.617050
v -2.540776 12.420664 3.047867
v -2.173886 12.419014 2.492524
v -2.511143 12.420602 2.825081
v -1.315335 12.420439 3.047867
v -1.344973 12.420392 2.825074
v -1.499235 12.262340 2.644108
v -1.934726 12.261525 2.492337
v -1.707090 12.262319 2.527399
v -2.357555 12.262365 2.644109
v -2.502389 12.262659 3.047867
v -2.152865 12.262330 2.527399
v -2.474581 12.262503 2.838974
v -1.354400 12.262622 3.047867
v -1.382208 12.262467 2.838974
v -1.552954 12.164412 2.702415
v -1.928356 12.164988 2.571345
v -1.724348 12.164784 2.605074
v -2.301935 12.164412 2.703114
v -2.423832 12.164832 3.047867
v -2.131829 12.164784 2.605549
v -2.399880 12.164606 2.867983
v -1.432951 12.164832 3.047867
v -1.456439 12.164606 2.867828
v -1.609469 12.081638 2.783981
v -1.928355 12.098068 2.688889
v -1.705978 12.081791 2.730249
v -2.236830 12.082722 2.788386
v -2.311661 12.097944 3.047867
v -2.148771 12.082874 2.733183
v -2.295444 12.097877 2.909363
v -1.545122 12.097944 3.047867
v -1.559299 12.097877 2.908498
v -1.812561 12.036732 2.946799
v -1.928497 12.036880 2.916312
v -1.839026 12.036821 2.903486
v -2.043601 12.036732 2.947978
v -2.064668 12.036853 3.047867
v -2.018115 12.036821 2.905029
v -2.080327 12.036777 2.985049
v -1.792115 12.036853 3.047867
v -1.776184 12.036777 2.984680
v -1.674379 12.046975 2.948655
v -1.674993 12.032444 2.843603
v -1.670601 12.047050 3.047867
v -1.738576 12.032589 2.808406
v -1.928776 12.047100 2.799997
v -2.181213 12.046975 2.949794
v -2.176705 12.033354 2.849999
v -2.186182 12.047050 3.047867
v -2.119618 12.033499 2.813666
v -1.928392 12.036861 3.047867
v -1.744521 12.836574 2.566836
v -1.964256 12.830973 2.537446
v -1.745615 12.779094 2.566038
v -1.969381 12.772470 2.536623
v -1.723539 12.658681 2.503489
v -1.970680 12.652167 2.470592
v -1.715428 12.425539 2.482285
v -1.967014 12.419803 2.448344
v -1.924231 12.806439 2.380300
v -1.943127 12.807302 2.376122
v -1.924214 12.796550 2.383299
v -1.942224 12.797445 2.379626
v -1.916357 12.601918 2.349363
v -1.942097 12.601710 2.348331
v -1.915884 12.583656 2.343686
v -1.942802 12.583339 2.342460
v -1.918411 12.713520 2.332956
v -1.940159 12.713409 2.330859
v -1.919198 12.709473 2.321670
v -1.944288 12.708961 2.317701
v -1.636063 11.945438 2.782099
v -1.668299 11.945516 2.766588
v -2.210188 11.947697 2.787855
v -2.184823 11.947773 2.771146
v -1.655959 11.944449 2.805264
v -1.684176 11.944541 2.791659
v -2.194533 11.946345 2.812808
v -2.172330 11.946437 2.798153
v -1.671360 11.973673 2.759665
v -1.627039 11.973576 2.780983
v -1.654908 11.965070 2.811233
v -1.691190 11.965197 2.793730
v -2.195360 11.970124 2.819237
v -2.217288 11.979596 2.786653
v -2.166811 11.970251 2.800383
v -2.182414 11.979693 2.763689
v -1.510943 12.939959 3.434715
v -1.924424 12.939646 3.580627
v -1.709271 12.939752 3.546824
v -2.337905 12.939959 3.434715
v -2.139577 12.939752 3.546824
v -2.450207 12.939837 3.247890
v -1.398641 12.939837 3.247890
v -1.501227 12.910263 3.444009
v -1.924431 12.910234 3.593288
v -1.704618 12.910259 3.558817
v -2.347598 12.910195 3.443969
v -2.144234 12.910225 3.558791
v -2.462730 12.910237 3.252261
v -1.386053 12.910340 3.252288
v -1.500410 12.875850 3.444211
v -1.924057 12.875562 3.593525
v -1.704017 12.875663 3.559063
v -2.347560 12.875577 3.444080
v -2.144063 12.875529 3.558977
v -2.462736 12.875471 3.252292
v -1.385090 12.875881 3.252383
v -1.518287 12.854806 3.425588
v -1.929199 12.853928 3.568703
v -1.714032 12.854749 3.535543
v -2.327463 12.854864 3.425681
v -2.134874 12.854788 3.535610
v -2.437630 12.855040 3.242839
v -1.408188 12.854966 3.242781
v -1.531015 12.836661 3.415714
v -1.946393 12.819707 3.591905
v -1.894838 12.821108 3.586138
v -2.317257 12.837212 3.415817
v -2.136097 12.835848 3.523022
v -2.424831 12.837490 3.237435
v -1.423523 12.836743 3.237368
v -1.527921 12.779256 3.419541
v -1.946673 12.794877 3.592813
v -1.895510 12.796412 3.587179
v -2.321482 12.779567 3.419532
v -2.140125 12.777355 3.527694
v -2.430008 12.779441 3.239379
v -1.419387 12.779016 3.239385
v -1.485592 12.657639 3.461529
v -1.941123 12.588612 3.673560
v -1.883483 12.590072 3.668029
v -2.367101 12.657899 3.461480
v -2.164724 12.655812 3.581296
v -2.487269 12.657860 3.261494
v -1.365381 12.657498 3.261526
v -1.469886 12.420384 3.478696
v -1.938227 12.535011 3.675581
v -1.880917 12.536485 3.671117
v -2.386240 12.420537 3.478683
v -2.173886 12.419014 3.603209
v -2.511143 12.420602 3.270653
v -1.344973 12.420392 3.270660
v -1.499235 12.262340 3.451626
v -1.934726 12.261525 3.603396
v -1.707090 12.262319 3.568335
v -2.357555 12.262365 3.451625
v -2.152865 12.262330 3.568335
v -2.474581 12.262503 3.256760
v -1.382209 12.262467 3.256759
v -1.552954 12.164412 3.393319
v -1.928356 12.164988 3.524389
v -1.724348 12.164784 3.490660
v -2.301935 12.164412 3.392619
v -2.131829 12.164784 3.490185
v -2.399880 12.164606 3.227751
v -1.456439 12.164606 3.227905
v -1.609469 12.081638 3.311753
v -1.928355 12.098068 3.406845
v -1.705978 12.081791 3.365484
v -2.236830 12.082722 3.307348
v -2.148771 12.082874 3.362551
v -2.295444 12.097877 3.186371
v -1.559299 12.097877 3.187236
v -1.812561 12.036732 3.148935
v -1.928497 12.036880 3.179422
v -1.839026 12.036821 3.192248
v -2.043601 12.036732 3.147756
v -2.018115 12.036821 3.190705
v -2.080327 12.036777 3.110685
v -1.776184 12.036777 3.111053
v -1.674379 12.046975 3.147078
v -1.674993 12.032444 3.252130
v -1.738576 12.032589 3.287328
v -1.928776 12.047100 3.295736
v -2.181213 12.046975 3.145940
v -2.176705 12.033354 3.245734
v -2.119618 12.033499 3.282067
v -1.744521 12.836574 3.529121
v -1.964256 12.830973 3.558511
v -1.745615 12.779094 3.530813
v -1.969381 12.772470 3.560228
v -1.723539 12.658681 3.592974
v -1.970680 12.652167 3.625870
v -1.715428 12.425539 3.613595
v -1.967014 12.419803 3.647536
v -1.924231 12.806439 3.715744
v -1.943127 12.807302 3.719922
v -1.924214 12.796550 3.713987
v -1.942224 12.797445 3.717660
v -1.916357 12.601918 3.747383
v -1.942097 12.601710 3.748415
v -1.915884 12.583656 3.752250
v -1.942802 12.583339 3.753476
v -1.918411 12.713520 3.762778
v -1.940159 12.713409 3.764874
v -1.919198 12.709473 3.774063
v -1.944288 12.708961 3.778032
v -1.636063 11.945438 3.313634
v -1.668299 11.945516 3.329146
v -2.210188 11.947697 3.307878
v -2.184823 11.947773 3.324587
v -1.655959 11.944449 3.290470
v -1.684176 11.944541 3.304074
v -2.194533 11.946345 3.282926
v -2.172330 11.946437 3.297581
v -1.671360 11.973673 3.336069
v -1.627039 11.973576 3.314750
v -1.654908 11.965070 3.284501
v -1.691190 11.965197 3.302004
v -2.195360 11.970124 3.276496
v -2.217288 11.979596 3.309081
v -2.166811 11.970251 3.295351
v -2.182414 11.979693 3.332044
v -1.442329 12.939933 2.748820
v -1.816927 12.939671 2.523213
v -1.603561 12.939875 2.594220
v -1.377323 12.939740 2.948076
v -2.406520 12.939933 2.748820
v -2.031922 12.939672 2.523213
v -2.245288 12.939875 2.594220
v -2.471526 12.939740 2.948076
v -1.430817 12.910293 2.741872
v -1.814687 12.910248 2.510696
v -1.596278 12.910258 2.583253
v -1.364309 12.910392 2.945973
v -2.417986 12.910206 2.741908
v -2.034172 12.910231 2.510710
v -2.252563 12.910208 2.583289
v -2.484459 12.910276 2.945987
v -1.505723 12.925863 2.656024
v -1.706782 12.925813 2.542446
v -2.142066 12.925808 2.542449
v -2.343122 12.925855 2.656029
v -1.364854 12.925882 3.047867
v -1.391874 12.925871 2.845500
v -2.456966 12.925858 2.845504
v -2.483984 12.925868 3.047867
v -1.924425 12.925771 2.508277
v -1.429917 12.875888 2.741720
v -1.814201 12.875600 2.510450
v -1.595563 12.875761 2.583020
v -1.363307 12.875853 2.945929
v -2.417979 12.875543 2.741841
v -2.033905 12.875533 2.510495
v -2.252470 12.875558 2.583138
v -2.484472 12.875395 2.945977
v -1.703286 12.892454 2.533791
v -1.924394 12.892378 2.499163
v -2.145476 12.892356 2.533864
v -1.498566 12.892570 2.649259
v -2.350116 12.892374 2.649370
v -1.355227 12.892636 3.047867
v -1.382632 12.892626 2.842216
v -2.465933 12.892330 2.842293
v -2.493281 12.892291 3.047867
v -1.451042 12.854841 2.756142
v -1.822302 12.854250 2.534987
v -1.609186 12.854873 2.604646
v -1.387251 12.855093 2.950698
v -2.394737 12.854907 2.756061
v -2.032536 12.854272 2.534951
v -2.236950 12.854923 2.604559
v -2.458600 12.855174 2.950668
v -2.338163 12.863096 2.660203
v -2.450995 12.863091 2.847797
v -1.368642 12.863402 3.047867
v -2.477831 12.863093 3.047867
v -1.707814 12.863211 2.547593
v -1.924105 12.863079 2.513719
v -2.139188 12.863129 2.547611
v -1.508371 12.863278 2.660172
v -1.395488 12.863365 2.847773
v -1.465395 12.836629 2.763966
v -1.858461 12.838708 2.544110
v -1.621349 12.836866 2.615556
v -1.403081 12.836892 2.953464
v -2.382928 12.837296 2.763875
v -2.050345 12.832874 2.547827
v -2.229830 12.837107 2.616012
v -2.445287 12.837674 2.953429
v -2.134755 12.848050 2.567930
v -2.321027 12.848682 2.676185
v -1.391365 12.848763 3.047867
v -1.417286 12.848487 2.856291
v -2.429583 12.848985 2.856205
v -2.455550 12.849298 3.047867
v -1.525735 12.848316 2.676318
v -1.722928 12.848187 2.567385
v -1.943412 12.845429 2.535015
v -1.461646 12.779169 2.760971
v -1.862983 12.766510 2.542357
v -1.619460 12.779192 2.611585
v -1.398789 12.778879 2.952454
v -2.387754 12.779548 2.760979
v -2.056204 12.773677 2.543397
v -2.233414 12.779210 2.611713
v -2.450603 12.779325 2.952457
v -1.725200 12.812361 2.575804
v -1.994703 12.804920 2.540018
v -2.136355 12.811859 2.575670
v -1.533974 12.813311 2.682246
v -2.314928 12.813785 2.682200
v -1.401614 12.813217 3.047867
v -1.427097 12.813213 2.859566
v -2.421842 12.813855 2.859536
v -2.447325 12.813893 3.047867
v -1.412140 12.657581 2.728220
v -1.854044 12.679281 2.483845
v -1.586754 12.657984 2.561714
v -1.342626 12.657429 2.941326
v -2.440530 12.657900 2.728264
v -2.069381 12.652559 2.486167
v -2.269247 12.657594 2.562809
v -2.510013 12.657815 2.941342
v -2.342456 12.733516 2.656893
v -2.456326 12.733382 2.846172
v -1.367313 12.732826 3.047867
v -2.483392 12.733212 3.047867
v -1.721521 12.732338 2.542135
v -1.965153 12.726281 2.508635
v -2.151413 12.731297 2.543372
v -1.508298 12.733257 2.656851
v -1.394390 12.733026 2.846144
v -1.393555 12.420369 2.714780
v -1.845784 12.398565 2.456954
v -1.574812 12.420735 2.541771
v -1.321338 12.420424 2.936718
v -2.462567 12.420554 2.714790
v -2.071189 12.416326 2.463259
v -2.284266 12.420370 2.542793
v -2.534775 12.420646 2.936721
v -2.173182 12.540171 2.496119
v -2.382864 12.542087 2.619909
v -1.318149 12.541793 3.047867
v -1.347614 12.541805 2.826638
v -2.507022 12.542113 2.826659
v -2.536476 12.542128 3.047867
v -1.471801 12.541863 2.619875
v -1.692231 12.546047 2.493164
v -2.000387 12.538626 2.451759
v -1.427737 12.262361 2.735653
v -1.821664 12.261841 2.500730
v -1.595850 12.262423 2.574528
v -1.360039 12.262575 2.943630
v -2.429053 12.262391 2.735653
v -2.044226 12.261847 2.500730
v -2.261335 12.262441 2.574528
v -2.496751 12.262611 2.943630
v -1.948349 12.325047 2.466674
v -2.165985 12.328109 2.504099
v -1.479894 12.328805 2.626009
v -1.701774 12.327945 2.502970
v -2.376824 12.328885 2.626011
v -1.328598 12.328971 3.047867
v -1.357622 12.328873 2.829655
v -2.499094 12.328981 2.829655
v -2.528116 12.329087 3.047867
v -1.494325 12.164451 2.779603
v -1.824636 12.164936 2.580132
v -1.631595 12.164563 2.644798
v -1.437769 12.164762 2.957859
v -2.361117 12.164451 2.780057
v -2.031983 12.164936 2.580372
v -2.223750 12.164563 2.645473
v -2.418956 12.164762 2.957878
v -1.389171 12.208902 3.047867
v -2.467613 12.208907 3.047867
v -1.717749 12.208832 2.559704
v -1.929179 12.208914 2.526301
v -2.139355 12.208833 2.559764
v -1.524665 12.208504 2.668961
v -2.331882 12.208508 2.669048
v -1.415272 12.208688 2.851635
v -2.441453 12.208693 2.851655
v -1.579440 12.096204 2.841141
v -1.812516 12.096422 2.700632
v -1.645072 12.083621 2.743854
v -1.548333 12.097924 2.978075
v -2.271167 12.096313 2.843748
v -2.043971 12.096532 2.702149
v -2.204462 12.085081 2.747422
v -2.308195 12.097924 2.978183
v -1.485911 12.129148 3.047867
v -1.505433 12.128997 2.887557
v -2.349992 12.128997 2.888033
v -2.370872 12.129148 3.047867
v -1.581291 12.127357 2.744411
v -2.269681 12.127470 2.746604
v -1.719728 12.127629 2.665538
v -1.928303 12.129292 2.628387
v -2.135340 12.127743 2.667018
v -1.675068 12.045376 2.894924
v -1.829480 12.045539 2.802643
v -1.706487 12.024307 2.830693
v -1.672074 12.047027 2.999463
v -2.178224 12.045471 2.898419
v -2.028464 12.045634 2.805225
v -2.148988 12.025451 2.837162
v -2.184560 12.047027 2.999605
v -1.928592 12.068784 2.744863
v -2.128584 12.051374 2.769967
v -1.630756 12.049910 2.820738
v -1.728942 12.050073 2.765824
v -2.216728 12.051210 2.826632
v -1.607268 12.068697 3.047867
v -1.615316 12.068645 2.928528
v -2.239609 12.068645 2.929680
v -2.249515 12.068697 3.047867
v -1.794474 12.036743 2.968673
v -1.880530 12.036860 2.912945
v -1.829525 12.036773 2.924579
v -1.787963 12.036823 3.012979
v -2.061791 12.036742 2.969417
v -1.976563 12.036860 2.913611
v -2.027066 12.036773 2.925930
v -2.068778 12.036823 3.013037
v -1.745755 12.036317 2.896742
v -1.734387 12.038048 2.969350
v -1.733353 12.038133 3.047867
v -1.928689 12.038166 2.858666
v -1.798634 12.036443 2.863732
v -2.121807 12.038048 2.970088
v -2.108961 12.036408 2.900340
v -2.123430 12.038133 3.047867
v -2.058919 12.036534 2.866906
v -1.928405 12.036860 2.970215
v -1.846964 12.036844 3.047867
v -2.009819 12.036844 3.047867
v -1.865822 12.036801 2.990588
v -1.990883 12.036802 2.990736
v -1.920526 12.825050 2.507206
v -1.921181 12.791001 2.512693
v -1.885544 12.809035 2.513869
v -1.956163 12.807016 2.506030
v -1.946324 12.822251 2.532272
v -1.837377 12.826243 2.544719
v -1.838648 12.791568 2.549534
v -1.947194 12.787343 2.537257
v -1.912815 12.599390 2.430076
v -1.909060 12.525699 2.422108
v -1.871424 12.563553 2.429528
v -1.950451 12.561536 2.422656
v -1.942497 12.609508 2.449664
v -1.821013 12.613493 2.463616
v -1.817383 12.494667 2.452406
v -1.939933 12.490754 2.438957
v -1.933766 12.808722 2.377602
v -1.933132 12.795147 2.382072
v -1.920763 12.801330 2.382535
v -1.946135 12.802539 2.377138
v -1.929205 12.605248 2.349930
v -1.929364 12.580064 2.341990
v -1.911183 12.592836 2.346736
v -1.947386 12.592476 2.345184
v -1.940547 12.556705 2.382837
v -1.942242 12.582887 2.386538
v -1.945221 12.819725 2.443435
v -1.919763 12.819378 2.447336
v -1.909019 12.557072 2.384030
v -1.945269 12.802626 2.445802
v -1.920082 12.802373 2.449564
v -1.910605 12.583225 2.388479
v -1.928825 12.714261 2.334199
v -1.932204 12.708421 2.317394
v -1.914414 12.711555 2.327882
v -1.946615 12.711126 2.323712
v -1.944185 12.639391 2.320120
v -1.941065 12.651314 2.330895
v -1.917567 12.639979 2.322713
v -1.917154 12.651606 2.332173
v -1.922218 12.768621 2.338733
v -1.921699 12.765567 2.346377
v -1.940403 12.766086 2.343282
v -1.943265 12.768881 2.334282
v -1.650221 11.945068 2.771701
v -2.199048 11.946874 2.776654
v -1.672027 11.943950 2.801104
v -2.181889 11.945387 2.808327
v -2.175971 11.946182 2.782932
v -1.642699 11.944457 2.795277
v -1.679549 11.944560 2.777528
v -2.204966 11.946079 2.802050
v -1.670822 11.950894 2.760857
v -1.625407 12.021738 2.781188
v -2.195229 11.952151 2.818143
v -2.219115 12.026020 2.786721
v -1.656954 11.998593 2.814666
v -2.167746 11.952271 2.799994
v -1.696261 11.998722 2.795194
v -2.179015 12.026122 2.760581
v -1.674871 12.021841 2.756679
v -1.628599 11.950800 2.781168
v -1.655074 11.948437 2.810217
v -1.690002 11.948558 2.793368
v -1.688831 11.969456 2.773058
v -1.677520 11.963541 2.808511
v -1.633417 11.969301 2.799747
v -1.644728 11.975216 2.764294
v -2.193467 12.002189 2.822501
v -2.216061 11.955226 2.786852
v -2.161771 12.002318 2.801700
v -2.182838 11.955320 2.764974
v -2.168667 11.974994 2.778116
v -2.203370 11.981418 2.768676
v -2.177567 11.968415 2.816305
v -2.212270 11.974839 2.806865
v -1.442329 12.939933 3.346913
v -1.816927 12.939671 3.572520
v -1.603561 12.939875 3.501513
v -1.377323 12.939740 3.147658
v -2.406520 12.939933 3.346913
v -2.031922 12.939671 3.572520
v -2.245288 12.939875 3.501513
v -2.471526 12.939740 3.147658
v -1.430817 12.910293 3.353862
v -1.814687 12.910248 3.585037
v -1.596278 12.910258 3.512481
v -1.364309 12.910392 3.149761
v -2.417986 12.910206 3.353825
v -2.034172 12.910231 3.585024
v -2.252563 12.910208 3.512445
v -2.484459 12.910276 3.149746
v -1.505723 12.925863 3.439710
v -1.706782 12.925813 3.553288
v -2.142067 12.925808 3.553285
v -2.343122 12.925855 3.439705
v -1.391874 12.925871 3.250233
v -2.456966 12.925858 3.250230
v -1.924425 12.925771 3.587456
v -1.429917 12.875888 3.354014
v -1.814201 12.875600 3.585284
v -1.595563 12.875761 3.512713
v -1.363307 12.875853 3.149805
v -2.417979 12.875543 3.353893
v -2.033905 12.875533 3.585239
v -2.252470 12.875558 3.512596
v -2.484472 12.875395 3.149756
v -1.703286 12.892454 3.561943
v -1.924394 12.892378 3.596571
v -2.145476 12.892356 3.561870
v -1.498566 12.892570 3.446475
v -2.350116 12.892374 3.446364
v -1.382632 12.892626 3.253517
v -2.465933 12.892330 3.253441
v -1.451042 12.854841 3.339592
v -1.822302 12.854250 3.560747
v -1.609186 12.854873 3.491088
v -1.387251 12.855093 3.145035
v -2.394737 12.854907 3.339673
v -2.032536 12.854272 3.560783
v -2.236950 12.854923 3.491175
v -2.458600 12.855173 3.145066
v -2.338163 12.863096 3.435531
v -2.450995 12.863091 3.247936
v -1.707814 12.863211 3.548141
v -1.924105 12.863079 3.582015
v -2.139188 12.863129 3.548123
v -1.508371 12.863278 3.435562
v -1.395488 12.863365 3.247961
v -1.465395 12.836629 3.331768
v -1.858461 12.838708 3.551687
v -1.621349 12.836866 3.480209
v -1.403081 12.836892 3.142270
v -2.382928 12.837296 3.331859
v -2.050345 12.832874 3.547939
v -2.229830 12.837107 3.479722
v -2.445287 12.837674 3.142305
v -2.134755 12.848050 3.527803
v -2.321027 12.848682 3.419548
v -1.417286 12.848487 3.239443
v -2.429583 12.848985 3.239529
v -1.525735 12.848316 3.419416
v -1.722928 12.848187 3.528361
v -1.943412 12.845429 3.560731
v -1.461646 12.779169 3.334762
v -1.862983 12.766510 3.555063
v -1.619460 12.779192 3.484255
v -1.398789 12.778879 3.143279
v -2.387754 12.779548 3.334754
v -2.056204 12.773677 3.552443
v -2.233414 12.779210 3.484020
v -2.450603 12.779325 3.143276
v -1.725200 12.812361 3.520805
v -1.994703 12.804920 3.556591
v -2.136355 12.811859 3.520064
v -1.533974 12.813311 3.413487
v -2.314928 12.813785 3.413534
v -1.427097 12.813213 3.236167
v -2.421841 12.813855 3.236198
v -1.412140 12.657581 3.367513
v -1.854044 12.679281 3.612989
v -1.586754 12.657984 3.534089
v -1.342626 12.657429 3.154408
v -2.440530 12.657900 3.367470
v -2.069381 12.652559 3.609636
v -2.269247 12.657594 3.532925
v -2.510013 12.657815 3.154392
v -2.342456 12.733516 3.438841
v -2.456326 12.733382 3.249562
v -1.721521 12.732338 3.553807
v -1.965153 12.726281 3.587306
v -2.151413 12.731297 3.552361
v -1.508298 12.733257 3.438883
v -1.394390 12.733026 3.249589
v -1.393555 12.420369 3.380954
v -1.845784 12.398565 3.638821
v -1.574812 12.420735 3.553984
v -1.321338 12.420424 3.159016
v -2.462567 12.420554 3.380943
v -2.071189 12.416326 3.632495
v -2.284266 12.420370 3.552940
v -2.534775 12.420646 3.159013
v -2.173182 12.540171 3.599615
v -2.382864 12.542087 3.475825
v -1.347614 12.541805 3.269096
v -2.507022 12.542113 3.269075
v -1.471801 12.541863 3.475858
v -1.692231 12.546047 3.603141
v -2.000387 12.538626 3.644545
v -1.427737 12.262361 3.360081
v -1.821664 12.261841 3.595003
v -1.595850 12.262423 3.521205
v -1.360039 12.262575 3.152104
v -2.429053 12.262391 3.360080
v -2.044226 12.261847 3.595004
v -2.261335 12.262441 3.521205
v -2.496751 12.262611 3.152104
v -1.948349 12.325047 3.629068
v -2.165985 12.328109 3.591635
v -1.479894 12.328805 3.469725
v -1.701774 12.327945 3.592772
v -2.376824 12.328885 3.469722
v -1.357622 12.328873 3.266079
v -2.499094 12.328981 3.266078
v -1.494326 12.164451 3.316131
v -1.824636 12.164936 3.515601
v -1.631595 12.164563 3.450936
v -1.437769 12.164762 3.137875
v -2.361117 12.164451 3.315676
v -2.031983 12.164936 3.515362
v -2.223750 12.164563 3.450260
v -2.418956 12.164762 3.137855
v -1.717749 12.208832 3.536029
v -1.929179 12.208914 3.569432
v -2.139355 12.208833 3.535970
v -1.524665 12.208504 3.426773
v -2.331882 12.208508 3.426686
v -1.415272 12.208688 3.244098
v -2.441453 12.208693 3.244079
v -1.579440 12.096204 3.254592
v -1.812516 12.096421 3.395102
v -1.645072 12.083621 3.351880
v -1.548333 12.097924 3.117658
v -2.271167 12.096313 3.251985
v -2.043971 12.096532 3.393584
v -2.204462 12.085081 3.348312
v -2.308195 12.097924 3.117550
v -1.505433 12.128997 3.208176
v -2.349992 12.128997 3.207701
v -1.581291 12.127357 3.351322
v -2.269681 12.127470 3.349130
v -1.719728 12.127629 3.430195
v -1.928303 12.129292 3.467347
v -2.135340 12.127743 3.428715
v -1.675068 12.045376 3.200810
v -1.829480 12.045539 3.293091
v -1.706487 12.024307 3.265041
v -1.672074 12.047027 3.096271
v -2.178224 12.045471 3.197315
v -2.028464 12.045634 3.290508
v -2.148988 12.025451 3.258572
v -2.184560 12.047027 3.096129
v -1.928592 12.068784 3.350871
v -2.128584 12.051374 3.325767
v -1.630756 12.049910 3.274996
v -1.728942 12.050073 3.329910
v -2.216728 12.051210 3.269102
v -1.615316 12.068645 3.167206
v -2.239609 12.068645 3.166054
v -1.794474 12.036743 3.127060
v -1.880530 12.036860 3.182788
v -1.829525 12.036773 3.171155
v -1.787963 12.036823 3.082755
v -2.061791 12.036743 3.126317
v -1.976563 12.036860 3.182123
v -2.027066 12.036774 3.169804
v -2.068778 12.036823 3.082697
v -1.745755 12.036317 3.198992
v -1.734387 12.038048 3.126384
v -1.928689 12.038166 3.237068
v -1.798634 12.036443 3.232002
v -2.121807 12.038048 3.125646
v -2.108961 12.036408 3.195394
v -2.058919 12.036534 3.228827
v -1.928405 12.036860 3.125519
v -1.865822 12.036802 3.105145
v -1.990883 12.036802 3.104998
v -1.920526 12.825050 3.588838
v -1.921181 12.791001 3.590179
v -1.885544 12.809035 3.585589
v -1.956163 12.807016 3.593428
v -1.946324 12.822251 3.564347
v -1.837377 12.826243 3.551900
v -1.838648 12.791568 3.550612
v -1.947194 12.787343 3.562890
v -1.912815 12.599390 3.670316
v -1.909060 12.525699 3.673828
v -1.871424 12.563553 3.668636
v -1.950451 12.561536 3.675508
v -1.942497 12.609508 3.648949
v -1.821013 12.613493 3.634997
v -1.817383 12.494667 3.643905
v -1.939933 12.490754 3.657354
v -1.933766 12.808722 3.718210
v -1.933132 12.795147 3.715446
v -1.920763 12.801330 3.714129
v -1.946135 12.802539 3.719527
v -1.929205 12.605248 3.746969
v -1.929364 12.580064 3.753794
v -1.911183 12.592836 3.749605
v -1.947386 12.592476 3.751158
v -1.940547 12.556705 3.713479
v -1.942242 12.582887 3.712107
v -1.945221 12.819725 3.653191
v -1.919763 12.819378 3.649290
v -1.909019 12.557072 3.712286
v -1.945269 12.802626 3.654393
v -1.920082 12.802373 3.650631
v -1.910605 12.583225 3.710166
v -1.928825 12.714261 3.761535
v -1.932204 12.708421 3.778339
v -1.914414 12.711555 3.767852
v -1.946615 12.711126 3.772022
v -1.944185 12.639391 3.775639
v -1.941065 12.651314 3.764965
v -1.917567 12.639979 3.773046
v -1.917154 12.651606 3.763687
v -1.922218 12.768621 3.757040
v -1.921699 12.765567 3.749550
v -1.940403 12.766086 3.752645
v -1.943265 12.768881 3.761490
v -1.650221 11.945068 3.324033
v -2.199048 11.946874 3.319079
v -1.672027 11.943950 3.294630
v -2.181889 11.945387 3.287407
v -2.175971 11.946182 3.312802
v -1.642699 11.944457 3.300457
v -1.679549 11.944560 3.318205
v -2.204966 11.946079 3.293684
v -1.670822 11.950893 3.334876
v -1.625407 12.021738 3.314546
v -2.195229 11.952151 3.277591
v -2.219115 12.026020 3.309012
v -1.656954 11.998593 3.281068
v -2.167746 11.952271 3.295740
v -1.696261 11.998722 3.300539
v -2.179015 12.026122 3.335152
v -1.674871 12.021841 3.339055
v -1.628599 11.950800 3.314566
v -1.655074 11.948437 3.285517
v -1.690002 11.948558 3.302366
v -1.688831 11.969456 3.322676
v -1.677520 11.963541 3.287223
v -1.633417 11.969301 3.295986
v -1.644728 11.975216 3.331439
v -2.193467 12.002189 3.273233
v -2.216061 11.955225 3.308882
v -2.161771 12.002318 3.294034
v -2.182838 11.955319 3.330760
v -2.168667 11.974994 3.317618
v -2.203370 11.981418 3.327058
v -2.177567 11.968415 3.279429
v -2.212270 11.974839 3.288868
v -1.599655 12.925842 2.588315
v -2.249192 12.925836 2.588319
v -1.370330 12.925878 2.946960
v -2.478508 12.925863 2.946962
v -1.436140 12.925869 2.745099
v -2.412703 12.925858 2.745104
v -1.815730 12.925784 2.516464
v -2.033120 12.925782 2.516466
v -1.814018 12.892408 2.507443
v -2.034764 12.892359 2.507482
v -1.594250 12.892514 2.580377
v -2.254480 12.892367 2.580477
v -1.360761 12.892634 2.945372
v -2.487763 12.892303 2.945412
v -1.427687 12.892607 2.739988
v -2.420936 12.892359 2.740089
v -2.407109 12.863089 2.748427
v -1.816156 12.863134 2.521833
v -2.031605 12.863094 2.521842
v -1.601483 12.863252 2.593070
v -2.245140 12.863121 2.593096
v -1.374093 12.863393 2.948117
v -2.472383 12.863093 2.948131
v -1.439394 12.863320 2.748396
v -2.232342 12.848695 2.611679
v -1.396646 12.848674 2.952393
v -2.450257 12.849200 2.952348
v -1.459521 12.848324 2.761010
v -2.387298 12.848766 2.760892
v -1.835395 12.846913 2.542717
v -2.040400 12.846347 2.543096
v -1.615863 12.848460 2.611661
v -1.932458 12.822748 2.444955
v -2.055902 12.808146 2.550926
v -1.622646 12.813288 2.618616
v -2.228219 12.813531 2.618687
v -1.406790 12.813212 2.954075
v -2.442150 12.813883 2.954059
v -1.468726 12.813243 2.765712
v -2.380201 12.813817 2.765671
v -2.412016 12.733494 2.745918
v -1.847983 12.729772 2.516862
v -2.061082 12.727668 2.517295
v -1.603904 12.733131 2.588873
v -2.249881 12.733157 2.589206
v -1.372803 12.732886 2.947325
v -2.477904 12.733265 2.947339
v -1.438716 12.733177 2.745880
v -2.281668 12.541840 2.546091
v -1.324117 12.541795 2.937518
v -2.530511 12.542124 2.937528
v -1.395912 12.541828 2.717035
v -2.458738 12.542100 2.717065
v -1.947316 12.569730 2.384394
v -2.076061 12.537087 2.466942
v -1.574797 12.542383 2.545516
v -2.058449 12.326429 2.476082
v -1.581575 12.328870 2.553066
v -2.276643 12.328840 2.553318
v -1.334478 12.328940 2.938991
v -2.522236 12.329055 2.938991
v -1.405181 12.328808 2.721681
v -2.451536 12.328905 2.721682
v -1.827394 12.324587 2.475332
v -1.823451 12.208907 2.534388
v -2.034450 12.208908 2.534418
v -1.614665 12.208649 2.603888
v -2.241989 12.208651 2.603972
v -1.394476 12.208837 2.949918
v -2.462300 12.208841 2.949920
v -1.457886 12.208540 2.754714
v -2.398730 12.208544 2.754770
v -1.490023 12.129102 2.967467
v -2.366590 12.129102 2.967527
v -1.535851 12.128585 2.810278
v -2.316950 12.128606 2.811689
v -1.818956 12.128947 2.639358
v -2.037397 12.128967 2.640117
v -1.641386 12.127207 2.697747
v -2.211071 12.127378 2.699806
v -2.041476 12.066720 2.754371
v -2.211353 11.953576 2.806261
v -1.645418 11.951233 2.765225
v -1.609487 12.068682 2.988910
v -2.247063 12.068682 2.989054
v -1.623362 12.066402 2.867949
v -2.227843 12.066555 2.871430
v -1.815888 12.066567 2.752060
v -1.974515 12.036826 2.956857
v -1.737807 12.037705 2.930363
v -1.857797 12.037864 2.859427
v -1.765135 12.035397 2.876466
v -1.733814 12.038105 3.008729
v -2.117326 12.037723 2.932552
v -1.999839 12.037880 2.861129
v -2.090958 12.035530 2.880315
v -2.122894 12.038105 3.008823
v -1.882276 12.036826 2.956633
v -1.831509 12.036805 3.007488
v -2.025209 12.036805 3.007582
v -1.891925 12.830231 2.536853
v -1.893428 12.782880 2.543384
v -1.819083 12.809954 2.550033
v -1.966108 12.804427 2.533294
v -1.882795 12.632103 2.458299
v -1.878480 12.471932 2.443439
v -1.797617 12.555029 2.460377
v -1.962900 12.549726 2.441795
v -1.947362 12.645270 2.325145
v -1.924476 12.551983 2.382670
v -1.949993 12.811232 2.443900
v -1.932710 12.799302 2.448114
v -1.903891 12.570214 2.386549
v -1.926731 12.587962 2.388273
v -1.915174 12.810819 2.449169
v -1.931207 12.637478 2.319520
v -1.912623 12.645875 2.327806
v -1.928778 12.653666 2.333431
v -1.918231 12.767021 2.343262
v -1.930734 12.765277 2.346390
v -1.945561 12.767556 2.338075
v -1.933059 12.769300 2.334947
v -1.661124 11.943507 2.786402
v -2.190469 11.944174 2.792490
v -1.634583 11.949551 2.799186
v -2.178110 11.951561 2.815303
v -1.676830 11.948018 2.807580
v -1.687665 11.949699 2.773619
v -2.202827 11.955739 2.769678
v -2.169585 11.953724 2.778721
v -1.693721 12.009773 2.772175
v -1.681123 11.994534 2.811223
v -1.633172 12.009617 2.802234
v -1.644913 12.025694 2.761922
v -2.163789 12.013733 2.777116
v -2.203362 12.030128 2.766198
v -2.174018 11.998017 2.818852
v -2.212734 12.013577 2.809199
v -1.599655 12.925842 3.507419
v -2.249192 12.925836 3.507415
v -1.370330 12.925878 3.148774
v -2.478508 12.925863 3.148772
v -1.436140 12.925869 3.350634
v -2.412703 12.925858 3.350630
v -1.815730 12.925784 3.579269
v -2.033120 12.925782 3.579268
v -1.814018 12.892408 3.588291
v -2.034764 12.892359 3.588252
v -1.594249 12.892514 3.515356
v -2.254480 12.892367 3.515257
v -1.360761 12.892634 3.150362
v -2.487763 12.892303 3.150321
v -1.427687 12.892607 3.355746
v -2.420936 12.892359 3.355644
v -2.407109 12.863089 3.347306
v -1.816156 12.863134 3.573900
v -2.031605 12.863094 3.573891
v -1.601483 12.863252 3.502664
v -2.245140 12.863121 3.502638
v -1.374093 12.863393 3.147617
v -2.472383 12.863093 3.147603
v -1.439394 12.863320 3.347337
v -2.232342 12.848695 3.484055
v -1.396646 12.848674 3.143341
v -2.450257 12.849200 3.143385
v -1.459521 12.848324 3.334724
v -2.387298 12.848766 3.334841
v -1.835395 12.846913 3.553022
v -2.040400 12.846347 3.552641
v -1.615863 12.848460 3.484075
v -1.932458 12.822748 3.651002
v -2.055902 12.808146 3.544910
v -1.622646 12.813288 3.477220
v -2.228219 12.813531 3.477047
v -1.406790 12.813212 3.141659
v -2.442150 12.813883 3.141675
v -1.468726 12.813243 3.330021
v -2.380201 12.813817 3.330062
v -2.412016 12.733494 3.349816
v -1.847983 12.729772 3.579200
v -2.061082 12.727668 3.578475
v -1.603904 12.733131 3.506896
v -2.249881 12.733157 3.506527
v -1.372803 12.732886 3.148409
v -2.477904 12.733265 3.148395
v -1.438716 12.733177 3.349854
v -2.281668 12.541840 3.549643
v -1.324117 12.541796 3.158216
v -2.530510 12.542124 3.158205
v -1.395912 12.541828 3.378698
v -2.458738 12.542100 3.378669
v -1.947316 12.569730 3.713087
v -2.076061 12.537087 3.628858
v -1.574797 12.542383 3.550284
v -2.058449 12.326429 3.619654
v -1.581575 12.328870 3.542670
v -2.276643 12.328840 3.542416
v -1.334478 12.328940 3.156743
v -2.522236 12.329055 3.156743
v -1.405181 12.328808 3.374053
v -2.451536 12.328905 3.374051
v -1.827394 12.324587 3.620406
v -1.823451 12.208907 3.561346
v -2.034450 12.208908 3.561316
v -1.614665 12.208648 3.491845
v -2.241989 12.208651 3.491761
v -1.394476 12.208837 3.145816
v -2.462300 12.208840 3.145813
v -1.457886 12.208540 3.341020
v -2.398730 12.208544 3.340963
v -1.490023 12.129102 3.128266
v -2.366590 12.129102 3.128207
v -1.535851 12.128585 3.285456
v -2.316950 12.128606 3.284045
v -1.818956 12.128947 3.456376
v -2.037397 12.128967 3.455617
v -1.641386 12.127207 3.397987
v -2.211071 12.127378 3.395928
v -2.041476 12.066720 3.341362
v -2.211353 11.953576 3.289473
v -1.645418 11.951233 3.330509
v -1.609487 12.068682 3.106823
v -2.247063 12.068682 3.106679
v -1.623362 12.066402 3.227784
v -2.227843 12.066555 3.224304
v -1.815888 12.066567 3.343674
v -1.974515 12.036826 3.138876
v -1.737807 12.037705 3.165370
v -1.857797 12.037864 3.236307
v -1.765135 12.035397 3.219268
v -1.733814 12.038105 3.087004
v -2.117326 12.037723 3.163181
v -1.999839 12.037880 3.234605
v -2.090958 12.035530 3.215418
v -2.122894 12.038105 3.086911
v -1.882276 12.036826 3.139101
v -1.831509 12.036805 3.088246
v -2.025209 12.036805 3.088151
v -1.891925 12.830231 3.559100
v -1.893428 12.782880 3.557456
v -1.819083 12.809954 3.548364
v -1.966108 12.804427 3.565103
v -1.882795 12.632103 3.640767
v -1.878480 12.471932 3.652437
v -1.797617 12.555029 3.637094
v -1.962900 12.549726 3.655677
v -1.947362 12.645270 3.770665
v -1.924476 12.551983 3.713209
v -1.949993 12.811232 3.654511
v -1.932710 12.799302 3.652750
v -1.903891 12.570214 3.710932
v -1.926731 12.587962 3.710809
v -1.915174 12.810819 3.649242
v -1.931207 12.637478 3.776221
v -1.912623 12.645875 3.768004
v -1.928778 12.653666 3.762448
v -1.918231 12.767021 3.752588
v -1.930734 12.765277 3.749566
v -1.945561 12.767556 3.757775
v -1.933059 12.769300 3.760796
v -1.661124 11.943507 3.309331
v -2.190469 11.944174 3.303243
v -1.634583 11.949551 3.296548
v -2.178110 11.951561 3.280431
v -1.676830 11.948017 3.288153
v -1.687665 11.949699 3.322114
v -2.202827 11.955739 3.326055
v -2.169585 11.953724 3.317013
v -1.693721 12.009773 3.323558
v -1.681123 11.994534 3.284511
v -1.633172 12.009617 3.293499
v -1.644913 12.025694 3.333812
v -2.163789 12.013733 3.318617
v -2.203362 12.030128 3.329535
v -2.174018 11.998017 3.276881
v -2.212734 12.013577 3.286535
v -1.493776 12.950138 2.643956
v -1.924424 12.949593 2.491068
v -1.701410 12.949747 2.526156
v -2.355077 12.950127 2.643952
v -2.501555 12.949698 3.047867
v -2.147440 12.949741 2.526154
v -2.473619 12.949924 2.840656
v -1.347304 12.949719 3.047867
v -1.375239 12.949942 2.840658
v -1.482940 12.916542 2.633569
v -1.924435 12.916179 2.476882
v -1.696248 12.916310 2.512726
v -2.365921 12.916334 2.633586
v -2.516144 12.916214 3.047867
v -2.152619 12.916207 2.512737
v -2.487670 12.916267 2.835795
v -1.332686 12.916569 3.047867
v -1.361172 12.916575 2.835779
v -1.483116 12.866000 2.634351
v -1.924045 12.865519 2.478219
v -1.696131 12.865670 2.513924
v -2.364607 12.865016 2.634752
v -2.514340 12.864930 3.047867
v -2.151914 12.865265 2.514143
v -2.485920 12.864952 2.836284
v -1.332879 12.866491 3.047867
v -1.361423 12.866369 2.836032
v -1.507419 12.834972 2.659425
v -1.928936 12.835649 2.509769
v -1.708916 12.835010 2.545801
v -2.338236 12.834984 2.659345
v -2.479554 12.835488 3.047867
v -2.140559 12.836410 2.543910
v -2.452344 12.835196 2.848354
v -1.366058 12.835567 3.047867
v -1.393236 12.835274 2.848369
v -1.513031 12.829423 2.662000
v -1.961244 12.839851 2.503523
v -1.882213 12.839548 2.499048
v -2.335611 12.830971 2.661810
v -2.476693 12.831846 3.047867
v -2.145694 12.831375 2.548548
v -2.449746 12.831396 2.850601
v -1.372074 12.829794 3.047867
v -1.398990 12.829427 2.850766
v -1.510286 12.787843 2.658553
v -1.959857 12.774348 2.503800
v -1.883675 12.777990 2.502184
v -2.339155 12.788413 2.658751
v -2.481153 12.787706 3.047867
v -2.148998 12.785748 2.544875
v -2.454046 12.788102 2.848931
v -1.368101 12.786921 3.047867
v -1.395221 12.787360 2.848891
v -1.467301 12.663841 2.616021
v -1.960350 12.603554 2.417432
v -1.871462 12.601846 2.411936
v -2.385409 12.664357 2.616193
v -2.541871 12.664061 3.047867
v -2.173933 12.662116 2.490618
v -2.512107 12.664235 2.826578
v -1.310646 12.663259 3.047867
v -1.340435 12.663487 2.826511
v -1.450985 12.419094 2.598255
v -1.953601 12.523035 2.403658
v -1.868869 12.530385 2.402781
v -2.405211 12.419390 2.598324
v -2.567751 12.419562 3.047867
v -2.183383 12.417655 2.467881
v -2.536869 12.419484 2.817160
v -1.288371 12.419133 3.047867
v -1.319258 12.419082 2.817154
v -1.482098 12.252069 2.627081
v -1.934739 12.251189 2.468495
v -1.699282 12.252286 2.504647
v -2.374703 12.252056 2.627120
v -2.526955 12.252621 3.047867
v -2.160896 12.251940 2.504914
v -2.497950 12.252333 2.831791
v -1.329842 12.252568 3.047867
v -1.358841 12.252293 2.831795
v -1.539671 12.146970 2.689558
v -1.928374 12.146599 2.554219
v -1.718643 12.146723 2.588448
v -2.314879 12.146584 2.690561
v -2.442180 12.147092 3.047867
v -2.137564 12.146575 2.589126
v -2.417284 12.146769 2.862687
v -1.414595 12.147098 3.047867
v -1.438820 12.146916 2.862618
v -1.589306 12.067659 2.775302
v -1.928455 12.077183 2.675598
v -1.704272 12.065453 2.710878
v -2.256519 12.068157 2.779817
v -2.324839 12.076838 3.047867
v -2.150954 12.066026 2.714386
v -2.308841 12.077077 2.906260
v -1.531939 12.076841 3.047867
v -1.545615 12.077168 2.905903
v -1.812442 12.012552 2.947067
v -1.928501 12.012701 2.916008
v -1.839427 12.012645 2.903227
v -2.043720 12.012552 2.948231
v -2.064989 12.012674 3.047867
v -2.017740 12.012645 2.904745
v -2.080854 12.012602 2.985102
v -1.791794 12.012674 3.047867
v -1.775659 12.012601 2.984745
v -1.667120 12.023685 2.948587
v -1.667201 12.012698 2.856787
v -1.663555 12.023707 3.047867
v -1.747781 12.010242 2.803856
v -1.928883 12.023928 2.792464
v -2.188503 12.023695 2.949457
v -2.185097 12.013388 2.862413
v -2.193235 12.023709 3.047867
v -2.110700 12.011106 2.808851
v -1.928392 12.012681 3.047867
v -1.737492 12.830362 2.542290
v -1.967473 12.831575 2.511270
v -1.738940 12.786084 2.541647
v -1.970376 12.778722 2.511165
v -1.715283 12.665987 2.479676
v -1.973624 12.660624 2.446053
v -1.706903 12.423789 2.457334
v -1.968942 12.416966 2.422221
v -1.908123 12.823502 2.370214
v -1.956768 12.825381 2.364755
v -1.909162 12.778296 2.392411
v -1.959743 12.780698 2.387938
v -1.899248 12.614024 2.364920
v -1.959969 12.612528 2.364195
v -1.899983 12.572897 2.325892
v -1.958264 12.571065 2.325482
v -1.905899 12.711226 2.356192
v -1.954303 12.711135 2.353188
v -1.904510 12.712152 2.299734
v -1.958282 12.711158 2.295274
v -1.624965 11.923729 2.777932
v -1.670213 11.924204 2.754269
v -2.225945 11.928444 2.783639
v -2.181237 11.928223 2.756028
v -1.653194 11.922297 2.815485
v -1.694109 11.922145 2.793832
v -2.199139 11.925861 2.826081
v -2.157621 11.926283 2.800595
v -1.677541 11.972201 2.734042
v -1.600847 11.972515 2.774676
v -1.649500 11.963438 2.837010
v -1.716897 11.962762 2.801350
v -2.202089 11.968494 2.844717
v -2.243696 11.978681 2.781234
v -2.140668 11.968011 2.806514
v -2.175200 11.978087 2.738335
v -1.493776 12.950138 3.451777
v -1.924424 12.949593 3.604666
v -1.701410 12.949747 3.569577
v -2.355077 12.950127 3.451781
v -2.147440 12.949741 3.569580
v -2.473619 12.949924 3.255078
v -1.375239 12.949942 3.255076
v -1.482940 12.916542 3.462165
v -1.924435 12.916179 3.618852
v -1.696248 12.916310 3.583007
v -2.365921 12.916334 3.462148
v -2.152619 12.916207 3.582997
v -2.487670 12.916267 3.259939
v -1.361172 12.916575 3.259954
v -1.483116 12.866000 3.461382
v -1.924045 12.865519 3.617515
v -1.696131 12.865670 3.581810
v -2.364607 12.865016 3.460982
v -2.151914 12.865265 3.581591
v -2.485920 12.864952 3.259449
v -1.361423 12.866369 3.259701
v -1.507419 12.834972 3.436309
v -1.928935 12.835652 3.585970
v -1.708915 12.835012 3.549936
v -2.338236 12.834984 3.436389
v -2.140559 12.836410 3.551825
v -2.452344 12.835196 3.247380
v -1.393236 12.835274 3.247364
v -1.513026 12.829433 3.433734
v -1.961055 12.839962 3.593469
v -1.883043 12.840176 3.597554
v -2.335611 12.830971 3.433924
v -2.145700 12.831388 3.547186
v -2.449746 12.831395 3.245132
v -1.398990 12.829427 3.244967
v -1.510280 12.787840 3.437176
v -1.960297 12.774528 3.597899
v -1.882821 12.778494 3.599829
v -2.339155 12.788413 3.436983
v -2.149011 12.785745 3.550856
v -2.454046 12.788102 3.246803
v -1.395221 12.787360 3.246843
v -1.467298 12.663842 3.479709
v -1.960517 12.603523 3.682061
v -1.871109 12.601508 3.687875
v -2.385409 12.664357 3.479541
v -2.173940 12.662117 3.605113
v -2.512107 12.664235 3.269156
v -1.340435 12.663487 3.269222
v -1.450984 12.419093 3.497477
v -1.953193 12.522842 3.693067
v -1.869222 12.529908 3.693780
v -2.405211 12.419390 3.497410
v -2.183387 12.417653 3.627851
v -2.536869 12.419484 3.278574
v -1.319258 12.419082 3.278580
v -1.482098 12.252069 3.468653
v -1.934739 12.251188 3.627239
v -1.699282 12.252285 3.591086
v -2.374703 12.252056 3.468614
v -2.160896 12.251939 3.590820
v -2.497950 12.252333 3.263943
v -1.358842 12.252293 3.263939
v -1.539671 12.146970 3.406176
v -1.928374 12.146599 3.541514
v -1.718643 12.146723 3.507286
v -2.314879 12.146584 3.405173
v -2.137564 12.146575 3.506607
v -2.417284 12.146769 3.233047
v -1.438820 12.146916 3.233115
v -1.589306 12.067659 3.320431
v -1.928455 12.077183 3.420136
v -1.704272 12.065453 3.384855
v -2.256519 12.068157 3.315917
v -2.150954 12.066026 3.381347
v -2.308841 12.077077 3.189474
v -1.545615 12.077168 3.189831
v -1.812442 12.012552 3.148667
v -1.928501 12.012701 3.179725
v -1.839427 12.012645 3.192507
v -2.043720 12.012552 3.147503
v -2.017740 12.012645 3.190989
v -2.080854 12.012602 3.110631
v -1.775659 12.012601 3.110989
v -1.667120 12.023685 3.147146
v -1.667201 12.012698 3.238947
v -1.747781 12.010242 3.291877
v -1.928883 12.023928 3.303270
v -2.188503 12.023695 3.146276
v -2.185097 12.013388 3.233321
v -2.110700 12.011106 3.286882
v -1.737365 12.831032 3.553823
v -1.967741 12.832404 3.584616
v -1.738606 12.785932 3.555166
v -1.971169 12.777829 3.585886
v -1.715132 12.666085 3.616699
v -1.973942 12.660860 3.650273
v -1.706879 12.423718 3.638532
v -1.968974 12.416903 3.673648
v -1.908366 12.823639 3.725919
v -1.956456 12.825539 3.731343
v -1.909584 12.778242 3.704363
v -1.959517 12.780681 3.708947
v -1.899672 12.613900 3.731284
v -1.959575 12.612428 3.732060
v -1.900270 12.572785 3.770206
v -1.958014 12.570985 3.770601
v -1.905973 12.711233 3.739503
v -1.954252 12.711145 3.742514
v -1.904551 12.712152 3.796025
v -1.958245 12.711159 3.800482
v -1.624965 11.923729 3.317801
v -1.670213 11.924204 3.341465
v -2.225945 11.928444 3.312094
v -2.181237 11.928223 3.339705
v -1.653194 11.922297 3.280248
v -1.694109 11.922145 3.301902
v -2.199139 11.925861 3.269653
v -2.157621 11.926283 3.295139
v -1.677541 11.972201 3.361691
v -1.600847 11.972515 3.321058
v -1.649500 11.963438 3.258723
v -1.716897 11.962761 3.294384
v -2.202089 11.968494 3.251017
v -2.243696 11.978681 3.314499
v -2.140668 11.968011 3.289220
v -2.175200 11.978087 3.357399
v -1.421168 12.950093 2.736754
v -1.813058 12.949632 2.499480
v -1.591304 12.949958 2.573453
v -1.352965 12.949792 2.945012
v -2.427687 12.950078 2.736751
v -2.035791 12.949628 2.499479
v -2.257547 12.949948 2.573449
v -2.495894 12.949772 2.945011
v -1.408312 12.916580 2.729013
v -1.810573 12.916226 2.485460
v -1.583211 12.916427 2.561175
v -1.338418 12.916569 2.942701
v -2.440541 12.916319 2.729031
v -2.038296 12.916175 2.485466
v -2.265653 12.916272 2.561190
v -2.510415 12.916226 2.942711
v -1.488198 12.935031 2.638629
v -1.698749 12.934782 2.519245
v -2.150105 12.934755 2.519239
v -2.360662 12.934978 2.638621
v -1.339796 12.934894 3.047867
v -1.368013 12.934967 2.838151
v -2.480856 12.934889 2.838147
v -2.509076 12.934802 3.047867
v -1.924426 12.934671 2.483756
v -1.408576 12.866192 2.729504
v -1.810318 12.865583 2.486747
v -1.583235 12.865814 2.562215
v -1.338626 12.866473 2.942793
v -2.438931 12.864954 2.729865
v -2.037770 12.865417 2.486840
v -2.264686 12.865121 2.562556
v -2.508623 12.864950 2.942914
v -1.694645 12.892600 2.508805
v -1.924408 12.892406 2.472790
v -2.154146 12.892312 2.508887
v -1.479641 12.892892 2.630450
v -2.369068 12.892283 2.630584
v -1.328230 12.893146 3.047867
v -1.356891 12.893090 2.834265
v -2.491684 12.892218 2.834355
v -2.520284 12.892178 3.047867
v -1.437611 12.835064 2.748516
v -1.819526 12.834951 2.519331
v -1.601401 12.835050 2.591598
v -1.371593 12.835476 2.948727
v -2.407960 12.834997 2.748499
v -2.035354 12.836733 2.517005
v -2.245003 12.835469 2.591014
v -2.474005 12.835395 2.948716
v -2.350391 12.844641 2.648048
v -2.467668 12.844664 2.842658
v -1.350019 12.845893 3.047867
v -2.495404 12.844734 3.047867
v -1.701979 12.845256 2.530873
v -1.924001 12.845465 2.495651
v -2.144998 12.845216 2.530829
v -1.495631 12.845359 2.647572
v -1.377876 12.845720 2.842360
v -1.443214 12.829273 2.751244
v -1.854712 12.837977 2.518005
v -1.608834 12.829861 2.593472
v -1.377528 12.829668 2.950208
v -2.405445 12.831054 2.751009
v -2.056195 12.830140 2.522253
v -2.243373 12.831408 2.594059
v -2.471237 12.831711 2.950128
v -2.142784 12.835886 2.546529
v -2.335935 12.833745 2.661418
v -1.370653 12.833248 3.047867
v -1.397717 12.832767 2.850267
v -2.449974 12.834219 2.849916
v -2.477156 12.834794 3.047867
v -1.511408 12.832518 2.662077
v -1.716208 12.832505 2.548414
v -1.943396 12.834197 2.511659
v -1.439834 12.787698 2.748514
v -1.859722 12.774649 2.517728
v -1.607330 12.787367 2.589775
v -1.373588 12.787055 2.949257
v -2.409455 12.788362 2.748573
v -2.060951 12.781489 2.518873
v -2.246373 12.787863 2.590588
v -2.475668 12.787833 2.949275
v -1.716141 12.812428 2.550959
v -1.998428 12.805937 2.513921
v -2.146104 12.813296 2.551126
v -1.515118 12.814301 2.663399
v -2.333899 12.815082 2.663485
v -1.374627 12.814032 3.047867
v -1.401372 12.814096 2.851607
v -2.447550 12.815106 2.851583
v -2.474295 12.815090 3.047867
v -1.389590 12.663689 2.715331
v -1.851012 12.689491 2.460123
v -1.573759 12.664395 2.539679
v -1.316654 12.663321 2.938037
v -2.462990 12.664354 2.715428
v -2.075013 12.659137 2.461391
v -2.282639 12.663958 2.540985
v -2.535868 12.664111 2.938069
v -2.359612 12.743883 2.639955
v -2.479658 12.743610 2.838972
v -1.342537 12.742441 3.047867
v -2.507951 12.743263 3.047867
v -1.714402 12.743423 2.519751
v -1.965806 12.737495 2.485279
v -2.159912 12.741382 2.520886
v -1.491140 12.743362 2.639726
v -1.370859 12.742843 2.838885
v -1.370280 12.419064 2.701483
v -1.842105 12.394962 2.431124
v -1.561364 12.419397 2.518948
v -1.294597 12.419116 2.933342
v -2.485852 12.419423 2.701492
v -2.076903 12.414536 2.437557
v -2.298098 12.419176 2.520180
v -2.561527 12.419539 2.933345
v -2.182777 12.542398 2.471587
v -2.401770 12.544457 2.601256
v -1.291237 12.543777 3.047867
v -1.321955 12.543853 2.818732
v -2.532653 12.544456 2.818763
v -2.563357 12.544423 3.047867
v -1.452939 12.544020 2.601150
v -1.682400 12.548219 2.468715
v -2.006313 12.540500 2.426111
v -1.406627 12.252093 2.723608
v -1.817802 12.251732 2.477072
v -1.583628 12.252286 2.553771
v -1.335698 12.252488 2.940568
v -2.450158 12.252117 2.723608
v -2.048230 12.251372 2.477284
v -2.273666 12.252148 2.553926
v -2.521097 12.252538 2.940565
v -1.948816 12.318695 2.441231
v -2.174933 12.322255 2.480049
v -1.461496 12.323141 2.607719
v -1.693444 12.322257 2.478662
v -2.395282 12.323256 2.607767
v -1.302315 12.323428 3.047867
v -1.332573 12.323255 2.821943
v -2.524164 12.323444 2.821939
v -2.554422 12.323629 3.047867
v -1.478124 12.146904 2.770720
v -1.821760 12.146626 2.563138
v -1.622393 12.146913 2.629173
v -1.419547 12.147033 2.955646
v -2.376904 12.146585 2.771221
v -2.034898 12.146560 2.563469
v -2.232872 12.146632 2.630186
v -2.437128 12.146997 2.955617
v -1.367255 12.194776 3.047867
v -2.489527 12.194779 3.047867
v -1.710845 12.194487 2.539573
v -1.929151 12.194408 2.505201
v -2.146291 12.194285 2.539816
v -1.509378 12.194232 2.653785
v -2.347076 12.194062 2.653978
v -1.394414 12.194483 2.845274
v -2.462248 12.194420 2.845274
v -1.563287 12.077129 2.837425
v -1.811342 12.076236 2.686159
v -1.633149 12.071362 2.724331
v -1.535105 12.076875 2.976834
v -2.286552 12.076872 2.839262
v -2.045408 12.076231 2.687891
v -2.216917 12.072017 2.728859
v -2.321370 12.076858 2.976771
v -1.470865 12.109069 3.047867
v -1.490566 12.109135 2.883631
v -2.364516 12.108977 2.883844
v -2.385908 12.109063 3.047867
v -1.567467 12.109402 2.733021
v -2.282835 12.108878 2.735680
v -1.715141 12.108368 2.650236
v -1.928356 12.108782 2.614417
v -2.140078 12.108266 2.652090
v -1.666958 12.022452 2.897698
v -1.831075 12.022367 2.795269
v -1.712250 12.002607 2.840876
v -1.665005 12.023691 2.999181
v -2.186471 12.022542 2.900712
v -2.027183 12.022446 2.797855
v -2.143071 12.003439 2.846421
v -2.191646 12.023697 2.999233
v -1.928730 12.047328 2.732701
v -2.120718 12.033206 2.754350
v -1.610019 12.036350 2.828899
v -1.737060 12.032381 2.749689
v -2.237823 12.037347 2.833142
v -1.596086 12.046687 3.047867
v -1.603424 12.046958 2.927477
v -2.251425 12.046951 2.928093
v -2.260701 12.046689 3.047867
v -1.794204 12.012564 2.968815
v -1.880648 12.012681 2.912660
v -1.829676 12.012593 2.924678
v -1.787619 12.012646 3.013047
v -2.062061 12.012564 2.969547
v -1.976455 12.012681 2.913318
v -2.026925 12.012593 2.926012
v -2.069122 12.012646 3.013104
v -1.744075 12.012360 2.899919
v -1.731830 12.013976 2.969428
v -1.730860 12.014055 3.047867
v -1.928726 12.014088 2.856250
v -1.800605 12.012355 2.862464
v -2.124380 12.013977 2.970101
v -2.110679 12.012439 2.903380
v -2.125926 12.014055 3.047867
v -2.057084 12.012444 2.865503
v -1.928405 12.012680 2.970207
v -1.846966 12.012665 3.047867
v -2.009817 12.012665 3.047867
v -1.865844 12.012622 2.990598
v -1.990861 12.012622 2.990746
v -1.921404 12.849106 2.504665
v -1.920290 12.767524 2.506441
v -1.867378 12.806432 2.494564
v -1.982785 12.807045 2.501621
v -1.954493 12.839792 2.515966
v -1.828956 12.831867 2.520423
v -1.830762 12.787804 2.524647
v -1.952079 12.776169 2.514361
v -1.912832 12.618958 2.414584
v -1.906863 12.512880 2.399850
v -1.855674 12.566109 2.408288
v -1.976047 12.562145 2.414280
v -1.950510 12.620401 2.427458
v -1.813329 12.620292 2.439445
v -1.809807 12.493139 2.427148
v -1.944500 12.486416 2.413398
v -1.930868 12.829914 2.365221
v -1.936190 12.773141 2.392586
v -1.893917 12.802798 2.380188
v -1.973028 12.803697 2.375118
v -1.930582 12.620103 2.370696
v -1.928267 12.565161 2.321249
v -1.884895 12.593432 2.340745
v -1.974209 12.591842 2.342223
v -1.957849 12.540873 2.372265
v -1.962834 12.598182 2.390112
v -1.960879 12.839272 2.440763
v -1.903994 12.838382 2.441978
v -1.892853 12.544282 2.368167
v -1.961744 12.783491 2.444782
v -1.904593 12.782834 2.446022
v -1.892515 12.600847 2.384746
v -1.931376 12.711365 2.360263
v -1.928375 12.711056 2.291446
v -1.887489 12.713202 2.327005
v -1.973446 12.711606 2.326639
v -1.958296 12.635182 2.298108
v -1.955361 12.654381 2.353018
v -1.902889 12.636484 2.300907
v -1.903666 12.654582 2.354789
v -1.906981 12.778968 2.320112
v -1.909119 12.755218 2.366802
v -1.956155 12.756229 2.361811
v -1.956019 12.779319 2.314015
v -1.645098 11.923343 2.761261
v -2.207172 11.926575 2.764720
v -1.675942 11.921126 2.808933
v -2.175090 11.923735 2.818007
v -2.163979 11.925352 2.776433
v -1.634707 11.921927 2.800824
v -1.687523 11.922117 2.771554
v -2.217188 11.925242 2.808098
v -1.676584 11.941016 2.737453
v -1.599505 12.018337 2.774723
v -2.201470 11.942920 2.841744
v -2.245109 12.022291 2.780853
v -1.649644 11.991722 2.838922
v -2.143258 11.943571 2.805780
v -1.719738 11.987185 2.798572
v -2.175787 12.018904 2.735609
v -1.678181 12.015423 2.731458
v -1.605034 11.940344 2.775186
v -1.650144 11.937468 2.833222
v -1.712776 11.937056 2.799958
v -1.712002 11.967395 2.759702
v -1.689876 11.961344 2.831838
v -1.612461 11.968058 2.816324
v -1.632302 11.974255 2.740903
v -2.202211 11.995136 2.846237
v -2.240994 11.947411 2.781381
v -2.138218 11.990654 2.803825
v -2.175966 11.947076 2.741107
v -2.144365 11.973021 2.766821
v -2.218242 11.980449 2.746689
v -2.163028 11.966209 2.838398
v -2.234930 11.973767 2.821162
v -1.421168 12.950093 3.358979
v -1.813058 12.949632 3.596253
v -1.591304 12.949957 3.522281
v -1.352965 12.949792 3.150722
v -2.427687 12.950078 3.358983
v -2.035791 12.949628 3.596255
v -2.257547 12.949948 3.522285
v -2.495894 12.949772 3.150723
v -1.408312 12.916580 3.366721
v -1.810573 12.916226 3.610274
v -1.583211 12.916427 3.534558
v -1.338418 12.916569 3.153033
v -2.440541 12.916319 3.366703
v -2.038296 12.916175 3.610268
v -2.265653 12.916272 3.534544
v -2.510415 12.916226 3.153023
v -1.488198 12.935031 3.457105
v -1.698749 12.934782 3.576489
v -2.150105 12.934755 3.576494
v -2.360662 12.934978 3.457113
v -1.368013 12.934967 3.257582
v -2.480856 12.934889 3.257586
v -1.924426 12.934671 3.611978
v -1.408575 12.866192 3.366230
v -1.810318 12.865583 3.608986
v -1.583235 12.865814 3.533519
v -1.338626 12.866473 3.152940
v -2.438931 12.864954 3.365869
v -2.037770 12.865417 3.608894
v -2.264686 12.865121 3.533178
v -2.508623 12.864950 3.152819
v -1.694645 12.892600 3.586929
v -1.924408 12.892406 3.622944
v -2.154146 12.892312 3.586847
v -1.479641 12.892892 3.465283
v -2.369068 12.892283 3.465149
v -1.356891 12.893090 3.261469
v -2.491684 12.892218 3.261379
v -1.437611 12.835064 3.347218
v -1.819525 12.834955 3.576408
v -1.601400 12.835051 3.504138
v -1.371593 12.835476 3.147007
v -2.407960 12.834997 3.347234
v -2.035354 12.836737 3.578732
v -2.245003 12.835469 3.504720
v -2.474005 12.835395 3.147018
v -2.350391 12.844642 3.447686
v -2.467668 12.844664 3.253075
v -1.701979 12.845256 3.564861
v -1.924001 12.845465 3.600082
v -2.144998 12.845216 3.564904
v -1.495631 12.845359 3.448162
v -1.377876 12.845720 3.253373
v -1.443214 12.829273 3.344490
v -1.854749 12.838690 3.577810
v -1.608784 12.829995 3.502317
v -1.377528 12.829668 3.145525
v -2.405445 12.831054 3.344725
v -2.056252 12.830301 3.573519
v -2.243373 12.831408 3.501674
v -2.471237 12.831711 3.145606
v -2.142786 12.835892 3.549208
v -2.335935 12.833745 3.434315
v -1.397717 12.832767 3.245466
v -2.449974 12.834219 3.245817
v -1.511406 12.832520 3.433658
v -1.716178 12.832575 3.547389
v -1.943394 12.834304 3.584147
v -1.439834 12.787698 3.347220
v -1.859436 12.773006 3.580229
v -1.607253 12.787328 3.506042
v -1.373588 12.787055 3.146477
v -2.409455 12.788362 3.347160
v -2.061089 12.781429 3.576964
v -2.246373 12.787863 3.505146
v -2.475668 12.787833 3.146458
v -1.715911 12.812833 3.545563
v -1.999067 12.806205 3.582580
v -2.146115 12.813305 3.544603
v -1.515112 12.814307 3.432328
v -2.333899 12.815082 3.432249
v -1.401372 12.814096 3.244127
v -2.447549 12.815106 3.244151
v -1.389590 12.663689 3.380402
v -1.851028 12.689859 3.636521
v -1.573719 12.664410 3.556097
v -1.316654 12.663321 3.157696
v -2.462990 12.664354 3.380306
v -2.075089 12.659156 3.634389
v -2.282640 12.663958 3.554749
v -2.535868 12.664111 3.157665
v -2.359612 12.743883 3.455779
v -2.479658 12.743610 3.256762
v -1.714309 12.743359 3.576200
v -1.965909 12.737416 3.610705
v -2.159920 12.741380 3.574846
v -1.491136 12.743361 3.456005
v -1.370859 12.742843 3.256849
v -1.370280 12.419064 3.394250
v -1.842107 12.394908 3.664642
v -1.561348 12.419381 3.576797
v -1.294597 12.419116 3.162391
v -2.485852 12.419423 3.394241
v -2.076932 12.414515 3.658189
v -2.298098 12.419176 3.575553
v -2.561527 12.419539 3.162389
v -2.182784 12.542397 3.624145
v -2.401770 12.544457 3.494477
v -1.321955 12.543853 3.277002
v -2.532653 12.544456 3.276971
v -1.452935 12.544019 3.494580
v -1.682257 12.548144 3.627542
v -2.006646 12.540433 3.670125
v -1.406627 12.252093 3.372126
v -1.817802 12.251731 3.618662
v -1.583628 12.252286 3.541962
v -1.335698 12.252488 3.155166
v -2.450158 12.252117 3.372126
v -2.048231 12.251371 3.618449
v -2.273666 12.252148 3.541808
v -2.521097 12.252538 3.155168
v -1.948817 12.318685 3.654507
v -2.174934 12.322255 3.615685
v -1.461496 12.323141 3.488014
v -1.693444 12.322247 3.617077
v -2.395282 12.323256 3.487967
v -1.332573 12.323255 3.273791
v -2.524164 12.323444 3.273794
v -1.478124 12.146904 3.325013
v -1.821760 12.146626 3.532596
v -1.622393 12.146913 3.466561
v -1.419547 12.147033 3.140088
v -2.376904 12.146585 3.324513
v -2.034898 12.146560 3.532264
v -2.232872 12.146632 3.465548
v -2.437128 12.146997 3.140116
v -1.710845 12.194487 3.556160
v -1.929151 12.194408 3.590533
v -2.146291 12.194285 3.555917
v -1.509378 12.194232 3.441949
v -2.347076 12.194062 3.441756
v -1.394414 12.194483 3.250460
v -2.462248 12.194420 3.250460
v -1.563287 12.077129 3.258308
v -1.811342 12.076235 3.409575
v -1.633149 12.071362 3.371403
v -1.535105 12.076875 3.118900
v -2.286552 12.076872 3.256471
v -2.045408 12.076231 3.407843
v -2.216917 12.072017 3.366874
v -2.321370 12.076858 3.118963
v -1.490566 12.109135 3.212103
v -2.364516 12.108977 3.211889
v -1.567467 12.109402 3.362712
v -2.282834 12.108878 3.360054
v -1.715141 12.108368 3.445498
v -1.928356 12.108782 3.481316
v -2.140078 12.108266 3.443644
v -1.666958 12.022452 3.198035
v -1.831075 12.022367 3.300465
v -1.712250 12.002607 3.254858
v -1.665005 12.023691 3.096552
v -2.186471 12.022542 3.195022
v -2.027183 12.022446 3.297879
v -2.143071 12.003439 3.249313
v -2.191646 12.023697 3.096500
v -1.928730 12.047328 3.363033
v -2.120718 12.033206 3.341383
v -1.610019 12.036350 3.266834
v -1.737060 12.032381 3.346045
v -2.237823 12.037347 3.262592
v -1.603424 12.046958 3.168257
v -2.251425 12.046951 3.167640
v -1.794204 12.012564 3.126919
v -1.880648 12.012681 3.183074
v -1.829676 12.012593 3.171056
v -1.787619 12.012646 3.082686
v -2.062061 12.012564 3.126186
v -1.976455 12.012681 3.182416
v -2.026925 12.012593 3.169722
v -2.069122 12.012646 3.082629
v -1.744074 12.012360 3.195815
v -1.731830 12.013976 3.126306
v -1.928726 12.014088 3.239484
v -1.800605 12.012355 3.233270
v -2.124380 12.013977 3.125633
v -2.110679 12.012439 3.192354
v -2.057084 12.012444 3.230231
v -1.928405 12.012680 3.125527
v -1.865844 12.012622 3.105135
v -1.990861 12.012622 3.104988
v -1.921452 12.849104 3.591380
v -1.920258 12.767486 3.596251
v -1.867118 12.808882 3.604867
v -1.982804 12.807235 3.597720
v -1.954335 12.840226 3.580157
v -1.829167 12.833634 3.575696
v -1.830136 12.787172 3.575177
v -1.953186 12.774302 3.584312
v -1.912894 12.619124 3.685555
v -1.906838 12.512870 3.696077
v -1.855680 12.565339 3.689974
v -1.976072 12.561845 3.683831
v -1.951329 12.620742 3.670651
v -1.812995 12.620392 3.659030
v -1.809848 12.492876 3.669155
v -1.944440 12.486270 3.682893
v -1.930865 12.829941 3.730535
v -1.936285 12.773321 3.704521
v -1.893972 12.802958 3.716912
v -1.972977 12.803873 3.722010
v -1.930592 12.619683 3.725854
v -1.928257 12.565171 3.774543
v -1.884965 12.593440 3.755880
v -1.974190 12.591902 3.754287
v -1.957592 12.540746 3.724219
v -1.962781 12.598193 3.708305
v -1.960666 12.839406 3.655875
v -1.904477 12.838667 3.654771
v -1.893341 12.543981 3.728322
v -1.961877 12.783582 3.655372
v -1.904211 12.783074 3.654129
v -1.892308 12.600681 3.713868
v -1.931378 12.711387 3.735467
v -1.928373 12.711054 3.804287
v -1.887488 12.713200 3.768713
v -1.973445 12.711606 3.769087
v -1.958112 12.635180 3.797762
v -1.955165 12.654246 3.742701
v -1.903077 12.636480 3.794971
v -1.903887 12.654441 3.740926
v -1.907161 12.779012 3.775770
v -1.909524 12.755284 3.728853
v -1.955908 12.756307 3.733871
v -1.955782 12.779374 3.781864
v -1.645098 11.923343 3.334472
v -2.207172 11.926575 3.331014
v -1.675941 11.921127 3.286801
v -2.175090 11.923735 3.277726
v -2.163979 11.925352 3.319300
v -1.634707 11.921927 3.294910
v -1.687523 11.922117 3.324180
v -2.217189 11.925242 3.287636
v -1.676584 11.941016 3.358281
v -1.599505 12.018337 3.321011
v -2.201470 11.942920 3.253989
v -2.245109 12.022291 3.314881
v -1.649644 11.991722 3.256811
v -2.143258 11.943571 3.289953
v -1.719738 11.987185 3.297161
v -2.175787 12.018904 3.360125
v -1.678181 12.015423 3.364276
v -1.605034 11.940344 3.320548
v -1.650144 11.937468 3.262512
v -1.712776 11.937056 3.295776
v -1.712002 11.967395 3.336031
v -1.689876 11.961344 3.263896
v -1.612461 11.968058 3.279410
v -1.632302 11.974255 3.354830
v -2.202211 11.995136 3.249496
v -2.240994 11.947411 3.314352
v -2.138218 11.990654 3.291908
v -2.175966 11.947076 3.354627
v -2.144365 11.973021 3.328912
v -2.218242 11.980449 3.349045
v -2.163028 11.966209 3.257335
v -2.234930 11.973767 3.274572
v -1.587124 12.934910 2.567150
v -2.261732 12.934871 2.567142
v -1.345492 12.934916 2.943821
v -2.503379 12.934828 2.943819
v -1.414566 12.935025 2.732778
v -2.434299 12.934960 2.732771
v -1.811779 12.934704 2.492257
v -2.037073 12.934690 2.492254
v -1.809779 12.892490 2.481397
v -2.039032 12.892347 2.481440
v -1.580740 12.892741 2.557544
v -2.268019 12.892298 2.557659
v -1.333989 12.893132 2.941979
v -2.514542 12.892189 2.942027
v -1.404394 12.893013 2.726653
v -2.444245 12.892253 2.726775
v -2.422134 12.844604 2.739841
v -1.813195 12.845312 2.504246
v -2.034468 12.845498 2.503972
v -1.592417 12.845281 2.577807
v -2.253992 12.844858 2.578129
v -1.355656 12.845856 2.945789
v -2.489793 12.844721 2.945926
v -1.423600 12.845524 2.739406
v -2.243515 12.834601 2.593235
v -1.376178 12.833081 2.949805
v -2.471608 12.834606 2.949642
v -1.441874 12.832519 2.750946
v -2.405617 12.833817 2.750425
v -1.831881 12.832682 2.521674
v -2.044868 12.836274 2.519521
v -1.605712 12.832658 2.594336
v -1.931979 12.846722 2.441544
v -2.061776 12.809522 2.525228
v -1.609498 12.814051 2.595595
v -2.242153 12.814853 2.596142
v -1.380030 12.814046 2.950667
v -2.468893 12.815098 2.950654
v -1.445444 12.814192 2.752393
v -2.403469 12.815102 2.752363
v -2.433077 12.743848 2.733881
v -1.845026 12.741549 2.494010
v -2.065600 12.737941 2.493831
v -1.592021 12.743483 2.568055
v -2.262434 12.743375 2.568687
v -1.348260 12.742557 2.944215
v -2.502234 12.743367 2.944256
v -1.417489 12.743164 2.733753
v -2.295491 12.544150 2.523576
v -1.297429 12.543797 2.934146
v -2.557168 12.544433 2.934161
v -1.372693 12.543936 2.703769
v -2.481935 12.544475 2.703815
v -1.974162 12.568111 2.382167
v -2.082291 12.539208 2.441385
v -1.561233 12.544545 2.522834
v -2.063235 12.320260 2.451014
v -1.568509 12.323307 2.530797
v -2.290019 12.323179 2.531255
v -1.308416 12.323378 2.935703
v -2.548320 12.323576 2.935701
v -1.382523 12.323134 2.708738
v -2.474213 12.323303 2.708733
v -1.823444 12.318440 2.450118
v -1.820006 12.194495 2.513481
v -2.037883 12.194325 2.513650
v -1.603830 12.194364 2.585427
v -2.252813 12.194188 2.585671
v -1.372755 12.194688 2.947207
v -2.484008 12.194677 2.947197
v -1.439026 12.194286 2.744009
v -2.417473 12.194152 2.744091
v -1.475029 12.109052 2.965777
v -2.381512 12.109016 2.965727
v -1.520684 12.109576 2.803475
v -2.331308 12.109144 2.804736
v -1.816728 12.108755 2.625013
v -2.039747 12.108699 2.625920
v -1.632348 12.109154 2.682584
v -2.220069 12.108856 2.685307
v -2.041254 12.045678 2.741379
v -2.232966 11.945395 2.819311
v -1.634035 11.941827 2.743622
v -1.598222 12.046717 2.988158
v -2.258322 12.046720 2.988134
v -1.608684 12.046124 2.868878
v -2.242407 12.046194 2.871301
v -1.816505 12.045620 2.738900
v -1.974483 12.012647 2.956844
v -1.735389 12.013647 2.931541
v -1.858538 12.013774 2.857270
v -1.766288 12.011273 2.877878
v -1.731276 12.014032 3.008746
v -2.119762 12.013661 2.933639
v -1.999201 12.013791 2.858933
v -2.089885 12.011395 2.881552
v -2.125441 12.014032 3.008817
v -1.882308 12.012647 2.956620
v -1.831512 12.012625 3.007519
v -2.025205 12.012625 3.007614
v -1.890506 12.849053 2.520355
v -1.889484 12.771714 2.520310
v -1.810720 12.808479 2.525008
v -1.978896 12.804072 2.510069
v -1.880398 12.643284 2.435032
v -1.875258 12.467469 2.417711
v -1.788282 12.557293 2.435754
v -1.977682 12.550849 2.419758
v -1.974297 12.646301 2.326639
v -1.924068 12.532457 2.367118
v -1.976929 12.811762 2.442132
v -1.933019 12.775145 2.447023
v -1.879451 12.571643 2.375443
v -1.928234 12.611970 2.391051
v -1.889102 12.810372 2.442323
v -1.928764 12.632756 2.293764
v -1.885743 12.647300 2.325839
v -1.930355 12.656871 2.359527
v -1.891340 12.769012 2.342248
v -1.934633 12.753163 2.368895
v -1.972550 12.768188 2.338572
v -1.928525 12.781160 2.312395
v -1.660787 11.919341 2.785573
v -2.191041 11.920016 2.791500
v -1.615457 11.938800 2.813646
v -2.164576 11.942192 2.835709
v -1.687977 11.936728 2.828206
v -1.708518 11.939066 2.761526
v -2.216845 11.948195 2.748693
v -2.146704 11.945547 2.767922
v -1.712573 12.000948 2.755932
v -1.692143 11.984360 2.832591
v -1.611482 12.005501 2.817288
v -1.631718 12.022258 2.739219
v -2.144074 12.004458 2.762202
v -2.218369 12.026201 2.744696
v -2.161458 11.987281 2.839049
v -2.235717 12.009402 2.822274
v -1.587124 12.934910 3.528584
v -2.261732 12.934871 3.528591
v -1.345492 12.934916 3.151913
v -2.503379 12.934828 3.151914
v -1.414566 12.935025 3.362956
v -2.434299 12.934960 3.362962
v -1.811779 12.934704 3.603477
v -2.037073 12.934690 3.603480
v -1.809779 12.892490 3.614336
v -2.039032 12.892347 3.614294
v -1.580740 12.892741 3.538190
v -2.268019 12.892298 3.538075
v -1.333989 12.893132 3.153754
v -2.514542 12.892189 3.153707
v -1.404394 12.893013 3.369080
v -2.444245 12.892253 3.368958
v -2.422134 12.844604 3.355892
v -1.813195 12.845312 3.591488
v -2.034468 12.845498 3.591762
v -1.592417 12.845281 3.517926
v -2.253992 12.844859 3.517605
v -1.355656 12.845856 3.149945
v -2.489793 12.844721 3.149807
v -1.423600 12.845524 3.356328
v -2.243515 12.834601 3.502498
v -1.376178 12.833081 3.145929
v -2.471608 12.834606 3.146092
v -1.441874 12.832519 3.344788
v -2.405617 12.833817 3.345309
v -1.831871 12.832791 3.574152
v -2.044884 12.836345 3.576249
v -1.605694 12.832688 3.501424
v -1.932044 12.846730 3.654350
v -2.061899 12.809617 3.570575
v -1.609432 12.814151 3.500200
v -2.242153 12.814853 3.499592
v -1.380030 12.814046 3.145066
v -2.468893 12.815098 3.145080
v -1.445444 12.814192 3.343341
v -2.403469 12.815102 3.343371
v -2.433077 12.743848 3.361853
v -1.845006 12.741444 3.602114
v -2.065674 12.737912 3.601939
v -1.591974 12.743462 3.527702
v -2.262434 12.743375 3.527046
v -1.348260 12.742557 3.151519
v -2.502234 12.743367 3.151478
v -1.417489 12.743164 3.361981
v -2.295491 12.544150 3.572158
v -1.297429 12.543797 3.161588
v -2.557168 12.544433 3.161572
v -1.372693 12.543936 3.391964
v -2.481935 12.544475 3.391918
v -1.974132 12.567969 3.715514
v -2.082362 12.539194 3.654400
v -1.561195 12.544532 3.572946
v -2.063240 12.320254 3.644719
v -1.568506 12.323302 3.564936
v -2.290019 12.323179 3.564478
v -1.308416 12.323378 3.160031
v -2.548320 12.323576 3.160033
v -1.382523 12.323133 3.386996
v -2.474213 12.323303 3.387001
v -1.823445 12.318429 3.645617
v -1.820006 12.194495 3.582253
v -2.037883 12.194325 3.582084
v -1.603830 12.194364 3.510307
v -2.252813 12.194188 3.510063
v -1.372755 12.194688 3.148526
v -2.484008 12.194677 3.148536
v -1.439026 12.194286 3.351724
v -2.417473 12.194152 3.351643
v -1.475029 12.109052 3.129956
v -2.381512 12.109016 3.130007
v -1.520684 12.109576 3.292259
v -2.331308 12.109144 3.290998
v -1.816728 12.108755 3.470721
v -2.039747 12.108699 3.469814
v -1.632348 12.109154 3.413150
v -2.220069 12.108856 3.410427
v -2.041254 12.045678 3.354354
v -2.232966 11.945395 3.276423
v -1.634035 11.941827 3.352112
v -1.598222 12.046717 3.107576
v -2.258322 12.046720 3.107599
v -1.608684 12.046124 3.226855
v -2.242407 12.046194 3.224432
v -1.816505 12.045620 3.356833
v -1.974483 12.012647 3.138889
v -1.735389 12.013647 3.164193
v -1.858538 12.013774 3.238464
v -1.766288 12.011273 3.217856
v -1.731276 12.014032 3.086988
v -2.119762 12.013661 3.162095
v -1.999201 12.013791 3.236801
v -2.089885 12.011395 3.214181
v -2.125441 12.014032 3.086916
v -1.882308 12.012647 3.139114
v -1.831512 12.012625 3.088214
v -2.025205 12.012625 3.088120
v -1.890597 12.849349 3.575195
v -1.889875 12.769410 3.579082
v -1.810288 12.809852 3.573299
v -1.980223 12.804992 3.587578
v -1.880486 12.643852 3.663707
v -1.875265 12.467360 3.678144
v -1.788080 12.556980 3.661675
v -1.978046 12.550635 3.677488
v -1.974289 12.646297 3.769035
v -1.924057 12.532475 3.728787
v -1.976909 12.811932 3.656491
v -1.933066 12.775142 3.653759
v -1.879623 12.570987 3.722468
v -1.928261 12.611929 3.707645
v -1.889171 12.811332 3.656328
v -1.928758 12.632776 3.801980
v -1.885732 12.647312 3.769811
v -1.930357 12.656667 3.736324
v -1.891337 12.768993 3.753568
v -1.934656 12.753423 3.726902
v -1.972549 12.768256 3.757327
v -1.928502 12.781141 3.783355
v -1.660787 11.919341 3.310161
v -2.191041 11.920016 3.304234
v -1.615457 11.938800 3.282088
v -2.164576 11.942192 3.260025
v -1.687977 11.936728 3.267528
v -1.708518 11.939065 3.334208
v -2.216845 11.948195 3.347041
v -2.146704 11.945547 3.327812
v -1.712573 12.000948 3.339802
v -1.692143 11.984360 3.263143
v -1.611482 12.005501 3.278445
v -1.631718 12.022258 3.356514
v -2.144074 12.004458 3.333532
v -2.218369 12.026201 3.351038
v -2.161458 11.987281 3.256685
v -2.235717 12.009402 3.273460
vn -0.6353 0.3993 0.6610
vn -0.0000 0.3936 0.9193
vn -0.2890 0.3936 0.8727
vn 0.6352 0.3998 0.6608
vn 0.9189 0.3945 -0.0000
vn 0.2890 0.3939 0.8726
vn 0.8726 0.3986 0.2824
vn -0.9193 0.3935 -0.0000
vn -0.8729 0.3978 0.2825
vn -0.6642 -0.2844 0.6913
vn 0.0002 -0.2666 0.9638
vn -0.3016 -0.2719 0.9138
vn 0.6657 -0.2782 0.6924
vn 0.9625 -0.2713 -0.0000
vn 0.3022 -0.2689 0.9145
vn 0.9148 -0.2758 0.2952
vn -0.9595 -0.2819 -0.0000
vn -0.9121 -0.2851 0.2946
vn -0.6216 0.4416 0.6470
vn -0.0004 0.4458 0.8951
vn -0.2813 0.4445 0.8505
vn 0.6112 0.4722 0.6352
vn 0.8822 0.4709 -0.0000
vn 0.2798 0.4561 0.8448
vn 0.8377 0.4740 0.2711
vn -0.9058 0.4238 -0.0000
vn -0.8587 0.4304 0.2783
vn -0.3714 0.8453 0.3841
vn -0.0090 0.7832 0.6217
vn -0.1745 0.8396 0.5145
vn 0.3681 0.8470 0.3835
vn 0.5347 0.8450 -0.0000
vn 0.1954 0.7877 0.5842
vn 0.5042 0.8480 0.1631
vn -0.5441 0.8391 -0.0000
vn -0.5129 0.8425 0.1648
vn -0.6516 0.3271 0.6844
vn 0.5081 -0.8595 0.0555
vn -0.4353 -0.7930 0.4262
vn 0.6668 0.2827 0.6896
vn 0.9626 0.2709 -0.0000
vn 0.3470 0.2017 0.9159
vn 0.9137 0.2787 0.2959
vn -0.9448 0.3277 -0.0000
vn -0.8967 0.3335 0.2912
vn -0.6365 -0.3865 0.6674
vn 0.4495 0.8728 0.1904
vn -0.4079 0.7919 0.4545
vn 0.6374 -0.3979 0.6598
vn 0.9234 -0.3838 -0.0000
vn 0.3181 -0.3753 0.8706
vn 0.8748 -0.3931 0.2832
vn -0.9294 -0.3690 -0.0000
vn -0.8804 -0.3791 0.2849
vn -0.6645 -0.2810 0.6925
vn 0.6790 -0.6581 0.3255
vn -0.4272 -0.5218 0.7384
vn 0.6647 -0.2924 0.6875
vn 0.9579 -0.2871 -0.0000
vn 0.3318 -0.2833 0.8998
vn 0.9102 -0.2914 0.2943
vn -0.9633 -0.2686 -0.0000
vn -0.9151 -0.2740 0.2960
vn -0.6913 0.0589 0.7202
vn 0.5475 0.5319 0.6460
vn -0.4352 0.2747 0.8574
vn 0.6939 0.0523 0.7181
vn 0.9987 0.0509 -0.0000
vn 0.3444 0.0614 0.9368
vn 0.9504 0.0515 0.3068
vn -0.9982 0.0603 -0.0000
vn -0.9499 0.0604 0.3067
vn -0.6150 0.4597 0.6406
vn 0.0004 0.4583 0.8888
vn -0.2784 0.4462 0.8505
vn 0.6154 0.4613 0.6391
vn 0.8910 0.4541 -0.0000
vn 0.2861 0.4616 0.8397
vn 0.8456 0.4590 0.2725
vn -0.8906 0.4547 -0.0000
vn -0.8456 0.4592 0.2723
vn -0.4607 0.7545 0.4675
vn 0.0006 0.7874 0.6164
vn -0.1964 0.7755 0.6000
vn 0.4479 0.7694 0.4554
vn 0.6384 0.7697 -0.0000
vn 0.1973 0.7812 0.5923
vn 0.6046 0.7728 0.1929
vn -0.6387 0.7695 -0.0000
vn -0.6127 0.7672 0.1899
vn -0.7159 0.6190 0.3231
vn 0.0034 0.8818 0.4717
vn -0.0592 0.7070 0.7047
vn 0.6969 0.6429 0.3179
vn 0.4477 0.8942 -0.0000
vn 0.0756 0.7273 0.6821
vn 0.4561 0.8830 0.1107
vn -0.4479 0.8941 -0.0000
vn -0.4662 0.8798 0.0927
vn -0.0039 0.9999 -0.0093
vn 0.0001 0.9999 0.0105
vn 0.0133 0.9999 0.0090
vn 0.0039 1.0000 -0.0088
vn 0.0107 0.9999 -0.0000
vn -0.0124 0.9999 0.0099
vn 0.0175 0.9998 -0.0018
vn -0.0107 0.9999 -0.0000
vn -0.0174 0.9998 -0.0022
vn -0.2425 0.9702 0.0024
vn -0.2660 0.8406 -0.4718
vn -0.2353 0.9719 -0.0000
vn 0.3096 0.9373 0.1604
vn 0.0036 0.9646 0.2636
vn 0.2435 0.9698 0.0118
vn 0.2862 0.8492 -0.4438
vn 0.2355 0.9719 -0.0000
vn -0.2998 0.9388 0.1697
vn -0.0000 1.0000 -0.0000
vn -0.2530 0.2789 0.9264
vn 0.1164 -0.0272 0.9928
vn -0.2399 -0.3133 0.9189
vn 0.0358 -0.2803 0.9593
vn -0.2967 -0.3274 0.8971
vn 0.1053 -0.3772 0.9201
vn -0.3089 0.0791 0.9478
vn 0.0696 0.1278 0.9894
vn -0.5611 -0.7413 0.3683
vn 0.4717 -0.7796 0.4121
vn -0.5206 0.7873 -0.3304
vn 0.6121 0.7298 -0.3045
vn -0.6100 -0.5383 -0.5815
vn 0.6407 -0.4837 -0.5963
vn -0.5690 0.4802 0.6676
vn 0.5501 0.5445 0.6332
vn -0.4544 0.1039 -0.8847
vn 0.5144 0.1031 -0.8513
vn -0.5343 -0.1216 0.8365
vn 0.5089 -0.0996 0.8550
vn -0.3751 0.9151 0.1477
vn 0.0647 0.8976 0.4361
vn 0.5423 0.8263 0.1521
vn -0.1224 0.8321 0.5409
vn -0.0929 0.9283 -0.3601
vn 0.3341 0.9394 -0.0766
vn 0.1564 0.8674 -0.4725
vn -0.5032 0.8597 -0.0876
vn 0.2238 0.0664 0.9724
vn -0.9684 0.0489 0.2445
vn -0.1957 0.0736 -0.9779
vn 0.9489 0.1121 -0.2949
vn 0.2436 0.0736 -0.9671
vn 0.9768 0.0422 0.2101
vn -0.9659 0.1032 -0.2375
vn -0.2612 0.0725 0.9625
vn -0.6353 0.3993 -0.6610
vn -0.0000 0.3936 -0.9193
vn -0.2890 0.3936 -0.8727
vn 0.6352 0.3998 -0.6608
vn 0.2890 0.3939 -0.8726
vn 0.8726 0.3986 -0.2824
vn -0.8729 0.3978 -0.2825
vn -0.6642 -0.2844 -0.6913
vn 0.0002 -0.2666 -0.9638
vn -0.3016 -0.2719 -0.9138
vn 0.6657 -0.2782 -0.6924
vn 0.3022 -0.2689 -0.9145
vn 0.9148 -0.2758 -0.2952
vn -0.9121 -0.2851 -0.2946
vn -0.6216 0.4416 -0.6470
vn -0.0004 0.4458 -0.8951
vn -0.2813 0.4445 -0.8505
vn 0.6112 0.4722 -0.6352
vn 0.2798 0.4561 -0.8448
vn 0.8377 0.4740 -0.2711
vn -0.8587 0.4304 -0.2783
vn -0.3714 0.8453 -0.3841
vn -0.0091 0.7830 -0.6219
vn -0.1745 0.8395 -0.5146
vn 0.3681 0.8470 -0.3835
vn 0.1954 0.7877 -0.5842
vn 0.5042 0.8480 -0.1631
vn -0.5129 0.8425 -0.1648
vn -0.6518 0.3266 -0.6845
vn 0.5012 -0.8635 -0.0561
vn -0.4051 -0.8167 -0.4110
vn 0.6668 0.2827 -0.6896
vn 0.3473 0.2011 -0.9160
vn 0.9137 0.2787 -0.2959
vn -0.8967 0.3335 -0.2912
vn -0.6368 -0.3864 -0.6673
vn 0.4651 0.8663 -0.1820
vn -0.4388 0.7728 -0.4586
vn 0.6374 -0.3979 -0.6598
vn 0.3186 -0.3751 -0.8705
vn 0.8748 -0.3931 -0.2832
vn -0.8804 -0.3791 -0.2849
vn -0.6646 -0.2810 -0.6923
vn 0.6851 -0.6569 -0.3148
vn -0.4404 -0.5077 -0.7405
vn 0.6647 -0.2924 -0.6875
vn 0.3321 -0.2833 -0.8997
vn 0.9102 -0.2914 -0.2943
vn -0.9151 -0.2740 -0.2960
vn -0.6914 0.0589 -0.7201
vn 0.5324 0.5398 -0.6521
vn -0.4219 0.2958 -0.8570
vn 0.6939 0.0523 -0.7181
vn 0.3445 0.0615 -0.9368
vn 0.9504 0.0515 -0.3068
vn -0.9499 0.0604 -0.3067
vn -0.6150 0.4597 -0.6406
vn 0.0004 0.4584 -0.8888
vn -0.2784 0.4462 -0.8505
vn 0.6154 0.4613 -0.6391
vn 0.2861 0.4616 -0.8397
vn 0.8456 0.4590 -0.2725
vn -0.8456 0.4592 -0.2723
vn -0.4607 0.7545 -0.4675
vn 0.0006 0.7874 -0.6164
vn -0.1964 0.7755 -0.6000
vn 0.4479 0.7694 -0.4554
vn 0.1973 0.7812 -0.5923
vn 0.6046 0.7728 -0.1929
vn -0.6127 0.7672 -0.1899
vn -0.7159 0.6190 -0.3231
vn 0.0034 0.8818 -0.4717
vn -0.0592 0.7070 -0.7047
vn 0.6969 0.6429 -0.3179
vn 0.0756 0.7273 -0.6821
vn 0.4561 0.8830 -0.1107
vn -0.4662 0.8798 -0.0927
vn -0.0039 0.9999 0.0093
vn 0.0001 0.9999 -0.0105
vn 0.0133 0.9999 -0.0090
vn 0.0039 1.0000 0.0088
vn -0.0124 0.9999 -0.0099
vn 0.0175 0.9998 0.0018
vn -0.0174 0.9998 0.0022
vn -0.2425 0.9702 -0.0024
vn -0.2660 0.8406 0.4718
vn 0.3096 0.9373 -0.1604
vn 0.0036 0.9646 -0.2636
vn 0.2435 0.9698 -0.0118
vn 0.2862 0.8492 0.4438
vn -0.2998 0.9388 -0.1697
vn -0.2579 0.2491 -0.9335
vn 0.1260 -0.0646 -0.9899
vn -0.2520 -0.3066 -0.9179
vn 0.0644 -0.2407 -0.9685
vn -0.3021 -0.3318 -0.8937
vn 0.1166 -0.3875 -0.9144
vn -0.3098 0.0823 -0.9472
vn 0.0708 0.1306 -0.9889
vn -0.5522 -0.7465 -0.3713
vn 0.4604 -0.7855 -0.4136
vn -0.5057 0.7891 0.3487
vn 0.6041 0.7303 0.3191
vn -0.5949 -0.5328 0.6018
vn 0.6266 -0.4791 0.6147
vn -0.5584 0.4849 -0.6732
vn 0.5409 0.5478 -0.6383
vn -0.4517 0.1036 0.8861
vn 0.5125 0.1027 0.8525
vn -0.5328 -0.1216 -0.8375
vn 0.5075 -0.0997 -0.8558
vn -0.3751 0.9151 -0.1477
vn 0.0646 0.8976 -0.4361
vn 0.5423 0.8263 -0.1521
vn -0.1224 0.8321 -0.5409
vn -0.0929 0.9283 0.3601
vn 0.3341 0.9394 0.0766
vn 0.1564 0.8674 0.4725
vn -0.5032 0.8597 0.0876
vn 0.2238 0.0664 -0.9724
vn -0.9684 0.0489 -0.2445
vn -0.1957 0.0736 0.9779
vn 0.9489 0.1121 0.2949
vn 0.2436 0.0736 0.9671
vn 0.9768 0.0422 -0.2101
vn -0.9659 0.1032 0.2375
vn -0.2612 0.0725 -0.9625
vn -0.7869 0.3980 0.4716
vn -0.1418 0.3939 0.9081
vn -0.4522 0.3954 0.7995
vn -0.9101 0.3962 0.1211
vn 0.7867 0.3987 0.4714
vn 0.1418 0.3940 0.9081
vn 0.4521 0.3958 0.7993
vn 0.9097 0.3972 0.1210
vn -0.8219 -0.2864 0.4923
vn -0.1480 -0.2683 0.9519
vn -0.4722 -0.2780 0.8365
vn -0.9508 -0.2829 0.1260
vn 0.8241 -0.2785 0.4933
vn 0.1484 -0.2668 0.9523
vn 0.4732 -0.2734 0.8375
vn 0.9538 -0.2727 0.1262
vn -0.6314 -0.4119 0.6570
vn -0.2874 -0.4002 0.8702
vn 0.2876 -0.3992 0.8706
vn 0.6320 -0.4100 0.6576
vn -0.9125 -0.4092 -0.0000
vn -0.8670 -0.4122 0.2799
vn 0.8683 -0.4093 0.2803
vn 0.9140 -0.4058 -0.0000
vn -0.0000 -0.3964 0.9181
vn -0.7712 0.4370 0.4628
vn -0.1383 0.4448 0.8849
vn -0.4410 0.4437 0.7802
vn -0.8972 0.4252 0.1195
vn 0.7546 0.4756 0.4522
vn 0.1376 0.4491 0.8828
vn 0.4362 0.4648 0.7705
vn 0.8742 0.4715 0.1162
vn -0.3133 -0.0066 0.9496
vn 0.0005 -0.0013 1.0000
vn 0.3143 0.0020 0.9493
vn -0.6924 -0.0147 0.7214
vn 0.6934 0.0041 0.7205
vn -0.9997 -0.0235 -0.0000
vn -0.9511 -0.0214 0.3080
vn 0.9515 0.0052 0.3075
vn 1.0000 0.0052 -0.0000
vn -0.4600 0.8447 0.2738
vn -0.0949 0.8224 0.5609
vn -0.2657 0.8435 0.4667
vn -0.5377 0.8401 0.0710
vn 0.4524 0.8496 0.2712
vn 0.0972 0.7546 0.6490
vn 0.2754 0.8297 0.4856
vn 0.5284 0.8461 0.0702
vn 0.4215 0.7934 0.4392
vn 0.5769 0.7952 0.1864
vn -0.6489 0.7609 -0.0000
vn 0.6089 0.7933 -0.0000
vn -0.2010 0.7714 0.6038
vn -0.0036 0.7573 0.6530
vn 0.2002 0.7697 0.6062
vn -0.4406 0.7728 0.4568
vn -0.6126 0.7654 0.1973
vn -0.8078 0.3341 0.4857
vn -0.1357 0.0330 0.9902
vn -0.4513 0.3151 0.8349
vn -0.9357 0.3299 0.1250
vn 0.8224 0.2844 0.4927
vn 0.2116 0.1233 0.9696
vn 0.4901 0.2572 0.8328
vn 0.9535 0.2733 0.1271
vn 0.2842 0.5370 0.7942
vn 0.5242 0.6550 0.5443
vn -0.7308 0.6826 -0.0000
vn -0.6888 0.6900 0.2223
vn 0.7217 0.6517 0.2333
vn 0.7668 0.6419 -0.0000
vn -0.5014 0.6896 0.5225
vn -0.2342 0.6817 0.6932
vn -0.0006 0.4966 0.8680
vn -0.7915 -0.3860 0.4739
vn -0.1167 -0.3634 0.9243
vn -0.4361 -0.3665 0.8219
vn -0.9200 -0.3722 0.1224
vn 0.7867 -0.3985 0.4715
vn 0.1701 -0.3492 0.9215
vn 0.4656 -0.3876 0.7956
vn 0.9141 -0.3869 0.1216
vn -0.3285 -0.0030 0.9445
vn 0.1348 -0.0459 0.9898
vn 0.3536 -0.0650 0.9332
vn -0.6897 -0.0451 0.7227
vn 0.6939 -0.0592 0.7176
vn -0.9993 -0.0376 -0.0000
vn -0.9504 -0.0407 0.3083
vn 0.9496 -0.0577 0.3080
vn 0.9985 -0.0553 -0.0000
vn -0.8239 -0.2783 0.4937
vn -0.1079 -0.4531 0.8849
vn -0.4694 -0.2888 0.8344
vn -0.9545 -0.2701 0.1267
vn 0.8200 -0.2939 0.4912
vn 0.2025 -0.2949 0.9338
vn 0.4839 -0.2868 0.8268
vn 0.9492 -0.2883 0.1260
vn 0.6156 -0.4639 0.6371
vn 0.8441 -0.4615 0.2731
vn -0.9001 -0.4356 -0.0000
vn 0.8907 -0.4546 -0.0000
vn -0.2529 -0.4911 0.8336
vn 0.0231 -0.4959 0.8681
vn 0.3031 -0.4486 0.8408
vn -0.6161 -0.4525 0.6447
vn -0.8527 -0.4437 0.2758
vn -0.8564 0.0599 0.5129
vn -0.1328 0.1622 0.9778
vn -0.4891 0.0607 0.8701
vn -0.9896 0.0603 0.1309
vn 0.8568 0.0519 0.5130
vn 0.2068 0.0808 0.9751
vn 0.5032 0.0542 0.8625
vn 0.9901 0.0511 0.1310
vn 0.3478 -0.1007 0.9321
vn 0.6910 -0.1081 0.7147
vn -0.9958 -0.0916 -0.0000
vn -0.9473 -0.0943 0.3060
vn 0.9461 -0.1078 0.3055
vn 0.9944 -0.1059 -0.0000
vn -0.6895 -0.0983 0.7176
vn -0.3564 -0.0982 0.9292
vn 0.2145 -0.0846 0.9731
vn -0.7612 0.4617 0.4554
vn -0.1375 0.4488 0.8830
vn -0.4368 0.4518 0.7778
vn -0.8823 0.4560 0.1164
vn 0.7610 0.4620 0.4554
vn 0.1424 0.4645 0.8740
vn 0.4406 0.4587 0.7717
vn 0.8826 0.4554 0.1165
vn 0.0168 0.2847 0.9585
vn 0.3227 0.2632 0.9092
vn -0.6691 0.2569 0.6973
vn -0.3004 0.2558 0.9189
vn 0.6714 0.2553 0.6957
vn -0.9671 0.2544 -0.0000
vn -0.9196 0.2572 0.2968
vn 0.9206 0.2536 0.2970
vn 0.9681 0.2505 -0.0000
vn -0.5630 0.7605 0.3236
vn -0.0988 0.7846 0.6121
vn -0.3180 0.7606 0.5660
vn -0.6339 0.7692 0.0807
vn 0.5475 0.7727 0.3213
vn 0.1001 0.7871 0.6086
vn 0.3147 0.7715 0.5529
vn 0.6320 0.7706 0.0824
vn -0.7794 0.6265 -0.0000
vn 0.7794 0.6266 -0.0000
vn -0.2421 0.6274 0.7401
vn -0.0010 0.6330 0.7741
vn 0.2430 0.6357 0.7327
vn -0.5393 0.6279 0.5612
vn 0.5355 0.6349 0.5568
vn -0.7405 0.6289 0.2368
vn 0.7380 0.6317 0.2374
vn -0.5567 0.8198 0.1343
vn -0.0399 0.8558 0.5158
vn -0.4229 0.5423 0.7260
vn -0.4495 0.8922 0.0442
vn 0.5287 0.8333 0.1616
vn 0.0488 0.8601 0.5078
vn 0.4406 0.5763 0.6883
vn 0.4477 0.8928 0.0503
vn -0.5151 0.8572 -0.0000
vn -0.5095 0.8489 0.1411
vn 0.4971 0.8546 0.1503
vn 0.5147 0.8574 -0.0000
vn -0.4784 0.7749 0.4132
vn 0.4534 0.7992 0.3947
vn -0.1568 0.8213 0.5485
vn 0.0018 0.8678 0.4969
vn 0.1618 0.8295 0.5345
vn -0.2716 0.9575 -0.0974
vn 0.0533 0.9647 0.2581
vn 0.1943 0.9125 -0.3600
vn -0.2360 0.9717 0.0099
vn 0.2762 0.9577 -0.0805
vn -0.0428 0.9652 0.2579
vn -0.1992 0.9239 -0.3267
vn 0.2366 0.9715 0.0130
vn 0.0047 0.9027 0.4301
vn -0.2709 0.7803 0.5638
vn -0.7382 0.6019 -0.3046
vn 0.2803 0.7618 0.5840
vn 0.7503 0.6149 -0.2427
vn -0.3773 0.9261 -0.0000
vn -0.4022 0.9148 0.0373
vn 0.3996 0.9150 0.0562
vn 0.3774 0.9260 -0.0000
vn -0.0089 0.9999 -0.0049
vn 0.0039 0.9999 0.0099
vn 0.0050 1.0000 -0.0034
vn -0.0114 0.9999 -0.0024
vn 0.0089 0.9999 -0.0045
vn -0.0036 0.9999 0.0102
vn -0.0047 1.0000 -0.0028
vn 0.0114 0.9999 -0.0023
vn -0.0558 0.9923 -0.1106
vn -0.0849 0.9964 -0.0027
vn -0.0827 0.9966 -0.0000
vn 0.0012 0.9965 0.0840
vn 0.0654 0.9969 0.0441
vn 0.0854 0.9963 -0.0005
vn 0.0571 0.9927 -0.1058
vn 0.0828 0.9966 -0.0000
vn -0.0609 0.9969 0.0488
vn -0.0000 1.0000 0.0003
vn 0.0001 1.0000 -0.0000
vn -0.0001 1.0000 -0.0000
vn 0.0007 1.0000 -0.0004
vn -0.0007 1.0000 -0.0004
vn 0.0291 -0.9957 0.0884
vn -0.0297 0.9754 0.2184
vn -0.6633 0.1185 0.7389
vn 0.9853 -0.0013 0.1710
vn 0.2823 -0.7559 0.5907
vn -0.3037 -0.2529 0.9186
vn -0.2851 0.1697 0.9433
vn 0.1733 0.4945 0.8517
vn 0.0006 -0.8325 0.5540
vn -0.0775 0.5635 0.8225
vn -0.5736 -0.1161 0.8109
vn 0.9455 -0.0281 0.3244
vn 0.2850 -0.4831 0.8279
vn -0.2764 -0.3050 0.9114
vn -0.2744 0.0690 0.9591
vn 0.1648 0.1952 0.9668
vn -0.0979 -0.8933 0.4387
vn 0.1028 0.9230 -0.3707
vn -0.9935 -0.0678 0.0911
vn 0.9955 -0.0534 0.0784
vn 0.0481 -0.6473 -0.7607
vn -0.0384 0.6493 0.7596
vn -0.9723 -0.0275 0.2323
vn 0.9929 0.0293 0.1149
vn 0.6071 0.6929 0.3889
vn 0.7272 -0.6736 -0.1323
vn 0.5379 -0.8375 0.0962
vn -0.5435 -0.8168 0.1936
vn -0.5743 0.5666 0.5908
vn 0.5678 0.8224 0.0368
vn -0.5321 0.8370 0.1276
vn -0.6296 -0.7649 0.1362
vn 0.0922 0.1305 -0.9872
vn -0.1384 -0.1188 0.9832
vn -0.9965 -0.0761 0.0340
vn 0.9933 -0.0221 -0.1136
vn 0.5122 0.1905 0.8375
vn 0.5196 -0.1390 -0.8430
vn -0.5335 0.1585 0.8308
vn -0.4900 -0.1349 -0.8612
vn -0.5457 -0.4621 0.6991
vn -0.4495 0.4611 -0.7651
vn 0.5653 0.4411 -0.6971
vn 0.4556 -0.4650 0.7590
vn -0.1727 0.9133 0.3689
vn 0.2765 0.8615 0.4258
vn 0.1310 0.9526 -0.2747
vn -0.2294 0.9111 -0.3424
vn -0.4077 0.8832 0.2316
vn -0.2683 0.9433 -0.1952
vn 0.2679 0.9402 0.2104
vn 0.4156 0.8836 -0.2156
vn 0.2054 0.4391 0.8746
vn -0.9555 0.1565 0.2500
vn 0.2229 0.4112 -0.8838
vn 0.9587 0.1715 0.2269
vn -0.2628 0.3081 -0.9143
vn -0.8917 0.3951 -0.2209
vn 0.8456 0.5183 -0.1276
vn -0.1158 0.3230 0.9393
vn 0.1190 0.2877 0.9503
vn -0.8522 0.4716 0.2268
vn -0.1751 0.4858 -0.8564
vn 0.8196 0.5162 -0.2486
vn 0.8521 0.0945 0.5149
vn 0.4487 0.0995 -0.8881
vn -0.7685 0.0569 -0.6373
vn -0.4516 0.0436 0.8912
vn 0.3145 0.3164 -0.8950
vn 0.9107 0.3560 0.2095
vn -0.8481 0.5238 -0.0802
vn -0.2462 0.3684 0.8965
vn -0.8953 0.0906 0.4362
vn 0.5416 0.0440 0.8395
vn -0.5290 0.1001 -0.8427
vn 0.8331 0.0491 -0.5510
vn -0.7869 0.3980 -0.4716
vn -0.1418 0.3939 -0.9081
vn -0.4522 0.3954 -0.7995
vn -0.9101 0.3962 -0.1211
vn 0.7867 0.3987 -0.4714
vn 0.1418 0.3940 -0.9081
vn 0.4521 0.3958 -0.7993
vn 0.9097 0.3972 -0.1210
vn -0.8219 -0.2864 -0.4923
vn -0.1480 -0.2683 -0.9519
vn -0.4722 -0.2780 -0.8365
vn -0.9508 -0.2829 -0.1260
vn 0.8241 -0.2785 -0.4933
vn 0.1484 -0.2668 -0.9523
vn 0.4732 -0.2734 -0.8375
vn 0.9538 -0.2727 -0.1262
vn -0.6314 -0.4119 -0.6570
vn -0.2874 -0.4002 -0.8702
vn 0.2876 -0.3992 -0.8706
vn 0.6320 -0.4100 -0.6576
vn -0.8670 -0.4122 -0.2799
vn 0.8683 -0.4093 -0.2803
vn -0.0000 -0.3964 -0.9181
vn -0.7712 0.4370 -0.4628
vn -0.1383 0.4448 -0.8849
vn -0.4410 0.4437 -0.7802
vn -0.8972 0.4252 -0.1195
vn 0.7546 0.4756 -0.4522
vn 0.1376 0.4491 -0.8828
vn 0.4362 0.4648 -0.7705
vn 0.8742 0.4715 -0.1162
vn -0.3133 -0.0066 -0.9496
vn 0.0005 -0.0013 -1.0000
vn 0.3143 0.0020 -0.9493
vn -0.6924 -0.0147 -0.7214
vn 0.6934 0.0041 -0.7205
vn -0.9511 -0.0214 -0.3080
vn 0.9515 0.0052 -0.3075
vn -0.4600 0.8447 -0.2738
vn -0.0949 0.8223 -0.5611
vn -0.2657 0.8435 -0.4668
vn -0.5377 0.8401 -0.0710
vn 0.4524 0.8496 -0.2712
vn 0.0972 0.7544 -0.6492
vn 0.2754 0.8297 -0.4856
vn 0.5284 0.8461 -0.0702
vn 0.4215 0.7934 -0.4392
vn 0.5769 0.7952 -0.1864
vn -0.2010 0.7714 -0.6038
vn -0.0036 0.7573 -0.6530
vn 0.2002 0.7697 -0.6062
vn -0.4406 0.7728 -0.4568
vn -0.6126 0.7654 -0.1973
vn -0.8078 0.3341 -0.4857
vn -0.1343 0.0008 -0.9909
vn -0.4532 0.3091 -0.8361
vn -0.9357 0.3299 -0.1250
vn 0.8224 0.2844 -0.4927
vn 0.2137 0.1161 -0.9700
vn 0.4901 0.2572 -0.8328
vn 0.9535 0.2733 -0.1271
vn 0.2843 0.5368 -0.7944
vn 0.5242 0.6550 -0.5443
vn -0.6888 0.6900 -0.2223
vn 0.7217 0.6517 -0.2333
vn -0.5015 0.6895 -0.5226
vn -0.2353 0.6789 -0.6955
vn -0.0007 0.4920 -0.8706
vn -0.7915 -0.3860 -0.4739
vn -0.1275 -0.2912 -0.9481
vn -0.4389 -0.3648 -0.8212
vn -0.9200 -0.3722 -0.1224
vn 0.7867 -0.3985 -0.4715
vn 0.1751 -0.3466 -0.9215
vn 0.4656 -0.3876 -0.7956
vn 0.9141 -0.3869 -0.1216
vn -0.3369 -0.0214 -0.9413
vn 0.1579 -0.0580 -0.9858
vn 0.3540 -0.0654 -0.9330
vn -0.6899 -0.0455 -0.7225
vn 0.6939 -0.0592 -0.7176
vn -0.9504 -0.0407 -0.3083
vn 0.9496 -0.0576 -0.3080
vn -0.8239 -0.2783 -0.4937
vn -0.1072 -0.4689 -0.8767
vn -0.4708 -0.2894 -0.8334
vn -0.9545 -0.2701 -0.1267
vn 0.8200 -0.2939 -0.4912
vn 0.2052 -0.2957 -0.9330
vn 0.4839 -0.2868 -0.8268
vn 0.9492 -0.2883 -0.1260
vn 0.6156 -0.4639 -0.6371
vn 0.8441 -0.4615 -0.2731
vn -0.2563 -0.4884 -0.8342
vn 0.0268 -0.4925 -0.8699
vn 0.3034 -0.4485 -0.8407
vn -0.6163 -0.4525 -0.6446
vn -0.8527 -0.4437 -0.2758
vn -0.8564 0.0599 -0.5129
vn -0.1328 0.1647 -0.9774
vn -0.4897 0.0614 -0.8697
vn -0.9896 0.0603 -0.1309
vn 0.8568 0.0519 -0.5130
vn 0.2078 0.0817 -0.9747
vn 0.5032 0.0542 -0.8625
vn 0.9901 0.0511 -0.1310
vn 0.3480 -0.1007 -0.9321
vn 0.6910 -0.1081 -0.7147
vn -0.9473 -0.0943 -0.3060
vn 0.9461 -0.1078 -0.3055
vn -0.6897 -0.0982 -0.7174
vn -0.3617 -0.0948 -0.9275
vn 0.2265 -0.0816 -0.9706
vn -0.7612 0.4617 -0.4554
vn -0.1375 0.4489 -0.8830
vn -0.4369 0.4519 -0.7778
vn -0.8823 0.4560 -0.1164
vn 0.7610 0.4620 -0.4554
vn 0.1424 0.4646 -0.8740
vn 0.4406 0.4587 -0.7717
vn 0.8826 0.4554 -0.1165
vn 0.0168 0.2852 -0.9583
vn 0.3227 0.2633 -0.9092
vn -0.6691 0.2569 -0.6973
vn -0.3004 0.2562 -0.9187
vn 0.6714 0.2553 -0.6957
vn -0.9196 0.2572 -0.2968
vn 0.9206 0.2536 -0.2970
vn -0.5630 0.7605 -0.3236
vn -0.0988 0.7846 -0.6121
vn -0.3180 0.7606 -0.5660
vn -0.6339 0.7692 -0.0807
vn 0.5475 0.7727 -0.3213
vn 0.1001 0.7871 -0.6086
vn 0.3147 0.7715 -0.5529
vn 0.6320 0.7706 -0.0824
vn -0.2421 0.6274 -0.7401
vn -0.0010 0.6330 -0.7741
vn 0.2430 0.6357 -0.7327
vn -0.5393 0.6279 -0.5612
vn 0.5355 0.6349 -0.5568
vn -0.7405 0.6289 -0.2368
vn 0.7380 0.6317 -0.2374
vn -0.5567 0.8198 -0.1343
vn -0.0399 0.8558 -0.5158
vn -0.4229 0.5423 -0.7260
vn -0.4495 0.8922 -0.0442
vn 0.5287 0.8333 -0.1616
vn 0.0488 0.8601 -0.5078
vn 0.4406 0.5763 -0.6883
vn 0.4477 0.8928 -0.0503
vn -0.5095 0.8489 -0.1411
vn 0.4971 0.8546 -0.1503
vn -0.4784 0.7749 -0.4132
vn 0.4534 0.7992 -0.3947
vn -0.1568 0.8213 -0.5485
vn 0.0018 0.8678 -0.4969
vn 0.1618 0.8295 -0.5345
vn -0.2716 0.9575 0.0974
vn 0.0533 0.9647 -0.2581
vn 0.1943 0.9125 0.3600
vn -0.2360 0.9717 -0.0099
vn 0.2762 0.9577 0.0805
vn -0.0428 0.9652 -0.2579
vn -0.1992 0.9239 0.3267
vn 0.2366 0.9715 -0.0130
vn 0.0047 0.9027 -0.4301
vn -0.2709 0.7803 -0.5638
vn -0.7382 0.6019 0.3046
vn 0.2803 0.7618 -0.5840
vn 0.7503 0.6149 0.2427
vn -0.4022 0.9148 -0.0373
vn 0.3996 0.9150 -0.0562
vn -0.0089 0.9999 0.0049
vn 0.0039 0.9999 -0.0099
vn 0.0050 1.0000 0.0034
vn -0.0114 0.9999 0.0024
vn 0.0089 0.9999 0.0045
vn -0.0036 0.9999 -0.0102
vn -0.0047 1.0000 0.0028
vn 0.0114 0.9999 0.0023
vn -0.0558 0.9923 0.1106
vn -0.0849 0.9964 0.0027
vn 0.0012 0.9965 -0.0840
vn 0.0654 0.9969 -0.0441
vn 0.0854 0.9963 0.0005
vn 0.0571 0.9927 0.1058
vn -0.0609 0.9969 -0.0488
vn -0.0000 1.0000 -0.0003
vn 0.0007 1.0000 0.0004
vn -0.0007 1.0000 0.0004
vn 0.0307 -0.9956 -0.0884
vn -0.0307 0.9768 -0.2120
vn -0.6738 0.0070 -0.7389
vn 0.9860 -0.0101 -0.1665
vn 0.2762 -0.7728 -0.5714
vn -0.2949 -0.3312 -0.8963
vn -0.3076 0.1981 -0.9307
vn 0.2112 0.5733 -0.7916
vn 0.0027 -0.8388 -0.5445
vn -0.0783 0.5639 -0.8221
vn -0.5737 -0.0812 -0.8151
vn 0.9465 -0.0142 -0.3223
vn 0.3139 -0.4978 -0.8085
vn -0.2884 -0.3095 -0.9061
vn -0.2729 0.0809 -0.9586
vn 0.1626 0.2018 -0.9658
vn -0.0980 -0.8943 -0.4367
vn 0.1061 0.9165 0.3857
vn -0.9913 -0.0751 -0.1079
vn 0.9934 -0.0616 -0.0963
vn 0.0486 -0.6302 0.7749
vn -0.0387 0.6489 -0.7599
vn -0.9696 -0.0278 -0.2433
vn 0.9922 0.0265 -0.1214
vn 0.5976 0.6979 -0.3948
vn 0.7252 -0.6740 0.1407
vn 0.5301 -0.8424 -0.0966
vn -0.5257 -0.8274 -0.1976
vn -0.5561 0.5790 -0.5962
vn 0.5727 0.8190 -0.0354
vn -0.5461 0.8281 -0.1262
vn -0.6375 -0.7585 -0.1352
vn 0.0922 0.1295 0.9873
vn -0.1385 -0.1187 -0.9832
vn -0.9966 -0.0759 -0.0334
vn 0.9932 -0.0221 0.1139
vn 0.5054 0.1906 -0.8416
vn 0.5125 -0.1329 0.8483
vn -0.5265 0.1586 -0.8352
vn -0.4819 -0.1285 0.8667
vn -0.5391 -0.4639 -0.7030
vn -0.4350 0.4581 0.7752
vn 0.5564 0.4376 0.7063
vn 0.4470 -0.4673 -0.7628
vn -0.1727 0.9133 -0.3689
vn 0.2765 0.8615 -0.4258
vn 0.1310 0.9526 0.2747
vn -0.2294 0.9111 0.3424
vn -0.4077 0.8832 -0.2316
vn -0.2683 0.9433 0.1952
vn 0.2679 0.9402 -0.2104
vn 0.4156 0.8836 0.2156
vn 0.2054 0.4391 -0.8746
vn -0.9555 0.1565 -0.2500
vn 0.2229 0.4112 0.8838
vn 0.9587 0.1715 -0.2269
vn -0.2628 0.3081 0.9143
vn -0.8917 0.3951 0.2209
vn 0.8456 0.5183 0.1276
vn -0.1158 0.3230 -0.9393
vn 0.1190 0.2877 -0.9503
vn -0.8522 0.4716 -0.2268
vn -0.1751 0.4858 0.8564
vn 0.8196 0.5162 0.2486
vn 0.8521 0.0945 -0.5149
vn 0.4487 0.0995 0.8881
vn -0.7685 0.0569 0.6373
vn -0.4516 0.0436 -0.8912
vn 0.3145 0.3164 0.8950
vn 0.9107 0.3560 -0.2095
vn -0.8481 0.5238 0.0802
vn -0.2462 0.3684 -0.8965
vn -0.8953 0.0906 -0.4362
vn 0.5416 0.0440 -0.8395
vn -0.5290 0.1001 0.8427
vn 0.8331 0.0491 0.5510
vn -0.4495 -0.4056 0.7959
vn 0.4498 -0.4042 0.7964
vn -0.9041 -0.4103 0.1198
vn 0.9055 -0.4070 0.1199
vn -0.7812 -0.4135 0.4677
vn 0.7822 -0.4111 0.4682
vn -0.1412 -0.3975 0.9067
vn 0.1412 -0.3970 0.9069
vn -0.1534 -0.0037 0.9882
vn 0.1545 0.0005 0.9880
vn -0.4915 -0.0103 0.8708
vn 0.4926 0.0031 0.8703
vn -0.9910 -0.0230 0.1316
vn 0.9913 0.0053 0.1314
vn -0.8573 -0.0186 0.5145
vn 0.8579 0.0049 0.5137
vn 0.5190 0.7963 0.3109
vn -0.1020 0.7656 0.6351
vn 0.0988 0.7568 0.6461
vn -0.3127 0.7731 0.5519
vn 0.3048 0.7843 0.5403
vn -0.6422 0.7618 0.0850
vn 0.6031 0.7937 0.0800
vn -0.5480 0.7700 0.3270
vn 0.3932 0.6185 0.6804
vn -0.7217 0.6856 0.0957
vn 0.7572 0.6454 0.1006
vn -0.6196 0.6921 0.3704
vn 0.6462 0.6577 0.3871
vn -0.1232 0.6221 0.7732
vn 0.1591 0.4473 0.8801
vn -0.3542 0.6877 0.6338
vn -0.0159 -0.9928 0.1187
vn 0.2126 -0.0621 0.9752
vn -0.4781 -0.0346 0.8776
vn 0.5070 -0.0599 0.8599
vn -0.9905 -0.0385 0.1322
vn 0.9896 -0.0561 0.1321
vn -0.8568 -0.0436 0.5139
vn 0.8561 -0.0589 0.5134
vn 0.7592 -0.4655 0.4549
vn -0.1047 -0.5198 0.8479
vn 0.1608 -0.4559 0.8754
vn -0.4244 -0.4610 0.7794
vn 0.4487 -0.4555 0.7689
vn -0.8912 -0.4379 0.1184
vn 0.8819 -0.4567 0.1171
vn -0.7663 -0.4496 0.4590
vn 0.5026 -0.1048 0.8581
vn -0.9871 -0.0923 0.1307
vn 0.9857 -0.1065 0.1305
vn -0.8539 -0.0967 0.5114
vn 0.8528 -0.1089 0.5107
vn 0.9935 0.0747 0.0864
vn 0.2255 -0.0957 0.9695
vn -0.4931 -0.0980 0.8644
vn 0.1722 0.2768 0.9454
vn -0.4728 0.2510 0.8447
vn 0.4840 0.2555 0.8369
vn -0.9585 0.2552 0.1268
vn 0.9595 0.2514 0.1269
vn -0.8287 0.2588 0.4962
vn 0.8295 0.2555 0.4966
vn -0.1421 0.2757 0.9507
vn -0.1207 0.6295 0.7676
vn 0.1201 0.6364 0.7619
vn -0.3809 0.6262 0.6803
vn 0.3802 0.6335 0.6739
vn -0.7722 0.6273 0.1010
vn 0.7716 0.6279 0.1015
vn -0.6678 0.6294 0.3973
vn 0.6632 0.6350 0.3961
vn -0.5133 0.8560 0.0607
vn 0.5107 0.8573 0.0646
vn -0.5224 0.8165 0.2456
vn 0.4930 0.8333 0.2503
vn -0.0757 0.8561 0.5112
vn 0.0799 0.8590 0.5058
vn -0.3116 0.7762 0.5480
vn 0.3094 0.7944 0.5227
vn -0.0075 0.8875 0.4607
vn 0.7848 0.3705 -0.4968
vn -0.4076 0.4200 0.8109
vn -0.3802 0.9245 0.0266
vn 0.3800 0.9244 0.0325
vn -0.5017 0.8644 -0.0333
vn 0.4975 0.8674 0.0046
vn 0.0209 0.8841 0.4669
vn -0.0011 1.0000 0.0005
vn -0.0803 0.9959 -0.0410
vn 0.0246 0.9969 0.0750
vn 0.0383 0.9981 -0.0491
vn -0.0842 0.9964 -0.0006
vn 0.0808 0.9960 -0.0378
vn -0.0212 0.9969 0.0764
vn -0.0356 0.9984 -0.0430
vn 0.0845 0.9964 0.0002
vn 0.0011 1.0000 0.0004
vn 0.0001 1.0000 -0.0011
vn -0.0001 1.0000 -0.0011
vn -0.0486 -0.8041 0.5925
vn -0.1399 0.4940 0.8581
vn -0.3031 0.0666 0.9506
vn 0.4649 0.0161 0.8852
vn -0.0850 -0.4945 0.8650
vn -0.1162 0.2008 0.9727
vn -0.3383 -0.1023 0.9355
vn 0.5383 -0.0510 0.8412
vn 0.9972 -0.0476 -0.0580
vn -0.0139 0.8309 0.5563
vn 0.9973 -0.0245 0.0686
vn 0.0102 0.9992 0.0379
vn -0.9009 -0.0657 0.4291
vn 0.0499 -0.9941 -0.0967
vn -0.9639 0.0206 0.2653
vn -0.0881 0.2123 0.9732
vn -0.9949 -0.0658 0.0763
vn 0.0569 -0.1443 -0.9879
vn -0.9950 -0.0919 0.0394
vn 0.1378 0.5341 -0.8341
vn 0.9994 -0.0292 -0.0193
vn -0.1604 -0.5235 0.8368
vn -0.0112 0.9995 0.0288
vn 0.0190 0.9992 0.0344
vn -0.6869 0.4815 -0.5444
vn -0.4854 0.4191 -0.7673
vn 0.3966 0.5009 -0.7693
vn 0.7508 0.4775 0.4565
vn 0.5055 0.3393 0.7933
vn -0.8323 0.3709 0.4118
vn 0.6809 0.3975 0.6151
vn 0.3935 0.4531 -0.7999
vn -0.7942 0.1880 -0.5778
vn -0.4790 0.1556 0.8639
vn -0.7119 0.4176 0.5646
vn 0.5453 0.1780 0.8191
vn -0.4482 0.4778 -0.7555
vn 0.8430 0.1910 -0.5028
vn -0.4495 -0.4056 -0.7959
vn 0.4498 -0.4042 -0.7964
vn -0.9041 -0.4103 -0.1198
vn 0.9055 -0.4070 -0.1199
vn -0.7812 -0.4135 -0.4677
vn 0.7822 -0.4111 -0.4682
vn -0.1412 -0.3975 -0.9067
vn 0.1412 -0.3970 -0.9069
vn -0.1534 -0.0037 -0.9882
vn 0.1545 0.0006 -0.9880
vn -0.4915 -0.0103 -0.8708
vn 0.4926 0.0031 -0.8703
vn -0.9910 -0.0230 -0.1316
vn 0.9913 0.0053 -0.1314
vn -0.8573 -0.0187 -0.5145
vn 0.8579 0.0049 -0.5137
vn 0.5190 0.7963 -0.3109
vn -0.1020 0.7656 -0.6351
vn 0.0988 0.7568 -0.6461
vn -0.3127 0.7731 -0.5519
vn 0.3048 0.7843 -0.5403
vn -0.6422 0.7618 -0.0850
vn 0.6031 0.7937 -0.0800
vn -0.5480 0.7700 -0.3270
vn 0.3932 0.6185 -0.6804
vn -0.7217 0.6856 -0.0957
vn 0.7572 0.6454 -0.1006
vn -0.6196 0.6921 -0.3704
vn 0.6462 0.6577 -0.3871
vn -0.1236 0.6176 -0.7768
vn 0.1597 0.4443 -0.8815
vn -0.3549 0.6864 -0.6347
vn -0.0138 -0.9931 -0.1165
vn 0.2171 -0.0664 -0.9739
vn -0.4806 -0.0391 -0.8761
vn 0.5070 -0.0599 -0.8599
vn -0.9905 -0.0385 -0.1322
vn 0.9896 -0.0561 -0.1321
vn -0.8568 -0.0436 -0.5139
vn 0.8561 -0.0590 -0.5134
vn 0.7592 -0.4655 -0.4549
vn -0.1054 -0.5154 -0.8505
vn 0.1634 -0.4547 -0.8755
vn -0.4260 -0.4601 -0.7790
vn 0.4487 -0.4555 -0.7689
vn -0.8912 -0.4379 -0.1184
vn 0.8819 -0.4567 -0.1171
vn -0.7663 -0.4496 -0.4590
vn 0.5026 -0.1048 -0.8581
vn -0.9871 -0.0923 -0.1307
vn 0.9857 -0.1065 -0.1305
vn -0.8539 -0.0967 -0.5114
vn 0.8528 -0.1089 -0.5107
vn 0.9922 0.0812 -0.0941
vn 0.2280 -0.0951 -0.9690
vn -0.4945 -0.0974 -0.8637
vn 0.1723 0.2770 -0.9453
vn -0.4728 0.2512 -0.8446
vn 0.4840 0.2555 -0.8369
vn -0.9585 0.2552 -0.1268
vn 0.9595 0.2514 -0.1269
vn -0.8287 0.2588 -0.4962
vn 0.8295 0.2555 -0.4966
vn -0.1420 0.2762 -0.9505
vn -0.1207 0.6295 -0.7676
vn 0.1201 0.6364 -0.7619
vn -0.3809 0.6262 -0.6803
vn 0.3802 0.6335 -0.6739
vn -0.7722 0.6273 -0.1010
vn 0.7716 0.6279 -0.1015
vn -0.6678 0.6294 -0.3973
vn 0.6632 0.6350 -0.3961
vn -0.5133 0.8560 -0.0607
vn 0.5107 0.8573 -0.0646
vn -0.5224 0.8165 -0.2456
vn 0.4930 0.8333 -0.2503
vn -0.0757 0.8561 -0.5112
vn 0.0799 0.8590 -0.5058
vn -0.3116 0.7762 -0.5480
vn 0.3094 0.7944 -0.5227
vn -0.0075 0.8875 -0.4607
vn 0.7848 0.3705 0.4968
vn -0.4076 0.4200 -0.8109
vn -0.3802 0.9245 -0.0266
vn 0.3800 0.9244 -0.0325
vn -0.5017 0.8644 0.0333
vn 0.4975 0.8674 -0.0046
vn 0.0209 0.8841 -0.4669
vn -0.0011 1.0000 -0.0005
vn -0.0803 0.9959 0.0410
vn 0.0246 0.9969 -0.0750
vn 0.0383 0.9981 0.0491
vn -0.0842 0.9964 0.0006
vn 0.0808 0.9960 0.0378
vn -0.0212 0.9969 -0.0764
vn -0.0356 0.9984 0.0430
vn 0.0845 0.9964 -0.0002
vn 0.0011 1.0000 -0.0004
vn 0.0001 1.0000 0.0011
vn -0.0001 1.0000 0.0011
vn -0.0454 -0.8154 -0.5771
vn -0.1250 0.5907 -0.7972
vn -0.3189 0.0046 -0.9478
vn 0.5137 -0.0256 -0.8576
vn -0.0817 -0.5186 -0.8511
vn -0.1159 0.2056 -0.9717
vn -0.3457 -0.0882 -0.9342
vn 0.5518 -0.0413 -0.8330
vn 0.9969 -0.0474 0.0633
vn -0.0143 0.8302 -0.5573
vn 0.9965 -0.0323 -0.0769
vn 0.0118 0.9993 -0.0351
vn -0.8945 -0.0355 -0.4457
vn 0.0508 -0.9926 0.1101
vn -0.9613 -0.0237 -0.2746
vn -0.0883 0.2114 -0.9734
vn -0.9953 -0.0663 -0.0701
vn 0.0570 -0.1351 0.9892
vn -0.9951 -0.0910 -0.0380
vn 0.1388 0.5232 0.8408
vn 0.9993 -0.0323 0.0174
vn -0.1613 -0.5227 -0.8371
vn -0.0112 0.9995 -0.0288
vn 0.0190 0.9992 -0.0344
vn -0.6869 0.4815 0.5444
vn -0.4854 0.4191 0.7673
vn 0.3966 0.5009 0.7693
vn 0.7508 0.4775 -0.4565
vn 0.5055 0.3393 -0.7933
vn -0.8324 0.3709 -0.4118
vn 0.6809 0.3975 -0.6151
vn 0.3935 0.4531 0.7999
vn -0.7942 0.1880 0.5778
vn -0.4790 0.1556 -0.8639
vn -0.7119 0.4176 -0.5646
vn 0.5453 0.1780 -0.8191
vn -0.4482 0.4778 0.7555
vn 0.8430 0.1910 0.5028
vn 0.2532 0.9305 -0.2646
vn -0.0000 0.9344 -0.3562
vn 0.1108 0.9341 -0.3393
vn -0.2536 0.9303 -0.2649
vn -0.3384 0.9410 -0.0000
vn -0.1109 0.9340 -0.3396
vn -0.3359 0.9358 -0.1072
vn 0.3375 0.9413 -0.0000
vn 0.3352 0.9361 -0.1069
vn 0.6658 0.2768 -0.6928
vn -0.0002 0.2596 -0.9657
vn 0.3025 0.2649 -0.9156
vn -0.6675 0.2699 -0.6940
vn -0.9645 0.2640 -0.0000
vn -0.3031 0.2615 -0.9164
vn -0.9167 0.2680 -0.2964
vn 0.9613 0.2754 -0.0000
vn 0.9139 0.2781 -0.2958
vn 0.6231 -0.4374 -0.6484
vn 0.0003 -0.4414 -0.8973
vn 0.2820 -0.4407 -0.8522
vn -0.6132 -0.4668 -0.6373
vn -0.8839 -0.4677 -0.0000
vn -0.2807 -0.4514 -0.8470
vn -0.8399 -0.4697 -0.2721
vn 0.9065 -0.4221 -0.0000
vn 0.8599 -0.4276 -0.2790
vn 0.3462 -0.8684 -0.3551
vn 0.0117 -0.8383 -0.5451
vn 0.1639 -0.8672 -0.4701
vn -0.3021 -0.9000 -0.3141
vn -0.4035 -0.9150 -0.0000
vn -0.1431 -0.8760 -0.4606
vn -0.4047 -0.9047 -0.1332
vn 0.4997 -0.8662 -0.0000
vn 0.4751 -0.8665 -0.1533
vn 0.6599 -0.2510 -0.7082
vn -0.5885 0.7854 0.1921
vn 0.4496 0.7954 -0.4064
vn -0.6862 -0.1707 -0.7071
vn -0.9896 -0.1437 -0.0000
vn -0.3621 -0.1277 -0.9233
vn -0.9419 -0.1478 -0.3016
vn 0.9624 -0.2717 -0.0000
vn 0.9141 -0.2760 -0.2972
vn 0.6352 0.3908 -0.6662
vn -0.5532 -0.8180 0.1577
vn 0.4265 -0.8288 -0.3622
vn -0.6364 0.4017 -0.6584
vn -0.9219 0.3874 -0.0000
vn -0.3177 0.3781 -0.8695
vn -0.8731 0.3969 -0.2832
vn 0.9277 0.3732 -0.0000
vn 0.8785 0.3835 -0.2848
vn 0.6646 0.2809 -0.6925
vn -0.7705 0.6368 0.0295
vn 0.4228 0.5240 -0.7393
vn -0.6649 0.2922 -0.6874
vn -0.9580 0.2869 -0.0000
vn -0.3321 0.2831 -0.8997
vn -0.9101 0.2912 -0.2948
vn 0.9633 0.2684 -0.0000
vn 0.9150 0.2738 -0.2965
vn 0.6914 -0.0593 -0.7201
vn -0.5881 -0.5560 -0.5874
vn 0.4415 -0.2821 -0.8518
vn -0.6941 -0.0528 -0.7180
vn -0.9987 -0.0513 -0.0000
vn -0.3446 -0.0619 -0.9367
vn -0.9502 -0.0519 -0.3073
vn 0.9982 -0.0607 -0.0000
vn 0.9497 -0.0608 -0.3072
vn 0.6152 -0.4593 -0.6407
vn -0.0005 -0.4585 -0.8887
vn 0.2787 -0.4463 -0.8504
vn -0.6156 -0.4611 -0.6391
vn -0.8910 -0.4539 -0.0000
vn -0.2864 -0.4616 -0.8396
vn -0.8456 -0.4587 -0.2730
vn 0.8456 -0.4589 -0.2728
vn 0.4609 -0.7540 -0.4681
vn -0.0006 -0.7866 -0.6174
vn 0.1969 -0.7747 -0.6009
vn -0.4483 -0.7687 -0.4561
vn -0.6390 -0.7692 -0.0000
vn -0.1978 -0.7805 -0.5931
vn -0.6054 -0.7721 -0.1933
vn 0.6393 -0.7690 -0.0000
vn 0.6135 -0.7664 -0.1904
vn 0.7333 -0.5962 -0.3269
vn -0.0034 -0.8818 -0.4717
vn 0.0538 -0.6982 -0.7139
vn -0.7118 -0.6237 -0.3232
vn -0.4478 -0.8942 -0.0000
vn -0.0700 -0.7189 -0.6915
vn -0.4558 -0.8832 -0.1107
vn 0.4479 -0.8941 -0.0000
vn 0.4658 -0.8800 -0.0928
vn 0.0045 -0.9999 0.0092
vn -0.0001 -0.9999 -0.0110
vn -0.0132 -0.9999 -0.0095
vn -0.0045 -1.0000 0.0087
vn -0.0111 -0.9999 -0.0000
vn 0.0124 -0.9999 -0.0104
vn -0.0182 -0.9998 0.0016
vn 0.0111 -0.9999 -0.0000
vn 0.0181 -0.9998 0.0020
vn 0.2423 -0.9702 -0.0039
vn 0.2541 -0.8336 0.4904
vn 0.2353 -0.9719 -0.0000
vn -0.3242 -0.9334 -0.1537
vn -0.0035 -0.9646 -0.2639
vn -0.2432 -0.9699 -0.0132
vn -0.2680 -0.8419 0.4683
vn -0.2356 -0.9719 -0.0000
vn 0.3095 -0.9368 -0.1631
vn -0.0000 -1.0000 -0.0000
vn 0.7051 -0.1089 -0.7006
vn -0.0626 0.0465 -0.9970
vn 0.2383 0.3079 -0.9211
vn -0.0297 0.3003 -0.9534
vn 0.2973 0.3271 -0.8970
vn -0.1023 0.3772 -0.9204
vn 0.3093 -0.0794 -0.9476
vn -0.0685 -0.1275 -0.9895
vn 0.5785 0.7293 -0.3653
vn -0.5002 0.7646 -0.4064
vn 0.6150 -0.7368 0.2810
vn -0.6882 -0.6803 0.2522
vn 0.6881 0.5160 0.5102
vn -0.7113 0.4647 0.5273
vn 0.5742 -0.4754 -0.6666
vn -0.5623 -0.5319 -0.6332
vn 0.5565 -0.0764 0.8273
vn -0.5907 -0.0846 0.8024
vn 0.5953 0.1267 -0.7935
vn -0.5452 0.1064 -0.8315
vn 0.4359 -0.8870 -0.1521
vn -0.0879 -0.8698 -0.4856
vn -0.5681 -0.8081 -0.1557
vn 0.1312 -0.8129 -0.5674
vn 0.1033 -0.9005 0.4224
vn -0.4006 -0.9110 0.0984
vn -0.1557 -0.8474 0.5076
vn 0.5308 -0.8410 0.1043
vn -0.2282 -0.0892 -0.9695
vn 0.9676 -0.0774 -0.2405
vn 0.1949 -0.1008 0.9756
vn -0.9477 -0.1152 0.2976
vn -0.2320 -0.0833 0.9691
vn -0.9756 -0.0571 -0.2119
vn 0.9630 -0.0854 0.2556
vn 0.2577 -0.0806 -0.9629
vn 0.2532 0.9305 0.2646
vn -0.0000 0.9344 0.3562
vn 0.1108 0.9341 0.3393
vn -0.2536 0.9303 0.2649
vn -0.1109 0.9340 0.3396
vn -0.3359 0.9358 0.1072
vn 0.3352 0.9361 0.1069
vn 0.6658 0.2768 0.6928
vn -0.0002 0.2596 0.9657
vn 0.3025 0.2649 0.9156
vn -0.6675 0.2699 0.6940
vn -0.3031 0.2615 0.9164
vn -0.9167 0.2680 0.2964
vn 0.9139 0.2781 0.2958
vn 0.6231 -0.4374 0.6484
vn 0.0003 -0.4414 0.8973
vn 0.2820 -0.4407 0.8522
vn -0.6132 -0.4668 0.6373
vn -0.2807 -0.4514 0.8470
vn -0.8399 -0.4697 0.2721
vn 0.8599 -0.4276 0.2790
vn 0.3460 -0.8685 0.3549
vn 0.0114 -0.8419 0.5395
vn 0.1634 -0.8683 0.4683
vn -0.3021 -0.9000 0.3141
vn -0.1407 -0.8808 0.4521
vn -0.4047 -0.9047 0.1332
vn 0.4751 -0.8665 0.1533
vn 0.6600 -0.2507 0.7082
vn -0.5899 0.7924 -0.1553
vn 0.4217 0.8185 0.3902
vn -0.6862 -0.1707 0.7071
vn -0.3624 -0.1273 0.9233
vn -0.9419 -0.1478 0.3016
vn 0.9141 -0.2760 0.2972
vn 0.6355 0.3906 0.6660
vn -0.5559 -0.8288 -0.0644
vn 0.4521 -0.7934 0.4076
vn -0.6364 0.4017 0.6584
vn -0.3182 0.3779 0.8694
vn -0.8731 0.3969 0.2832
vn 0.8785 0.3835 0.2848
vn 0.6647 0.2809 0.6923
vn -0.7682 0.6397 0.0256
vn 0.4332 0.5092 0.7437
vn -0.6649 0.2922 0.6874
vn -0.3324 0.2832 0.8996
vn -0.9101 0.2912 0.2948
vn 0.9150 0.2738 0.2965
vn 0.6914 -0.0594 0.7200
vn -0.5716 -0.5618 0.5980
vn 0.4291 -0.3025 0.8511
vn -0.6941 -0.0528 0.7180
vn -0.3447 -0.0620 0.9366
vn -0.9502 -0.0519 0.3073
vn 0.9497 -0.0608 0.3072
vn 0.6152 -0.4593 0.6407
vn -0.0005 -0.4586 0.8887
vn 0.2787 -0.4464 0.8504
vn -0.6156 -0.4611 0.6391
vn -0.2864 -0.4616 0.8396
vn -0.8456 -0.4587 0.2730
vn 0.8456 -0.4589 0.2728
vn 0.4609 -0.7540 0.4681
vn -0.0006 -0.7866 0.6174
vn 0.1969 -0.7747 0.6009
vn -0.4483 -0.7687 0.4561
vn -0.1978 -0.7805 0.5931
vn -0.6054 -0.7721 0.1933
vn 0.6135 -0.7664 0.1904
vn 0.7333 -0.5962 0.3269
vn -0.0034 -0.8818 0.4717
vn 0.0538 -0.6982 0.7139
vn -0.7118 -0.6237 0.3232
vn -0.0700 -0.7189 0.6915
vn -0.4558 -0.8832 0.1107
vn 0.4658 -0.8800 0.0928
vn 0.0045 -0.9999 -0.0092
vn -0.0001 -0.9999 0.0110
vn -0.0132 -0.9999 0.0095
vn -0.0045 -1.0000 -0.0087
vn 0.0124 -0.9999 0.0104
vn -0.0182 -0.9998 -0.0016
vn 0.0181 -0.9998 -0.0020
vn 0.2423 -0.9702 0.0039
vn 0.2541 -0.8336 -0.4904
vn -0.3242 -0.9334 0.1537
vn -0.0035 -0.9646 0.2639
vn -0.2432 -0.9699 0.0132
vn -0.2680 -0.8419 -0.4683
vn 0.3095 -0.9368 0.1631
vn 0.5460 0.6973 0.4644
vn -0.0915 0.1078 0.9900
vn 0.2503 0.3021 0.9198
vn -0.0680 0.2700 0.9605
vn 0.3027 0.3314 0.8936
vn -0.1136 0.3884 0.9145
vn 0.3102 -0.0826 0.9471
vn -0.0697 -0.1303 0.9890
vn 0.5703 0.7337 0.3694
vn -0.4920 0.7681 0.4098
vn 0.6131 -0.7352 -0.2892
vn -0.6888 -0.6774 -0.2581
vn 0.6781 0.5101 -0.5291
vn -0.7025 0.4602 -0.5429
vn 0.5652 -0.4776 0.6727
vn -0.5555 -0.5328 0.6384
vn 0.5541 -0.0761 -0.8289
vn -0.5893 -0.0841 -0.8035
vn 0.5945 0.1266 0.7941
vn -0.5440 0.1063 0.8323
vn 0.4359 -0.8870 0.1521
vn -0.0879 -0.8698 0.4856
vn -0.5681 -0.8081 0.1557
vn 0.1312 -0.8129 0.5674
vn 0.1033 -0.9005 -0.4224
vn -0.4006 -0.9110 -0.0984
vn -0.1557 -0.8474 -0.5076
vn 0.5308 -0.8410 -0.1043
vn -0.2282 -0.0892 0.9695
vn 0.9676 -0.0774 0.2405
vn 0.1949 -0.1008 -0.9756
vn -0.9477 -0.1152 -0.2976
vn -0.2320 -0.0833 -0.9691
vn -0.9756 -0.0571 0.2119
vn 0.9630 -0.0854 -0.2556
vn 0.2577 -0.0806 0.9629
vn 0.3079 0.9336 -0.1834
vn 0.0544 0.9341 -0.3529
vn 0.1762 0.9325 -0.3152
vn 0.3417 0.9388 -0.0444
vn -0.3084 0.9334 -0.1837
vn -0.0544 0.9340 -0.3530
vn -0.1764 0.9324 -0.3155
vn -0.3425 0.9385 -0.0445
vn 0.8236 0.2789 -0.4939
vn 0.1484 0.2613 -0.9538
vn 0.4738 0.2707 -0.8380
vn 0.9527 0.2763 -0.1267
vn -0.8258 0.2703 -0.4949
vn -0.1488 0.2596 -0.9542
vn -0.4748 0.2655 -0.8391
vn -0.9558 0.2652 -0.1269
vn 0.6323 0.4096 -0.6577
vn 0.2880 0.3980 -0.8710
vn -0.2882 0.3969 -0.8714
vn -0.6329 0.4075 -0.6583
vn 0.9134 0.4071 -0.0000
vn 0.8678 0.4100 -0.2807
vn -0.8691 0.4069 -0.2811
vn -0.9150 0.4035 -0.0000
vn -0.0000 0.3942 -0.9190
vn 0.7727 -0.4333 -0.4639
vn 0.1385 -0.4409 -0.8868
vn 0.4423 -0.4397 -0.7817
vn 0.8981 -0.4232 -0.1198
vn -0.7568 -0.4704 -0.4539
vn -0.1381 -0.4445 -0.8851
vn -0.4379 -0.4598 -0.7726
vn -0.8760 -0.4679 -0.1167
vn 0.3136 -0.0093 -0.9495
vn -0.0004 -0.0143 -0.9999
vn -0.3144 -0.0179 -0.9491
vn 0.6926 -0.0012 -0.7213
vn -0.6933 -0.0204 -0.7204
vn 1.0000 0.0075 -0.0000
vn 0.9512 0.0054 -0.3084
vn -0.9512 -0.0219 -0.3078
vn -0.9998 -0.0221 -0.0000
vn 0.4269 -0.8679 -0.2541
vn 0.0878 -0.8616 -0.4999
vn 0.2494 -0.8676 -0.4301
vn 0.4957 -0.8660 -0.0660
vn -0.3724 -0.9003 -0.2252
vn -0.0777 -0.7975 -0.5983
vn -0.2119 -0.9021 -0.3760
vn -0.4084 -0.9111 -0.0555
vn -0.4335 -0.7799 -0.4514
vn -0.5924 -0.7825 -0.1919
vn 0.6635 -0.7482 -0.0000
vn -0.6244 -0.7811 -0.0000
vn 0.2059 -0.7582 -0.6187
vn 0.0034 -0.7457 -0.6663
vn -0.2046 -0.7585 -0.6187
vn 0.4519 -0.7590 -0.4688
vn 0.6271 -0.7522 -0.2026
vn 0.8225 -0.2729 -0.4990
vn 0.1427 0.8490 0.5088
vn 0.4398 -0.2804 -0.8532
vn 0.9536 -0.2731 -0.1272
vn -0.8488 -0.1575 -0.5048
vn -0.2253 -0.0364 -0.9736
vn -0.5043 -0.1672 -0.8472
vn -0.9811 -0.1440 -0.1293
vn -0.2505 -0.6501 -0.7174
vn -0.5075 -0.6819 -0.5268
vn 0.7219 -0.6920 -0.0000
vn 0.6830 -0.6964 -0.2206
vn -0.7015 -0.6741 -0.2314
vn -0.7291 -0.6844 -0.0000
vn 0.5087 -0.6879 -0.5177
vn 0.2281 -0.7408 -0.6319
vn -0.1848 -0.9470 0.2628
vn 0.7895 0.3906 -0.4734
vn 0.1005 0.4615 -0.8814
vn 0.4358 0.3671 -0.8218
vn 0.9183 0.3765 -0.1226
vn -0.7850 0.4024 -0.4710
vn -0.1701 0.3474 -0.9221
vn -0.4654 0.3913 -0.7939
vn -0.9125 0.3906 -0.1219
vn 0.3364 0.0113 -0.9417
vn -0.0988 0.0353 -0.9945
vn -0.3547 0.0609 -0.9330
vn 0.6894 0.0465 -0.7229
vn -0.6942 0.0559 -0.7176
vn 0.9993 0.0386 -0.0000
vn 0.9503 0.0416 -0.3086
vn -0.9497 0.0549 -0.3083
vn -0.9986 0.0526 -0.0000
vn 0.8237 0.2781 -0.4942
vn 0.1082 0.4508 -0.8860
vn 0.4699 0.2887 -0.8342
vn 0.9545 0.2699 -0.1271
vn -0.8198 0.2936 -0.4917
vn -0.2026 0.2943 -0.9340
vn -0.4845 0.2866 -0.8265
vn -0.9492 0.2881 -0.1264
vn -0.6154 0.4648 -0.6366
vn -0.8434 0.4625 -0.2733
vn 0.8996 0.4366 -0.0000
vn -0.8901 0.4557 -0.0000
vn 0.2537 0.4951 -0.8310
vn -0.0233 0.5011 -0.8651
vn -0.3029 0.4500 -0.8401
vn 0.6157 0.4538 -0.6442
vn 0.8521 0.4446 -0.2761
vn 0.8561 -0.0603 -0.5133
vn 0.1328 -0.1618 -0.9778
vn 0.4896 -0.0612 -0.8698
vn 0.9895 -0.0608 -0.1314
vn -0.8566 -0.0524 -0.5134
vn -0.2068 -0.0811 -0.9750
vn -0.5038 -0.0547 -0.8621
vn -0.9900 -0.0515 -0.1314
vn -0.3480 0.1010 -0.9321
vn -0.6912 0.1083 -0.7145
vn 0.9958 0.0918 -0.0000
vn 0.9472 0.0945 -0.3065
vn -0.9459 0.1081 -0.3060
vn -0.9943 0.1062 -0.0000
vn 0.6896 0.0985 -0.7175
vn 0.3566 0.0987 -0.9290
vn -0.2081 0.0837 -0.9745
vn 0.7612 -0.4613 -0.4558
vn 0.1375 -0.4492 -0.8828
vn 0.4374 -0.4517 -0.7776
vn 0.8824 -0.4558 -0.1167
vn -0.7610 -0.4617 -0.4558
vn -0.1425 -0.4645 -0.8740
vn -0.4411 -0.4586 -0.7715
vn -0.8827 -0.4552 -0.1168
vn -0.0169 -0.2848 -0.9584
vn -0.3229 -0.2634 -0.9091
vn 0.6692 -0.2569 -0.6973
vn 0.3007 -0.2560 -0.9187
vn -0.6715 -0.2554 -0.6956
vn 0.9671 -0.2545 -0.0000
vn 0.9195 -0.2573 -0.2973
vn -0.9204 -0.2537 -0.2975
vn -0.9681 -0.2506 -0.0000
vn 0.5635 -0.7597 -0.3244
vn 0.0989 -0.7837 -0.6132
vn 0.3186 -0.7601 -0.5663
vn 0.6346 -0.7686 -0.0810
vn -0.5482 -0.7719 -0.3221
vn -0.1002 -0.7864 -0.6096
vn -0.3153 -0.7710 -0.5533
vn -0.6327 -0.7700 -0.0827
vn 0.7795 -0.6265 -0.0000
vn -0.7794 -0.6265 -0.0000
vn 0.2424 -0.6272 -0.7402
vn 0.0009 -0.6331 -0.7741
vn -0.2433 -0.6355 -0.7327
vn 0.5396 -0.6275 -0.5614
vn -0.5358 -0.6346 -0.5570
vn 0.7406 -0.6287 -0.2371
vn -0.7381 -0.6315 -0.2378
vn 0.5537 -0.8219 -0.1337
vn 0.0407 -0.8570 -0.5136
vn 0.4267 -0.5480 -0.7194
vn 0.4497 -0.8921 -0.0442
vn -0.5254 -0.8355 -0.1611
vn -0.0496 -0.8613 -0.5057
vn -0.4395 -0.5813 -0.6848
vn -0.4478 -0.8927 -0.0503
vn 0.5159 -0.8566 -0.0000
vn 0.5102 -0.8483 -0.1416
vn -0.4979 -0.8540 -0.1508
vn -0.5155 -0.8569 -0.0000
vn 0.4749 -0.7756 -0.4157
vn -0.4502 -0.7999 -0.3968
vn 0.1590 -0.8217 -0.5472
vn -0.0018 -0.8673 -0.4979
vn -0.1637 -0.8299 -0.5333
vn 0.2719 -0.9586 0.0847
vn -0.0488 -0.9643 -0.2604
vn -0.1899 -0.9254 0.3279
vn 0.2360 -0.9717 -0.0100
vn -0.2759 -0.9588 0.0681
vn 0.0383 -0.9649 -0.2600
vn 0.1879 -0.9363 0.2968
vn -0.2366 -0.9715 -0.0131
vn -0.0047 -0.9034 -0.4287
vn 0.2513 -0.7862 -0.5646
vn 0.7512 -0.6000 0.2752
vn -0.2648 -0.7692 -0.5815
vn -0.7592 -0.6111 0.2242
vn 0.3766 -0.9264 -0.0000
vn 0.4003 -0.9156 -0.0378
vn -0.3977 -0.9158 -0.0565
vn -0.3767 -0.9263 -0.0000
vn 0.0093 -0.9999 0.0044
vn -0.0040 -0.9999 -0.0104
vn -0.0044 -1.0000 0.0035
vn 0.0118 -0.9999 0.0024
vn -0.0093 -0.9999 0.0040
vn 0.0037 -0.9999 -0.0106
vn 0.0041 -1.0000 0.0029
vn -0.0119 -0.9999 0.0024
vn 0.0587 -0.9930 0.1024
vn 0.0863 -0.9963 0.0020
vn 0.0838 -0.9965 -0.0000
vn -0.0012 -0.9963 -0.0858
vn -0.0612 -0.9971 -0.0457
vn -0.0868 -0.9962 -0.0003
vn -0.0600 -0.9933 0.0984
vn -0.0839 -0.9965 -0.0000
vn 0.0568 -0.9971 -0.0504
vn -0.0000 -1.0000 -0.0003
vn -0.0007 -1.0000 0.0004
vn 0.0007 -1.0000 0.0004
vn -0.0437 0.9979 0.0472
vn -0.0122 -0.9948 0.1013
vn 0.7015 -0.1050 -0.7049
vn -0.9785 0.0199 0.2051
vn -0.3611 0.4530 0.8151
vn 0.2917 0.3216 -0.9008
vn 0.2817 -0.1142 -0.9527
vn -0.3865 -0.1615 0.9080
vn -0.0112 0.8259 -0.5637
vn 0.0733 -0.5710 -0.8177
vn 0.5683 0.1176 -0.8144
vn -0.9975 0.0587 0.0399
vn -0.2540 0.5046 -0.8252
vn 0.2722 0.3034 -0.9132
vn 0.2717 -0.0673 -0.9600
vn -0.1523 -0.1894 -0.9700
vn 0.0726 0.8922 -0.4458
vn -0.0860 -0.9268 0.3655
vn 0.9910 0.1023 -0.0868
vn -0.9876 0.1151 -0.1066
vn -0.0413 0.6474 0.7610
vn 0.0264 -0.6418 -0.7664
vn 0.9774 -0.0169 -0.2106
vn -0.9891 -0.0713 -0.1287
vn -0.6052 -0.7048 -0.3700
vn -0.7499 0.6501 0.1227
vn -0.5579 0.8241 -0.0979
vn 0.5637 0.8019 -0.1981
vn 0.5685 -0.5847 -0.5787
vn -0.6075 -0.7932 -0.0422
vn 0.5581 -0.8181 -0.1389
vn 0.6420 0.7534 -0.1418
vn -0.0723 -0.1136 0.9909
vn 0.0978 0.1255 -0.9873
vn 0.9977 0.0549 -0.0389
vn -0.9994 0.0153 0.0309
vn -0.5505 -0.1727 -0.8168
vn -0.5978 0.1237 0.7921
vn 0.5750 -0.1439 -0.8054
vn 0.5882 0.1239 0.7992
vn 0.5892 0.4535 -0.6687
vn 0.5762 -0.3988 0.7134
vn -0.6573 -0.3895 0.6452
vn -0.4948 0.4567 -0.7393
vn 0.2020 -0.8931 -0.4019
vn -0.2808 -0.8487 -0.4481
vn -0.1661 -0.9321 0.3219
vn 0.2384 -0.8970 0.3723
vn 0.4205 -0.8706 -0.2553
vn 0.3214 -0.9227 0.2129
vn -0.3169 -0.9188 -0.2353
vn -0.4348 -0.8711 0.2283
vn -0.2113 -0.4386 -0.8735
vn 0.9616 -0.1202 -0.2467
vn -0.2161 -0.4219 0.8805
vn -0.9647 -0.1350 -0.2259
vn 0.2812 -0.2540 0.9254
vn 0.8832 -0.4109 0.2260
vn -0.8695 -0.4786 0.1218
vn 0.1092 -0.2899 -0.9508
vn -0.1162 -0.2608 -0.9584
vn 0.8558 -0.4668 -0.2228
vn 0.1768 -0.4867 0.8555
vn -0.8234 -0.5112 0.2464
vn -0.8535 -0.1090 -0.5096
vn -0.4626 -0.1110 0.8796
vn 0.7868 -0.0880 0.6109
vn 0.4687 -0.0701 -0.8805
vn -0.3333 -0.2486 0.9095
vn -0.9058 -0.3691 -0.2083
vn 0.8701 -0.4860 0.0823
vn 0.2441 -0.3772 -0.8934
vn 0.8871 -0.0854 -0.4535
vn -0.5352 -0.0614 -0.8425
vn 0.5245 -0.0888 0.8468
vn -0.8360 -0.0674 0.5446
vn 0.3078 0.9336 0.1834
vn 0.0544 0.9341 0.3529
vn 0.1762 0.9325 0.3152
vn 0.3417 0.9388 0.0444
vn -0.3084 0.9334 0.1837
vn -0.0544 0.9340 0.3530
vn -0.1764 0.9324 0.3155
vn -0.3425 0.9385 0.0445
vn 0.8236 0.2789 0.4939
vn 0.1484 0.2613 0.9538
vn 0.4738 0.2707 0.8380
vn 0.9527 0.2763 0.1267
vn -0.8258 0.2703 0.4949
vn -0.1488 0.2596 0.9542
vn -0.4748 0.2655 0.8391
vn -0.9558 0.2652 0.1269
vn 0.6323 0.4096 0.6577
vn 0.2880 0.3980 0.8710
vn -0.2882 0.3969 0.8714
vn -0.6329 0.4075 0.6583
vn 0.8678 0.4100 0.2807
vn -0.8691 0.4069 0.2811
vn -0.0000 0.3942 0.9190
vn 0.7727 -0.4333 0.4639
vn 0.1385 -0.4409 0.8868
vn 0.4423 -0.4397 0.7817
vn 0.8981 -0.4232 0.1198
vn -0.7568 -0.4704 0.4539
vn -0.1381 -0.4445 0.8851
vn -0.4379 -0.4598 0.7726
vn -0.8760 -0.4679 0.1167
vn 0.3136 -0.0093 0.9495
vn -0.0004 -0.0143 0.9999
vn -0.3144 -0.0179 0.9491
vn 0.6926 -0.0012 0.7213
vn -0.6933 -0.0204 0.7204
vn 0.9512 0.0054 0.3084
vn -0.9512 -0.0219 0.3078
vn 0.4269 -0.8679 0.2541
vn 0.0871 -0.8637 0.4964
vn 0.2490 -0.8681 0.4293
vn 0.4957 -0.8660 0.0660
vn -0.3724 -0.9003 0.2252
vn -0.0771 -0.8028 0.5913
vn -0.2118 -0.9022 0.3758
vn -0.4084 -0.9111 0.0555
vn -0.4335 -0.7799 0.4514
vn -0.5924 -0.7825 0.1919
vn 0.2059 -0.7582 0.6187
vn 0.0034 -0.7457 0.6663
vn -0.2046 -0.7585 0.6187
vn 0.4519 -0.7590 0.4688
vn 0.6271 -0.7522 0.2026
vn 0.8225 -0.2730 0.4989
vn 0.1133 0.8581 -0.5009
vn 0.4407 -0.2783 0.8534
vn 0.9536 -0.2731 0.1272
vn -0.8488 -0.1575 0.5048
vn -0.2276 -0.0275 0.9734
vn -0.5043 -0.1673 0.8472
vn -0.9811 -0.1440 0.1293
vn -0.2501 -0.6522 0.7156
vn -0.5075 -0.6819 0.5268
vn 0.6830 -0.6964 0.2206
vn -0.7015 -0.6741 0.2314
vn 0.5086 -0.6882 0.5174
vn 0.2278 -0.7417 0.6309
vn -0.1721 -0.9410 -0.2913
vn 0.7895 0.3906 0.4734
vn 0.1237 0.3514 0.9280
vn 0.4388 0.3653 0.8210
vn 0.9183 0.3765 0.1226
vn -0.7850 0.4024 0.4710
vn -0.1752 0.3452 0.9220
vn -0.4654 0.3913 0.7939
vn -0.9125 0.3906 0.1219
vn 0.3437 0.0287 0.9386
vn -0.1233 0.0485 0.9912
vn -0.3552 0.0612 0.9328
vn 0.6896 0.0466 0.7226
vn -0.6942 0.0559 0.7176
vn 0.9503 0.0416 0.3086
vn -0.9497 0.0549 0.3083
vn 0.8237 0.2781 0.4942
vn 0.1076 0.4663 0.8780
vn 0.4714 0.2893 0.8331
vn 0.9545 0.2699 0.1271
vn -0.8198 0.2936 0.4917
vn -0.2053 0.2951 0.9332
vn -0.4845 0.2866 0.8265
vn -0.9492 0.2881 0.1264
vn -0.6154 0.4648 0.6366
vn -0.8434 0.4625 0.2733
vn 0.2566 0.4929 0.8314
vn -0.0262 0.4998 0.8658
vn -0.3032 0.4499 0.8400
vn 0.6159 0.4537 0.6441
vn 0.8521 0.4446 0.2761
vn 0.8561 -0.0603 0.5133
vn 0.1327 -0.1643 0.9774
vn 0.4902 -0.0619 0.8694
vn 0.9895 -0.0608 0.1314
vn -0.8566 -0.0524 0.5134
vn -0.2078 -0.0820 0.9747
vn -0.5038 -0.0547 0.8621
vn -0.9900 -0.0515 0.1314
vn -0.3482 0.1009 0.9320
vn -0.6912 0.1083 0.7145
vn 0.9472 0.0945 0.3065
vn -0.9459 0.1081 0.3060
vn 0.6897 0.0985 0.7173
vn 0.3618 0.0954 0.9273
vn -0.2204 0.0813 0.9720
vn 0.7612 -0.4613 0.4558
vn 0.1375 -0.4492 0.8828
vn 0.4374 -0.4517 0.7776
vn 0.8824 -0.4558 0.1167
vn -0.7610 -0.4617 0.4558
vn -0.1425 -0.4645 0.8740
vn -0.4411 -0.4586 0.7715
vn -0.8827 -0.4552 0.1168
vn -0.0169 -0.2853 0.9583
vn -0.3229 -0.2634 0.9090
vn 0.6692 -0.2570 0.6972
vn 0.3007 -0.2565 0.9186
vn -0.6715 -0.2554 0.6956
vn 0.9195 -0.2573 0.2973
vn -0.9204 -0.2537 0.2975
vn 0.5635 -0.7597 0.3244
vn 0.0989 -0.7837 0.6132
vn 0.3186 -0.7601 0.5663
vn 0.6346 -0.7686 0.0810
vn -0.5482 -0.7719 0.3221
vn -0.1002 -0.7863 0.6096
vn -0.3153 -0.7710 0.5533
vn -0.6327 -0.7700 0.0827
vn 0.2424 -0.6272 0.7402
vn 0.0009 -0.6331 0.7741
vn -0.2433 -0.6355 0.7327
vn 0.5396 -0.6275 0.5614
vn -0.5358 -0.6346 0.5570
vn 0.7406 -0.6287 0.2371
vn -0.7381 -0.6315 0.2378
vn 0.5537 -0.8219 0.1337
vn 0.0407 -0.8570 0.5136
vn 0.4267 -0.5480 0.7194
vn 0.4497 -0.8921 0.0442
vn -0.5254 -0.8355 0.1611
vn -0.0496 -0.8613 0.5057
vn -0.4395 -0.5813 0.6848
vn -0.4478 -0.8927 0.0503
vn 0.5102 -0.8483 0.1416
vn -0.4979 -0.8540 0.1508
vn 0.4749 -0.7756 0.4157
vn -0.4502 -0.7999 0.3968
vn 0.1590 -0.8217 0.5472
vn -0.0018 -0.8673 0.4979
vn -0.1637 -0.8299 0.5333
vn 0.2719 -0.9586 -0.0847
vn -0.0488 -0.9643 0.2604
vn -0.1899 -0.9254 -0.3279
vn 0.2360 -0.9717 0.0100
vn -0.2759 -0.9588 -0.0681
vn 0.0383 -0.9649 0.2600
vn 0.1879 -0.9363 -0.2968
vn -0.2366 -0.9715 0.0131
vn -0.0047 -0.9034 0.4287
vn 0.2513 -0.7862 0.5646
vn 0.7512 -0.6000 -0.2752
vn -0.2648 -0.7692 0.5815
vn -0.7592 -0.6111 -0.2242
vn 0.4003 -0.9156 0.0378
vn -0.3977 -0.9158 0.0565
vn 0.0093 -0.9999 -0.0044
vn -0.0040 -0.9999 0.0104
vn -0.0044 -1.0000 -0.0035
vn 0.0118 -0.9999 -0.0024
vn -0.0093 -0.9999 -0.0040
vn 0.0037 -0.9999 0.0106
vn 0.0041 -1.0000 -0.0029
vn -0.0119 -0.9999 -0.0024
vn 0.0588 -0.9930 -0.1024
vn 0.0863 -0.9963 -0.0020
vn -0.0012 -0.9963 0.0858
vn -0.0612 -0.9971 0.0457
vn -0.0868 -0.9962 0.0003
vn -0.0600 -0.9933 -0.0984
vn 0.0568 -0.9971 0.0504
vn -0.0000 -1.0000 0.0003
vn -0.0007 -1.0000 -0.0004
vn 0.0007 -1.0000 -0.0004
vn -0.0476 0.9983 -0.0346
vn -0.0003 -0.9998 0.0184
vn 0.7078 -0.0055 0.7064
vn -0.9902 0.0046 -0.1394
vn -0.3816 0.4676 -0.7973
vn 0.2913 0.4595 0.8391
vn 0.3012 -0.1816 0.9361
vn -0.3817 -0.4832 -0.7879
vn -0.0126 0.8302 0.5573
vn 0.0739 -0.5721 0.8168
vn 0.5679 0.0853 0.8186
vn -0.9984 0.0533 0.0164
vn -0.2880 0.5223 0.8027
vn 0.2839 0.3084 0.9079
vn 0.2706 -0.0790 0.9595
vn -0.1512 -0.1951 0.9691
vn 0.0725 0.8925 0.4452
vn -0.0892 -0.9213 -0.3785
vn 0.9893 0.1124 0.0935
vn -0.9857 0.1238 0.1143
vn -0.0411 0.6281 -0.7770
vn 0.0261 -0.6407 0.7673
vn 0.9760 -0.0189 0.2170
vn -0.9887 -0.0713 0.1318
vn -0.5976 -0.7084 0.3755
vn -0.7530 0.6459 -0.1258
vn -0.5524 0.8277 0.0989
vn 0.5460 0.8135 0.2004
vn 0.5522 -0.5954 0.5836
vn -0.6119 -0.7897 0.0441
vn 0.5728 -0.8069 0.1442
vn 0.6541 0.7412 0.1511
vn -0.0728 -0.1136 -0.9909
vn 0.0981 0.1254 0.9872
vn 0.9978 0.0551 0.0373
vn -0.9994 0.0155 -0.0314
vn -0.5469 -0.1717 0.8194
vn -0.5927 0.1172 -0.7969
vn 0.5712 -0.1429 0.8083
vn 0.5826 0.1168 -0.8043
vn 0.5850 0.4541 0.6720
vn 0.5676 -0.3923 -0.7239
vn -0.6527 -0.3831 -0.6536
vn -0.4889 0.4574 0.7428
vn 0.2020 -0.8931 0.4019
vn -0.2808 -0.8487 0.4481
vn -0.1661 -0.9321 -0.3219
vn 0.2384 -0.8970 -0.3723
vn 0.4205 -0.8706 0.2553
vn 0.3214 -0.9227 -0.2129
vn -0.3169 -0.9188 0.2353
vn -0.4348 -0.8711 -0.2283
vn -0.2113 -0.4386 0.8735
vn 0.9616 -0.1202 0.2467
vn -0.2161 -0.4219 -0.8805
vn -0.9647 -0.1350 0.2259
vn 0.2812 -0.2540 -0.9254
vn 0.8832 -0.4109 -0.2260
vn -0.8695 -0.4786 -0.1218
vn 0.1092 -0.2899 0.9508
vn -0.1162 -0.2608 0.9584
vn 0.8558 -0.4668 0.2228
vn 0.1768 -0.4867 -0.8555
vn -0.8234 -0.5112 -0.2464
vn -0.8535 -0.1090 0.5096
vn -0.4626 -0.1110 -0.8796
vn 0.7868 -0.0880 -0.6109
vn 0.4687 -0.0701 0.8805
vn -0.3333 -0.2486 -0.9095
vn -0.9058 -0.3691 0.2083
vn 0.8701 -0.4860 -0.0823
vn 0.2441 -0.3772 0.8934
vn 0.8871 -0.0854 0.4535
vn -0.5352 -0.0614 0.8425
vn 0.5245 -0.0888 -0.8468
vn -0.8360 -0.0674 -0.5446
vn 0.4506 0.4034 -0.7964
vn -0.4509 0.4018 -0.7970
vn 0.9050 0.4081 -0.1203
vn -0.9065 0.4047 -0.1205
vn 0.7818 0.4112 -0.4687
vn -0.7828 0.4086 -0.4692
vn 0.1414 0.3952 -0.9076
vn -0.1415 0.3947 -0.9078
vn 0.1536 -0.0121 -0.9881
vn -0.1544 -0.0163 -0.9879
vn 0.4921 -0.0055 -0.8705
vn -0.4929 -0.0193 -0.8699
vn 0.9912 0.0070 -0.1321
vn -0.9910 -0.0221 -0.1317
vn 0.8573 0.0027 -0.5149
vn -0.8575 -0.0213 -0.5140
vn -0.5334 -0.7830 -0.3200
vn 0.1041 -0.7529 -0.6499
vn -0.1007 -0.7462 -0.6580
vn 0.3209 -0.7595 -0.5659
vn -0.3131 -0.7716 -0.5537
vn 0.6568 -0.7490 -0.0874
vn -0.6187 -0.7813 -0.0825
vn 0.5614 -0.7563 -0.3358
vn -0.3623 -0.6881 -0.6287
vn 0.7137 -0.6939 -0.0954
vn -0.7247 -0.6819 -0.0989
vn 0.6176 -0.6961 -0.3661
vn -0.6340 -0.6712 -0.3842
vn -0.1520 -0.8927 0.4242
vn -0.1408 -0.5233 -0.8404
vn 0.3695 -0.6893 -0.6232
vn 0.0113 0.9920 -0.1256
vn -0.2159 0.0567 -0.9748
vn 0.4798 0.0388 -0.8765
vn -0.5079 0.0560 -0.8596
vn 0.9904 0.0395 -0.1326
vn -0.9897 0.0533 -0.1325
vn 0.8565 0.0442 -0.5143
vn -0.8561 0.0561 -0.5137
vn -0.7586 0.4665 -0.4550
vn 0.1045 0.5249 -0.8447
vn -0.1605 0.4588 -0.8739
vn 0.4243 0.4636 -0.7779
vn -0.4489 0.4566 -0.7681
vn 0.8907 0.4389 -0.1187
vn -0.8813 0.4577 -0.1174
vn 0.7656 0.4506 -0.4591
vn -0.5032 0.1050 -0.8578
vn 0.9870 0.0926 -0.1312
vn -0.9856 0.1067 -0.1310
vn 0.8536 0.0969 -0.5119
vn -0.8526 0.1091 -0.5111
vn -0.9910 -0.1026 -0.0858
vn -0.2248 0.0961 -0.9697
vn 0.4936 0.0984 -0.8641
vn -0.1723 -0.2769 -0.9453
vn 0.4733 -0.2512 -0.8443
vn -0.4845 -0.2556 -0.8366
vn 0.9585 -0.2553 -0.1272
vn -0.9595 -0.2515 -0.1273
vn 0.8284 -0.2589 -0.4967
vn -0.8293 -0.2556 -0.4970
vn 0.1421 -0.2758 -0.9506
vn 0.1207 -0.6295 -0.7676
vn -0.1203 -0.6364 -0.7619
vn 0.3814 -0.6259 -0.6803
vn -0.3807 -0.6333 -0.6738
vn 0.7723 -0.6271 -0.1013
vn -0.7717 -0.6278 -0.1018
vn 0.6679 -0.6290 -0.3978
vn -0.6633 -0.6347 -0.3966
vn 0.5142 -0.8555 -0.0609
vn -0.5116 -0.8568 -0.0648
vn 0.5231 -0.8156 -0.2473
vn -0.4930 -0.8329 -0.2516
vn 0.0762 -0.8557 -0.5118
vn -0.0803 -0.8585 -0.5064
vn 0.3105 -0.7795 -0.5441
vn -0.3079 -0.7971 -0.5195
vn 0.0036 -0.8902 -0.4555
vn -0.7818 -0.3836 0.4916
vn 0.4213 -0.4176 -0.8050
vn 0.3794 -0.9249 -0.0266
vn -0.3792 -0.9247 -0.0325
vn 0.4894 -0.8716 0.0271
vn -0.4851 -0.8744 -0.0084
vn -0.0169 -0.8870 -0.4615
vn 0.0011 -1.0000 -0.0005
vn 0.0822 -0.9959 0.0371
vn -0.0245 -0.9967 -0.0774
vn -0.0283 -0.9987 0.0429
vn 0.0853 -0.9964 0.0006
vn -0.0830 -0.9960 0.0340
vn 0.0209 -0.9967 -0.0787
vn 0.0259 -0.9990 0.0376
vn -0.0856 -0.9963 -0.0002
vn -0.0011 -1.0000 -0.0005
vn -0.0001 -1.0000 0.0011
vn 0.0001 -1.0000 0.0011
vn 0.1825 0.7686 0.6132
vn 0.4174 -0.5148 0.7488
vn 0.3014 -0.0512 -0.9521
vn -0.7264 -0.1372 -0.6735
vn 0.0852 0.4811 -0.8725
vn 0.1132 -0.1926 -0.9747
vn 0.3343 0.1032 -0.9368
vn -0.5641 -0.0155 -0.8255
vn -1.0000 0.0073 -0.0065
vn 0.0050 -0.8405 -0.5418
vn -0.9964 0.0478 -0.0707
vn -0.0154 -0.9984 -0.0540
vn 0.9011 0.0457 -0.4311
vn -0.0695 0.9926 0.0994
vn 0.9694 -0.0032 -0.2455
vn 0.0605 -0.2139 -0.9750
vn 0.9965 0.0194 -0.0816
vn -0.0435 0.1307 0.9905
vn 0.9926 0.1017 -0.0664
vn -0.1096 -0.5123 0.8518
vn -0.9957 0.0554 -0.0742
vn 0.1141 0.5308 -0.8398
vn 0.0138 -0.9994 -0.0326
vn -0.0199 -0.9991 -0.0362
vn 0.7042 -0.4755 0.5273
vn 0.4770 -0.4281 0.7675
vn -0.4060 -0.4985 0.7660
vn -0.7535 -0.4724 -0.4572
vn -0.4952 -0.3500 -0.7951
vn 0.8188 -0.3828 -0.4279
vn -0.6838 -0.3812 -0.6221
vn -0.3978 -0.4180 0.8167
vn 0.8112 -0.1516 0.5647
vn 0.4961 -0.1446 -0.8562
vn 0.7009 -0.4030 -0.5885
vn -0.5504 -0.1658 -0.8183
vn 0.4354 -0.4380 0.7865
vn -0.8485 -0.1475 0.5083
vn 0.4506 0.4034 0.7964
vn -0.4509 0.4018 0.7970
vn 0.9050 0.4081 0.1203
vn -0.9065 0.4047 0.1205
vn 0.7818 0.4112 0.4687
vn -0.7828 0.4086 0.4692
vn 0.1414 0.3952 0.9076
vn -0.1415 0.3947 0.9078
vn 0.1536 -0.0121 0.9881
vn -0.1544 -0.0163 0.9879
vn 0.4921 -0.0055 0.8705
vn -0.4929 -0.0193 0.8699
vn 0.9912 0.0070 0.1321
vn -0.9910 -0.0221 0.1317
vn 0.8573 0.0027 0.5149
vn -0.8575 -0.0213 0.5140
vn -0.5334 -0.7830 0.3200
vn 0.1041 -0.7529 0.6499
vn -0.1007 -0.7462 0.6580
vn 0.3209 -0.7595 0.5659
vn -0.3131 -0.7716 0.5537
vn 0.6568 -0.7490 0.0874
vn -0.6187 -0.7813 0.0825
vn 0.5614 -0.7563 0.3358
vn -0.3622 -0.6883 0.6285
vn 0.7137 -0.6939 0.0954
vn -0.7247 -0.6819 0.0989
vn 0.6175 -0.6961 0.3661
vn -0.6340 -0.6712 0.3842
vn -0.1569 -0.8748 -0.4583
vn -0.1399 -0.5247 0.8397
vn 0.3697 -0.6903 0.6220
vn 0.0085 0.9922 0.1244
vn -0.2205 0.0617 0.9734
vn 0.4825 0.0432 0.8749
vn -0.5079 0.0560 0.8596
vn 0.9904 0.0395 0.1326
vn -0.9897 0.0533 0.1325
vn 0.8565 0.0442 0.5143
vn -0.8561 0.0561 0.5137
vn -0.7586 0.4665 0.4550
vn 0.1049 0.5224 0.8462
vn -0.1628 0.4580 0.8739
vn 0.4260 0.4626 0.7775
vn -0.4489 0.4566 0.7681
vn 0.8907 0.4389 0.1187
vn -0.8813 0.4577 0.1174
vn 0.7656 0.4506 0.4591
vn -0.5032 0.1050 0.8578
vn 0.9870 0.0926 0.1312
vn -0.9856 0.1067 0.1310
vn 0.8536 0.0969 0.5119
vn -0.8526 0.1091 0.5111
vn -0.9897 -0.1090 0.0927
vn -0.2273 0.0955 0.9691
vn 0.4950 0.0978 0.8634
vn -0.1725 -0.2772 0.9452
vn 0.4734 -0.2514 0.8442
vn -0.4845 -0.2556 0.8366
vn 0.9585 -0.2553 0.1272
vn -0.9595 -0.2515 0.1273
vn 0.8284 -0.2589 0.4967
vn -0.8293 -0.2556 0.4970
vn 0.1421 -0.2763 0.9505
vn 0.1207 -0.6295 0.7676
vn -0.1203 -0.6364 0.7619
vn 0.3814 -0.6259 0.6803
vn -0.3807 -0.6333 0.6738
vn 0.7723 -0.6271 0.1013
vn -0.7717 -0.6278 0.1018
vn 0.6679 -0.6290 0.3978
vn -0.6633 -0.6347 0.3966
vn 0.5142 -0.8555 0.0609
vn -0.5116 -0.8568 0.0648
vn 0.5231 -0.8156 0.2473
vn -0.4930 -0.8329 0.2516
vn 0.0762 -0.8557 0.5118
vn -0.0803 -0.8585 0.5064
vn 0.3105 -0.7795 0.5441
vn -0.3079 -0.7971 0.5195
vn 0.0036 -0.8902 0.4555
vn -0.7818 -0.3836 -0.4916
vn 0.4213 -0.4176 0.8050
vn 0.3794 -0.9249 0.0266
vn -0.3792 -0.9247 0.0325
vn 0.4894 -0.8716 -0.0271
vn -0.4851 -0.8744 0.0084
vn -0.0169 -0.8870 0.4615
vn 0.0011 -1.0000 0.0005
vn 0.0822 -0.9959 -0.0371
vn -0.0245 -0.9967 0.0774
vn -0.0283 -0.9987 -0.0429
vn 0.0853 -0.9964 -0.0006
vn -0.0830 -0.9960 -0.0340
vn 0.0209 -0.9967 0.0787
vn 0.0259 -0.9990 -0.0376
vn -0.0856 -0.9963 0.0002
vn -0.0011 -1.0000 0.0005
vn -0.0001 -1.0000 -0.0011
vn 0.0001 -1.0000 -0.0011
vn 0.1616 0.7661 -0.6220
vn 0.2438 -0.7134 -0.6570
vn 0.3178 0.0066 0.9481
vn -0.7122 -0.0709 0.6984
vn 0.0816 0.5062 0.8585
vn 0.1128 -0.1979 0.9737
vn 0.3419 0.0899 0.9354
vn -0.5724 -0.0153 0.8198
vn -1.0000 0.0057 0.0030
vn 0.0048 -0.8396 0.5432
vn -0.9955 0.0569 0.0753
vn -0.0154 -0.9984 0.0542
vn 0.8941 0.0173 0.4475
vn -0.0708 0.9915 -0.1089
vn 0.9668 0.0359 0.2531
vn 0.0606 -0.2129 0.9752
vn 0.9968 0.0177 0.0779
vn -0.0438 0.1223 -0.9915
vn 0.9927 0.1026 0.0640
vn -0.1109 -0.5018 -0.8579
vn -0.9955 0.0576 0.0748
vn 0.1149 0.5298 0.8403
vn 0.0138 -0.9994 0.0326
vn -0.0199 -0.9991 0.0362
vn 0.7042 -0.4755 -0.5273
vn 0.4770 -0.4281 -0.7675
vn -0.4060 -0.4985 -0.7660
vn -0.7535 -0.4724 0.4572
vn -0.4952 -0.3500 0.7951
vn 0.8188 -0.3828 0.4279
vn -0.6838 -0.3812 0.6221
vn -0.3978 -0.4180 -0.8167
vn 0.8112 -0.1516 -0.5647
vn 0.4961 -0.1446 0.8562
vn 0.7009 -0.4030 0.5885
vn -0.5504 -0.1658 0.8183
vn 0.4354 -0.4380 -0.7865
vn -0.8485 -0.1475 -0.5083
vt 0.844185 0.283374
vt 0.844025 0.255276
vt 0.849451 0.257177
vt 0.849583 0.285908
vt 0.843864 0.227177
vt 0.849291 0.227356
vt 0.855321 0.228654
vt 0.855446 0.258951
vt 0.854981 0.288442
vt 0.843789 0.087501
vt 0.843911 0.045351
vt 0.849337 0.044665
vt 0.849216 0.085937
vt 0.844033 0.003201
vt 0.849429 0.002089
vt 0.854824 0.000977
vt 0.855347 0.044179
vt 0.855256 0.085813
vt 0.393813 0.541282
vt 0.393907 0.576780
vt 0.388490 0.576912
vt 0.388455 0.541181
vt 0.394001 0.612278
vt 0.388619 0.613774
vt 0.382553 0.614250
vt 0.382435 0.576934
vt 0.382410 0.540853
vt 0.817174 0.221821
vt 0.817212 0.187807
vt 0.822603 0.188585
vt 0.822612 0.222243
vt 0.817249 0.153792
vt 0.822600 0.153939
vt 0.828651 0.154366
vt 0.828660 0.189356
vt 0.828684 0.223313
vt 0.394392 0.651306
vt 0.388908 0.652382
vt 0.394784 0.690334
vt 0.389332 0.691898
vt 0.383879 0.693463
vt 0.382865 0.653253
vt 0.817134 0.283861
vt 0.817154 0.252841
vt 0.822612 0.254532
vt 0.822549 0.286175
vt 0.828649 0.256072
vt 0.827964 0.288489
vt 0.843806 0.194248
vt 0.849186 0.195214
vt 0.843747 0.161318
vt 0.849140 0.160995
vt 0.855161 0.161650
vt 0.855207 0.196250
vt 0.843768 0.124410
vt 0.849149 0.124583
vt 0.855175 0.124935
vt 0.862300 0.197121
vt 0.862397 0.229845
vt 0.862260 0.162318
vt 0.869980 0.163992
vt 0.870033 0.198062
vt 0.870086 0.232132
vt 0.862282 0.125290
vt 0.862361 0.085966
vt 0.870088 0.087684
vt 0.870034 0.125838
vt 0.862541 0.260268
vt 0.862655 0.289610
vt 0.870207 0.261455
vt 0.870329 0.290777
vt 0.862485 0.043904
vt 0.862576 0.000489
vt 0.870329 -0.000000
vt 0.870209 0.043842
vt 0.375331 0.576919
vt 0.375292 0.540570
vt 0.375467 0.614450
vt 0.367702 0.613506
vt 0.367589 0.576781
vt 0.367476 0.540056
vt 0.835828 0.189971
vt 0.835819 0.224238
vt 0.835837 0.154732
vt 0.843747 0.155380
vt 0.843665 0.190573
vt 0.843582 0.225766
vt 0.375758 0.653838
vt 0.376181 0.694184
vt 0.368483 0.694906
vt 0.368093 0.654206
vt 0.835802 0.257176
vt 0.835725 0.289485
vt 0.843534 0.258123
vt 0.843486 0.290480
vt 0.336331 0.367923
vt 0.297151 0.384776
vt 0.293527 0.377515
vt 0.327190 0.356376
vt 0.257970 0.401628
vt 0.256779 0.390150
vt 0.255299 0.384679
vt 0.290897 0.372546
vt 0.323322 0.351647
vt 0.395269 0.138881
vt 0.397855 0.177885
vt 0.390684 0.178328
vt 0.384697 0.140037
vt 0.400441 0.216890
vt 0.390818 0.215861
vt 0.387268 0.215247
vt 0.385536 0.180109
vt 0.379330 0.141972
vt 0.391678 0.254980
vt 0.384650 0.252962
vt 0.382915 0.293070
vt 0.372961 0.289752
vt 0.370767 0.286830
vt 0.379018 0.251039
vt 0.361176 0.057525
vt 0.378223 0.098203
vt 0.371288 0.101641
vt 0.350279 0.066999
vt 0.366432 0.104342
vt 0.345669 0.070956
vt 0.359623 0.330497
vt 0.353486 0.325513
vt 0.349450 0.321993
vt 0.216241 0.000000
vt 0.252681 0.005866
vt 0.250973 0.012504
vt 0.215621 0.007776
vt 0.289121 0.011732
vt 0.286107 0.022471
vt 0.283750 0.027583
vt 0.249593 0.017549
vt 0.215210 0.012938
vt 0.221094 0.401628
vt 0.220515 0.394420
vt 0.184218 0.401628
vt 0.184868 0.393486
vt 0.185283 0.388289
vt 0.219973 0.389181
vt 0.325149 0.034629
vt 0.320391 0.040779
vt 0.316968 0.045193
vt 0.347359 0.320324
vt 0.369416 0.286264
vt 0.321732 0.349848
vt 0.325033 0.354350
vt 0.346549 0.320023
vt 0.368066 0.285697
vt 0.248730 0.020694
vt 0.214955 0.016148
vt 0.282314 0.030293
vt 0.281476 0.027757
vt 0.248188 0.022293
vt 0.214901 0.016829
vt 0.219582 0.386478
vt 0.254278 0.382317
vt 0.185497 0.385614
vt 0.185481 0.385806
vt 0.219228 0.385698
vt 0.252975 0.385591
vt 0.315127 0.047863
vt 0.343757 0.073009
vt 0.347658 0.070007
vt 0.314567 0.048882
vt 0.289473 0.370157
vt 0.289004 0.369970
vt 0.382518 0.184632
vt 0.376741 0.144245
vt 0.384893 0.225542
vt 0.382519 0.235837
vt 0.380902 0.190163
vt 0.379286 0.144489
vt 0.670886 0.508923
vt 0.670973 0.544781
vt 0.668403 0.549771
vt 0.667480 0.519132
vt 0.671061 0.580639
vt 0.669882 0.580676
vt 0.668703 0.580714
vt 0.663614 0.553948
vt 0.664073 0.529341
vt 0.363940 0.106280
vt 0.363472 0.107248
vt 0.523840 0.800804
vt 0.515778 0.800642
vt 0.513588 0.768840
vt 0.519460 0.769384
vt 0.507716 0.800479
vt 0.507716 0.768296
vt 0.507716 0.736113
vt 0.511398 0.737038
vt 0.515081 0.737963
vt 0.653628 0.556177
vt 0.652323 0.535277
vt 0.655431 0.585115
vt 0.641603 0.585741
vt 0.640125 0.555318
vt 0.639547 0.526240
vt 0.666810 0.394931
vt 0.667382 0.421697
vt 0.655310 0.423389
vt 0.654995 0.396813
vt 0.667953 0.448462
vt 0.655107 0.450867
vt 0.643550 0.451182
vt 0.643365 0.424938
vt 0.643180 0.398694
vt 0.668535 0.620984
vt 0.656150 0.620850
vt 0.668366 0.661254
vt 0.656324 0.657463
vt 0.644474 0.659434
vt 0.642501 0.621799
vt 0.938232 0.518452
vt 0.938166 0.552027
vt 0.925849 0.552231
vt 0.925826 0.519018
vt 0.938100 0.585601
vt 0.925966 0.586575
vt 0.912188 0.587368
vt 0.912004 0.552377
vt 0.911948 0.518585
vt 0.938752 0.773485
vt 0.938909 0.805658
vt 0.926441 0.806294
vt 0.926588 0.774644
vt 0.939067 0.837831
vt 0.926449 0.838512
vt 0.912517 0.837906
vt 0.912660 0.805316
vt 0.914423 0.775803
vt 0.938357 0.623008
vt 0.926274 0.622623
vt 0.938614 0.660414
vt 0.926834 0.659283
vt 0.915053 0.658151
vt 0.912686 0.623700
vt 0.668266 0.690934
vt 0.656199 0.689404
vt 0.668166 0.720614
vt 0.655988 0.719046
vt 0.643810 0.717478
vt 0.644143 0.688456
vt 0.367476 0.775302
vt 0.367532 0.736884
vt 0.383051 0.738188
vt 0.383023 0.779689
vt 0.367588 0.698467
vt 0.383079 0.696687
vt 0.398570 0.694906
vt 0.398570 0.739491
vt 0.398570 0.784076
vt 0.637200 0.491833
vt 0.623172 0.483558
vt 0.625757 0.441094
vt 0.621673 0.521294
vt 0.592988 0.518237
vt 0.604323 0.481080
vt 0.607963 0.431006
vt 0.622329 0.553572
vt 0.623792 0.586262
vt 0.594557 0.586901
vt 0.593240 0.552302
vt 0.752372 0.298378
vt 0.752446 0.258729
vt 0.767540 0.260442
vt 0.767503 0.303318
vt 0.752519 0.219079
vt 0.767577 0.217565
vt 0.782634 0.216052
vt 0.782634 0.262155
vt 0.782634 0.308257
vt 0.624850 0.624576
vt 0.626616 0.666509
vt 0.608758 0.673584
vt 0.596378 0.627691
vt 0.912004 0.552377
vt 0.893958 0.552614
vt 0.893900 0.517008
vt 0.912188 0.587368
vt 0.894149 0.589447
vt 0.864603 0.591921
vt 0.864431 0.552932
vt 0.864384 0.515204
vt 0.894915 0.801183
vt 0.896512 0.767006
vt 0.894615 0.835793
vt 0.865300 0.833316
vt 0.866380 0.796458
vt 0.878599 0.758208
vt 0.894802 0.627903
vt 0.894149 0.589447
vt 0.896819 0.667208
vt 0.878585 0.676264
vt 0.866025 0.632764
vt 0.864603 0.591921
vt 0.550391 0.629578
vt 0.549667 0.587337
vt 0.550792 0.675895
vt 0.492825 0.678207
vt 0.502252 0.630129
vt 0.502572 0.587142
vt 0.819359 0.553261
vt 0.819321 0.514186
vt 0.819512 0.593615
vt 0.772294 0.594153
vt 0.772156 0.553522
vt 0.772124 0.514164
vt 0.820565 0.793798
vt 0.821625 0.756828
vt 0.820332 0.831756
vt 0.773105 0.831464
vt 0.773053 0.793292
vt 0.772986 0.756310
vt 0.819871 0.635769
vt 0.819512 0.593615
vt 0.820552 0.679296
vt 0.762518 0.682328
vt 0.771707 0.636688
vt 0.772294 0.594153
vt 0.878492 0.690634
vt 0.878546 0.724421
vt 0.821623 0.721409
vt 0.820474 0.686481
vt 0.772044 0.720466
vt 0.762457 0.682328
vt 0.362662 0.498229
vt 0.365069 0.505341
vt 0.347082 0.511230
vt 0.345145 0.505698
vt 0.367476 0.512453
vt 0.348705 0.518636
vt 0.329935 0.524819
vt 0.330347 0.509625
vt 0.327627 0.513167
vt 0.548416 0.552043
vt 0.548948 0.525510
vt 0.501467 0.550025
vt 0.502709 0.514265
vt 0.607221 0.369851
vt 0.607592 0.400429
vt 0.550886 0.397561
vt 0.549255 0.365826
vt 0.552507 0.429775
vt 0.504448 0.436870
vt 0.501312 0.397401
vt 0.491289 0.361801
vt 0.466453 0.547556
vt 0.465780 0.510578
vt 0.467178 0.586086
vt 0.441507 0.584828
vt 0.441241 0.546113
vt 0.440977 0.509460
vt 0.465885 0.401102
vt 0.464381 0.369642
vt 0.466152 0.434804
vt 0.438369 0.436545
vt 0.437922 0.407014
vt 0.437474 0.377484
vt 0.467206 0.628913
vt 0.465834 0.674623
vt 0.438843 0.671039
vt 0.441344 0.626592
vt 0.736674 0.553661
vt 0.736649 0.515107
vt 0.736795 0.593451
vt 0.711135 0.591800
vt 0.711036 0.553711
vt 0.711018 0.516800
vt 0.737382 0.795035
vt 0.737082 0.758653
vt 0.737493 0.832472
vt 0.711656 0.834482
vt 0.711374 0.798483
vt 0.708848 0.761867
vt 0.736779 0.634960
vt 0.736795 0.593451
vt 0.735753 0.677731
vt 0.708987 0.673135
vt 0.711138 0.631541
vt 0.711135 0.591800
vt 0.736721 0.723803
vt 0.735545 0.689438
vt 0.708741 0.729207
vt 0.708634 0.696547
vt 0.494240 0.475986
vt 0.465337 0.472319
vt 0.440695 0.473492
vt 0.419882 0.478543
vt 0.419405 0.446024
vt 0.420118 0.511774
vt 0.400921 0.515127
vt 0.400681 0.485315
vt 0.400441 0.455502
vt 0.420245 0.546777
vt 0.420295 0.583913
vt 0.401031 0.581971
vt 0.400976 0.548549
vt 0.698375 0.000000
vt 0.725374 0.035424
vt 0.715189 0.045648
vt 0.690335 0.012749
vt 0.752372 0.070849
vt 0.740764 0.078804
vt 0.729157 0.086759
vt 0.702017 0.055041
vt 0.682295 0.025497
vt 0.420174 0.623385
vt 0.419820 0.661797
vt 0.400711 0.658655
vt 0.400871 0.620313
vt 0.711036 0.553711
vt 0.690062 0.553697
vt 0.690058 0.518959
vt 0.690128 0.589480
vt 0.671061 0.586014
vt 0.671099 0.553555
vt 0.671138 0.521096
vt 0.690332 0.803275
vt 0.689955 0.769670
vt 0.690457 0.837089
vt 0.671310 0.839676
vt 0.671186 0.808575
vt 0.671061 0.777473
vt 0.690268 0.626861
vt 0.690254 0.665139
vt 0.671520 0.657144
vt 0.671291 0.621579
vt 0.438632 0.703576
vt 0.419603 0.694912
vt 0.438420 0.736113
vt 0.419431 0.725585
vt 0.400441 0.715056
vt 0.400576 0.686856
vt 0.546381 0.008150
vt 0.578864 0.005215
vt 0.578774 0.026807
vt 0.550237 0.030303
vt 0.611347 0.002280
vt 0.607776 0.026966
vt 0.603709 0.047775
vt 0.578618 0.048266
vt 0.553914 0.051429
vt 0.670016 0.339515
vt 0.638449 0.347717
vt 0.631180 0.328161
vt 0.658217 0.317855
vt 0.606882 0.355919
vt 0.603168 0.334559
vt 0.599633 0.314225
vt 0.623900 0.308779
vt 0.647311 0.300203
vt 0.646821 0.013889
vt 0.637012 0.032898
vt 0.663110 0.044261
vt 0.651788 0.056251
vt 0.628834 0.050495
vt 0.728956 0.293712
vt 0.699486 0.316614
vt 0.683251 0.301553
vt 0.703633 0.281298
vt 0.669112 0.287676
vt 0.687173 0.271236
vt 0.739908 0.119258
vt 0.714209 0.119959
vt 0.698735 0.087152
vt 0.750658 0.151757
vt 0.724723 0.156648
vt 0.702852 0.160878
vt 0.691193 0.120981
vt 0.668349 0.078980
vt 0.751515 0.185981
vt 0.726948 0.194700
vt 0.752372 0.220204
vt 0.723219 0.230373
vt 0.696951 0.249381
vt 0.704805 0.202408
vt 0.682149 0.062515
vt 0.660069 0.067615
vt 0.740664 0.256958
vt 0.715767 0.258077
vt 0.692062 0.260308
vt 0.686665 0.205651
vt 0.683275 0.164760
vt 0.686258 0.248356
vt 0.675566 0.247331
vt 0.668457 0.204216
vt 0.663972 0.168474
vt 0.419537 0.788747
vt 0.428950 0.784971
vt 0.428950 0.792681
vt 0.419537 0.792489
vt 0.438363 0.790974
vt 0.438363 0.793850
vt 0.438363 0.796726
vt 0.428950 0.796478
vt 0.419537 0.796231
vt 0.400441 0.792654
vt 0.409989 0.785240
vt 0.409989 0.793712
vt 0.400441 0.794569
vt 0.419537 0.792397
vt 0.419537 0.794312
vt 0.419537 0.796228
vt 0.409989 0.796356
vt 0.400441 0.796485
vt 0.553914 0.051429
vt 0.578618 0.048266
vt 0.578528 0.070274
vt 0.557688 0.073115
vt 0.603709 0.047775
vt 0.600083 0.068583
vt 0.596587 0.090343
vt 0.578605 0.092657
vt 0.561516 0.095109
vt 0.647311 0.300203
vt 0.616504 0.288865
vt 0.636913 0.282682
vt 0.599633 0.314225
vt 0.595994 0.293299
vt 0.592267 0.271868
vt 0.609121 0.268363
vt 0.626416 0.264173
vt 0.622632 0.067443
vt 0.600083 0.068583
vt 0.645820 0.066148
vt 0.639852 0.076044
vt 0.616141 0.086674
vt 0.657406 0.274917
vt 0.678080 0.266582
vt 0.645016 0.260363
vt 0.668987 0.261928
vt 0.673520 0.125073
vt 0.659652 0.085091
vt 0.657122 0.133370
vt 0.650954 0.091203
vt 0.576915 0.183621
vt 0.604189 0.178881
vt 0.611631 0.193873
vt 0.600708 0.201555
vt 0.623126 0.175618
vt 0.626942 0.191932
vt 0.632434 0.205654
vt 0.625628 0.210000
vt 0.618870 0.217017
vt 0.605504 0.137736
vt 0.596743 0.132872
vt 0.606935 0.110933
vt 0.619700 0.110921
vt 0.590030 0.127579
vt 0.592918 0.112296
vt 0.596587 0.090343
vt 0.616141 0.086674
vt 0.623127 0.175618
vt 0.621448 0.158968
vt 0.638911 0.147650
vt 0.643381 0.172145
vt 0.622295 0.144162
vt 0.634070 0.126696
vt 0.657122 0.133370
vt 0.663972 0.168474
vt 0.614320 0.142194
vt 0.628013 0.115884
vt 0.645403 0.083623
vt 0.580793 0.133346
vt 0.579053 0.114506
vt 0.568787 0.136901
vt 0.565279 0.116738
vt 0.561516 0.095109
vt 0.578605 0.092657
vt 0.608040 0.231872
vt 0.612425 0.224563
vt 0.628830 0.241437
vt 0.615766 0.245162
vt 0.640270 0.237084
vt 0.626416 0.264173
vt 0.626942 0.191932
vt 0.646856 0.196926
vt 0.648820 0.218422
vt 0.668457 0.204216
vt 0.646427 0.230134
vt 0.672276 0.254629
vt 0.585043 0.230341
vt 0.597521 0.229622
vt 0.602226 0.247901
vt 0.588545 0.250470
vt 0.609121 0.268363
vt 0.614320 0.142194
vt 0.606208 0.162237
vt 0.593301 0.158671
vt 0.621448 0.158968
vt 0.596743 0.132872
vt 0.585319 0.147940
vt 0.580793 0.133346
vt 0.572059 0.155705
vt 0.568787 0.136901
vt 0.581772 0.211537
vt 0.596838 0.214352
vt 0.597521 0.229622
vt 0.658760 0.521913
vt 0.658886 0.514681
vt 0.661912 0.501834
vt 0.659022 0.519318
vt 0.659011 0.507449
vt 0.660508 0.484859
vt 0.666013 0.488901
vt 0.644943 0.508534
vt 0.644732 0.515690
vt 0.643213 0.503331
vt 0.646478 0.486165
vt 0.644521 0.522846
vt 0.644922 0.519941
vt 0.651977 0.507992
vt 0.653742 0.480293
vt 0.651640 0.522380
vt 0.651833 0.525407
vt 0.652323 0.535277
vt 0.567664 0.508301
vt 0.567682 0.500742
vt 0.584765 0.488714
vt 0.576234 0.506952
vt 0.567701 0.493182
vt 0.578497 0.468992
vt 0.552749 0.491113
vt 0.552702 0.498254
vt 0.523937 0.485627
vt 0.532272 0.467234
vt 0.552654 0.505395
vt 0.531029 0.504666
vt 0.560225 0.492148
vt 0.555454 0.461913
vt 0.560159 0.506848
vt 0.553525 0.512238
vt 0.548949 0.525510
vt 0.316758 0.491313
vt 0.318206 0.487573
vt 0.314343 0.496616
vt 0.298752 0.468414
vt 0.307038 0.466749
vt 0.308785 0.461978
vt 0.607832 0.736968
vt 0.615469 0.736541
vt 0.615089 0.756522
vt 0.607832 0.756991
vt 0.623106 0.736113
vt 0.622346 0.756053
vt 0.621586 0.775992
vt 0.614709 0.776503
vt 0.607832 0.777014
vt 0.360373 0.401628
vt 0.363925 0.407894
vt 0.333986 0.415625
vt 0.330915 0.410741
vt 0.367476 0.414160
vt 0.335304 0.419733
vt 0.303133 0.425306
vt 0.311059 0.426460
vt 0.301456 0.419855
vt 0.490263 0.803211
vt 0.482309 0.803276
vt 0.484478 0.770145
vt 0.490263 0.769662
vt 0.474354 0.803340
vt 0.478693 0.770628
vt 0.483032 0.737916
vt 0.486647 0.737014
vt 0.490263 0.736113
vt 0.298752 0.636575
vt 0.300236 0.629105
vt 0.318759 0.635601
vt 0.317519 0.643183
vt 0.301720 0.621635
vt 0.320352 0.629941
vt 0.338984 0.638248
vt 0.335868 0.634407
vt 0.336285 0.649790
vt 0.769319 0.349014
vt 0.760845 0.348318
vt 0.759806 0.328316
vt 0.767240 0.328636
vt 0.752372 0.347622
vt 0.752372 0.327996
vt 0.752372 0.308369
vt 0.758767 0.308313
vt 0.765162 0.308257
vt 0.298752 0.537119
vt 0.302299 0.530969
vt 0.332473 0.540113
vt 0.331168 0.544203
vt 0.305847 0.524819
vt 0.335563 0.535372
vt 0.365279 0.545925
vt 0.355508 0.551867
vt 0.363584 0.551286
vt 0.285461 0.803752
vt 0.279069 0.803829
vt 0.277635 0.772036
vt 0.284069 0.771861
vt 0.272676 0.803906
vt 0.270930 0.771640
vt 0.269184 0.739373
vt 0.277283 0.742531
vt 0.282677 0.739971
vt 0.349485 0.616093
vt 0.350929 0.620892
vt 0.349021 0.612851
vt 0.359058 0.587454
vt 0.359181 0.591554
vt 0.365573 0.591994
vt 0.297448 0.786228
vt 0.291455 0.786077
vt 0.292296 0.759093
vt 0.297898 0.758946
vt 0.285461 0.785925
vt 0.286882 0.758710
vt 0.288303 0.731495
vt 0.292384 0.734228
vt 0.298348 0.731665
vt 0.362168 0.569674
vt 0.365426 0.568959
vt 0.361321 0.569370
vt 0.355508 0.551867
vt 0.290778 0.714129
vt 0.294863 0.714222
vt 0.286882 0.713506
vt 0.285461 0.695518
vt 0.288419 0.696149
vt 0.291378 0.696780
vt 0.304235 0.444432
vt 0.305959 0.443642
vt 0.300104 0.444134
vt 0.279367 0.718173
vt 0.284069 0.717745
vt 0.274393 0.718029
vt 0.279603 0.696686
vt 0.282532 0.696102
vt 0.285461 0.695518
vt 0.665019 0.736113
vt 0.665019 0.750174
vt 0.654552 0.751968
vt 0.654541 0.740241
vt 0.665019 0.764235
vt 0.654564 0.763696
vt 0.644109 0.763158
vt 0.644086 0.753763
vt 0.644063 0.744368
vt 0.790167 0.325072
vt 0.790167 0.337043
vt 0.779754 0.338163
vt 0.779765 0.328174
vt 0.790167 0.349014
vt 0.779743 0.348151
vt 0.769319 0.347289
vt 0.769341 0.339283
vt 0.769363 0.331277
vt 0.113567 0.773361
vt 0.122827 0.772284
vt 0.122801 0.779579
vt 0.113461 0.779948
vt 0.133040 0.777710
vt 0.133040 0.779623
vt 0.133040 0.781536
vt 0.122669 0.782003
vt 0.112297 0.782471
vt 0.649529 0.795493
vt 0.657274 0.791844
vt 0.657274 0.797869
vt 0.649529 0.798365
vt 0.665019 0.795202
vt 0.665019 0.798074
vt 0.665019 0.800946
vt 0.657274 0.801092
vt 0.649529 0.801237
vt 0.099174 0.778756
vt 0.105894 0.774304
vt 0.105868 0.780030
vt 0.099174 0.780226
vt 0.105736 0.782084
vt 0.099174 0.781697
vt 0.539964 0.792400
vt 0.548426 0.787275
vt 0.548426 0.794177
vt 0.539964 0.794315
vt 0.556888 0.793724
vt 0.556888 0.795196
vt 0.556888 0.796668
vt 0.548426 0.796450
vt 0.539964 0.796231
vt 0.191414 0.774129
vt 0.203088 0.767910
vt 0.203088 0.777295
vt 0.191414 0.777871
vt 0.214761 0.774232
vt 0.214761 0.777973
vt 0.214761 0.781715
vt 0.203088 0.781664
vt 0.191414 0.781612
vt 0.214761 0.776354
vt 0.225536 0.770350
vt 0.225536 0.778058
vt 0.214761 0.779230
vt 0.236311 0.774123
vt 0.236311 0.777865
vt 0.236311 0.781606
vt 0.225536 0.781855
vt 0.214761 0.782105
vt 0.539964 0.736113
vt 0.548426 0.748011
vt 0.548426 0.769958
vt 0.539964 0.764257
vt 0.556888 0.759909
vt 0.556888 0.776817
vt 0.099174 0.744986
vt 0.105736 0.745373
vt 0.105868 0.761513
vt 0.099174 0.761871
vt 0.112297 0.745760
vt 0.113461 0.759973
vt 0.122669 0.733629
vt 0.122801 0.755229
vt 0.133040 0.721498
vt 0.133040 0.749604
vt 0.400441 0.736370
vt 0.409989 0.736242
vt 0.409989 0.763655
vt 0.400441 0.764512
vt 0.419537 0.736113
vt 0.419537 0.764255
vt 0.214761 0.745351
vt 0.225536 0.733425
vt 0.225536 0.753843
vt 0.214761 0.760853
vt 0.236311 0.721498
vt 0.236311 0.747811
vt 0.191414 0.721498
vt 0.203088 0.721549
vt 0.203088 0.747238
vt 0.191414 0.747814
vt 0.214761 0.721600
vt 0.214761 0.747916
vt 0.649529 0.764527
vt 0.657274 0.764381
vt 0.657274 0.779514
vt 0.649529 0.780010
vt 0.665019 0.764235
vt 0.665019 0.779719
vt 0.419537 0.736113
vt 0.428950 0.748040
vt 0.428950 0.768461
vt 0.419537 0.762430
vt 0.438363 0.759967
vt 0.438363 0.775470
vt 0.298752 0.691535
vt 0.293238 0.692837
vt 0.292097 0.650417
vt 0.297621 0.649553
vt 0.287723 0.694139
vt 0.285998 0.651090
vt 0.285078 0.609507
vt 0.291201 0.609205
vt 0.296491 0.607571
vt 0.296491 0.466367
vt 0.291199 0.466239
vt 0.292096 0.435579
vt 0.297621 0.437331
vt 0.285065 0.465109
vt 0.285981 0.433976
vt 0.287723 0.403529
vt 0.293238 0.405912
vt 0.298752 0.408296
vt 0.388455 0.541181
vt 0.388490 0.506137
vt 0.393907 0.506831
vt 0.382410 0.540853
vt 0.382435 0.505459
vt 0.382553 0.470854
vt 0.388619 0.471855
vt 0.394001 0.472380
vt 0.817174 0.083168
vt 0.822612 0.081589
vt 0.822603 0.118442
vt 0.817212 0.118480
vt 0.828684 0.081212
vt 0.828660 0.118526
vt 0.828651 0.154366
vt 0.822600 0.153939
vt 0.388908 0.438605
vt 0.394392 0.440222
vt 0.382865 0.437139
vt 0.383879 0.403608
vt 0.389332 0.405836
vt 0.394784 0.408064
vt 0.817134 0.004102
vt 0.822549 0.002658
vt 0.822612 0.042660
vt 0.817154 0.043635
vt 0.827964 0.001213
vt 0.828649 0.041904
vt 0.290698 0.570427
vt 0.296170 0.570437
vt 0.284564 0.570256
vt 0.284399 0.533235
vt 0.290526 0.533714
vt 0.295850 0.533303
vt 0.290697 0.499024
vt 0.296170 0.499835
vt 0.284558 0.498164
vt 0.277893 0.609551
vt 0.277374 0.570092
vt 0.269856 0.608138
vt 0.269520 0.569752
vt 0.269184 0.531366
vt 0.277192 0.532761
vt 0.277354 0.497486
vt 0.269481 0.496759
vt 0.269779 0.462152
vt 0.277853 0.464119
vt 0.280004 0.694829
vt 0.278823 0.651560
vt 0.272285 0.695518
vt 0.271071 0.651828
vt 0.278764 0.432857
vt 0.270956 0.431890
vt 0.272133 0.401628
vt 0.279928 0.402578
vt 0.375331 0.504914
vt 0.367589 0.504389
vt 0.367702 0.468722
vt 0.375467 0.470002
vt 0.835819 0.081134
vt 0.835828 0.118639
vt 0.843582 0.082393
vt 0.843665 0.118887
vt 0.835837 0.154732
vt 0.375758 0.436079
vt 0.368093 0.435175
vt 0.368483 0.401628
vt 0.376181 0.402618
vt 0.835725 0.000607
vt 0.835802 0.041434
vt 0.843486 -0.000000
vt 0.843534 0.041197
vt 0.039369 0.344248
vt 0.050225 0.334294
vt 0.080113 0.360501
vt 0.075383 0.367095
vt 0.054794 0.330238
vt 0.083498 0.356010
vt 0.116724 0.373631
vt 0.114395 0.378798
vt 0.111398 0.389942
vt 0.017468 0.108760
vt 0.027725 0.111577
vt 0.015746 0.148436
vt 0.008734 0.146862
vt 0.032718 0.114338
vt 0.020547 0.151010
vt 0.013269 0.185429
vt 0.009666 0.185473
vt 0.000000 0.184964
vt 0.009877 0.223083
vt 0.002617 0.223962
vt 0.015744 0.222076
vt 0.018219 0.258723
vt 0.015589 0.261260
vt 0.005233 0.262959
vt 0.064021 0.033834
vt 0.073281 0.044915
vt 0.047048 0.075790
vt 0.040744 0.071297
vt 0.077207 0.049553
vt 0.051416 0.079227
vt 0.029151 0.299655
vt 0.022301 0.303603
vt 0.033695 0.296819
vt 0.215621 0.007776
vt 0.179967 0.006843
vt 0.179332 0.000018
vt 0.215210 0.012938
vt 0.180531 0.012043
vt 0.145216 0.016538
vt 0.143698 0.011117
vt 0.142423 0.000037
vt 0.149523 0.388760
vt 0.147808 0.395785
vt 0.150890 0.383674
vt 0.185283 0.388289
vt 0.184868 0.393486
vt 0.106946 0.023762
vt 0.103222 0.016935
vt 0.109627 0.028662
vt 0.019643 0.258377
vt 0.036024 0.295503
vt 0.021067 0.258032
vt 0.036872 0.295334
vt 0.052677 0.332636
vt 0.056650 0.328714
vt 0.214955 0.016148
vt 0.180886 0.015285
vt 0.181168 0.016949
vt 0.147435 0.017070
vt 0.146205 0.019442
vt 0.118106 0.371461
vt 0.151705 0.381066
vt 0.118874 0.374899
vt 0.152178 0.380352
vt 0.185497 0.385614
vt 0.111023 0.031591
vt 0.111415 0.032685
vt 0.075394 0.048300
vt 0.078770 0.051882
vt 0.085283 0.353878
vt 0.085776 0.353768
vt 0.034914 0.116992
vt 0.022812 0.155954
vt 0.032363 0.116830
vt 0.023531 0.161671
vt 0.014698 0.206512
vt 0.013984 0.195971
vt 0.268867 0.551626
vt 0.265488 0.542458
vt 0.266519 0.515155
vt 0.269026 0.519112
vt 0.262108 0.533291
vt 0.261819 0.512230
vt 0.267018 0.488507
vt 0.268101 0.487552
vt 0.269184 0.486597
vt 0.053569 0.081536
vt 0.053879 0.082565
vt 0.539964 0.736113
vt 0.535584 0.767532
vt 0.529712 0.768076
vt 0.531902 0.736276
vt 0.531205 0.798951
vt 0.527522 0.799875
vt 0.523840 0.800799
vt 0.523840 0.768619
vt 0.523840 0.736439
vt 0.250449 0.529270
vt 0.251998 0.511427
vt 0.237806 0.535177
vt 0.238526 0.511025
vt 0.242795 0.491752
vt 0.254359 0.488617
vt 0.269184 0.702368
vt 0.257469 0.701739
vt 0.256152 0.662395
vt 0.268268 0.662302
vt 0.245755 0.701109
vt 0.242599 0.663065
vt 0.243218 0.622629
vt 0.254778 0.624199
vt 0.267353 0.622235
vt 0.255778 0.462568
vt 0.267787 0.460799
vt 0.243855 0.464636
vt 0.244916 0.437519
vt 0.256736 0.435305
vt 0.268556 0.433091
vt 0.925891 0.486503
vt 0.938166 0.485881
vt 0.911948 0.518585
vt 0.912166 0.485636
vt 0.914164 0.455449
vt 0.926175 0.454824
vt 0.938100 0.453309
vt 0.938896 0.904659
vt 0.926485 0.905860
vt 0.926472 0.871516
vt 0.938982 0.871245
vt 0.912648 0.906474
vt 0.912572 0.871477
vt 0.912517 0.837906
vt 0.926491 0.423953
vt 0.938357 0.422506
vt 0.914609 0.425302
vt 0.915053 0.395156
vt 0.926834 0.393429
vt 0.938614 0.391703
vt 0.938666 0.980464
vt 0.926737 0.979375
vt 0.926529 0.942223
vt 0.938781 0.942561
vt 0.914808 0.978287
vt 0.912888 0.943123
vt 0.896817 0.986559
vt 0.895146 0.946759
vt 0.878827 0.994832
vt 0.866557 0.950930
vt 0.865399 0.909779
vt 0.894751 0.907996
vt 0.222873 0.621589
vt 0.221480 0.576935
vt 0.240512 0.578903
vt 0.193229 0.616233
vt 0.200680 0.570832
vt 0.189765 0.531228
vt 0.219427 0.536827
vt 0.220292 0.506665
vt 0.191272 0.500668
vt 0.205469 0.471680
vt 0.224132 0.481716
vt 0.227164 0.708329
vt 0.224304 0.665680
vt 0.208574 0.715549
vt 0.195343 0.668764
vt 0.782846 0.213605
vt 0.767609 0.214828
vt 0.767644 0.171959
vt 0.782916 0.173961
vt 0.752372 0.216052
vt 0.752372 0.169957
vt 0.752372 0.123863
vt 0.767679 0.129090
vt 0.782986 0.134318
vt 0.893900 0.517008
vt 0.894265 0.482024
vt 0.864384 0.515204
vt 0.865525 0.477957
vt 0.877760 0.439339
vt 0.895962 0.447394
vt 0.912648 0.906474
vt 0.894751 0.907996
vt 0.894673 0.871162
vt 0.912572 0.871477
vt 0.865399 0.909779
vt 0.865348 0.870791
vt 0.865300 0.833316
vt 0.894615 0.835793
vt 0.912517 0.837906
vt 0.099068 0.807493
vt 0.083855 0.809091
vt 0.083882 0.767582
vt 0.099121 0.769072
vt 0.068642 0.810689
vt 0.068642 0.766093
vt 0.068642 0.721498
vt 0.083908 0.726074
vt 0.099174 0.730651
vt 0.147983 0.468595
vt 0.149477 0.437497
vt 0.206547 0.440094
vt 0.099465 0.469108
vt 0.099936 0.437384
vt 0.091362 0.401628
vt 0.149494 0.405067
vt 0.207625 0.408507
vt 0.819320 0.514186
vt 0.819633 0.475798
vt 0.772124 0.514164
vt 0.772156 0.475555
vt 0.772294 0.437871
vt 0.820885 0.438152
vt 0.820402 0.910926
vt 0.820371 0.870572
vt 0.773157 0.911197
vt 0.773138 0.870564
vt 0.773105 0.831464
vt 0.820332 0.831756
vt 0.821251 0.401686
vt 0.878173 0.404311
vt 0.771707 0.401003
vt 0.762518 0.361801
vt 0.820552 0.365542
vt 0.878585 0.369282
vt 0.820817 0.997416
vt 0.820488 0.953403
vt 0.762807 1.000000
vt 0.772302 0.954047
vt 0.773157 0.911197
vt 0.820402 0.910926
vt 0.304582 0.747548
vt 0.321237 0.754374
vt 0.319039 0.759813
vt 0.301667 0.754479
vt 0.337892 0.761199
vt 0.335211 0.757738
vt 0.335528 0.772799
vt 0.317140 0.767105
vt 0.298752 0.761410
vt 0.145281 0.520217
vt 0.145192 0.497203
vt 0.099130 0.531822
vt 0.097959 0.499407
vt 0.150495 0.718524
vt 0.149111 0.671721
vt 0.092416 0.721498
vt 0.100877 0.672402
vt 0.102318 0.618417
vt 0.149336 0.626261
vt 0.062731 0.540926
vt 0.063267 0.505813
vt 0.038594 0.548962
vt 0.038512 0.513761
vt 0.036468 0.479267
vt 0.064112 0.473607
vt 0.065883 0.718251
vt 0.066028 0.672164
vt 0.039349 0.715003
vt 0.040690 0.670560
vt 0.039858 0.627865
vt 0.064857 0.626177
vt 0.064930 0.441953
vt 0.037391 0.448751
vt 0.038315 0.418234
vt 0.064839 0.409931
vt 0.772124 0.514164
vt 0.736649 0.515107
vt 0.736674 0.477287
vt 0.772156 0.475555
vt 0.711036 0.480592
vt 0.711135 0.445268
vt 0.736795 0.440382
vt 0.772294 0.437871
vt 0.737526 0.910568
vt 0.737520 0.870774
vt 0.711666 0.909244
vt 0.711675 0.871152
vt 0.711656 0.834482
vt 0.737493 0.832473
vt 0.736795 0.440382
vt 0.736779 0.404473
vt 0.711138 0.410876
vt 0.708987 0.375727
vt 0.735753 0.368764
vt 0.735883 0.995654
vt 0.737250 0.952398
vt 0.708959 0.991309
vt 0.711423 0.949294
vt 0.737526 0.910568
vt 0.062862 0.581682
vt 0.091196 0.572848
vt 0.039012 0.587087
vt 0.019377 0.627945
vt 0.018798 0.590442
vt 0.000689 0.626240
vt 0.000344 0.592614
vt -0.000000 0.558987
vt 0.018519 0.555004
vt 0.018479 0.521495
vt 0.000122 0.528687
vt 0.000243 0.498387
vt 0.018355 0.488827
vt 0.020978 0.708809
vt 0.020214 0.667775
vt 0.002606 0.702615
vt 0.001647 0.664428
vt 0.400441 0.290702
vt 0.412274 0.284008
vt 0.437862 0.317111
vt 0.427441 0.326132
vt 0.424107 0.277314
vt 0.451354 0.308456
vt 0.470972 0.338595
vt 0.462706 0.350078
vt 0.454440 0.361562
vt 0.690058 0.518959
vt 0.690062 0.484888
vt 0.711036 0.480592
vt 0.671099 0.489595
vt 0.671061 0.458095
vt 0.690128 0.451614
vt 0.690432 0.907376
vt 0.690462 0.871601
vt 0.711675 0.871152
vt 0.671201 0.904254
vt 0.671255 0.871965
vt 0.690457 0.837089
vt 0.690268 0.419409
vt 0.671291 0.428807
vt 0.671520 0.399519
vt 0.690254 0.387623
vt 0.690010 0.983807
vt 0.690334 0.945066
vt 0.671061 0.976306
vt 0.671131 0.940280
vt 0.550237 0.030303
vt 0.522196 0.036650
vt 0.514815 0.016358
vt 0.529593 0.056795
vt 0.505810 0.064807
vt 0.494951 0.046594
vt 0.483249 0.024565
vt 0.541918 0.361801
vt 0.545712 0.337428
vt 0.574642 0.337998
vt 0.574400 0.358860
vt 0.550020 0.317129
vt 0.574951 0.317295
vt 0.599633 0.314225
vt 0.603168 0.334559
vt 0.469437 0.062052
vt 0.453780 0.047473
vt 0.483081 0.075852
vt 0.463418 0.089023
vt 0.448635 0.081622
vt 0.424311 0.070380
vt 0.490712 0.318374
vt 0.516644 0.330539
vt 0.506445 0.350198
vt 0.502717 0.303327
vt 0.525269 0.312701
vt 0.400892 0.143869
vt 0.429588 0.134025
vt 0.426177 0.170069
vt 0.401748 0.178089
vt 0.455507 0.116009
vt 0.448189 0.163258
vt 0.450689 0.204748
vt 0.428671 0.208153
vt 0.402605 0.212310
vt 0.439428 0.244722
vt 0.413356 0.244812
vt 0.462876 0.244497
vt 0.486133 0.286058
vt 0.455079 0.277056
vt 0.436657 0.105415
vt 0.412602 0.107125
vt 0.459463 0.102516
vt 0.471728 0.300667
vt 0.494425 0.294692
vt 0.470431 0.201789
vt 0.481050 0.241423
vt 0.489857 0.198765
vt 0.497706 0.233923
vt 0.505576 0.276904
vt 0.495855 0.281481
vt 0.456460 0.788745
vt 0.456460 0.792486
vt 0.447412 0.792620
vt 0.447412 0.784911
vt 0.456460 0.796228
vt 0.447412 0.796417
vt 0.438363 0.796607
vt 0.438363 0.793731
vt 0.438363 0.790855
vt 0.191414 0.777710
vt 0.191414 0.779623
vt 0.177445 0.778957
vt 0.177445 0.770496
vt 0.191414 0.781536
vt 0.177445 0.781597
vt 0.163475 0.781659
vt 0.163475 0.779746
vt 0.163475 0.777833
vt 0.553914 0.051429
vt 0.557689 0.073115
vt 0.537114 0.077479
vt 0.529593 0.056795
vt 0.561516 0.095109
vt 0.544603 0.098572
vt 0.526896 0.102468
vt 0.516254 0.083167
vt 0.505810 0.064807
vt 0.553893 0.297125
vt 0.575191 0.296053
vt 0.574951 0.317295
vt 0.557525 0.276158
vt 0.575219 0.274261
vt 0.592267 0.271868
vt 0.516254 0.083167
vt 0.494645 0.089710
vt 0.526896 0.102468
vt 0.507252 0.105618
vt 0.481345 0.103620
vt 0.472382 0.096321
vt 0.509708 0.295874
vt 0.531982 0.296738
vt 0.516699 0.288422
vt 0.538732 0.278853
vt 0.557525 0.276158
vt 0.553893 0.297125
vt 0.465761 0.118823
vt 0.466209 0.161140
vt 0.476015 0.121638
vt 0.484449 0.163411
vt 0.560577 0.208537
vt 0.547701 0.204995
vt 0.549643 0.188370
vt 0.548704 0.229224
vt 0.539973 0.224902
vt 0.532098 0.223110
vt 0.532634 0.208339
vt 0.530716 0.191695
vt 0.534509 0.150087
vt 0.512091 0.129642
vt 0.524111 0.125343
vt 0.541114 0.142550
vt 0.507252 0.105618
vt 0.526896 0.102468
vt 0.537764 0.121892
vt 0.545645 0.135301
vt 0.530716 0.191695
vt 0.510478 0.195267
vt 0.506413 0.170702
vt 0.526673 0.175456
vt 0.489857 0.198765
vt 0.484449 0.163411
vt 0.503894 0.149344
vt 0.520875 0.161806
vt 0.505943 0.137121
vt 0.527717 0.157261
vt 0.478680 0.112629
vt 0.551561 0.119288
vt 0.556286 0.137609
vt 0.544603 0.098572
vt 0.565279 0.116738
vt 0.563914 0.239549
vt 0.561130 0.254668
vt 0.547576 0.255573
vt 0.557318 0.234150
vt 0.538732 0.278853
vt 0.535338 0.255339
vt 0.520988 0.240662
vt 0.515577 0.219766
vt 0.532634 0.208339
vt 0.497706 0.233923
vt 0.527196 0.250877
vt 0.511137 0.282663
vt 0.588545 0.250470
vt 0.574800 0.252673
vt 0.573055 0.233879
vt 0.575219 0.274261
vt 0.534509 0.150087
vt 0.553066 0.165671
vt 0.542121 0.173386
vt 0.527717 0.157261
vt 0.526673 0.175456
vt 0.556286 0.137609
vt 0.556955 0.152874
vt 0.541114 0.142550
vt 0.572059 0.155705
vt 0.585043 0.230341
vt 0.568541 0.219275
vt 0.581772 0.211537
vt 0.256928 0.541584
vt 0.257252 0.544683
vt 0.260413 0.563592
vt 0.257163 0.549401
vt 0.264730 0.577763
vt 0.259311 0.582502
vt 0.257397 0.557218
vt 0.062602 0.787684
vt 0.065622 0.754591
vt 0.064963 0.780726
vt 0.055029 0.792479
vt 0.068642 0.721498
vt 0.068642 0.766449
vt 0.068642 0.811400
vt 0.065868 0.807493
vt 0.063093 0.803585
vt 0.252466 0.589154
vt 0.250334 0.556946
vt 0.243245 0.589652
vt 0.243271 0.556675
vt 0.242643 0.541299
vt 0.240225 0.538238
vt 0.249710 0.538063
vt 0.249786 0.541442
vt 0.163728 0.533866
vt 0.172621 0.538011
vt 0.181233 0.558090
vt 0.163871 0.542143
vt 0.174522 0.578905
vt 0.164013 0.550419
vt 0.149050 0.551699
vt 0.129163 0.580083
vt 0.120491 0.559593
vt 0.148944 0.544485
vt 0.127304 0.539074
vt 0.148839 0.537271
vt 0.152267 0.586531
vt 0.156531 0.551059
vt 0.149336 0.626261
vt 0.149745 0.531446
vt 0.156284 0.535569
vt 0.145281 0.520217
vt 0.347351 0.735615
vt 0.348366 0.739156
vt 0.356809 0.710030
vt 0.357783 0.714471
vt 0.365105 0.715647
vt 0.350317 0.744223
vt 0.607833 0.736968
vt 0.607833 0.756992
vt 0.600576 0.756522
vt 0.600196 0.736541
vt 0.607833 0.777015
vt 0.600956 0.776504
vt 0.594079 0.775993
vt 0.593319 0.756053
vt 0.592559 0.736113
vt 0.302011 0.649791
vt 0.332582 0.658742
vt 0.330488 0.663991
vt 0.300381 0.656753
vt 0.363154 0.667694
vt 0.353553 0.674421
vt 0.361554 0.673168
vt 0.330153 0.668441
vt 0.298752 0.663715
vt 0.031547 0.804666
vt 0.031022 0.798551
vt 0.055029 0.792479
vt 0.000000 0.805747
vt 0.000760 0.802099
vt 0.001520 0.798451
vt 0.032061 0.793068
vt 0.817134 0.112167
vt 0.798829 0.118015
vt 0.797249 0.110600
vt 0.814799 0.105040
vt 0.780523 0.123863
vt 0.781015 0.108625
vt 0.778217 0.112224
vt 0.795341 0.105069
vt 0.812465 0.097914
vt 0.592559 0.736113
vt 0.590479 0.755190
vt 0.583044 0.755497
vt 0.584084 0.736794
vt 0.588399 0.774267
vt 0.582004 0.774200
vt 0.575610 0.774132
vt 0.575610 0.755803
vt 0.575610 0.737474
vt 0.817134 0.013757
vt 0.787034 0.019026
vt 0.786638 0.014615
vt 0.815513 0.006879
vt 0.756934 0.024294
vt 0.764325 0.025342
vt 0.755314 0.018915
vt 0.784603 0.009458
vt 0.813892 0.000000
vt 0.787106 0.324638
vt 0.784870 0.293030
vt 0.792245 0.293173
vt 0.793651 0.324740
vt 0.782634 0.261423
vt 0.791825 0.263738
vt 0.798550 0.260725
vt 0.799374 0.292783
vt 0.800197 0.324841
vt 0.766448 0.094654
vt 0.768072 0.089881
vt 0.752372 0.065446
vt 0.759105 0.065066
vt 0.759189 0.061027
vt 0.768703 0.086626
vt 0.782986 0.214800
vt 0.782986 0.187489
vt 0.788526 0.187783
vt 0.788993 0.214813
vt 0.782986 0.160178
vt 0.788077 0.162830
vt 0.793124 0.160291
vt 0.794062 0.187558
vt 0.794999 0.214826
vt 0.753843 0.042181
vt 0.757105 0.042977
vt 0.764325 0.025342
vt 0.758061 0.042661
vt 0.783263 0.142501
vt 0.787669 0.142548
vt 0.783540 0.124823
vt 0.787279 0.124343
vt 0.791019 0.123863
vt 0.792071 0.142077
vt 0.359182 0.691599
vt 0.360458 0.692197
vt 0.353553 0.674421
vt 0.364129 0.691671
vt 0.787627 0.238737
vt 0.793623 0.239098
vt 0.792619 0.216052
vt 0.796408 0.216590
vt 0.800197 0.217128
vt 0.799374 0.238926
vt 0.623106 0.736113
vt 0.633584 0.740241
vt 0.633573 0.751969
vt 0.623106 0.750174
vt 0.644063 0.744368
vt 0.644039 0.753763
vt 0.644016 0.763158
vt 0.633561 0.763696
vt 0.623106 0.764235
vt 0.623106 0.764235
vt 0.633508 0.767338
vt 0.633519 0.777327
vt 0.623106 0.776207
vt 0.643910 0.770441
vt 0.643933 0.778447
vt 0.643955 0.786452
vt 0.633531 0.787315
vt 0.623106 0.788178
vt 0.474354 0.793517
vt 0.474354 0.794989
vt 0.465407 0.794069
vt 0.465407 0.787168
vt 0.474354 0.796461
vt 0.465407 0.796341
vt 0.456460 0.796221
vt 0.456460 0.794306
vt 0.456460 0.792391
vt 0.163475 0.776365
vt 0.163475 0.779240
vt 0.157729 0.778823
vt 0.157702 0.772447
vt 0.163475 0.782115
vt 0.157869 0.782177
vt 0.152262 0.782238
vt 0.151038 0.778508
vt 0.150927 0.771312
vt 0.575610 0.769926
vt 0.575610 0.771398
vt 0.566249 0.771002
vt 0.566249 0.765671
vt 0.575610 0.772871
vt 0.566249 0.772903
vt 0.556888 0.772936
vt 0.556888 0.771464
vt 0.556888 0.769991
vt 0.256899 0.777784
vt 0.256899 0.779700
vt 0.246605 0.779566
vt 0.246605 0.772665
vt 0.256899 0.781615
vt 0.246605 0.781839
vt 0.236311 0.782062
vt 0.236311 0.780590
vt 0.236311 0.779118
vt 0.507716 0.788747
vt 0.507716 0.792489
vt 0.498989 0.791877
vt 0.498989 0.782492
vt 0.507716 0.796231
vt 0.498989 0.796246
vt 0.490263 0.796261
vt 0.490263 0.792520
vt 0.490263 0.788778
vt 0.142512 0.777997
vt 0.142484 0.769945
vt 0.142651 0.781922
vt 0.133040 0.781606
vt 0.133040 0.777865
vt 0.133040 0.774124
vt 0.256899 0.721498
vt 0.256899 0.749641
vt 0.246605 0.755347
vt 0.246605 0.733400
vt 0.236311 0.762210
vt 0.236311 0.745303
vt 0.575610 0.736113
vt 0.575610 0.753020
vt 0.566249 0.752623
vt 0.566249 0.736146
vt 0.556888 0.753085
vt 0.556888 0.736178
vt 0.474354 0.759708
vt 0.474354 0.776612
vt 0.465407 0.769854
vt 0.465407 0.747910
vt 0.456460 0.764252
vt 0.456460 0.736113
vt 0.191414 0.721498
vt 0.191414 0.749604
vt 0.177445 0.748938
vt 0.177445 0.721559
vt 0.163475 0.749727
vt 0.163475 0.721620
vt 0.152262 0.745485
vt 0.151038 0.758509
vt 0.142512 0.753620
vt 0.142651 0.733491
vt 0.133040 0.747811
vt 0.133040 0.721498
vt 0.507716 0.736113
vt 0.507716 0.762430
vt 0.498989 0.761819
vt 0.498989 0.736129
vt 0.490263 0.762461
vt 0.490263 0.736144
vt 0.163475 0.745362
vt 0.163475 0.760863
vt 0.157729 0.760284
vt 0.157869 0.745423
vt 0.456460 0.762429
vt 0.447412 0.768402
vt 0.447412 0.747981
vt 0.438363 0.775352
vt 0.438363 0.759849
s 1
usemtl calderoB
f 3495/1458/3207 3778/1459/3490 4336/1460/4048 3792/1461/3504
f 3778/1459/3490 3497/1462/3209 3793/1463/3505 4336/1460/4048
f 4336/1460/4048 3793/1463/3505 3506/1464/3218 3786/1465/3498
f 3792/1461/3504 4336/1460/4048 3786/1465/3498 3504/1466/3216
f 3500/1467/3212 3782/1468/3494 4337/1469/4049 3794/1470/3506
f 3782/1468/3494 3498/1471/3210 3795/1472/3507 4337/1469/4049
f 4337/1469/4049 3795/1472/3507 3507/1473/3219 3790/1474/3502
f 3794/1470/3506 4337/1469/4049 3790/1474/3502 3509/1475/3221
f 3502/1476/3214 3779/1477/3491 4338/1478/4050 3796/1479/3508
f 3779/1477/3491 3503/1480/3215 3797/1481/3509 4338/1478/4050
f 4338/1478/4050 3797/1481/3509 3512/1482/3224 3787/1483/3499
f 3796/1479/3508 4338/1478/4050 3787/1483/3499 3511/1484/3223
f 3501/1485/3213 3783/1486/3495 4339/1487/4051 3798/1488/3510
f 3783/1486/3495 3499/1489/3211 3799/1490/3511 4339/1487/4051
f 4339/1487/4051 3799/1490/3511 3508/1491/3220 3791/1492/3503
f 3798/1488/3510 4339/1487/4051 3791/1492/3503 3510/1493/3222
f 3503/1480/3215 3776/1494/3488 4340/1495/4052 3797/1481/3509
f 3776/1494/3488 3495/1496/3207 3792/1497/3504 4340/1495/4052
f 4340/1495/4052 3792/1497/3504 3504/1498/3216 3784/1499/3496
f 3797/1481/3509 4340/1495/4052 3784/1499/3496 3512/1482/3224
f 3498/1500/3210 3780/1501/3492 4341/1502/4053 3795/1503/3507
f 3780/1501/3492 3501/1485/3213 3798/1488/3510 4341/1502/4053
f 4341/1502/4053 3798/1488/3510 3510/1493/3222 3788/1504/3500
f 3795/1503/3507 4341/1502/4053 3788/1504/3500 3507/1505/3219
f 3497/1462/3209 3777/1506/3489 4342/1507/4054 3793/1463/3505
f 3777/1506/3489 3496/1508/3208 3800/1509/3512 4342/1507/4054
f 4342/1507/4054 3800/1509/3512 3505/1510/3217 3785/1511/3497
f 3793/1463/3505 4342/1507/4054 3785/1511/3497 3506/1464/3218
f 3496/1508/3208 3781/1512/3493 4343/1513/4055 3800/1509/3512
f 3781/1512/3493 3500/1467/3212 3794/1470/3506 4343/1513/4055
f 4343/1513/4055 3794/1470/3506 3509/1475/3221 3789/1514/3501
f 3800/1509/3512 4343/1513/4055 3789/1514/3501 3505/1510/3217
f 3506/1464/3218 3785/1511/3497 4344/1515/4056 3809/1516/3521
f 3785/1511/3497 3505/1510/3217 3810/1517/3522 4344/1515/4056
f 4344/1515/4056 3810/1517/3522 3514/1518/3226 3802/1519/3514
f 3809/1516/3521 4344/1515/4056 3802/1519/3514 3515/1520/3227
f 3505/1510/3217 3789/1514/3501 4345/1521/4057 3810/1517/3522
f 3789/1514/3501 3509/1475/3221 3811/1522/3523 4345/1521/4057
f 4345/1521/4057 3811/1522/3523 3518/1523/3230 3806/1524/3518
f 3810/1517/3522 4345/1521/4057 3806/1524/3518 3514/1518/3226
f 3504/1466/3216 3786/1465/3498 4346/1525/4058 3812/1526/3524
f 3786/1465/3498 3506/1464/3218 3809/1516/3521 4346/1525/4058
f 4346/1525/4058 3809/1516/3521 3515/1520/3227 3803/1527/3515
f 3812/1526/3524 4346/1525/4058 3803/1527/3515 3513/1528/3225
f 3509/1475/3221 3790/1474/3502 4347/1529/4059 3811/1522/3523
f 3790/1474/3502 3507/1473/3219 3813/1530/3525 4347/1529/4059
f 4347/1529/4059 3813/1530/3525 3516/1531/3228 3807/1532/3519
f 3811/1522/3523 4347/1529/4059 3807/1532/3519 3518/1523/3230
f 3511/1484/3223 3787/1483/3499 4348/1533/4060 3814/1534/3526
f 3787/1483/3499 3512/1482/3224 3815/1535/3527 4348/1533/4060
f 4348/1533/4060 3815/1535/3527 3521/1536/3233 3804/1537/3516
f 3814/1534/3526 4348/1533/4060 3804/1537/3516 3520/1538/3232
f 3510/1493/3222 3791/1492/3503 4349/1539/4061 3816/1540/3528
f 3791/1492/3503 3508/1491/3220 3817/1541/3529 4349/1539/4061
f 4349/1539/4061 3817/1541/3529 3517/1542/3229 3808/1543/3520
f 3816/1540/3528 4349/1539/4061 3808/1543/3520 3519/1544/3231
f 3512/1482/3224 3784/1499/3496 4350/1545/4062 3815/1535/3527
f 3784/1499/3496 3504/1498/3216 3812/1546/3524 4350/1545/4062
f 4350/1545/4062 3812/1546/3524 3513/1547/3225 3801/1548/3513
f 3815/1535/3527 4350/1545/4062 3801/1548/3513 3521/1536/3233
f 3507/1505/3219 3788/1504/3500 4351/1549/4063 3813/1550/3525
f 3788/1504/3500 3510/1493/3222 3816/1540/3528 4351/1549/4063
f 4351/1549/4063 3816/1540/3528 3519/1544/3231 3805/1551/3517
f 3813/1550/3525 4351/1549/4063 3805/1551/3517 3516/1552/3228
f 3516/1553/3228 3805/1554/3517 4352/1555/4064 3826/1556/3538
f 3805/1554/3517 3519/1557/3231 3827/1558/3539 4352/1555/4064
f 4352/1555/4064 3827/1558/3539 3528/1559/3240 3822/1560/3534
f 3826/1556/3538 4352/1555/4064 3822/1560/3534 3525/1561/3237
f 3515/1562/3227 3802/1563/3514 4353/1564/4065 3830/1565/3542
f 3802/1563/3514 3514/1566/3226 3831/1567/3543 4353/1564/4065
f 4353/1564/4065 3831/1567/3543 3523/1568/3235 3819/1569/3531
f 3830/1565/3542 4353/1564/4065 3819/1569/3531 3524/1570/3236
f 3514/1566/3226 3806/1571/3518 4354/1572/4066 3831/1567/3543
f 3806/1571/3518 3518/1573/3230 3832/1574/3544 4354/1572/4066
f 4354/1572/4066 3832/1574/3544 3527/1575/3239 3823/1576/3535
f 3831/1567/3543 4354/1572/4066 3823/1576/3535 3523/1568/3235
f 3513/1577/3225 3803/1578/3515 4355/1579/4067 3833/1580/3545
f 3803/1578/3515 3515/1562/3227 3830/1565/3542 4355/1579/4067
f 4355/1579/4067 3830/1565/3542 3524/1570/3236 3820/1581/3532
f 3833/1580/3545 4355/1579/4067 3820/1581/3532 3522/1582/3234
f 3518/1573/3230 3807/1583/3519 4356/1584/4068 3832/1574/3544
f 3807/1583/3519 3516/1553/3228 3826/1556/3538 4356/1584/4068
f 4356/1584/4068 3826/1556/3538 3525/1561/3237 3824/1585/3536
f 3832/1574/3544 4356/1584/4068 3824/1585/3536 3527/1575/3239
f 3520/1586/3232 3804/1587/3516 4357/1588/4069 3828/1589/3540
f 3804/1587/3516 3521/1590/3233 3834/1591/3546 4357/1588/4069
f 4357/1588/4069 3834/1591/3546 3530/1592/3242 3821/1593/3533
f 3828/1589/3540 4357/1588/4069 3821/1593/3533 3529/1594/3241
f 3519/1557/3231 3808/1595/3520 4358/1596/4070 3827/1558/3539
f 3808/1595/3520 3517/1597/3229 3829/1598/3541 4358/1596/4070
f 4358/1596/4070 3829/1598/3541 3526/1599/3238 3825/1600/3537
f 3827/1558/3539 4358/1596/4070 3825/1600/3537 3528/1559/3240
f 3521/1590/3233 3801/1601/3513 4359/1602/4071 3834/1591/3546
f 3801/1601/3513 3513/1577/3225 3833/1580/3545 4359/1602/4071
f 4359/1602/4071 3833/1580/3545 3522/1582/3234 3818/1603/3530
f 3834/1591/3546 4359/1602/4071 3818/1603/3530 3530/1592/3242
f 3527/1575/3239 3824/1585/3536 4360/1604/4072 3843/1605/3555
f 3824/1585/3536 3525/1561/3237 3844/1606/3556 4360/1604/4072
f 4360/1604/4072 3844/1606/3556 3534/1607/3246 3841/1608/3553
f 3843/1605/3555 4360/1604/4072 3841/1608/3553 3536/1609/3248
f 3529/1594/3241 3821/1593/3533 4361/1610/4073 3845/1611/3557
f 3821/1593/3533 3530/1592/3242 3846/1612/3558 4361/1610/4073
f 4361/1610/4073 3846/1612/3558 3539/1613/3251 3838/1614/3550
f 3845/1611/3557 4361/1610/4073 3838/1614/3550 3538/1615/3250
f 3528/1559/3240 3825/1600/3537 4362/1616/4074 3847/1617/3559
f 3825/1600/3537 3526/1599/3238 3848/1618/3560 4362/1616/4074
f 4362/1616/4074 3848/1618/3560 3535/1619/3247 3842/1620/3554
f 3847/1617/3559 4362/1616/4074 3842/1620/3554 3537/1621/3249
f 3530/1592/3242 3818/1603/3530 4363/1622/4075 3846/1612/3558
f 3818/1603/3530 3522/1582/3234 3849/1623/3561 4363/1622/4075
f 4363/1622/4075 3849/1623/3561 3531/1624/3243 3835/1625/3547
f 3846/1612/3558 4363/1622/4075 3835/1625/3547 3539/1613/3251
f 3525/1561/3237 3822/1560/3534 4364/1626/4076 3844/1606/3556
f 3822/1560/3534 3528/1559/3240 3847/1617/3559 4364/1626/4076
f 4364/1626/4076 3847/1617/3559 3537/1621/3249 3839/1627/3551
f 3844/1606/3556 4364/1626/4076 3839/1627/3551 3534/1607/3246
f 3524/1570/3236 3819/1569/3531 4365/1628/4077 3850/1629/3562
f 3819/1569/3531 3523/1568/3235 3851/1630/3563 4365/1628/4077
f 4365/1628/4077 3851/1630/3563 3614/1631/3326 3836/1632/3548
f 3850/1629/3562 4365/1628/4077 3836/1632/3548 3613/1633/3325
f 3523/1634/3235 3823/1635/3535 4366/1636/4078 3851/1637/3563
f 3823/1635/3535 3527/1638/3239 3843/1639/3555 4366/1636/4078
f 4366/1636/4078 3843/1639/3555 3536/1640/3248 3840/1641/3552
f 3851/1637/3563 4366/1636/4078 3840/1641/3552 3614/1642/3326
f 3522/1582/3234 3820/1581/3532 4367/1643/4079 3849/1623/3561
f 3820/1581/3532 3524/1570/3236 3850/1629/3562 4367/1643/4079
f 4367/1643/4079 3850/1629/3562 3613/1633/3325 3837/1644/3549
f 3849/1623/3561 4367/1643/4079 3837/1644/3549 3531/1624/3243
f 3533/1645/3245 3993/1646/3705 4368/1647/4080 4020/1648/3732
f 3993/1646/3705 3532/1649/3244 4019/1650/3731 4368/1647/4080
f 4368/1647/4080 4019/1650/3731 3622/1651/3334 4009/1652/3721
f 4020/1648/3732 4368/1647/4080 4009/1652/3721 3621/1653/3333
f 3614/1642/3326 3840/1641/3552 4369/1654/4081 3861/1655/3573
f 3840/1641/3552 3536/1640/3248 3862/1656/3574 4369/1654/4081
f 4369/1654/4081 3862/1656/3574 3545/1657/3257 3857/1658/3569
f 3861/1655/3573 4369/1654/4081 3857/1658/3569 3616/1659/3328
f 3531/1660/3243 3837/1661/3549 4370/1662/4082 3863/1663/3575
f 3837/1661/3549 3613/1664/3325 3860/1665/3572 4370/1662/4082
f 4370/1662/4082 3860/1665/3572 3615/1666/3327 3854/1667/3566
f 3863/1663/3575 4370/1662/4082 3854/1667/3566 3540/1668/3252
f 3536/1640/3248 3841/1669/3553 4371/1670/4083 3862/1656/3574
f 3841/1669/3553 3534/1671/3246 3864/1672/3576 4371/1670/4083
f 4371/1670/4083 3864/1672/3576 3543/1673/3255 3858/1674/3570
f 3862/1656/3574 4371/1670/4083 3858/1674/3570 3545/1657/3257
f 3538/1675/3250 3838/1676/3550 4372/1677/4084 3865/1678/3577
f 3838/1676/3550 3539/1679/3251 3866/1680/3578 4372/1677/4084
f 4372/1677/4084 3866/1680/3578 3548/1681/3260 3855/1682/3567
f 3865/1678/3577 4372/1677/4084 3855/1682/3567 3547/1683/3259
f 3537/1684/3249 3842/1685/3554 4373/1686/4085 3867/1687/3579
f 3842/1685/3554 3535/1688/3247 3868/1689/3580 4373/1686/4085
f 4373/1686/4085 3868/1689/3580 3544/1690/3256 3859/1691/3571
f 3867/1687/3579 4373/1686/4085 3859/1691/3571 3546/1692/3258
f 3539/1679/3251 3835/1693/3547 4374/1694/4086 3866/1680/3578
f 3835/1693/3547 3531/1695/3243 3863/1696/3575 4374/1694/4086
f 4374/1694/4086 3863/1696/3575 3540/1697/3252 3852/1698/3564
f 3866/1680/3578 4374/1694/4086 3852/1698/3564 3548/1681/3260
f 3534/1671/3246 3839/1699/3551 4375/1700/4087 3864/1672/3576
f 3839/1699/3551 3537/1701/3249 3867/1702/3579 4375/1700/4087
f 4375/1700/4087 3867/1702/3579 3546/1703/3258 3856/1704/3568
f 3864/1672/3576 4375/1700/4087 3856/1704/3568 3543/1673/3255
f 3543/1705/3255 3856/1706/3568 4376/1707/4088 3877/1708/3589
f 3856/1706/3568 3546/1709/3258 3878/1710/3590 4376/1707/4088
f 4376/1707/4088 3878/1710/3590 3555/1711/3267 3873/1712/3585
f 3877/1708/3589 4376/1707/4088 3873/1712/3585 3552/1713/3264
f 3615/1666/3327 3853/1714/3565 4377/1715/4089 3881/1716/3593
f 3853/1714/3565 3616/1659/3328 3882/1717/3594 4377/1715/4089
f 4377/1715/4089 3882/1717/3594 3618/1718/3330 3870/1719/3582
f 3881/1716/3593 4377/1715/4089 3870/1719/3582 3617/1720/3329
f 3616/1659/3328 3857/1658/3569 4378/1721/4090 3882/1717/3594
f 3857/1658/3569 3545/1657/3257 3883/1722/3595 4378/1721/4090
f 4378/1721/4090 3883/1722/3595 3554/1723/3266 3874/1724/3586
f 3882/1717/3594 4378/1721/4090 3874/1724/3586 3618/1718/3330
f 3540/1725/3252 3854/1726/3566 4379/1727/4091 3884/1728/3596
f 3854/1726/3566 3615/1729/3327 3881/1730/3593 4379/1727/4091
f 4379/1727/4091 3881/1730/3593 3617/1731/3329 3871/1732/3583
f 3884/1728/3596 4379/1727/4091 3871/1732/3583 3549/1733/3261
f 3545/1657/3257 3858/1674/3570 4380/1734/4092 3883/1722/3595
f 3858/1674/3570 3543/1673/3255 3877/1735/3589 4380/1734/4092
f 4380/1734/4092 3877/1735/3589 3552/1736/3264 3875/1737/3587
f 3883/1722/3595 4380/1734/4092 3875/1737/3587 3554/1723/3266
f 3547/1683/3259 3855/1738/3567 4381/1739/4093 3879/1740/3591
f 3855/1738/3567 3548/1741/3260 3885/1742/3597 4381/1739/4093
f 4381/1739/4093 3885/1742/3597 3557/1743/3269 3872/1744/3584
f 3879/1740/3591 4381/1739/4093 3872/1744/3584 3556/1745/3268
f 3546/1692/3258 3859/1691/3571 4382/1746/4094 3878/1747/3590
f 3859/1691/3571 3544/1690/3256 3880/1748/3592 4382/1746/4094
f 4382/1746/4094 3880/1748/3592 3553/1749/3265 3876/1750/3588
f 3878/1747/3590 4382/1746/4094 3876/1750/3588 3555/1751/3267
f 3548/1681/3260 3852/1698/3564 4383/1752/4095 3885/1753/3597
f 3852/1698/3564 3540/1697/3252 3884/1754/3596 4383/1752/4095
f 4383/1752/4095 3884/1754/3596 3549/1755/3261 3869/1756/3581
f 3885/1753/3597 4383/1752/4095 3869/1756/3581 3557/1757/3269
f 3554/1723/3266 3875/1737/3587 4384/1758/4096 3894/1759/3606
f 3875/1737/3587 3552/1736/3264 3895/1760/3607 4384/1758/4096
f 4384/1758/4096 3895/1760/3607 3561/1761/3273 3892/1762/3604
f 3894/1759/3606 4384/1758/4096 3892/1762/3604 3563/1763/3275
f 3556/1745/3268 3872/1744/3584 4385/1764/4097 3896/1765/3608
f 3872/1744/3584 3557/1743/3269 3897/1766/3609 4385/1764/4097
f 4385/1764/4097 3897/1766/3609 3566/1767/3278 3889/1768/3601
f 3896/1765/3608 4385/1764/4097 3889/1768/3601 3565/1769/3277
f 3555/1751/3267 3876/1750/3588 4386/1770/4098 3898/1771/3610
f 3876/1750/3588 3553/1749/3265 3899/1772/3611 4386/1770/4098
f 4386/1770/4098 3899/1772/3611 3562/1773/3274 3893/1774/3605
f 3898/1771/3610 4386/1770/4098 3893/1774/3605 3564/1775/3276
f 3557/1757/3269 3869/1756/3581 4387/1776/4099 3897/1777/3609
f 3869/1756/3581 3549/1755/3261 3900/1778/3612 4387/1776/4099
f 4387/1776/4099 3900/1778/3612 3558/1779/3270 3886/1780/3598
f 3897/1777/3609 4387/1776/4099 3886/1780/3598 3566/1781/3278
f 3552/1782/3264 3873/1783/3585 4388/1784/4100 3895/1785/3607
f 3873/1783/3585 3555/1751/3267 3898/1771/3610 4388/1784/4100
f 4388/1784/4100 3898/1771/3610 3564/1775/3276 3890/1786/3602
f 3895/1785/3607 4388/1784/4100 3890/1786/3602 3561/1787/3273
f 3550/1788/3262 4004/1789/3716 4389/1790/4101 4018/1791/3730
f 4004/1789/3716 3559/1792/3271 4017/1793/3729 4389/1790/4101
f 4389/1790/4101 4017/1793/3729 3628/1794/3340 4016/1795/3728
f 4018/1791/3730 4389/1790/4101 4016/1795/3728 3626/1796/3338
f 3618/1718/3330 3874/1724/3586 4390/1797/4102 3902/1798/3614
f 3874/1724/3586 3554/1723/3266 3894/1759/3606 4390/1797/4102
f 4390/1797/4102 3894/1759/3606 3563/1763/3275 3891/1799/3603
f 3902/1798/3614 4390/1797/4102 3891/1799/3603 3620/1800/3332
f 3549/1801/3261 3871/1802/3583 4391/1803/4103 3900/1804/3612
f 3871/1802/3583 3617/1720/3329 3901/1805/3613 4391/1803/4103
f 4391/1803/4103 3901/1805/3613 3619/1806/3331 3888/1807/3600
f 3900/1804/3612 4391/1803/4103 3888/1807/3600 3558/1808/3270
f 3620/1800/3332 3891/1799/3603 4392/1809/4104 3911/1810/3623
f 3891/1799/3603 3563/1763/3275 3912/1811/3624 4392/1809/4104
f 4392/1809/4104 3912/1811/3624 3572/1812/3284 3908/1813/3620
f 3911/1810/3623 4392/1809/4104 3908/1813/3620 3568/1814/3280
f 3558/1808/3270 3888/1807/3600 4393/1815/4105 3913/1816/3625
f 3888/1807/3600 3619/1806/3331 3914/1817/3626 4393/1815/4105
f 4393/1815/4105 3914/1817/3626 3569/1818/3281 3905/1819/3617
f 3913/1816/3625 4393/1815/4105 3905/1819/3617 3567/1820/3279
f 3563/1763/3275 3892/1762/3604 4394/1821/4106 3912/1811/3624
f 3892/1762/3604 3561/1761/3273 3915/1822/3627 4394/1821/4106
f 4394/1821/4106 3915/1822/3627 3570/1823/3282 3909/1824/3621
f 3912/1811/3624 4394/1821/4106 3909/1824/3621 3572/1812/3284
f 3565/1769/3277 3889/1768/3601 4395/1825/4107 3916/1826/3628
f 3889/1768/3601 3566/1767/3278 3917/1827/3629 4395/1825/4107
f 4395/1825/4107 3917/1827/3629 3575/1828/3287 3906/1829/3618
f 3916/1826/3628 4395/1825/4107 3906/1829/3618 3574/1830/3286
f 3564/1775/3276 3893/1774/3605 4396/1831/4108 3918/1832/3630
f 3893/1774/3605 3562/1773/3274 3919/1833/3631 4396/1831/4108
f 4396/1831/4108 3919/1833/3631 3571/1834/3283 3910/1835/3622
f 3918/1832/3630 4396/1831/4108 3910/1835/3622 3573/1836/3285
f 3566/1781/3278 3886/1780/3598 4397/1837/4109 3917/1838/3629
f 3886/1780/3598 3558/1779/3270 3913/1839/3625 4397/1837/4109
f 4397/1837/4109 3913/1839/3625 3567/1840/3279 3903/1841/3615
f 3917/1838/3629 4397/1837/4109 3903/1841/3615 3575/1842/3287
f 3561/1787/3273 3890/1786/3602 4398/1843/4110 3915/1844/3627
f 3890/1786/3602 3564/1775/3276 3918/1832/3630 4398/1843/4110
f 4398/1843/4110 3918/1832/3630 3573/1836/3285 3907/1845/3619
f 3915/1844/3627 4398/1843/4110 3907/1845/3619 3570/1846/3282
f 3619/1806/3331 3887/1847/3599 4399/1848/4111 3914/1817/3626
f 3887/1847/3599 3620/1800/3332 3911/1810/3623 4399/1848/4111
f 4399/1848/4111 3911/1810/3623 3568/1814/3280 3904/1849/3616
f 3914/1817/3626 4399/1848/4111 3904/1849/3616 3569/1818/3281
f 3569/1818/3281 3904/1849/3616 4400/1850/4112 3930/1851/3642
f 3904/1849/3616 3568/1814/3280 3931/1852/3643 4400/1850/4112
f 4400/1850/4112 3931/1852/3643 3577/1853/3289 3921/1854/3633
f 3930/1851/3642 4400/1850/4112 3921/1854/3633 3578/1855/3290
f 3568/1814/3280 3908/1813/3620 4401/1856/4113 3931/1852/3643
f 3908/1813/3620 3572/1812/3284 3932/1857/3644 4401/1856/4113
f 4401/1856/4113 3932/1857/3644 3581/1858/3293 3925/1859/3637
f 3931/1852/3643 4401/1856/4113 3925/1859/3637 3577/1853/3289
f 3567/1860/3279 3905/1861/3617 4402/1862/4114 3933/1863/3645
f 3905/1861/3617 3569/1864/3281 3930/1865/3642 4402/1862/4114
f 4402/1862/4114 3930/1865/3642 3578/1866/3290 3922/1867/3634
f 3933/1863/3645 4402/1862/4114 3922/1867/3634 3576/1868/3288
f 3572/1812/3284 3909/1824/3621 4403/1869/4115 3932/1857/3644
f 3909/1824/3621 3570/1823/3282 3934/1870/3646 4403/1869/4115
f 4403/1869/4115 3934/1870/3646 3579/1871/3291 3926/1872/3638
f 3932/1857/3644 4403/1869/4115 3926/1872/3638 3581/1858/3293
f 3574/1830/3286 3906/1873/3618 4404/1874/4116 3928/1875/3640
f 3906/1873/3618 3575/1842/3287 3935/1876/3647 4404/1874/4116
f 4404/1874/4116 3935/1876/3647 3584/1877/3296 3923/1878/3635
f 3928/1875/3640 4404/1874/4116 3923/1878/3635 3583/1879/3295
f 3573/1836/3285 3910/1835/3622 4405/1880/4117 3936/1881/3648
f 3910/1835/3622 3571/1834/3283 3929/1882/3641 4405/1880/4117
f 4405/1880/4117 3929/1882/3641 3580/1883/3292 3927/1884/3639
f 3936/1881/3648 4405/1880/4117 3927/1884/3639 3582/1885/3294
f 3575/1842/3287 3903/1841/3615 4406/1886/4118 3935/1876/3647
f 3903/1841/3615 3567/1840/3279 3933/1887/3645 4406/1886/4118
f 4406/1886/4118 3933/1887/3645 3576/1888/3288 3920/1889/3632
f 3935/1876/3647 4406/1886/4118 3920/1889/3632 3584/1877/3296
f 3570/1823/3282 3907/1890/3619 4407/1891/4119 3934/1870/3646
f 3907/1890/3619 3573/1892/3285 3936/1893/3648 4407/1891/4119
f 4407/1891/4119 3936/1893/3648 3582/1894/3294 3924/1895/3636
f 3934/1870/3646 4407/1891/4119 3924/1895/3636 3579/1871/3291
f 3583/1896/3295 3923/1897/3635 4408/1898/4120 3945/1899/3657
f 3923/1897/3635 3584/1900/3296 3946/1901/3658 4408/1898/4120
f 4408/1898/4120 3946/1901/3658 3593/1902/3305 3940/1903/3652
f 3945/1899/3657 4408/1898/4120 3940/1903/3652 3592/1904/3304
f 3582/1905/3294 3927/1906/3639 4409/1907/4121 3947/1908/3659
f 3927/1906/3639 3580/1909/3292 3948/1910/3660 4409/1907/4121
f 4409/1907/4121 3948/1910/3660 3589/1911/3301 3944/1912/3656
f 3947/1908/3659 4409/1907/4121 3944/1912/3656 3591/1913/3303
f 3584/1900/3296 3920/1914/3632 4410/1915/4122 3946/1901/3658
f 3920/1914/3632 3576/1868/3288 3949/1916/3661 4410/1915/4122
f 4410/1915/4122 3949/1916/3661 3585/1917/3297 3937/1918/3649
f 3946/1901/3658 4410/1915/4122 3937/1918/3649 3593/1902/3305
f 3579/1919/3291 3924/1920/3636 4411/1921/4123 3950/1922/3662
f 3924/1920/3636 3582/1905/3294 3947/1908/3659 4411/1921/4123
f 4411/1921/4123 3947/1908/3659 3591/1913/3303 3941/1923/3653
f 3950/1922/3662 4411/1921/4123 3941/1923/3653 3588/1924/3300
f 3578/1866/3290 3921/1925/3633 4412/1926/4124 3951/1927/3663
f 3921/1925/3633 3577/1928/3289 3952/1929/3664 4412/1926/4124
f 4412/1926/4124 3952/1929/3664 3586/1930/3298 3938/1931/3650
f 3951/1927/3663 4412/1926/4124 3938/1931/3650 3587/1932/3299
f 3577/1928/3289 3925/1933/3637 4413/1934/4125 3952/1929/3664
f 3925/1933/3637 3581/1935/3293 3953/1936/3665 4413/1934/4125
f 4413/1934/4125 3953/1936/3665 3590/1937/3302 3942/1938/3654
f 3952/1929/3664 4413/1934/4125 3942/1938/3654 3586/1930/3298
f 3576/1868/3288 3922/1867/3634 4414/1939/4126 3949/1916/3661
f 3922/1867/3634 3578/1866/3290 3951/1927/3663 4414/1939/4126
f 4414/1939/4126 3951/1927/3663 3587/1932/3299 3939/1940/3651
f 3949/1916/3661 4414/1939/4126 3939/1940/3651 3585/1917/3297
f 3581/1935/3293 3926/1941/3638 4415/1942/4127 3953/1936/3665
f 3926/1941/3638 3579/1919/3291 3950/1922/3662 4415/1942/4127
f 4415/1942/4127 3950/1922/3662 3588/1924/3300 3943/1943/3655
f 3953/1936/3665 4415/1942/4127 3943/1943/3655 3590/1937/3302
f 3586/1930/3298 3942/1938/3654 4416/1944/4128 3962/1945/3674
f 3942/1938/3654 3590/1937/3302 3963/1946/3675 4416/1944/4128
f 4416/1944/4128 3963/1946/3675 3611/1947/3323 3959/1948/3671
f 3962/1945/3674 4416/1944/4128 3959/1948/3671 3607/1949/3319
f 3646/1950/3358 4068/1951/3780 4417/1952/4129 4062/1953/3774
f 4068/1951/3780 3645/1954/3357 4047/1955/3759 4417/1952/4129
f 4417/1952/4129 4047/1955/3759 3639/1956/3351 4044/1957/3756
f 4062/1953/3774 4417/1952/4129 4044/1957/3756 3635/1958/3347
f 3642/1959/3354 4060/1960/3772 4418/1961/4130 4054/1962/3766
f 4060/1960/3772 3641/1963/3353 4045/1964/3757 4418/1961/4130
f 4418/1961/4130 4045/1964/3757 3634/1965/3346 4037/1966/3749
f 4054/1962/3766 4418/1961/4130 4037/1966/3749 3633/1967/3345
f 3592/1968/3304 3940/1969/3652 4419/1970/4131 3967/1971/3679
f 3940/1969/3652 3593/1972/3305 3968/1973/3680 4419/1970/4131
f 4419/1970/4131 3968/1973/3680 3603/1974/3315 3957/1975/3669
f 3967/1971/3679 4419/1970/4131 3957/1975/3669 3605/1976/3317
f 3591/1977/3303 3944/1912/3656 4420/1978/4132 3969/1979/3681
f 3944/1912/3656 3589/1980/3301 3970/1981/3682 4420/1978/4132
f 4420/1978/4132 3970/1981/3682 3610/1982/3322 3961/1983/3673
f 3969/1979/3681 4420/1978/4132 3961/1983/3673 3608/1984/3320
f 3593/1902/3305 3937/1918/3649 4421/1985/4133 3968/1986/3680
f 3937/1918/3649 3585/1917/3297 3964/1987/3676 4421/1985/4133
f 4421/1985/4133 3964/1987/3676 3604/1988/3316 3954/1989/3666
f 3968/1986/3680 4421/1985/4133 3954/1989/3666 3603/1974/3315
f 3588/1924/3300 3941/1923/3653 4422/1990/4134 3966/1991/3678
f 3941/1923/3653 3591/1913/3303 3969/1979/3681 4422/1990/4134
f 4422/1990/4134 3969/1979/3681 3608/1984/3320 3958/1992/3670
f 3966/1991/3678 4422/1990/4134 3958/1992/3670 3609/1993/3321
f 3587/1932/3299 3938/1931/3650 4423/1994/4135 3965/1995/3677
f 3938/1931/3650 3586/1930/3298 3962/1945/3674 4423/1994/4135
f 4423/1994/4135 3962/1945/3674 3607/1949/3319 3955/1996/3667
f 3965/1995/3677 4423/1994/4135 3955/1996/3667 3606/1997/3318
f 3612/1998/3324 3988/1999/3700 4424/2000/4136 3992/2001/3704
f 3988/1999/3700 3595/2002/3307 3976/2003/3688 4424/2000/4136
f 4424/2000/4136 3976/2003/3688 3599/2004/3311 3977/2005/3689
f 3992/2001/3704 4424/2000/4136 3977/2005/3689 3597/2006/3309
f 3594/2007/3306 3971/2008/3683 4425/2009/4137 3979/2010/3691
f 3971/2008/3683 3602/2011/3314 3980/2012/3692 4425/2009/4137
f 4425/2009/4137 3980/2012/3692 3603/2013/3315 3954/2014/3666
f 3979/2010/3691 4425/2009/4137 3954/2014/3666 3604/1988/3316
f 3595/2015/3307 3972/2016/3684 4426/2017/4138 3982/2018/3694
f 3972/2016/3684 3596/2019/3308 3983/2020/3695 4426/2017/4138
f 4426/2017/4138 3983/2020/3695 3606/1997/3318 3955/2021/3667
f 3982/2018/3694 4426/2017/4138 3955/2021/3667 3607/2022/3319
f 3596/2019/3308 3973/2023/3685 4427/2024/4139 3983/2020/3695
f 3973/2023/3685 3594/2007/3306 3979/2010/3691 4427/2024/4139
f 4427/2024/4139 3979/2010/3691 3604/1988/3316 3956/2025/3668
f 3983/2020/3695 4427/2024/4139 3956/2025/3668 3606/1997/3318
f 3602/2011/3314 3974/2026/3686 4428/2027/4140 3980/2012/3692
f 3974/2026/3686 3601/2028/3313 3981/2029/3693 4428/2027/4140
f 4428/2027/4140 3981/2029/3693 3605/2030/3317 3957/2031/3669
f 3980/2012/3692 4428/2027/4140 3957/2031/3669 3603/2013/3315
f 3600/2032/3312 3975/2033/3687 4429/2034/4141 3984/2035/3696
f 3975/2033/3687 3597/2006/3309 3985/2036/3697 4429/2034/4141
f 4429/2034/4141 3985/2036/3697 3609/1993/3321 3958/1992/3670
f 3984/2035/3696 4429/2034/4141 3958/1992/3670 3608/2037/3320
f 3599/2004/3311 3976/2038/3688 4430/2039/4142 3987/2040/3699
f 3976/2038/3688 3595/2015/3307 3982/2018/3694 4430/2039/4142
f 4430/2039/4142 3982/2018/3694 3607/2022/3319 3959/2041/3671
f 3987/2040/3699 4430/2039/4142 3959/2041/3671 3611/1947/3323
f 3597/2006/3309 3977/2005/3689 4431/2042/4143 3985/2036/3697
f 3977/2005/3689 3599/2004/3311 3987/2040/3699 4431/2042/4143
f 4431/2042/4143 3987/2040/3699 3611/1947/3323 3960/2043/3672
f 3985/2036/3697 4431/2042/4143 3960/2043/3672 3609/1993/3321
f 3598/2044/3310 3978/2045/3690 4432/2046/4144 3986/2047/3698
f 3978/2045/3690 3600/2032/3312 3984/2035/3696 4432/2046/4144
f 4432/2046/4144 3984/2035/3696 3608/2037/3320 3961/2048/3673
f 3986/2047/3698 4432/2046/4144 3961/2048/3673 3610/1982/3322
f 3594/2007/3306 3973/2049/3685 4433/2050/4145 3991/2051/3703
f 3973/2049/3685 3596/2019/3308 3972/2052/3684 4433/2050/4145
f 4433/2050/4145 3972/2052/3684 3595/2002/3307 3988/1999/3700
f 3991/2051/3703 4433/2050/4145 3988/1999/3700 3612/1998/3324
f 3602/2011/3314 3971/2053/3683 4434/2054/4146 3974/2055/3686
f 3971/2053/3683 3594/2007/3306 3991/2051/3703 4434/2054/4146
f 4434/2054/4146 3991/2051/3703 3612/1998/3324 3989/2056/3701
f 3974/2055/3686 4434/2054/4146 3989/2056/3701 3601/2057/3313
f 3598/2044/3310 3990/2058/3702 4435/2059/4147 3978/2060/3690
f 3990/2058/3702 3612/1998/3324 3992/2001/3704 4435/2059/4147
f 4435/2059/4147 3992/2001/3704 3597/2006/3309 3975/2033/3687
f 3978/2060/3690 4435/2059/4147 3975/2033/3687 3600/2032/3312
f 3532/2061/3244 3993/2062/3705 4436/2063/4148 3997/2064/3709
f 3993/2062/3705 3533/2065/3245 3998/2066/3710 4436/2063/4148
f 4436/2063/4148 3998/2066/3710 3613/1664/3325 3836/2067/3548
f 3997/2064/3709 4436/2063/4148 3836/2067/3548 3614/1642/3326
f 3542/2068/3254 3994/2069/3706 4437/2070/4149 3999/2071/3711
f 3994/2069/3706 3541/2072/3253 4000/2073/3712 4437/2070/4149
f 4437/2070/4149 4000/2073/3712 3616/1659/3328 3853/1714/3565
f 3999/2071/3711 4437/2070/4149 3853/1714/3565 3615/1666/3327
f 3533/2065/3245 3995/2074/3707 4438/2075/4150 3998/2066/3710
f 3995/2074/3707 3542/2068/3254 3999/2071/3711 4438/2075/4150
f 4438/2075/4150 3999/2071/3711 3615/1666/3327 3860/1665/3572
f 3998/2066/3710 4438/2075/4150 3860/1665/3572 3613/1664/3325
f 3541/2072/3253 3996/2076/3708 4439/2077/4151 4000/2073/3712
f 3996/2076/3708 3532/2061/3244 3997/2064/3709 4439/2077/4151
f 4439/2077/4151 3997/2064/3709 3614/1642/3326 3861/2078/3573
f 4000/2073/3712 4439/2077/4151 3861/2078/3573 3616/1659/3328
f 3550/2079/3262 4001/2080/3713 4440/2081/4152 4005/2082/3717
f 4001/2080/3713 3551/2083/3263 4006/2084/3718 4440/2081/4152
f 4440/2081/4152 4006/2084/3718 3617/1720/3329 3870/1719/3582
f 4005/2082/3717 4440/2081/4152 3870/1719/3582 3618/1718/3330
f 3560/2085/3272 4002/2086/3714 4441/2087/4153 4007/2088/3719
f 4002/2086/3714 3559/2089/3271 4008/2090/3720 4441/2087/4153
f 4441/2087/4153 4008/2090/3720 3620/1800/3332 3887/1847/3599
f 4007/2088/3719 4441/2087/4153 3887/1847/3599 3619/1806/3331
f 3551/2083/3263 4003/2091/3715 4442/2092/4154 4006/2084/3718
f 4003/2091/3715 3560/2085/3272 4007/2088/3719 4442/2092/4154
f 4442/2092/4154 4007/2088/3719 3619/1806/3331 3901/1805/3613
f 4006/2084/3718 4442/2092/4154 3901/1805/3613 3617/1720/3329
f 3559/2089/3271 4004/2093/3716 4443/2094/4155 4008/2090/3720
f 4004/2093/3716 3550/2079/3262 4005/2082/3717 4443/2094/4155
f 4443/2094/4155 4005/2082/3717 3618/1718/3330 3902/2095/3614
f 4008/2090/3720 4443/2094/4155 3902/2095/3614 3620/1800/3332
f 3626/1796/3338 4016/1795/3728 4444/2096/4156 4030/2097/3742
f 4016/1795/3728 3628/1794/3340 4029/2098/3741 4444/2096/4156
f 4444/2096/4156 4029/2098/3741 3632/2099/3344 4028/2100/3740
f 4030/2097/3742 4444/2096/4156 4028/2100/3740 3630/2101/3342
f 3559/2102/3271 4002/2103/3714 4445/2104/4157 4017/2105/3729
f 4002/2103/3714 3560/2106/3272 4021/2107/3733 4445/2104/4157
f 4445/2104/4157 4021/2107/3733 3627/2108/3339 4014/2109/3726
f 4017/2105/3729 4445/2104/4157 4014/2109/3726 3628/2110/3340
f 3532/2111/3244 3996/2112/3708 4446/2113/4158 4019/2114/3731
f 3996/2112/3708 3541/2115/3253 4022/2116/3734 4446/2113/4158
f 4446/2113/4158 4022/2116/3734 3624/2117/3336 4012/2118/3724
f 4019/2114/3731 4446/2113/4158 4012/2118/3724 3622/2119/3334
f 3541/2120/3253 3994/2121/3706 4447/2122/4159 4022/2123/3734
f 3994/2121/3706 3542/2124/3254 4023/2125/3735 4447/2122/4159
f 4447/2122/4159 4023/2125/3735 3623/2126/3335 4010/2127/3722
f 4022/2123/3734 4447/2122/4159 4010/2127/3722 3624/2128/3336
f 3560/2129/3272 4003/2130/3715 4448/2131/4160 4021/2132/3733
f 4003/2130/3715 3551/2133/3263 4024/2134/3736 4448/2131/4160
f 4448/2131/4160 4024/2134/3736 3625/2135/3337 4015/2136/3727
f 4021/2132/3733 4448/2131/4160 4015/2136/3727 3627/2137/3339
f 3551/2138/3263 4001/2139/3713 4449/2140/4161 4024/2141/3736
f 4001/2139/3713 3550/2142/3262 4018/2143/3730 4449/2140/4161
f 4449/2140/4161 4018/2143/3730 3626/2144/3338 4013/2145/3725
f 4024/2141/3736 4449/2140/4161 4013/2145/3725 3625/2146/3337
f 3542/2147/3254 3995/2148/3707 4450/2149/4162 4023/2150/3735
f 3995/2148/3707 3533/2151/3245 4020/2152/3732 4450/2149/4162
f 4450/2149/4162 4020/2152/3732 3621/2153/3333 4011/2154/3723
f 4023/2150/3735 4450/2149/4162 4011/2154/3723 3623/2155/3335
f 3628/2156/3340 4014/2157/3726 4451/2158/4163 4029/2159/3741
f 4014/2157/3726 3627/2160/3339 4031/2161/3743 4451/2158/4163
f 4451/2158/4163 4031/2161/3743 3631/2162/3343 4026/2163/3738
f 4029/2159/3741 4451/2158/4163 4026/2163/3738 3632/2164/3344
f 3627/2137/3339 4015/2136/3727 4452/2165/4164 4031/2166/3743
f 4015/2136/3727 3625/2135/3337 4032/2167/3744 4452/2165/4164
f 4452/2165/4164 4032/2167/3744 3629/2168/3341 4027/2169/3739
f 4031/2166/3743 4452/2165/4164 4027/2169/3739 3631/2170/3343
f 3625/2171/3337 4013/2172/3725 4453/2173/4165 4032/2174/3744
f 4013/2172/3725 3626/2175/3338 4030/2176/3742 4453/2173/4165
f 4453/2173/4165 4030/2176/3742 3630/2177/3342 4025/2178/3737
f 4032/2174/3744 4453/2173/4165 4025/2178/3737 3629/2179/3341
f 3631/2170/3343 4027/2169/3739 4454/2180/4166 4033/2181/3745
f 4027/2169/3739 3629/2168/3341 4034/2182/3746 4454/2180/4166
f 4454/2180/4166 4034/2182/3746 3623/2155/3335 4011/2183/3723
f 4033/2181/3745 4454/2180/4166 4011/2183/3723 3621/2153/3333
f 3629/2179/3341 4025/2178/3737 4455/2184/4167 4034/2185/3746
f 4025/2178/3737 3630/2177/3342 4035/2186/3747 4455/2184/4167
f 4455/2184/4167 4035/2186/3747 3624/2187/3336 4010/2188/3722
f 4034/2185/3746 4455/2184/4167 4010/2188/3722 3623/2189/3335
f 3630/2101/3342 4028/2100/3740 4456/2190/4168 4035/2191/3747
f 4028/2100/3740 3632/2099/3344 4036/2192/3748 4456/2190/4168
f 4456/2190/4168 4036/2192/3748 3622/2119/3334 4012/2118/3724
f 4035/2191/3747 4456/2190/4168 4012/2118/3724 3624/2117/3336
f 3632/2164/3344 4026/2163/3738 4457/2193/4169 4036/2194/3748
f 4026/2163/3738 3631/2162/3343 4033/2195/3745 4457/2193/4169
f 4457/2193/4169 4033/2195/3745 3621/2196/3333 4009/2197/3721
f 4036/2194/3748 4457/2193/4169 4009/2197/3721 3622/2198/3334
f 3633/2199/3345 4037/2200/3749 4458/2201/4170 4042/2202/3754
f 4037/2200/3749 3634/2203/3346 4043/2204/3755 4458/2201/4170
f 4458/2201/4170 4043/2204/3755 3638/2205/3350 4039/2206/3751
f 4042/2202/3754 4458/2201/4170 4039/2206/3751 3637/2207/3349
f 3636/2208/3348 4038/2209/3750 4459/2210/4171 4041/2211/3753
f 4038/2209/3750 3635/2212/3347 4044/2213/3756 4459/2210/4171
f 4459/2210/4171 4044/2213/3756 3639/2214/3351 4040/2215/3752
f 4041/2211/3753 4459/2210/4171 4040/2215/3752 3640/2216/3352
f 3643/2217/3355 4059/2218/3771 4460/2219/4172 4055/2220/3767
f 4059/2218/3771 3642/2221/3354 4054/2222/3766 4460/2219/4172
f 4460/2219/4172 4054/2222/3766 3633/2223/3345 4042/2224/3754
f 4055/2220/3767 4460/2219/4172 4042/2224/3754 3637/2225/3349
f 3645/2226/3357 4067/2227/3779 4461/2228/4173 4047/2229/3759
f 4067/2227/3779 3647/2230/3359 4050/2231/3762 4461/2228/4173
f 4461/2228/4173 4050/2231/3762 3640/2232/3352 4040/2233/3752
f 4047/2229/3759 4461/2228/4173 4040/2233/3752 3639/2234/3351
f 3644/2235/3356 4058/2236/3770 4462/2237/4174 4056/2238/3768
f 4058/2236/3770 3643/2217/3355 4055/2220/3767 4462/2237/4174
f 4462/2237/4174 4055/2220/3767 3637/2225/3349 4039/2239/3751
f 4056/2238/3768 4462/2237/4174 4039/2239/3751 3638/2240/3350
f 3641/2241/3353 4057/2242/3769 4463/2243/4175 4045/2244/3757
f 4057/2242/3769 3644/2245/3356 4056/2246/3768 4463/2243/4175
f 4463/2243/4175 4056/2246/3768 3638/2247/3350 4043/2248/3755
f 4045/2244/3757 4463/2243/4175 4043/2248/3755 3634/2249/3346
f 3648/2250/3360 4066/2251/3778 4464/2252/4176 4064/2253/3776
f 4066/2251/3778 3646/2254/3358 4062/2255/3774 4464/2252/4176
f 4464/2252/4176 4062/2255/3774 3635/2256/3347 4038/2257/3750
f 4064/2253/3776 4464/2252/4176 4038/2257/3750 3636/2258/3348
f 3647/2259/3359 4065/2260/3777 4465/2261/4177 4050/2262/3762
f 4065/2260/3777 3648/2263/3360 4064/2264/3776 4465/2261/4177
f 4465/2261/4177 4064/2264/3776 3636/2265/3348 4041/2266/3753
f 4050/2262/3762 4465/2261/4177 4041/2266/3753 3640/2267/3352
f 3587/2268/3299 3965/2269/3677 4466/2270/4178 4053/2271/3765
f 3965/2269/3677 3606/2272/3318 4051/2273/3763 4466/2270/4178
f 4466/2270/4178 4051/2273/3763 3644/2245/3356 4057/2242/3769
f 4053/2271/3765 4466/2270/4178 4057/2242/3769 3641/2241/3353
f 3606/2274/3318 3956/2275/3668 4467/2276/4179 4051/2277/3763
f 3956/2275/3668 3604/2278/3316 4049/2279/3761 4467/2276/4179
f 4467/2276/4179 4049/2279/3761 3643/2217/3355 4058/2236/3770
f 4051/2277/3763 4467/2276/4179 4058/2236/3770 3644/2235/3356
f 3604/2278/3316 3964/2280/3676 4468/2281/4180 4049/2279/3761
f 3964/2280/3676 3585/2282/3297 4046/2283/3758 4468/2281/4180
f 4468/2281/4180 4046/2283/3758 3642/2221/3354 4059/2218/3771
f 4049/2279/3761 4468/2281/4180 4059/2218/3771 3643/2217/3355
f 3585/2284/3297 3939/2285/3651 4469/2286/4181 4046/2287/3758
f 3939/2285/3651 3587/2288/3299 4053/2289/3765 4469/2286/4181
f 4469/2286/4181 4053/2289/3765 3641/1963/3353 4060/1960/3772
f 4046/2287/3758 4469/2286/4181 4060/1960/3772 3642/1959/3354
f 3611/2290/3323 3963/2291/3675 4470/2292/4182 4063/2293/3775
f 3963/2291/3675 3590/2294/3302 4052/2295/3764 4470/2292/4182
f 4470/2292/4182 4052/2295/3764 3648/2263/3360 4065/2260/3777
f 4063/2293/3775 4470/2292/4182 4065/2260/3777 3647/2259/3359
f 3590/2296/3302 3943/2297/3655 4471/2298/4183 4052/2299/3764
f 3943/2297/3655 3588/2300/3300 4048/2301/3760 4471/2298/4183
f 4471/2298/4183 4048/2301/3760 3646/2254/3358 4066/2251/3778
f 4052/2299/3764 4471/2298/4183 4066/2251/3778 3648/2250/3360
f 3609/2302/3321 3960/2303/3672 4472/2304/4184 4061/2305/3773
f 3960/2303/3672 3611/2306/3323 4063/2307/3775 4472/2304/4184
f 4472/2304/4184 4063/2307/3775 3647/2230/3359 4067/2227/3779
f 4061/2305/3773 4472/2304/4184 4067/2227/3779 3645/2226/3357
f 3588/2308/3300 3966/2309/3678 4473/2310/4185 4048/2311/3760
f 3966/2309/3678 3609/2312/3321 4061/2313/3773 4473/2310/4185
f 4473/2310/4185 4061/2313/3773 3645/1954/3357 4068/1951/3780
f 4048/2311/3760 4473/2310/4185 4068/1951/3780 3646/1950/3358
f 3649/2314/3361 4085/2315/3797 4474/2316/4186 4071/2317/3783
f 4085/2315/3797 3656/2318/3368 4079/2319/3791 4474/2316/4186
f 4474/2316/4186 4079/2319/3791 3658/2320/3370 4086/2321/3798
f 4071/2317/3783 4474/2316/4186 4086/2321/3798 3651/2322/3363
f 3653/2323/3365 4087/2324/3799 4475/2325/4187 4075/2326/3787
f 4087/2324/3799 3660/2327/3372 4083/2328/3795 4475/2325/4187
f 4475/2325/4187 4083/2328/3795 3659/2329/3371 4088/2330/3800
f 4075/2326/3787 4475/2325/4187 4088/2330/3800 3652/2331/3364
f 3502/1476/3214 3796/2332/3508 4476/2333/4188 4072/2334/3784
f 3796/2332/3508 3511/2335/3223 4080/2336/3792 4476/2333/4188
f 4476/2333/4188 4080/2336/3792 3662/2337/3374 4089/2338/3801
f 4072/2334/3784 4476/2333/4188 4089/2338/3801 3655/2339/3367
f 3654/2340/3366 4090/2341/3802 4477/2342/4189 4076/2343/3788
f 4090/2341/3802 3661/2344/3373 4084/2345/3796 4477/2342/4189
f 4477/2342/4189 4084/2345/3796 3508/2346/3220 3799/2347/3511
f 4076/2343/3788 4477/2342/4189 3799/2347/3511 3499/1489/3211
f 3655/2339/3367 4089/2338/3801 4478/2348/4190 4069/2349/3781
f 4089/2338/3801 3662/2337/3374 4077/2350/3789 4478/2348/4190
f 4478/2348/4190 4077/2350/3789 3656/2351/3368 4085/2352/3797
f 4069/2349/3781 4478/2348/4190 4085/2352/3797 3649/2353/3361
f 3652/2354/3364 4088/2355/3800 4479/2356/4191 4073/2357/3785
f 4088/2355/3800 3659/2358/3371 4081/2359/3793 4479/2356/4191
f 4479/2356/4191 4081/2359/3793 3661/2344/3373 4090/2341/3802
f 4073/2357/3785 4479/2356/4191 4090/2341/3802 3654/2340/3366
f 3651/2322/3363 4086/2321/3798 4480/2360/4192 4070/2361/3782
f 4086/2321/3798 3658/2320/3370 4078/2362/3790 4480/2360/4192
f 4480/2360/4192 4078/2362/3790 3657/2363/3369 4091/2364/3803
f 4070/2361/3782 4480/2360/4192 4091/2364/3803 3650/2365/3362
f 3650/2365/3362 4091/2364/3803 4481/2366/4193 4074/2367/3786
f 4091/2364/3803 3657/2363/3369 4082/2368/3794 4481/2366/4193
f 4481/2366/4193 4082/2368/3794 3660/2327/3372 4087/2324/3799
f 4074/2367/3786 4481/2366/4193 4087/2324/3799 3653/2323/3365
f 3658/2320/3370 4100/2369/3812 4482/2370/4194 4078/2362/3790
f 4100/2369/3812 3665/2371/3377 4093/2372/3805 4482/2370/4194
f 4482/2370/4194 4093/2372/3805 3664/2373/3376 4101/2374/3813
f 4078/2362/3790 4482/2370/4194 4101/2374/3813 3657/2363/3369
f 3657/2363/3369 4101/2374/3813 4483/2375/4195 4082/2368/3794
f 4101/2374/3813 3664/2373/3376 4097/2376/3809 4483/2375/4195
f 4483/2375/4195 4097/2376/3809 3667/2377/3379 4102/2378/3814
f 4082/2368/3794 4483/2375/4195 4102/2378/3814 3660/2327/3372
f 3656/2318/3368 4103/2379/3815 4484/2380/4196 4079/2319/3791
f 4103/2379/3815 3663/2381/3375 4094/2382/3806 4484/2380/4196
f 4484/2380/4196 4094/2382/3806 3665/2371/3377 4100/2369/3812
f 4079/2319/3791 4484/2380/4196 4100/2369/3812 3658/2320/3370
f 3660/2327/3372 4102/2378/3814 4485/2383/4197 4083/2328/3795
f 4102/2378/3814 3667/2377/3379 4098/2384/3810 4485/2383/4197
f 4485/2383/4197 4098/2384/3810 3666/2385/3378 4104/2386/3816
f 4083/2328/3795 4485/2383/4197 4104/2386/3816 3659/2329/3371
f 3511/2335/3223 3814/1534/3526 4486/2387/4198 4080/2336/3792
f 3814/1534/3526 3520/1538/3232 4095/2388/3807 4486/2387/4198
f 4486/2387/4198 4095/2388/3807 3669/2389/3381 4105/2390/3817
f 4080/2336/3792 4486/2387/4198 4105/2390/3817 3662/2337/3374
f 3661/2344/3373 4106/2391/3818 4487/2392/4199 4084/2345/3796
f 4106/2391/3818 3668/2393/3380 4099/2394/3811 4487/2392/4199
f 4487/2392/4199 4099/2394/3811 3517/1542/3229 3817/2395/3529
f 4084/2345/3796 4487/2392/4199 3817/2395/3529 3508/2346/3220
f 3662/2337/3374 4105/2390/3817 4488/2396/4200 4077/2350/3789
f 4105/2390/3817 3669/2389/3381 4092/2397/3804 4488/2396/4200
f 4488/2396/4200 4092/2397/3804 3663/2398/3375 4103/2399/3815
f 4077/2350/3789 4488/2396/4200 4103/2399/3815 3656/2351/3368
f 3659/2358/3371 4104/2400/3816 4489/2401/4201 4081/2359/3793
f 4104/2400/3816 3666/2402/3378 4096/2403/3808 4489/2401/4201
f 4489/2401/4201 4096/2403/3808 3668/2393/3380 4106/2391/3818
f 4081/2359/3793 4489/2401/4201 4106/2391/3818 3661/2344/3373
f 3666/2404/3378 4115/2405/3827 4490/2406/4202 4096/2407/3808
f 4115/2405/3827 3673/2408/3385 4111/2409/3823 4490/2406/4202
f 4490/2406/4202 4111/2409/3823 3675/2410/3387 4116/2411/3828
f 4096/2407/3808 4490/2406/4202 4116/2411/3828 3668/2412/3380
f 3665/2413/3377 4117/2414/3829 4491/2415/4203 4093/2416/3805
f 4117/2414/3829 3672/2417/3384 4108/2418/3820 4491/2415/4203
f 4491/2415/4203 4108/2418/3820 3671/2419/3383 4118/2420/3830
f 4093/2416/3805 4491/2415/4203 4118/2420/3830 3664/2421/3376
f 3664/2421/3376 4118/2420/3830 4492/2422/4204 4097/2423/3809
f 4118/2420/3830 3671/2419/3383 4112/2424/3824 4492/2422/4204
f 4492/2422/4204 4112/2424/3824 3674/2425/3386 4119/2426/3831
f 4097/2423/3809 4492/2422/4204 4119/2426/3831 3667/2427/3379
f 3663/2428/3375 4120/2429/3832 4493/2430/4205 4094/2431/3806
f 4120/2429/3832 3670/2432/3382 4109/2433/3821 4493/2430/4205
f 4493/2430/4205 4109/2433/3821 3672/2417/3384 4117/2414/3829
f 4094/2431/3806 4493/2430/4205 4117/2414/3829 3665/2413/3377
f 3667/2427/3379 4119/2426/3831 4494/2434/4206 4098/2435/3810
f 4119/2426/3831 3674/2425/3386 4113/2436/3825 4494/2434/4206
f 4494/2434/4206 4113/2436/3825 3673/2408/3385 4115/2405/3827
f 4098/2435/3810 4494/2434/4206 4115/2405/3827 3666/2404/3378
f 3520/1586/3232 3828/2437/3540 4495/2438/4207 4095/2439/3807
f 3828/2437/3540 3529/2440/3241 4110/2441/3822 4495/2438/4207
f 4495/2438/4207 4110/2441/3822 3676/2442/3388 4121/2443/3833
f 4095/2439/3807 4495/2438/4207 4121/2443/3833 3669/2444/3381
f 3668/2412/3380 4116/2411/3828 4496/2445/4208 4099/2446/3811
f 4116/2411/3828 3675/2410/3387 4114/2447/3826 4496/2445/4208
f 4496/2445/4208 4114/2447/3826 3526/2448/3238 3829/2449/3541
f 4099/2446/3811 4496/2445/4208 3829/2449/3541 3517/1597/3229
f 3669/2444/3381 4121/2443/3833 4497/2450/4209 4092/2451/3804
f 4121/2443/3833 3676/2442/3388 4107/2452/3819 4497/2450/4209
f 4497/2450/4209 4107/2452/3819 3670/2432/3382 4120/2429/3832
f 4092/2451/3804 4497/2450/4209 4120/2429/3832 3663/2428/3375
f 3674/2425/3386 4130/2453/3842 4498/2454/4210 4113/2436/3825
f 4130/2453/3842 3681/2455/3393 4128/2456/3840 4498/2454/4210
f 4498/2454/4210 4128/2456/3840 3680/2457/3392 4131/2458/3843
f 4113/2436/3825 4498/2454/4210 4131/2458/3843 3673/2408/3385
f 3529/2440/3241 3845/2459/3557 4499/2460/4211 4110/2441/3822
f 3845/2459/3557 3538/1615/3250 4125/2461/3837 4499/2460/4211
f 4499/2460/4211 4125/2461/3837 3683/2462/3395 4132/2463/3844
f 4110/2441/3822 4499/2460/4211 4132/2463/3844 3676/2442/3388
f 3675/2410/3387 4133/2464/3845 4500/2465/4212 4114/2447/3826
f 4133/2464/3845 3682/2466/3394 4129/2467/3841 4500/2465/4212
f 4500/2465/4212 4129/2467/3841 3535/1619/3247 3848/2468/3560
f 4114/2447/3826 4500/2465/4212 3848/2468/3560 3526/2448/3238
f 3676/2442/3388 4132/2463/3844 4501/2469/4213 4107/2452/3819
f 4132/2463/3844 3683/2462/3395 4122/2470/3834 4501/2469/4213
f 4501/2469/4213 4122/2470/3834 3677/2471/3389 4134/2472/3846
f 4107/2452/3819 4501/2469/4213 4134/2472/3846 3670/2432/3382
f 3673/2408/3385 4131/2458/3843 4502/2473/4214 4111/2409/3823
f 4131/2458/3843 3680/2457/3392 4126/2474/3838 4502/2473/4214
f 4502/2473/4214 4126/2474/3838 3682/2466/3394 4133/2464/3845
f 4111/2409/3823 4502/2473/4214 4133/2464/3845 3675/2410/3387
f 3672/2417/3384 4135/2475/3847 4503/2476/4215 4108/2418/3820
f 4135/2475/3847 3740/2477/3452 4123/2478/3835 4503/2476/4215
f 4503/2476/4215 4123/2478/3835 3741/2479/3453 4136/2480/3848
f 4108/2418/3820 4503/2476/4215 4136/2480/3848 3671/2419/3383
f 3671/2481/3383 4136/2482/3848 4504/2483/4216 4112/2484/3824
f 4136/2482/3848 3741/2485/3453 4127/2486/3839 4504/2483/4216
f 4504/2483/4216 4127/2486/3839 3681/2487/3393 4130/2488/3842
f 4112/2484/3824 4504/2483/4216 4130/2488/3842 3674/2489/3386
f 3670/2432/3382 4134/2472/3846 4505/2490/4217 4109/2433/3821
f 4134/2472/3846 3677/2471/3389 4124/2491/3836 4505/2490/4217
f 4505/2490/4217 4124/2491/3836 3740/2477/3452 4135/2475/3847
f 4109/2433/3821 4505/2490/4217 4135/2475/3847 3672/2417/3384
f 3679/2492/3391 4287/2493/3999 4506/2494/4218 4260/2495/3972
f 4287/2493/3999 3748/2496/3460 4276/2497/3988 4506/2494/4218
f 4506/2494/4218 4276/2497/3988 3749/2498/3461 4286/2499/3998
f 4260/2495/3972 4506/2494/4218 4286/2499/3998 3678/2500/3390
f 3741/2485/3453 4146/2501/3858 4507/2502/4219 4127/2486/3839
f 4146/2501/3858 3743/2503/3455 4142/2504/3854 4507/2502/4219
f 4507/2502/4219 4142/2504/3854 3688/2505/3400 4147/2506/3859
f 4127/2486/3839 4507/2502/4219 4147/2506/3859 3681/2487/3393
f 3677/2507/3389 4148/2508/3860 4508/2509/4220 4124/2510/3836
f 4148/2508/3860 3684/2511/3396 4139/2512/3851 4508/2509/4220
f 4508/2509/4220 4139/2512/3851 3742/2513/3454 4145/2514/3857
f 4124/2510/3836 4508/2509/4220 4145/2514/3857 3740/2515/3452
f 3681/2487/3393 4147/2506/3859 4509/2516/4221 4128/2517/3840
f 4147/2506/3859 3688/2505/3400 4143/2518/3855 4509/2516/4221
f 4509/2516/4221 4143/2518/3855 3687/2519/3399 4149/2520/3861
f 4128/2517/3840 4509/2516/4221 4149/2520/3861 3680/2521/3392
f 3538/1675/3250 3865/1678/3577 4510/2522/4222 4125/2523/3837
f 3865/1678/3577 3547/2524/3259 4140/2525/3852 4510/2522/4222
f 4510/2522/4222 4140/2525/3852 3690/2526/3402 4150/2527/3862
f 4125/2523/3837 4510/2522/4222 4150/2527/3862 3683/2528/3395
f 3682/2529/3394 4151/2530/3863 4511/2531/4223 4129/2532/3841
f 4151/2530/3863 3689/2533/3401 4144/2534/3856 4511/2531/4223
f 4511/2531/4223 4144/2534/3856 3544/2535/3256 3868/1689/3580
f 4129/2532/3841 4511/2531/4223 3868/1689/3580 3535/1688/3247
f 3683/2528/3395 4150/2527/3862 4512/2536/4224 4122/2537/3834
f 4150/2527/3862 3690/2526/3402 4137/2538/3849 4512/2536/4224
f 4512/2536/4224 4137/2538/3849 3684/2539/3396 4148/2540/3860
f 4122/2537/3834 4512/2536/4224 4148/2540/3860 3677/2541/3389
f 3680/2542/3392 4149/2543/3861 4513/2544/4225 4126/2545/3838
f 4149/2543/3861 3687/2546/3399 4141/2547/3853 4513/2544/4225
f 4513/2544/4225 4141/2547/3853 3689/2533/3401 4151/2530/3863
f 4126/2545/3838 4513/2544/4225 4151/2530/3863 3682/2529/3394
f 3687/2546/3399 4160/2548/3872 4514/2549/4226 4141/2547/3853
f 4160/2548/3872 3694/2550/3406 4156/2551/3868 4514/2549/4226
f 4514/2549/4226 4156/2551/3868 3696/2552/3408 4161/2553/3873
f 4141/2547/3853 4514/2549/4226 4161/2553/3873 3689/2533/3401
f 3742/2513/3454 4162/2554/3874 4515/2555/4227 4138/2556/3850
f 4162/2554/3874 3744/2557/3456 4153/2558/3865 4515/2555/4227
f 4515/2555/4227 4153/2558/3865 3745/2559/3457 4163/2560/3875
f 4138/2556/3850 4515/2555/4227 4163/2560/3875 3743/2503/3455
f 3743/2503/3455 4163/2560/3875 4516/2561/4228 4142/2504/3854
f 4163/2560/3875 3745/2559/3457 4157/2562/3869 4516/2561/4228
f 4516/2561/4228 4157/2562/3869 3695/2563/3407 4164/2564/3876
f 4142/2504/3854 4516/2561/4228 4164/2564/3876 3688/2505/3400
f 3684/2511/3396 4165/2565/3877 4517/2566/4229 4139/2512/3851
f 4165/2565/3877 3691/2567/3403 4154/2568/3866 4517/2566/4229
f 4517/2566/4229 4154/2568/3866 3744/2557/3456 4162/2554/3874
f 4139/2512/3851 4517/2566/4229 4162/2554/3874 3742/2513/3454
f 3688/2569/3400 4164/2570/3876 4518/2571/4230 4143/2572/3855
f 4164/2570/3876 3695/2573/3407 4158/2574/3870 4518/2571/4230
f 4518/2571/4230 4158/2574/3870 3694/2575/3406 4160/2576/3872
f 4143/2572/3855 4518/2571/4230 4160/2576/3872 3687/2577/3399
f 3547/2524/3259 3879/2578/3591 4519/2579/4231 4140/2525/3852
f 3879/2578/3591 3556/2580/3268 4155/2581/3867 4519/2579/4231
f 4519/2579/4231 4155/2581/3867 3697/2582/3409 4166/2583/3878
f 4140/2525/3852 4519/2579/4231 4166/2583/3878 3690/2526/3402
f 3689/2584/3401 4161/2585/3873 4520/2586/4232 4144/2587/3856
f 4161/2585/3873 3696/2588/3408 4159/2589/3871 4520/2586/4232
f 4520/2586/4232 4159/2589/3871 3553/2590/3265 3880/2591/3592
f 4144/2587/3856 4520/2586/4232 3880/2591/3592 3544/2592/3256
f 3690/2593/3402 4166/2594/3878 4521/2595/4233 4137/2596/3849
f 4166/2594/3878 3697/2597/3409 4152/2598/3864 4521/2595/4233
f 4521/2595/4233 4152/2598/3864 3691/2599/3403 4165/2600/3877
f 4137/2596/3849 4521/2595/4233 4165/2600/3877 3684/2601/3396
f 3695/2563/3407 4175/2602/3887 4522/2603/4234 4158/2604/3870
f 4175/2602/3887 3702/2605/3414 4173/2606/3885 4522/2603/4234
f 4522/2603/4234 4173/2606/3885 3701/2607/3413 4176/2608/3888
f 4158/2604/3870 4522/2603/4234 4176/2608/3888 3694/2609/3406
f 3556/2580/3268 3896/2610/3608 4523/2611/4235 4155/2581/3867
f 3896/2610/3608 3565/2612/3277 4170/2613/3882 4523/2611/4235
f 4523/2611/4235 4170/2613/3882 3704/2614/3416 4177/2615/3889
f 4155/2581/3867 4523/2611/4235 4177/2615/3889 3697/2582/3409
f 3696/2588/3408 4178/2616/3890 4524/2617/4236 4159/2589/3871
f 4178/2616/3890 3703/2618/3415 4174/2619/3886 4524/2617/4236
f 4524/2617/4236 4174/2619/3886 3562/2620/3274 3899/2621/3611
f 4159/2589/3871 4524/2617/4236 3899/2621/3611 3553/2590/3265
f 3697/2582/3409 4177/2615/3889 4525/2622/4237 4152/2623/3864
f 4177/2615/3889 3704/2614/3416 4167/2624/3879 4525/2622/4237
f 4525/2622/4237 4167/2624/3879 3698/2625/3410 4179/2626/3891
f 4152/2623/3864 4525/2622/4237 4179/2626/3891 3691/2627/3403
f 3694/2550/3406 4176/2628/3888 4526/2629/4238 4156/2551/3868
f 4176/2628/3888 3701/2630/3413 4171/2631/3883 4526/2629/4238
f 4526/2629/4238 4171/2631/3883 3703/2632/3415 4178/2633/3890
f 4156/2551/3868 4526/2629/4238 4178/2633/3890 3696/2552/3408
f 3692/2634/3404 4285/2635/3997 4527/2636/4239 4271/2637/3983
f 4285/2635/3997 3753/2638/3465 4283/2639/3995 4527/2636/4239
f 4527/2636/4239 4283/2639/3995 3755/2640/3467 4284/2641/3996
f 4271/2637/3983 4527/2636/4239 4284/2641/3996 3699/2642/3411
f 3745/2559/3457 4181/2643/3893 4528/2644/4240 4157/2562/3869
f 4181/2643/3893 3747/2645/3459 4172/2646/3884 4528/2644/4240
f 4528/2644/4240 4172/2646/3884 3702/2605/3414 4175/2602/3887
f 4157/2562/3869 4528/2644/4240 4175/2602/3887 3695/2563/3407
f 3691/2567/3403 4179/2647/3891 4529/2648/4241 4154/2568/3866
f 4179/2647/3891 3698/2649/3410 4169/2650/3881 4529/2648/4241
f 4529/2648/4241 4169/2650/3881 3746/2651/3458 4180/2652/3892
f 4154/2568/3866 4529/2648/4241 4180/2652/3892 3744/2557/3456
f 3747/2645/3459 4190/2653/3902 4530/2654/4242 4172/2646/3884
f 4190/2653/3902 3706/2655/3418 4187/2656/3899 4530/2654/4242
f 4530/2654/4242 4187/2656/3899 3709/2657/3421 4191/2658/3903
f 4172/2646/3884 4530/2654/4242 4191/2658/3903 3702/2605/3414
f 3698/2649/3410 4192/2659/3904 4531/2660/4243 4169/2650/3881
f 4192/2659/3904 3705/2661/3417 4184/2662/3896 4531/2660/4243
f 4531/2660/4243 4184/2662/3896 3707/2663/3419 4193/2664/3905
f 4169/2650/3881 4531/2660/4243 4193/2664/3905 3746/2651/3458
f 3702/2605/3414 4191/2658/3903 4532/2665/4244 4173/2606/3885
f 4191/2658/3903 3709/2657/3421 4188/2666/3900 4532/2665/4244
f 4532/2665/4244 4188/2666/3900 3708/2667/3420 4194/2668/3906
f 4173/2606/3885 4532/2665/4244 4194/2668/3906 3701/2607/3413
f 3565/2669/3277 3916/2670/3628 4533/2671/4245 4170/2672/3882
f 3916/2670/3628 3574/1830/3286 4185/2673/3897 4533/2671/4245
f 4533/2671/4245 4185/2673/3897 3711/2674/3423 4195/2675/3907
f 4170/2672/3882 4533/2671/4245 4195/2675/3907 3704/2676/3416
f 3703/2618/3415 4196/2677/3908 4534/2678/4246 4174/2619/3886
f 4196/2677/3908 3710/2679/3422 4189/2680/3901 4534/2678/4246
f 4534/2678/4246 4189/2680/3901 3571/2681/3283 3919/2682/3631
f 4174/2619/3886 4534/2678/4246 3919/2682/3631 3562/2620/3274
f 3704/2614/3416 4195/2683/3907 4535/2684/4247 4167/2624/3879
f 4195/2683/3907 3711/2674/3423 4182/2685/3894 4535/2684/4247
f 4535/2684/4247 4182/2685/3894 3705/2686/3417 4192/2687/3904
f 4167/2624/3879 4535/2684/4247 4192/2687/3904 3698/2625/3410
f 3701/2630/3413 4194/2688/3906 4536/2689/4248 4171/2631/3883
f 4194/2688/3906 3708/2690/3420 4186/2691/3898 4536/2689/4248
f 4536/2689/4248 4186/2691/3898 3710/2679/3422 4196/2692/3908
f 4171/2631/3883 4536/2689/4248 4196/2692/3908 3703/2632/3415
f 3746/2651/3458 4193/2664/3905 4537/2693/4249 4168/2694/3880
f 4193/2664/3905 3707/2663/3419 4183/2695/3895 4537/2693/4249
f 4537/2693/4249 4183/2695/3895 3706/2655/3418 4190/2653/3902
f 4168/2694/3880 4537/2693/4249 4190/2653/3902 3747/2645/3459
f 3707/2663/3419 4205/2696/3917 4538/2697/4250 4183/2695/3895
f 4205/2696/3917 3714/2698/3426 4198/2699/3910 4538/2697/4250
f 4538/2697/4250 4198/2699/3910 3713/2700/3425 4206/2701/3918
f 4183/2695/3895 4538/2697/4250 4206/2701/3918 3706/2655/3418
f 3706/2655/3418 4206/2701/3918 4539/2702/4251 4187/2656/3899
f 4206/2701/3918 3713/2700/3425 4202/2703/3914 4539/2702/4251
f 4539/2702/4251 4202/2703/3914 3716/2704/3428 4207/2705/3919
f 4187/2656/3899 4539/2702/4251 4207/2705/3919 3709/2657/3421
f 3705/2661/3417 4208/2706/3920 4540/2707/4252 4184/2662/3896
f 4208/2706/3920 3712/2708/3424 4199/2709/3911 4540/2707/4252
f 4540/2707/4252 4199/2709/3911 3714/2698/3426 4205/2696/3917
f 4184/2662/3896 4540/2707/4252 4205/2696/3917 3707/2663/3419
f 3709/2710/3421 4207/2711/3919 4541/2712/4253 4188/2713/3900
f 4207/2711/3919 3716/2714/3428 4203/2715/3915 4541/2712/4253
f 4541/2712/4253 4203/2715/3915 3715/2716/3427 4209/2717/3921
f 4188/2713/3900 4541/2712/4253 4209/2717/3921 3708/2718/3420
f 3574/1830/3286 3928/2719/3640 4542/2720/4254 4185/2721/3897
f 3928/2719/3640 3583/1879/3295 4200/2722/3912 4542/2720/4254
f 4542/2720/4254 4200/2722/3912 3718/2723/3430 4210/2724/3922
f 4185/2721/3897 4542/2720/4254 4210/2724/3922 3711/2674/3423
f 3710/2679/3422 4211/2725/3923 4543/2726/4255 4189/2727/3901
f 4211/2725/3923 3717/2728/3429 4204/2729/3916 4543/2726/4255
f 4543/2726/4255 4204/2729/3916 3580/1883/3292 3929/2730/3641
f 4189/2727/3901 4543/2726/4255 3929/2730/3641 3571/2681/3283
f 3711/2674/3423 4210/2724/3922 4544/2731/4256 4182/2685/3894
f 4210/2724/3922 3718/2723/3430 4197/2732/3909 4544/2731/4256
f 4544/2731/4256 4197/2732/3909 3712/2733/3424 4208/2734/3920
f 4182/2685/3894 4544/2731/4256 4208/2734/3920 3705/2686/3417
f 3708/2690/3420 4209/2735/3921 4545/2736/4257 4186/2691/3898
f 4209/2735/3921 3715/2737/3427 4201/2738/3913 4545/2736/4257
f 4545/2736/4257 4201/2738/3913 3717/2728/3429 4211/2725/3923
f 4186/2691/3898 4545/2736/4257 4211/2725/3923 3710/2679/3422
f 3583/1896/3295 3945/2739/3657 4546/2740/4258 4200/2741/3912
f 3945/2739/3657 3592/1904/3304 4215/2742/3927 4546/2740/4258
f 4546/2740/4258 4215/2742/3927 3725/2743/3437 4220/2744/3932
f 4200/2741/3912 4546/2740/4258 4220/2744/3932 3718/2745/3430
f 3717/2746/3429 4221/2747/3933 4547/2748/4259 4204/2749/3916
f 4221/2747/3933 3724/2750/3436 4219/2751/3931 4547/2748/4259
f 4547/2748/4259 4219/2751/3931 3589/2752/3301 3948/2753/3660
f 4204/2749/3916 4547/2748/4259 3948/2753/3660 3580/1909/3292
f 3718/2745/3430 4220/2744/3932 4548/2754/4260 4197/2755/3909
f 4220/2744/3932 3725/2743/3437 4212/2756/3924 4548/2754/4260
f 4548/2754/4260 4212/2756/3924 3719/2757/3431 4222/2758/3934
f 4197/2755/3909 4548/2754/4260 4222/2758/3934 3712/2759/3424
f 3715/2716/3427 4223/2760/3935 4549/2761/4261 4201/2762/3913
f 4223/2760/3935 3722/2763/3434 4216/2764/3928 4549/2761/4261
f 4549/2761/4261 4216/2764/3928 3724/2750/3436 4221/2747/3933
f 4201/2762/3913 4549/2761/4261 4221/2747/3933 3717/2746/3429
f 3714/2765/3426 4224/2766/3936 4550/2767/4262 4198/2768/3910
f 4224/2766/3936 3721/2769/3433 4213/2770/3925 4550/2767/4262
f 4550/2767/4262 4213/2770/3925 3720/2771/3432 4225/2772/3937
f 4198/2768/3910 4550/2767/4262 4225/2772/3937 3713/2773/3425
f 3713/2773/3425 4225/2772/3937 4551/2774/4263 4202/2775/3914
f 4225/2772/3937 3720/2771/3432 4217/2776/3929 4551/2774/4263
f 4551/2774/4263 4217/2776/3929 3723/2777/3435 4226/2778/3938
f 4202/2775/3914 4551/2774/4263 4226/2778/3938 3716/2714/3428
f 3712/2759/3424 4222/2758/3934 4552/2779/4264 4199/2780/3911
f 4222/2758/3934 3719/2757/3431 4214/2781/3926 4552/2779/4264
f 4552/2779/4264 4214/2781/3926 3721/2769/3433 4224/2766/3936
f 4199/2780/3911 4552/2779/4264 4224/2766/3936 3714/2765/3426
f 3716/2714/3428 4226/2778/3938 4553/2782/4265 4203/2715/3915
f 4226/2778/3938 3723/2777/3435 4218/2783/3930 4553/2782/4265
f 4553/2782/4265 4218/2783/3930 3722/2763/3434 4223/2760/3935
f 4203/2715/3915 4553/2782/4265 4223/2760/3935 3715/2716/3427
f 3720/2771/3432 4235/2784/3947 4554/2785/4266 4217/2776/3929
f 4235/2784/3947 3736/2786/3448 4232/2787/3944 4554/2785/4266
f 4554/2785/4266 4232/2787/3944 3739/2788/3451 4236/2789/3948
f 4217/2776/3929 4554/2785/4266 4236/2789/3948 3723/2777/3435
f 3773/2790/3485 4329/2791/4041 4555/2792/4267 4335/2793/4047
f 4329/2791/4041 3762/2794/3474 4311/2795/4023 4555/2792/4267
f 4555/2792/4267 4311/2795/4023 3766/2796/3478 4314/2797/4026
f 4335/2793/4047 4555/2792/4267 4314/2797/4026 3772/2798/3484
f 3769/2799/3481 4321/2800/4033 4556/2801/4268 4327/2802/4039
f 4321/2800/4033 3760/2803/3472 4304/2804/4016 4556/2801/4268
f 4556/2801/4268 4304/2804/4016 3761/2805/3473 4312/2806/4024
f 4327/2802/4039 4556/2801/4268 4312/2806/4024 3768/2807/3480
f 3592/2808/3304 3967/2809/3679 4557/2810/4269 4215/2811/3927
f 3967/2809/3679 3605/2812/3317 4230/2813/3942 4557/2810/4269
f 4557/2810/4269 4230/2813/3942 3733/2814/3445 4240/2815/3952
f 4215/2811/3927 4557/2810/4269 4240/2815/3952 3725/2816/3437
f 3724/2750/3436 4241/2817/3953 4558/2818/4270 4219/2819/3931
f 4241/2817/3953 3737/2820/3449 4234/2821/3946 4558/2818/4270
f 4558/2818/4270 4234/2821/3946 3610/2822/3322 3970/1981/3682
f 4219/2819/3931 4558/2818/4270 3970/1981/3682 3589/1980/3301
f 3725/2743/3437 4240/2823/3952 4559/2824/4271 4212/2756/3924
f 4240/2823/3952 3733/2825/3445 4227/2826/3939 4559/2824/4271
f 4559/2824/4271 4227/2826/3939 3734/2827/3446 4237/2828/3949
f 4212/2756/3924 4559/2824/4271 4237/2828/3949 3719/2757/3431
f 3722/2763/3434 4239/2829/3951 4560/2830/4272 4216/2764/3928
f 4239/2829/3951 3738/2831/3450 4231/2832/3943 4560/2830/4272
f 4560/2830/4272 4231/2832/3943 3737/2833/3449 4241/2834/3953
f 4216/2764/3928 4560/2830/4272 4241/2834/3953 3724/2750/3436
f 3721/2769/3433 4238/2835/3950 4561/2836/4273 4213/2770/3925
f 4238/2835/3950 3735/2837/3447 4228/2838/3940 4561/2836/4273
f 4561/2836/4273 4228/2838/3940 3736/2786/3448 4235/2784/3947
f 4213/2770/3925 4561/2836/4273 4235/2784/3947 3720/2771/3432
f 3612/1998/3324 4259/2839/3971 4562/2840/4274 4257/2841/3969
f 4259/2839/3971 3729/2842/3441 4248/2843/3960 4562/2840/4274
f 4562/2840/4274 4248/2843/3960 3730/2844/3442 4247/2845/3959
f 4257/2841/3969 4562/2840/4274 4247/2845/3959 3727/2846/3439
f 3726/2847/3438 4250/2848/3962 4563/2849/4275 4242/2850/3954
f 4250/2848/3962 3734/2827/3446 4227/2851/3939 4563/2849/4275
f 4563/2849/4275 4227/2851/3939 3733/2852/3445 4251/2853/3963
f 4242/2850/3954 4563/2849/4275 4251/2853/3963 3732/2854/3444
f 3727/2855/3439 4252/2856/3964 4564/2857/4276 4243/2858/3955
f 4252/2856/3964 3736/2859/3448 4228/2860/3940 4564/2857/4276
f 4564/2857/4276 4228/2860/3940 3735/2837/3447 4253/2861/3965
f 4243/2858/3955 4564/2857/4276 4253/2861/3965 3728/2862/3440
f 3728/2862/3440 4253/2861/3965 4565/2863/4277 4244/2864/3956
f 4253/2861/3965 3735/2837/3447 4229/2865/3941 4565/2863/4277
f 4565/2863/4277 4229/2865/3941 3734/2827/3446 4250/2848/3962
f 4244/2864/3956 4565/2863/4277 4250/2848/3962 3726/2847/3438
f 3732/2854/3444 4251/2853/3963 4566/2866/4278 4245/2867/3957
f 4251/2853/3963 3733/2852/3445 4230/2868/3942 4566/2866/4278
f 4566/2866/4278 4230/2868/3942 3605/1976/3317 3981/2869/3693
f 4245/2867/3957 4566/2866/4278 3981/2869/3693 3601/2057/3313
f 3731/2870/3443 4254/2871/3966 4567/2872/4279 4246/2873/3958
f 4254/2871/3966 3737/2833/3449 4231/2874/3943 4567/2872/4279
f 4567/2872/4279 4231/2874/3943 3738/2831/3450 4255/2875/3967
f 4246/2873/3958 4567/2872/4279 4255/2875/3967 3729/2842/3441
f 3730/2844/3442 4256/2876/3968 4568/2877/4280 4247/2878/3959
f 4256/2876/3968 3739/2788/3451 4232/2879/3944 4568/2877/4280
f 4568/2877/4280 4232/2879/3944 3736/2859/3448 4252/2856/3964
f 4247/2878/3959 4568/2877/4280 4252/2856/3964 3727/2855/3439
f 3729/2842/3441 4255/2875/3967 4569/2880/4281 4248/2843/3960
f 4255/2875/3967 3738/2831/3450 4233/2881/3945 4569/2880/4281
f 4569/2880/4281 4233/2881/3945 3739/2788/3451 4256/2876/3968
f 4248/2843/3960 4569/2880/4281 4256/2876/3968 3730/2844/3442
f 3598/2044/3310 3986/2882/3698 4570/2883/4282 4249/2884/3961
f 3986/2882/3698 3610/1982/3322 4234/2885/3946 4570/2883/4282
f 4570/2883/4282 4234/2885/3946 3737/2833/3449 4254/2871/3966
f 4249/2884/3961 4570/2883/4282 4254/2871/3966 3731/2870/3443
f 3726/2886/3438 4258/2887/3970 4571/2888/4283 4244/2889/3956
f 4258/2887/3970 3612/1998/3324 4257/2841/3969 4571/2888/4283
f 4571/2888/4283 4257/2841/3969 3727/2846/3439 4243/2890/3955
f 4244/2889/3956 4571/2888/4283 4243/2890/3955 3728/2862/3440
f 3732/2854/3444 4245/2891/3957 4572/2892/4284 4242/2893/3954
f 4245/2891/3957 3601/2057/3313 3989/2894/3701 4572/2892/4284
f 4572/2892/4284 3989/2894/3701 3612/1998/3324 4258/2887/3970
f 4242/2893/3954 4572/2892/4284 4258/2887/3970 3726/2886/3438
f 3598/2895/3310 4249/2884/3961 4573/2896/4285 3990/2897/3702
f 4249/2884/3961 3731/2870/3443 4246/2873/3958 4573/2896/4285
f 4573/2896/4285 4246/2873/3958 3729/2842/3441 4259/2839/3971
f 3990/2897/3702 4573/2896/4285 4259/2839/3971 3612/1998/3324
f 3678/2898/3390 4264/2899/3976 4574/2900/4286 4260/2901/3972
f 4264/2899/3976 3741/2485/3453 4123/2902/3835 4574/2900/4286
f 4574/2900/4286 4123/2902/3835 3740/2515/3452 4265/2903/3977
f 4260/2901/3972 4574/2900/4286 4265/2903/3977 3679/2904/3391
f 3686/2905/3398 4266/2906/3978 4575/2907/4287 4261/2908/3973
f 4266/2906/3978 3742/2909/3454 4138/2910/3850 4575/2907/4287
f 4575/2907/4287 4138/2910/3850 3743/2911/3455 4267/2912/3979
f 4261/2908/3973 4575/2907/4287 4267/2912/3979 3685/2913/3397
f 3679/2904/3391 4265/2903/3977 4576/2914/4288 4262/2915/3974
f 4265/2903/3977 3740/2515/3452 4145/2514/3857 4576/2914/4288
f 4576/2914/4288 4145/2514/3857 3742/2513/3454 4266/2916/3978
f 4262/2915/3974 4576/2914/4288 4266/2916/3978 3686/2917/3398
f 3685/2918/3397 4267/2919/3979 4577/2920/4289 4263/2921/3975
f 4267/2919/3979 3743/2503/3455 4146/2501/3858 4577/2920/4289
f 4577/2920/4289 4146/2501/3858 3741/2485/3453 4264/2899/3976
f 4263/2921/3975 4577/2920/4289 4264/2899/3976 3678/2898/3390
f 3692/2922/3404 4272/2923/3984 4578/2924/4290 4268/2925/3980
f 4272/2923/3984 3745/2559/3457 4153/2558/3865 4578/2924/4290
f 4578/2924/4290 4153/2558/3865 3744/2557/3456 4273/2926/3985
f 4268/2925/3980 4578/2924/4290 4273/2926/3985 3693/2927/3405
f 3700/2928/3412 4274/2929/3986 4579/2930/4291 4269/2931/3981
f 4274/2929/3986 3746/2651/3458 4168/2694/3880 4579/2930/4291
f 4579/2930/4291 4168/2694/3880 3747/2645/3459 4275/2932/3987
f 4269/2931/3981 4579/2930/4291 4275/2932/3987 3699/2933/3411
f 3693/2927/3405 4273/2926/3985 4580/2934/4292 4270/2935/3982
f 4273/2926/3985 3744/2557/3456 4180/2936/3892 4580/2934/4292
f 4580/2934/4292 4180/2936/3892 3746/2651/3458 4274/2929/3986
f 4270/2935/3982 4580/2934/4292 4274/2929/3986 3700/2928/3412
f 3699/2933/3411 4275/2932/3987 4581/2937/4293 4271/2938/3983
f 4275/2932/3987 3747/2645/3459 4181/2939/3893 4581/2937/4293
f 4581/2937/4293 4181/2939/3893 3745/2559/3457 4272/2923/3984
f 4271/2938/3983 4581/2937/4293 4272/2923/3984 3692/2922/3404
f 3753/2638/3465 4297/2940/4009 4582/2941/4294 4283/2639/3995
f 4297/2940/4009 3757/2942/3469 4295/2943/4007 4582/2941/4294
f 4582/2941/4294 4295/2943/4007 3759/2944/3471 4296/2945/4008
f 4283/2639/3995 4582/2941/4294 4296/2945/4008 3755/2640/3467
f 3699/2946/3411 4284/2947/3996 4583/2948/4295 4269/2949/3981
f 4284/2947/3996 3755/2950/3467 4281/2951/3993 4583/2948/4295
f 4583/2948/4295 4281/2951/3993 3754/2952/3466 4288/2953/4000
f 4269/2949/3981 4583/2948/4295 4288/2953/4000 3700/2954/3412
f 3678/2955/3390 4286/2956/3998 4584/2957/4296 4263/2958/3975
f 4286/2956/3998 3749/2959/3461 4279/2960/3991 4584/2957/4296
f 4584/2957/4296 4279/2960/3991 3751/2961/3463 4289/2962/4001
f 4263/2958/3975 4584/2957/4296 4289/2962/4001 3685/2963/3397
f 3685/2913/3397 4289/2964/4001 4585/2965/4297 4261/2966/3973
f 4289/2964/4001 3751/2967/3463 4277/2968/3989 4585/2965/4297
f 4585/2965/4297 4277/2968/3989 3750/2969/3462 4290/2970/4002
f 4261/2966/3973 4585/2965/4297 4290/2970/4002 3686/2905/3398
f 3700/2971/3412 4288/2972/4000 4586/2973/4298 4270/2974/3982
f 4288/2972/4000 3754/2975/3466 4282/2976/3994 4586/2973/4298
f 4586/2973/4298 4282/2976/3994 3752/2977/3464 4291/2978/4003
f 4270/2974/3982 4586/2973/4298 4291/2978/4003 3693/2979/3405
f 3693/2980/3405 4291/2981/4003 4587/2982/4299 4268/2983/3980
f 4291/2981/4003 3752/2984/3464 4280/2985/3992 4587/2982/4299
f 4587/2982/4299 4280/2985/3992 3753/2986/3465 4285/2987/3997
f 4268/2983/3980 4587/2982/4299 4285/2987/3997 3692/2988/3404
f 3686/2989/3398 4290/2990/4002 4588/2991/4300 4262/2992/3974
f 4290/2990/4002 3750/2993/3462 4278/2994/3990 4588/2991/4300
f 4588/2991/4300 4278/2994/3990 3748/2995/3460 4287/2996/3999
f 4262/2992/3974 4588/2991/4300 4287/2996/3999 3679/2997/3391
f 3755/2998/3467 4296/2999/4008 4589/3000/4301 4281/3001/3993
f 4296/2999/4008 3759/3002/3471 4293/3003/4005 4589/3000/4301
f 4589/3000/4301 4293/3003/4005 3758/3004/3470 4298/3005/4010
f 4281/3001/3993 4589/3000/4301 4298/3005/4010 3754/3006/3466
f 3754/2975/3466 4298/3007/4010 4590/3008/4302 4282/2976/3994
f 4298/3007/4010 3758/3009/3470 4294/3010/4006 4590/3008/4302
f 4590/3008/4302 4294/3010/4006 3756/3011/3468 4299/3012/4011
f 4282/2976/3994 4590/3008/4302 4299/3012/4011 3752/2977/3464
f 3752/3013/3464 4299/3014/4011 4591/3015/4303 4280/3016/3992
f 4299/3014/4011 3756/3017/3468 4292/3018/4004 4591/3015/4303
f 4591/3015/4303 4292/3018/4004 3757/3019/3469 4297/3020/4009
f 4280/3016/3992 4591/3015/4303 4297/3020/4009 3753/3021/3465
f 3758/3009/3470 4300/3022/4012 4592/3023/4304 4294/3010/4006
f 4300/3022/4012 3748/2995/3460 4278/3024/3990 4592/3023/4304
f 4592/3023/4304 4278/3024/3990 3750/2993/3462 4301/3025/4013
f 4294/3010/4006 4592/3023/4304 4301/3025/4013 3756/3011/3468
f 3756/3017/3468 4301/3026/4013 4593/3027/4305 4292/3018/4004
f 4301/3026/4013 3750/3028/3462 4277/3029/3989 4593/3027/4305
f 4593/3027/4305 4277/3029/3989 3751/3030/3463 4302/3031/4014
f 4292/3018/4004 4593/3027/4305 4302/3031/4014 3757/3019/3469
f 3757/2942/3469 4302/3032/4014 4594/3033/4306 4295/2943/4007
f 4302/3032/4014 3751/2961/3463 4279/3034/3991 4594/3033/4306
f 4594/3033/4306 4279/3034/3991 3749/2959/3461 4303/3035/4015
f 4295/2943/4007 4594/3033/4306 4303/3035/4015 3759/2944/3471
f 3759/3002/3471 4303/3036/4015 4595/3037/4307 4293/3003/4005
f 4303/3036/4015 3749/3038/3461 4276/3039/3988 4595/3037/4307
f 4595/3037/4307 4276/3039/3988 3748/3040/3460 4300/3041/4012
f 4293/3003/4005 4595/3037/4307 4300/3041/4012 3758/3004/3470
f 3760/3042/3472 4309/3043/4021 4596/3044/4308 4304/3045/4016
f 4309/3043/4021 3764/3046/3476 4306/3047/4018 4596/3044/4308
f 4596/3044/4308 4306/3047/4018 3765/3048/3477 4310/3049/4022
f 4304/3045/4016 4596/3044/4308 4310/3049/4022 3761/3050/3473
f 3763/3051/3475 4308/3052/4020 4597/3053/4309 4305/3054/4017
f 4308/3052/4020 3767/3055/3479 4307/3056/4019 4597/3053/4309
f 4597/3053/4309 4307/3056/4019 3766/3057/3478 4311/3058/4023
f 4305/3054/4017 4597/3053/4309 4311/3058/4023 3762/3059/3474
f 3770/3060/3482 4322/3061/4034 4598/3062/4310 4326/3063/4038
f 4322/3061/4034 3764/3064/3476 4309/3065/4021 4598/3062/4310
f 4598/3062/4310 4309/3065/4021 3760/3066/3472 4321/3067/4033
f 4326/3063/4038 4598/3062/4310 4321/3067/4033 3769/3068/3481
f 3772/3069/3484 4314/3070/4026 4599/3071/4311 4334/3072/4046
f 4314/3070/4026 3766/3073/3478 4307/3074/4019 4599/3071/4311
f 4599/3071/4311 4307/3074/4019 3767/3075/3479 4317/3076/4029
f 4334/3072/4046 4599/3071/4311 4317/3076/4029 3774/3077/3486
f 3771/3078/3483 4323/3079/4035 4600/3080/4312 4325/3081/4037
f 4323/3079/4035 3765/3082/3477 4306/3083/4018 4600/3080/4312
f 4600/3080/4312 4306/3083/4018 3764/3084/3476 4322/3085/4034
f 4325/3081/4037 4600/3080/4312 4322/3085/4034 3770/3086/3482
f 3768/3087/3480 4312/3088/4024 4601/3089/4313 4324/3090/4036
f 4312/3088/4024 3761/3091/3473 4310/3092/4022 4601/3089/4313
f 4601/3089/4313 4310/3092/4022 3765/3093/3477 4323/3094/4035
f 4324/3090/4036 4601/3089/4313 4323/3094/4035 3771/3095/3483
f 3775/3096/3487 4331/3097/4043 4602/3098/4314 4333/3099/4045
f 4331/3097/4043 3763/3100/3475 4305/3101/4017 4602/3098/4314
f 4602/3098/4314 4305/3101/4017 3762/3102/3474 4329/3103/4041
f 4333/3099/4045 4602/3098/4314 4329/3103/4041 3773/3104/3485
f 3774/3077/3486 4317/3076/4029 4603/3105/4315 4332/3106/4044
f 4317/3076/4029 3767/3075/3479 4308/3107/4020 4603/3105/4315
f 4603/3105/4315 4308/3107/4020 3763/3108/3475 4331/3109/4043
f 4332/3106/4044 4603/3105/4315 4331/3109/4043 3775/3110/3487
f 3721/3111/3433 4320/3112/4032 4604/3113/4316 4238/3114/3950
f 4320/3112/4032 3768/3087/3480 4324/3090/4036 4604/3113/4316
f 4604/3113/4316 4324/3090/4036 3771/3095/3483 4318/3115/4030
f 4238/3114/3950 4604/3113/4316 4318/3115/4030 3735/3116/3447
f 3735/3117/3447 4318/3118/4030 4605/3119/4317 4229/3120/3941
f 4318/3118/4030 3771/3078/3483 4325/3081/4037 4605/3119/4317
f 4605/3119/4317 4325/3081/4037 3770/3086/3482 4316/3121/4028
f 4229/3120/3941 4605/3119/4317 4316/3121/4028 3734/3122/3446
f 3734/3123/3446 4316/3124/4028 4606/3125/4318 4237/3126/3949
f 4316/3124/4028 3770/3060/3482 4326/3063/4038 4606/3125/4318
f 4606/3125/4318 4326/3063/4038 3769/3068/3481 4313/3127/4025
f 4237/3126/3949 4606/3125/4318 4313/3127/4025 3719/3128/3431
f 3719/3129/3431 4313/3130/4025 4607/3131/4319 4214/3132/3926
f 4313/3130/4025 3769/2799/3481 4327/2802/4039 4607/3131/4319
f 4607/3131/4319 4327/2802/4039 3768/2807/3480 4320/3133/4032
f 4214/3132/3926 4607/3131/4319 4320/3133/4032 3721/3134/3433
f 3739/3135/3451 4330/3136/4042 4608/3137/4320 4236/3138/3948
f 4330/3136/4042 3774/3077/3486 4332/3106/4044 4608/3137/4320
f 4608/3137/4320 4332/3106/4044 3775/3110/3487 4319/3139/4031
f 4236/3138/3948 4608/3137/4320 4319/3139/4031 3723/3140/3435
f 3723/3141/3435 4319/3142/4031 4609/3143/4321 4218/3144/3930
f 4319/3142/4031 3775/3096/3487 4333/3099/4045 4609/3143/4321
f 4609/3143/4321 4333/3099/4045 3773/3104/3485 4315/3145/4027
f 4218/3144/3930 4609/3143/4321 4315/3145/4027 3722/3146/3434
f 3738/3147/3450 4328/3148/4040 4610/3149/4322 4233/3150/3945
f 4328/3148/4040 3772/3069/3484 4334/3072/4046 4610/3149/4322
f 4610/3149/4322 4334/3072/4046 3774/3077/3486 4330/3136/4042
f 4233/3150/3945 4610/3149/4322 4330/3136/4042 3739/3135/3451
f 3722/3128/3434 4315/3151/4027 4611/3152/4323 4239/3153/3951
f 4315/3151/4027 3773/2790/3485 4335/2793/4047 4611/3152/4323
f 4611/3152/4323 4335/2793/4047 3772/2798/3484 4328/3154/4040
f 4239/3153/3951 4611/3152/4323 4328/3154/4040 3738/3155/3450
f 4612/1458/4324 4909/1461/4620 5453/1460/5162 4895/1459/4606
f 4895/1459/4606 5453/1460/5162 4910/1463/4621 4614/1462/4326
f 5453/1460/5162 4903/1465/4614 4623/1464/4335 4910/1463/4621
f 4909/1461/4620 4621/1466/4333 4903/1465/4614 5453/1460/5162
f 4617/1467/4329 4911/1470/4622 5454/1469/5163 4899/1468/4610
f 4899/1468/4610 5454/1469/5163 4912/1472/4623 4615/1471/4327
f 5454/1469/5163 4907/1474/4618 4624/1473/4336 4912/1472/4623
f 4911/1470/4622 4626/1475/4338 4907/1474/4618 5454/1469/5163
f 4619/1476/4331 4913/1479/4624 5455/1478/5164 4896/1477/4607
f 4896/1477/4607 5455/1478/5164 4914/1481/4625 4620/1480/4332
f 5455/1478/5164 4904/1483/4615 4629/1482/4341 4914/1481/4625
f 4913/1479/4624 4628/1484/4340 4904/1483/4615 5455/1478/5164
f 4618/1485/4330 4915/1488/4626 5456/1487/5165 4900/1486/4611
f 4900/1486/4611 5456/1487/5165 4916/1490/4627 4616/1489/4328
f 5456/1487/5165 4908/1492/4619 4625/1491/4337 4916/1490/4627
f 4915/1488/4626 4627/1493/4339 4908/1492/4619 5456/1487/5165
f 4620/1480/4332 4914/1481/4625 5457/1495/5166 4893/1494/4604
f 4893/1494/4604 5457/1495/5166 4909/1497/4620 4612/1496/4324
f 5457/1495/5166 4901/1499/4612 4621/1498/4333 4909/1497/4620
f 4914/1481/4625 4629/1482/4341 4901/1499/4612 5457/1495/5166
f 4615/1500/4327 4912/1503/4623 5458/1502/5167 4897/1501/4608
f 4897/1501/4608 5458/1502/5167 4915/1488/4626 4618/1485/4330
f 5458/1502/5167 4905/1504/4616 4627/1493/4339 4915/1488/4626
f 4912/1503/4623 4624/1505/4336 4905/1504/4616 5458/1502/5167
f 4614/1462/4326 4910/1463/4621 5459/1507/5168 4894/1506/4605
f 4894/1506/4605 5459/1507/5168 4917/1509/4628 4613/1508/4325
f 5459/1507/5168 4902/1511/4613 4622/1510/4334 4917/1509/4628
f 4910/1463/4621 4623/1464/4335 4902/1511/4613 5459/1507/5168
f 4613/1508/4325 4917/1509/4628 5460/1513/5169 4898/1512/4609
f 4898/1512/4609 5460/1513/5169 4911/1470/4622 4617/1467/4329
f 5460/1513/5169 4906/1514/4617 4626/1475/4338 4911/1470/4622
f 4917/1509/4628 4622/1510/4334 4906/1514/4617 5460/1513/5169
f 4623/1464/4335 4926/1516/4637 5461/1515/5170 4902/1511/4613
f 4902/1511/4613 5461/1515/5170 4927/1517/4638 4622/1510/4334
f 5461/1515/5170 4919/1519/4630 4631/1518/4343 4927/1517/4638
f 4926/1516/4637 4632/1520/4344 4919/1519/4630 5461/1515/5170
f 4622/1510/4334 4927/1517/4638 5462/1521/5171 4906/1514/4617
f 4906/1514/4617 5462/1521/5171 4928/1522/4639 4626/1475/4338
f 5462/1521/5171 4923/1524/4634 4635/1523/4347 4928/1522/4639
f 4927/1517/4638 4631/1518/4343 4923/1524/4634 5462/1521/5171
f 4621/1466/4333 4929/1526/4640 5463/1525/5172 4903/1465/4614
f 4903/1465/4614 5463/1525/5172 4926/1516/4637 4623/1464/4335
f 5463/1525/5172 4920/1527/4631 4632/1520/4344 4926/1516/4637
f 4929/1526/4640 4630/1528/4342 4920/1527/4631 5463/1525/5172
f 4626/1475/4338 4928/1522/4639 5464/1529/5173 4907/1474/4618
f 4907/1474/4618 5464/1529/5173 4930/1530/4641 4624/1473/4336
f 5464/1529/5173 4924/1532/4635 4633/1531/4345 4930/1530/4641
f 4928/1522/4639 4635/1523/4347 4924/1532/4635 5464/1529/5173
f 4628/1484/4340 4931/1534/4642 5465/1533/5174 4904/1483/4615
f 4904/1483/4615 5465/1533/5174 4932/1535/4643 4629/1482/4341
f 5465/1533/5174 4921/1537/4632 4638/1536/4350 4932/1535/4643
f 4931/1534/4642 4637/1538/4349 4921/1537/4632 5465/1533/5174
f 4627/1493/4339 4933/1540/4644 5466/1539/5175 4908/1492/4619
f 4908/1492/4619 5466/1539/5175 4934/1541/4645 4625/1491/4337
f 5466/1539/5175 4925/1543/4636 4634/1542/4346 4934/1541/4645
f 4933/1540/4644 4636/1544/4348 4925/1543/4636 5466/1539/5175
f 4629/1482/4341 4932/1535/4643 5467/1545/5176 4901/1499/4612
f 4901/1499/4612 5467/1545/5176 4929/1546/4640 4621/1498/4333
f 5467/1545/5176 4918/1548/4629 4630/1547/4342 4929/1546/4640
f 4932/1535/4643 4638/1536/4350 4918/1548/4629 5467/1545/5176
f 4624/1505/4336 4930/1550/4641 5468/1549/5177 4905/1504/4616
f 4905/1504/4616 5468/1549/5177 4933/1540/4644 4627/1493/4339
f 5468/1549/5177 4922/1551/4633 4636/1544/4348 4933/1540/4644
f 4930/1550/4641 4633/1552/4345 4922/1551/4633 5468/1549/5177
f 4633/1553/4345 4943/1556/4654 5469/1555/5178 4922/1554/4633
f 4922/1554/4633 5469/1555/5178 4944/1558/4655 4636/1557/4348
f 5469/1555/5178 4939/1560/4650 4645/1559/4357 4944/1558/4655
f 4943/1556/4654 4642/1561/4354 4939/1560/4650 5469/1555/5178
f 4632/1562/4344 4947/1565/4658 5470/1564/5179 4919/1563/4630
f 4919/1563/4630 5470/1564/5179 4948/1567/4659 4631/1566/4343
f 5470/1564/5179 4936/1569/4647 4640/1568/4352 4948/1567/4659
f 4947/1565/4658 4641/1570/4353 4936/1569/4647 5470/1564/5179
f 4631/1566/4343 4948/1567/4659 5471/1572/5180 4923/1571/4634
f 4923/1571/4634 5471/1572/5180 4949/1574/4660 4635/1573/4347
f 5471/1572/5180 4940/1576/4651 4644/1575/4356 4949/1574/4660
f 4948/1567/4659 4640/1568/4352 4940/1576/4651 5471/1572/5180
f 4630/1577/4342 4950/1580/4661 5472/1579/5181 4920/1578/4631
f 4920/1578/4631 5472/1579/5181 4947/1565/4658 4632/1562/4344
f 5472/1579/5181 4937/1581/4648 4641/1570/4353 4947/1565/4658
f 4950/1580/4661 4639/1582/4351 4937/1581/4648 5472/1579/5181
f 4635/1573/4347 4949/1574/4660 5473/1584/5182 4924/1583/4635
f 4924/1583/4635 5473/1584/5182 4943/1556/4654 4633/1553/4345
f 5473/1584/5182 4941/1585/4652 4642/1561/4354 4943/1556/4654
f 4949/1574/4660 4644/1575/4356 4941/1585/4652 5473/1584/5182
f 4637/1586/4349 4945/1589/4656 5474/1588/5183 4921/1587/4632
f 4921/1587/4632 5474/1588/5183 4951/1591/4662 4638/1590/4350
f 5474/1588/5183 4938/1593/4649 4647/1592/4359 4951/1591/4662
f 4945/1589/4656 4646/1594/4358 4938/1593/4649 5474/1588/5183
f 4636/1557/4348 4944/1558/4655 5475/1596/5184 4925/1595/4636
f 4925/1595/4636 5475/1596/5184 4946/1598/4657 4634/1597/4346
f 5475/1596/5184 4942/1600/4653 4643/1599/4355 4946/1598/4657
f 4944/1558/4655 4645/1559/4357 4942/1600/4653 5475/1596/5184
f 4638/1590/4350 4951/1591/4662 5476/1602/5185 4918/1601/4629
f 4918/1601/4629 5476/1602/5185 4950/1580/4661 4630/1577/4342
f 5476/1602/5185 4935/1603/4646 4639/1582/4351 4950/1580/4661
f 4951/1591/4662 4647/1592/4359 4935/1603/4646 5476/1602/5185
f 4644/1575/4356 4960/1605/4671 5477/1604/5186 4941/1585/4652
f 4941/1585/4652 5477/1604/5186 4961/1606/4672 4642/1561/4354
f 5477/1604/5186 4958/1608/4669 4651/1607/4363 4961/1606/4672
f 4960/1605/4671 4653/1609/4365 4958/1608/4669 5477/1604/5186
f 4646/1594/4358 4962/1611/4673 5478/1610/5187 4938/1593/4649
f 4938/1593/4649 5478/1610/5187 4963/1612/4674 4647/1592/4359
f 5478/1610/5187 4955/1614/4666 4656/1613/4368 4963/1612/4674
f 4962/1611/4673 4655/1615/4367 4955/1614/4666 5478/1610/5187
f 4645/1559/4357 4964/1617/4675 5479/1616/5188 4942/1600/4653
f 4942/1600/4653 5479/1616/5188 4965/1618/4676 4643/1599/4355
f 5479/1616/5188 4959/1620/4670 4652/1619/4364 4965/1618/4676
f 4964/1617/4675 4654/1621/4366 4959/1620/4670 5479/1616/5188
f 4647/1592/4359 4963/1612/4674 5480/1622/5189 4935/1603/4646
f 4935/1603/4646 5480/1622/5189 4966/1623/4677 4639/1582/4351
f 5480/1622/5189 4952/1625/4663 4648/1624/4360 4966/1623/4677
f 4963/1612/4674 4656/1613/4368 4952/1625/4663 5480/1622/5189
f 4642/1561/4354 4961/1606/4672 5481/1626/5190 4939/1560/4650
f 4939/1560/4650 5481/1626/5190 4964/1617/4675 4645/1559/4357
f 5481/1626/5190 4956/1627/4667 4654/1621/4366 4964/1617/4675
f 4961/1606/4672 4651/1607/4363 4956/1627/4667 5481/1626/5190
f 4641/1570/4353 4967/1629/4678 5482/1628/5191 4936/1569/4647
f 4936/1569/4647 5482/1628/5191 4968/1630/4679 4640/1568/4352
f 5482/1628/5191 4953/1632/4664 4731/1631/4442 4968/1630/4679
f 4967/1629/4678 4730/1633/4441 4953/1632/4664 5482/1628/5191
f 4640/1634/4352 4968/1637/4679 5483/1636/5192 4940/1635/4651
f 4940/1635/4651 5483/1636/5192 4960/1639/4671 4644/1638/4356
f 5483/1636/5192 4957/1641/4668 4653/1640/4365 4960/1639/4671
f 4968/1637/4679 4731/1642/4442 4957/1641/4668 5483/1636/5192
f 4639/1582/4351 4966/1623/4677 5484/1643/5193 4937/1581/4648
f 4937/1581/4648 5484/1643/5193 4967/1629/4678 4641/1570/4353
f 5484/1643/5193 4954/1644/4665 4730/1633/4441 4967/1629/4678
f 4966/1623/4677 4648/1624/4360 4954/1644/4665 5484/1643/5193
f 4650/1645/4362 5137/1648/4846 5485/1647/5194 5110/1646/4819
f 5110/1646/4819 5485/1647/5194 5136/1650/4845 4649/1649/4361
f 5485/1647/5194 5126/1652/4835 4739/1651/4450 5136/1650/4845
f 5137/1648/4846 4738/1653/4449 5126/1652/4835 5485/1647/5194
f 4731/1642/4442 4978/1655/4689 5486/1654/5195 4957/1641/4668
f 4957/1641/4668 5486/1654/5195 4979/1656/4690 4653/1640/4365
f 5486/1654/5195 4974/1658/4685 4662/1657/4374 4979/1656/4690
f 4978/1655/4689 4733/1659/4444 4974/1658/4685 5486/1654/5195
f 4648/1660/4360 4980/1663/4691 5487/1662/5196 4954/1661/4665
f 4954/1661/4665 5487/1662/5196 4977/1665/4688 4730/1664/4441
f 5487/1662/5196 4971/1667/4682 4732/1666/4443 4977/1665/4688
f 4980/1663/4691 4657/1668/4369 4971/1667/4682 5487/1662/5196
f 4653/1640/4365 4979/1656/4690 5488/1670/5197 4958/1669/4669
f 4958/1669/4669 5488/1670/5197 4981/1672/4692 4651/1671/4363
f 5488/1670/5197 4975/1674/4686 4660/1673/4372 4981/1672/4692
f 4979/1656/4690 4662/1657/4374 4975/1674/4686 5488/1670/5197
f 4655/1675/4367 4982/1678/4693 5489/1677/5198 4955/1676/4666
f 4955/1676/4666 5489/1677/5198 4983/1680/4694 4656/1679/4368
f 5489/1677/5198 4972/1682/4683 4665/1681/4377 4983/1680/4694
f 4982/1678/4693 4664/1683/4376 4972/1682/4683 5489/1677/5198
f 4654/1684/4366 4984/1687/4695 5490/1686/5199 4959/1685/4670
f 4959/1685/4670 5490/1686/5199 4985/1689/4696 4652/1688/4364
f 5490/1686/5199 4976/1691/4687 4661/1690/4373 4985/1689/4696
f 4984/1687/4695 4663/1692/4375 4976/1691/4687 5490/1686/5199
f 4656/1679/4368 4983/1680/4694 5491/1694/5200 4952/1693/4663
f 4952/1693/4663 5491/1694/5200 4980/1696/4691 4648/1695/4360
f 5491/1694/5200 4969/1698/4680 4657/1697/4369 4980/1696/4691
f 4983/1680/4694 4665/1681/4377 4969/1698/4680 5491/1694/5200
f 4651/1671/4363 4981/1672/4692 5492/1700/5201 4956/1699/4667
f 4956/1699/4667 5492/1700/5201 4984/1702/4695 4654/1701/4366
f 5492/1700/5201 4973/1704/4684 4663/1703/4375 4984/1702/4695
f 4981/1672/4692 4660/1673/4372 4973/1704/4684 5492/1700/5201
f 4660/1705/4372 4994/1708/4705 5493/1707/5202 4973/1706/4684
f 4973/1706/4684 5493/1707/5202 4995/1710/4706 4663/1709/4375
f 5493/1707/5202 4990/1712/4701 4672/1711/4384 4995/1710/4706
f 4994/1708/4705 4669/1713/4381 4990/1712/4701 5493/1707/5202
f 4732/1666/4443 4998/1716/4709 5494/1715/5203 4970/1714/4681
f 4970/1714/4681 5494/1715/5203 4999/1717/4710 4733/1659/4444
f 5494/1715/5203 4987/1719/4698 4735/1718/4446 4999/1717/4710
f 4998/1716/4709 4734/1720/4445 4987/1719/4698 5494/1715/5203
f 4733/1659/4444 4999/1717/4710 5495/1721/5204 4974/1658/4685
f 4974/1658/4685 5495/1721/5204 5000/1722/4711 4662/1657/4374
f 5495/1721/5204 4991/1724/4702 4671/1723/4383 5000/1722/4711
f 4999/1717/4710 4735/1718/4446 4991/1724/4702 5495/1721/5204
f 4657/1725/4369 5001/1728/4712 5496/1727/5205 4971/1726/4682
f 4971/1726/4682 5496/1727/5205 4998/1730/4709 4732/1729/4443
f 5496/1727/5205 4988/1732/4699 4734/1731/4445 4998/1730/4709
f 5001/1728/4712 4666/1733/4378 4988/1732/4699 5496/1727/5205
f 4662/1657/4374 5000/1722/4711 5497/1734/5206 4975/1674/4686
f 4975/1674/4686 5497/1734/5206 4994/1735/4705 4660/1673/4372
f 5497/1734/5206 4992/1737/4703 4669/1736/4381 4994/1735/4705
f 5000/1722/4711 4671/1723/4383 4992/1737/4703 5497/1734/5206
f 4664/1683/4376 4996/1740/4707 5498/1739/5207 4972/1738/4683
f 4972/1738/4683 5498/1739/5207 5002/1742/4713 4665/1741/4377
f 5498/1739/5207 4989/1744/4700 4674/1743/4386 5002/1742/4713
f 4996/1740/4707 4673/1745/4385 4989/1744/4700 5498/1739/5207
f 4663/1692/4375 4995/1747/4706 5499/1746/5208 4976/1691/4687
f 4976/1691/4687 5499/1746/5208 4997/1748/4708 4661/1690/4373
f 5499/1746/5208 4993/1750/4704 4670/1749/4382 4997/1748/4708
f 4995/1747/4706 4672/1751/4384 4993/1750/4704 5499/1746/5208
f 4665/1681/4377 5002/1753/4713 5500/1752/5209 4969/1698/4680
f 4969/1698/4680 5500/1752/5209 5001/1754/4712 4657/1697/4369
f 5500/1752/5209 4986/1756/4697 4666/1755/4378 5001/1754/4712
f 5002/1753/4713 4674/1757/4386 4986/1756/4697 5500/1752/5209
f 4671/1723/4383 5011/1759/4722 5501/1758/5210 4992/1737/4703
f 4992/1737/4703 5501/1758/5210 5012/1760/4723 4669/1736/4381
f 5501/1758/5210 5009/1762/4720 4678/1761/4390 5012/1760/4723
f 5011/1759/4722 4680/1763/4392 5009/1762/4720 5501/1758/5210
f 4673/1745/4385 5013/1765/4724 5502/1764/5211 4989/1744/4700
f 4989/1744/4700 5502/1764/5211 5014/1766/4725 4674/1743/4386
f 5502/1764/5211 5006/1768/4717 4683/1767/4395 5014/1766/4725
f 5013/1765/4724 4682/1769/4394 5006/1768/4717 5502/1764/5211
f 4672/1751/4384 5015/1771/4726 5503/1770/5212 4993/1750/4704
f 4993/1750/4704 5503/1770/5212 5016/1772/4727 4670/1749/4382
f 5503/1770/5212 5010/1774/4721 4679/1773/4391 5016/1772/4727
f 5015/1771/4726 4681/1775/4393 5010/1774/4721 5503/1770/5212
f 4674/1757/4386 5014/1777/4725 5504/1776/5213 4986/1756/4697
f 4986/1756/4697 5504/1776/5213 5017/1778/4728 4666/1755/4378
f 5504/1776/5213 5003/1780/4714 4675/1779/4387 5017/1778/4728
f 5014/1777/4725 4683/1781/4395 5003/1780/4714 5504/1776/5213
f 4669/1782/4381 5012/1785/4723 5505/1784/5214 4990/1783/4701
f 4990/1783/4701 5505/1784/5214 5015/1771/4726 4672/1751/4384
f 5505/1784/5214 5007/1786/4718 4681/1775/4393 5015/1771/4726
f 5012/1785/4723 4678/1787/4390 5007/1786/4718 5505/1784/5214
f 4667/1788/4379 5135/1791/4844 5506/1790/5215 5121/1789/4830
f 5121/1789/4830 5506/1790/5215 5134/1793/4843 4676/1792/4388
f 5506/1790/5215 5133/1795/4842 4745/1794/4456 5134/1793/4843
f 5135/1791/4844 4743/1796/4454 5133/1795/4842 5506/1790/5215
f 4735/1718/4446 5019/1798/4730 5507/1797/5216 4991/1724/4702
f 4991/1724/4702 5507/1797/5216 5011/1759/4722 4671/1723/4383
f 5507/1797/5216 5008/1799/4719 4680/1763/4392 5011/1759/4722
f 5019/1798/4730 4737/1800/4448 5008/1799/4719 5507/1797/5216
f 4666/1801/4378 5017/1804/4728 5508/1803/5217 4988/1802/4699
f 4988/1802/4699 5508/1803/5217 5018/1805/4729 4734/1720/4445
f 5508/1803/5217 5005/1807/4716 4736/1806/4447 5018/1805/4729
f 5017/1804/4728 4675/1808/4387 5005/1807/4716 5508/1803/5217
f 4737/1800/4448 5028/1810/4739 5509/1809/5218 5008/1799/4719
f 5008/1799/4719 5509/1809/5218 5029/1811/4740 4680/1763/4392
f 5509/1809/5218 5025/1813/4736 4689/1812/4401 5029/1811/4740
f 5028/1810/4739 4685/1814/4397 5025/1813/4736 5509/1809/5218
f 4675/1808/4387 5030/1816/4741 5510/1815/5219 5005/1807/4716
f 5005/1807/4716 5510/1815/5219 5031/1817/4742 4736/1806/4447
f 5510/1815/5219 5022/1819/4733 4686/1818/4398 5031/1817/4742
f 5030/1816/4741 4684/1820/4396 5022/1819/4733 5510/1815/5219
f 4680/1763/4392 5029/1811/4740 5511/1821/5220 5009/1762/4720
f 5009/1762/4720 5511/1821/5220 5032/1822/4743 4678/1761/4390
f 5511/1821/5220 5026/1824/4737 4687/1823/4399 5032/1822/4743
f 5029/1811/4740 4689/1812/4401 5026/1824/4737 5511/1821/5220
f 4682/1769/4394 5033/1826/4744 5512/1825/5221 5006/1768/4717
f 5006/1768/4717 5512/1825/5221 5034/1827/4745 4683/1767/4395
f 5512/1825/5221 5023/1829/4734 4692/1828/4403 5034/1827/4745
f 5033/1826/4744 4691/1830/3592 5023/1829/4734 5512/1825/5221
f 4681/1775/4393 5035/1832/4746 5513/1831/5222 5010/1774/4721
f 5010/1774/4721 5513/1831/5222 5036/1833/4747 4679/1773/4391
f 5513/1831/5222 5027/1835/4738 4688/1834/4400 5036/1833/4747
f 5035/1832/4746 4690/1836/4402 5027/1835/4738 5513/1831/5222
f 4683/1781/4395 5034/1838/4745 5514/1837/5223 5003/1780/4714
f 5003/1780/4714 5514/1837/5223 5030/1839/4741 4675/1779/4387
f 5514/1837/5223 5020/1841/4731 4684/1840/4396 5030/1839/4741
f 5034/1838/4745 4692/1842/4403 5020/1841/4731 5514/1837/5223
f 4678/1787/4390 5032/1844/4743 5515/1843/5224 5007/1786/4718
f 5007/1786/4718 5515/1843/5224 5035/1832/4746 4681/1775/4393
f 5515/1843/5224 5024/1845/4735 4690/1836/4402 5035/1832/4746
f 5032/1844/4743 4687/1846/4399 5024/1845/4735 5515/1843/5224
f 4736/1806/4447 5031/1817/4742 5516/1848/5225 5004/1847/4715
f 5004/1847/4715 5516/1848/5225 5028/1810/4739 4737/1800/4448
f 5516/1848/5225 5021/1849/4732 4685/1814/4397 5028/1810/4739
f 5031/1817/4742 4686/1818/4398 5021/1849/4732 5516/1848/5225
f 4686/1818/4398 5047/1851/4758 5517/1850/5226 5021/1849/4732
f 5021/1849/4732 5517/1850/5226 5048/1852/4759 4685/1814/4397
f 5517/1850/5226 5038/1854/4749 4694/1853/4405 5048/1852/4759
f 5047/1851/4758 4695/1855/4406 5038/1854/4749 5517/1850/5226
f 4685/1814/4397 5048/1852/4759 5518/1856/5227 5025/1813/4736
f 5025/1813/4736 5518/1856/5227 5049/1857/4760 4689/1812/4401
f 5518/1856/5227 5042/1859/4753 4698/1858/4409 5049/1857/4760
f 5048/1852/4759 4694/1853/4405 5042/1859/4753 5518/1856/5227
f 4684/1860/4396 5050/1863/4761 5519/1862/5228 5022/1861/4733
f 5022/1861/4733 5519/1862/5228 5047/1865/4758 4686/1864/4398
f 5519/1862/5228 5039/1867/4750 4695/1866/4406 5047/1865/4758
f 5050/1863/4761 4693/1868/4404 5039/1867/4750 5519/1862/5228
f 4689/1812/4401 5049/1857/4760 5520/1869/5229 5026/1824/4737
f 5026/1824/4737 5520/1869/5229 5051/1870/4762 4687/1823/4399
f 5520/1869/5229 5043/1872/4754 4696/1871/4407 5051/1870/4762
f 5049/1857/4760 4698/1858/4409 5043/1872/4754 5520/1869/5229
f 4691/1830/3592 5045/1875/4756 5521/1874/5230 5023/1873/4734
f 5023/1873/4734 5521/1874/5230 5052/1876/4763 4692/1842/4403
f 5521/1874/5230 5040/1878/4751 4701/1877/4412 5052/1876/4763
f 5045/1875/4756 4700/1879/4411 5040/1878/4751 5521/1874/5230
f 4690/1836/4402 5053/1881/4764 5522/1880/5231 5027/1835/4738
f 5027/1835/4738 5522/1880/5231 5046/1882/4757 4688/1834/4400
f 5522/1880/5231 5044/1884/4755 4697/1883/4408 5046/1882/4757
f 5053/1881/4764 4699/1885/4410 5044/1884/4755 5522/1880/5231
f 4692/1842/4403 5052/1876/4763 5523/1886/5232 5020/1841/4731
f 5020/1841/4731 5523/1886/5232 5050/1887/4761 4684/1840/4396
f 5523/1886/5232 5037/1889/4748 4693/1888/4404 5050/1887/4761
f 5052/1876/4763 4701/1877/4412 5037/1889/4748 5523/1886/5232
f 4687/1823/4399 5051/1870/4762 5524/1891/5233 5024/1890/4735
f 5024/1890/4735 5524/1891/5233 5053/1893/4764 4690/1892/4402
f 5524/1891/5233 5041/1895/4752 4699/1894/4410 5053/1893/4764
f 5051/1870/4762 4696/1871/4407 5041/1895/4752 5524/1891/5233
f 4700/1896/4411 5062/1899/4773 5525/1898/5234 5040/1897/4751
f 5040/1897/4751 5525/1898/5234 5063/1901/4774 4701/1900/4412
f 5525/1898/5234 5057/1903/4768 4710/1902/4421 5063/1901/4774
f 5062/1899/4773 4709/1904/4420 5057/1903/4768 5525/1898/5234
f 4699/1905/4410 5064/1908/4775 5526/1907/5235 5044/1906/4755
f 5044/1906/4755 5526/1907/5235 5065/1910/4776 4697/1909/4408
f 5526/1907/5235 5061/1912/4772 4706/1911/4417 5065/1910/4776
f 5064/1908/4775 4708/1913/4419 5061/1912/4772 5526/1907/5235
f 4701/1900/4412 5063/1901/4774 5527/1915/5236 5037/1914/4748
f 5037/1914/4748 5527/1915/5236 5066/1916/4777 4693/1868/4404
f 5527/1915/5236 5054/1918/4765 4702/1917/4413 5066/1916/4777
f 5063/1901/4774 4710/1902/4421 5054/1918/4765 5527/1915/5236
f 4696/1919/4407 5067/1922/4778 5528/1921/5237 5041/1920/4752
f 5041/1920/4752 5528/1921/5237 5064/1908/4775 4699/1905/4410
f 5528/1921/5237 5058/1923/4769 4708/1913/4419 5064/1908/4775
f 5067/1922/4778 4705/1924/4416 5058/1923/4769 5528/1921/5237
f 4695/1866/4406 5068/1927/4779 5529/1926/5238 5038/1925/4749
f 5038/1925/4749 5529/1926/5238 5069/1929/4780 4694/1928/4405
f 5529/1926/5238 5055/1931/4766 4703/1930/4414 5069/1929/4780
f 5068/1927/4779 4704/1932/4415 5055/1931/4766 5529/1926/5238
f 4694/1928/4405 5069/1929/4780 5530/1934/5239 5042/1933/4753
f 5042/1933/4753 5530/1934/5239 5070/1936/4781 4698/1935/4409
f 5530/1934/5239 5059/1938/4770 4707/1937/4418 5070/1936/4781
f 5069/1929/4780 4703/1930/4414 5059/1938/4770 5530/1934/5239
f 4693/1868/4404 5066/1916/4777 5531/1939/5240 5039/1867/4750
f 5039/1867/4750 5531/1939/5240 5068/1927/4779 4695/1866/4406
f 5531/1939/5240 5056/1940/4767 4704/1932/4415 5068/1927/4779
f 5066/1916/4777 4702/1917/4413 5056/1940/4767 5531/1939/5240
f 4698/1935/4409 5070/1936/4781 5532/1942/5241 5043/1941/4754
f 5043/1941/4754 5532/1942/5241 5067/1922/4778 4696/1919/4407
f 5532/1942/5241 5060/1943/4771 4705/1924/4416 5067/1922/4778
f 5070/1936/4781 4707/1937/4418 5060/1943/4771 5532/1942/5241
f 4703/1930/4414 5079/1945/4790 5533/1944/5242 5059/1938/4770
f 5059/1938/4770 5533/1944/5242 5080/1946/4791 4707/1937/4418
f 5533/1944/5242 5076/1948/4787 4728/1947/4439 5080/1946/4791
f 5079/1945/4790 4724/1949/4435 5076/1948/4787 5533/1944/5242
f 4763/1950/4474 5179/1953/4888 5534/1952/5243 5185/1951/4894
f 5185/1951/4894 5534/1952/5243 5164/1955/4873 4762/1954/4473
f 5534/1952/5243 5161/1957/4870 4756/1956/4467 5164/1955/4873
f 5179/1953/4888 4752/1958/4463 5161/1957/4870 5534/1952/5243
f 4759/1959/4470 5171/1962/4880 5535/1961/5244 5177/1960/4886
f 5177/1960/4886 5535/1961/5244 5162/1964/4871 4758/1963/4469
f 5535/1961/5244 5154/1966/4863 4751/1965/4462 5162/1964/4871
f 5171/1962/4880 4750/1967/4461 5154/1966/4863 5535/1961/5244
f 4709/1968/4420 5084/1971/4795 5536/1970/5245 5057/1969/4768
f 5057/1969/4768 5536/1970/5245 5085/1973/4796 4710/1972/4421
f 5536/1970/5245 5074/1975/4785 4720/1974/4431 5085/1973/4796
f 5084/1971/4795 4722/1976/4433 5074/1975/4785 5536/1970/5245
f 4708/1977/4419 5086/1979/4797 5537/1978/5246 5061/1912/4772
f 5061/1912/4772 5537/1978/5246 5087/1981/4798 4706/1980/4417
f 5537/1978/5246 5078/1983/4789 4727/1982/4438 5087/1981/4798
f 5086/1979/4797 4725/1984/4436 5078/1983/4789 5537/1978/5246
f 4710/1902/4421 5085/1986/4796 5538/1985/5247 5054/1918/4765
f 5054/1918/4765 5538/1985/5247 5081/1987/4792 4702/1917/4413
f 5538/1985/5247 5071/1989/4782 4721/1988/4432 5081/1987/4792
f 5085/1986/4796 4720/1974/4431 5071/1989/4782 5538/1985/5247
f 4705/1924/4416 5083/1991/4794 5539/1990/5248 5058/1923/4769
f 5058/1923/4769 5539/1990/5248 5086/1979/4797 4708/1913/4419
f 5539/1990/5248 5075/1992/4786 4725/1984/4436 5086/1979/4797
f 5083/1991/4794 4726/1993/4437 5075/1992/4786 5539/1990/5248
f 4704/1932/4415 5082/1995/4793 5540/1994/5249 5055/1931/4766
f 5055/1931/4766 5540/1994/5249 5079/1945/4790 4703/1930/4414
f 5540/1994/5249 5072/1996/4783 4724/1949/4435 5079/1945/4790
f 5082/1995/4793 4723/1997/4434 5072/1996/4783 5540/1994/5249
f 4729/1998/4440 5109/2001/4818 5541/2000/5250 5105/1999/4816
f 5105/1999/4816 5541/2000/5250 5093/2003/4804 4712/2002/4423
f 5541/2000/5250 5094/2005/4805 4716/2004/4427 5093/2003/4804
f 5109/2001/4818 4714/2006/4425 5094/2005/4805 5541/2000/5250
f 4711/2007/4422 5096/2010/4807 5542/2009/5251 5088/2008/4799
f 5088/2008/4799 5542/2009/5251 5097/2012/4808 4719/2011/4430
f 5542/2009/5251 5071/2014/4782 4720/2013/4431 5097/2012/4808
f 5096/2010/4807 4721/1988/4432 5071/2014/4782 5542/2009/5251
f 4712/2015/4423 5099/2018/4810 5543/2017/5252 5089/2016/4800
f 5089/2016/4800 5543/2017/5252 5100/2020/4811 4713/2019/4424
f 5543/2017/5252 5072/2021/4783 4723/1997/4434 5100/2020/4811
f 5099/2018/4810 4724/2022/4435 5072/2021/4783 5543/2017/5252
f 4713/2019/4424 5100/2020/4811 5544/2024/5253 5090/2023/4801
f 5090/2023/4801 5544/2024/5253 5096/2010/4807 4711/2007/4422
f 5544/2024/5253 5073/2025/4784 4721/1988/4432 5096/2010/4807
f 5100/2020/4811 4723/1997/4434 5073/2025/4784 5544/2024/5253
f 4719/2011/4430 5097/2012/4808 5545/2027/5254 5091/2026/4802
f 5091/2026/4802 5545/2027/5254 5098/2029/4809 4718/2028/4429
f 5545/2027/5254 5074/2031/4785 4722/2030/4433 5098/2029/4809
f 5097/2012/4808 4720/2013/4431 5074/2031/4785 5545/2027/5254
f 4717/2032/4428 5101/2035/4812 5546/2034/5255 5092/2033/4803
f 5092/2033/4803 5546/2034/5255 5102/2036/4813 4714/2006/4425
f 5546/2034/5255 5075/1992/4786 4726/1993/4437 5102/2036/4813
f 5101/2035/4812 4725/2037/4436 5075/1992/4786 5546/2034/5255
f 4716/2004/4427 5104/2040/4815 5547/2039/5256 5093/2038/4804
f 5093/2038/4804 5547/2039/5256 5099/2018/4810 4712/2015/4423
f 5547/2039/5256 5076/2041/4787 4724/2022/4435 5099/2018/4810
f 5104/2040/4815 4728/1947/4439 5076/2041/4787 5547/2039/5256
f 4714/2006/4425 5102/2036/4813 5548/2042/5257 5094/2005/4805
f 5094/2005/4805 5548/2042/5257 5104/2040/4815 4716/2004/4427
f 5548/2042/5257 5077/2043/4788 4728/1947/4439 5104/2040/4815
f 5102/2036/4813 4726/1993/4437 5077/2043/4788 5548/2042/5257
f 4715/2044/4426 5103/2047/4814 5549/2046/5258 5095/2045/4806
f 5095/2045/4806 5549/2046/5258 5101/2035/4812 4717/2032/4428
f 5549/2046/5258 5078/2048/4789 4725/2037/4436 5101/2035/4812
f 5103/2047/4814 4727/1982/4438 5078/2048/4789 5549/2046/5258
f 4711/2007/4422 5108/2051/4817 5550/2050/5259 5090/2049/4801
f 5090/2049/4801 5550/2050/5259 5089/2052/4800 4713/2019/4424
f 5550/2050/5259 5105/1999/4816 4712/2002/4423 5089/2052/4800
f 5108/2051/4817 4729/1998/4440 5105/1999/4816 5550/2050/5259
f 4719/2011/4430 5091/2055/4802 5551/2054/5260 5088/2053/4799
f 5088/2053/4799 5551/2054/5260 5108/2051/4817 4711/2007/4422
f 5551/2054/5260 5106/2056/4440 4729/1998/4440 5108/2051/4817
f 5091/2055/4802 4718/2057/4429 5106/2056/4440 5551/2054/5260
f 4715/2044/4426 5095/2060/4806 5552/2059/5261 5107/2058/4440
f 5107/2058/4440 5552/2059/5261 5109/2001/4818 4729/1998/4440
f 5552/2059/5261 5092/2033/4803 4714/2006/4425 5109/2001/4818
f 5095/2060/4806 4717/2032/4428 5092/2033/4803 5552/2059/5261
f 4649/2061/4361 5114/2064/4823 5553/2063/5262 5110/2062/4819
f 5110/2062/4819 5553/2063/5262 5115/2066/4824 4650/2065/4362
f 5553/2063/5262 4953/2067/4664 4730/1664/4441 5115/2066/4824
f 5114/2064/4823 4731/1642/4442 4953/2067/4664 5553/2063/5262
f 4659/2068/4371 5116/2071/4825 5554/2070/5263 5111/2069/4820
f 5111/2069/4820 5554/2070/5263 5117/2073/4826 4658/2072/4370
f 5554/2070/5263 4970/1714/4681 4733/1659/4444 5117/2073/4826
f 5116/2071/4825 4732/1666/4443 4970/1714/4681 5554/2070/5263
f 4650/2065/4362 5115/2066/4824 5555/2075/5264 5112/2074/4821
f 5112/2074/4821 5555/2075/5264 5116/2071/4825 4659/2068/4371
f 5555/2075/5264 4977/1665/4688 4732/1666/4443 5116/2071/4825
f 5115/2066/4824 4730/1664/4441 4977/1665/4688 5555/2075/5264
f 4658/2072/4370 5117/2073/4826 5556/2077/5265 5113/2076/4822
f 5113/2076/4822 5556/2077/5265 5114/2064/4823 4649/2061/4361
f 5556/2077/5265 4978/2078/4689 4731/1642/4442 5114/2064/4823
f 5117/2073/4826 4733/1659/4444 4978/2078/4689 5556/2077/5265
f 4667/2079/4379 5122/2082/4831 5557/2081/5266 5118/2080/4827
f 5118/2080/4827 5557/2081/5266 5123/2084/4832 4668/2083/4380
f 5557/2081/5266 4987/1719/4698 4734/1720/4445 5123/2084/4832
f 5122/2082/4831 4735/1718/4446 4987/1719/4698 5557/2081/5266
f 4677/2085/4389 5124/2088/4833 5558/2087/5267 5119/2086/4828
f 5119/2086/4828 5558/2087/5267 5125/2090/4834 4676/2089/4388
f 5558/2087/5267 5004/1847/4715 4737/1800/4448 5125/2090/4834
f 5124/2088/4833 4736/1806/4447 5004/1847/4715 5558/2087/5267
f 4668/2083/4380 5123/2084/4832 5559/2092/5268 5120/2091/4829
f 5120/2091/4829 5559/2092/5268 5124/2088/4833 4677/2085/4389
f 5559/2092/5268 5018/1805/4729 4736/1806/4447 5124/2088/4833
f 5123/2084/4832 4734/1720/4445 5018/1805/4729 5559/2092/5268
f 4676/2089/4388 5125/2090/4834 5560/2094/5269 5121/2093/4830
f 5121/2093/4830 5560/2094/5269 5122/2082/4831 4667/2079/4379
f 5560/2094/5269 5019/2095/4730 4735/1718/4446 5122/2082/4831
f 5125/2090/4834 4737/1800/4448 5019/2095/4730 5560/2094/5269
f 4743/1796/4454 5147/2097/4856 5561/2096/5270 5133/1795/4842
f 5133/1795/4842 5561/2096/5270 5146/2098/4855 4745/1794/4456
f 5561/2096/5270 5145/2100/4854 4749/2099/4460 5146/2098/4855
f 5147/2097/4856 4747/2101/4458 5145/2100/4854 5561/2096/5270
f 4676/2102/4388 5134/2105/4843 5562/2104/5271 5119/2103/4828
f 5119/2103/4828 5562/2104/5271 5138/2107/4847 4677/2106/4389
f 5562/2104/5271 5131/2109/4840 4744/2108/4455 5138/2107/4847
f 5134/2105/4843 4745/2110/4456 5131/2109/4840 5562/2104/5271
f 4649/2111/4361 5136/2114/4845 5563/2113/5272 5113/2112/4822
f 5113/2112/4822 5563/2113/5272 5139/2116/4848 4658/2115/4370
f 5563/2113/5272 5129/2118/4838 4741/2117/4452 5139/2116/4848
f 5136/2114/4845 4739/2119/4450 5129/2118/4838 5563/2113/5272
f 4658/2120/4370 5139/2123/4848 5564/2122/5273 5111/2121/4820
f 5111/2121/4820 5564/2122/5273 5140/2125/4849 4659/2124/4371
f 5564/2122/5273 5127/2127/4836 4740/2126/4451 5140/2125/4849
f 5139/2123/4848 4741/2128/4452 5127/2127/4836 5564/2122/5273
f 4677/2129/4389 5138/2132/4847 5565/2131/5274 5120/2130/4829
f 5120/2130/4829 5565/2131/5274 5141/2134/4850 4668/2133/4380
f 5565/2131/5274 5132/2136/4841 4742/2135/4453 5141/2134/4850
f 5138/2132/4847 4744/2137/4455 5132/2136/4841 5565/2131/5274
f 4668/2138/4380 5141/2141/4850 5566/2140/5275 5118/2139/4827
f 5118/2139/4827 5566/2140/5275 5135/2143/4844 4667/2142/4379
f 5566/2140/5275 5130/2145/4839 4743/2144/4454 5135/2143/4844
f 5141/2141/4850 4742/2146/4453 5130/2145/4839 5566/2140/5275
f 4659/2147/4371 5140/2150/4849 5567/2149/5276 5112/2148/4821
f 5112/2148/4821 5567/2149/5276 5137/2152/4846 4650/2151/4362
f 5567/2149/5276 5128/2154/4837 4738/2153/4449 5137/2152/4846
f 5140/2150/4849 4740/2155/4451 5128/2154/4837 5567/2149/5276
f 4745/2156/4456 5146/2159/4855 5568/2158/5277 5131/2157/4840
f 5131/2157/4840 5568/2158/5277 5148/2161/4857 4744/2160/4455
f 5568/2158/5277 5143/2163/4852 4748/2162/4459 5148/2161/4857
f 5146/2159/4855 4749/2164/4460 5143/2163/4852 5568/2158/5277
f 4744/2137/4455 5148/2166/4857 5569/2165/5278 5132/2136/4841
f 5132/2136/4841 5569/2165/5278 5149/2167/4858 4742/2135/4453
f 5569/2165/5278 5144/2169/4853 4746/2168/4457 5149/2167/4858
f 5148/2166/4857 4748/2170/4459 5144/2169/4853 5569/2165/5278
f 4742/2171/4453 5149/2174/4858 5570/2173/5279 5130/2172/4839
f 5130/2172/4839 5570/2173/5279 5147/2176/4856 4743/2175/4454
f 5570/2173/5279 5142/2178/4851 4747/2177/4458 5147/2176/4856
f 5149/2174/4858 4746/2179/4457 5142/2178/4851 5570/2173/5279
f 4748/2170/4459 5150/2181/4859 5571/2180/5280 5144/2169/4853
f 5144/2169/4853 5571/2180/5280 5151/2182/4860 4746/2168/4457
f 5571/2180/5280 5128/2183/4837 4740/2155/4451 5151/2182/4860
f 5150/2181/4859 4738/2153/4449 5128/2183/4837 5571/2180/5280
f 4746/2179/4457 5151/2185/4860 5572/2184/5281 5142/2178/4851
f 5142/2178/4851 5572/2184/5281 5152/2186/4861 4747/2177/4458
f 5572/2184/5281 5127/2188/4836 4741/2187/4452 5152/2186/4861
f 5151/2185/4860 4740/2189/4451 5127/2188/4836 5572/2184/5281
f 4747/2101/4458 5152/2191/4861 5573/2190/5282 5145/2100/4854
f 5145/2100/4854 5573/2190/5282 5153/2192/4862 4749/2099/4460
f 5573/2190/5282 5129/2118/4838 4739/2119/4450 5153/2192/4862
f 5152/2191/4861 4741/2117/4452 5129/2118/4838 5573/2190/5282
f 4749/2164/4460 5153/2194/4862 5574/2193/5283 5143/2163/4852
f 5143/2163/4852 5574/2193/5283 5150/2195/4859 4748/2162/4459
f 5574/2193/5283 5126/2197/4835 4738/2196/4449 5150/2195/4859
f 5153/2194/4862 4739/2198/4450 5126/2197/4835 5574/2193/5283
f 4750/2199/4461 5159/2202/4868 5575/2201/5284 5154/2200/4863
f 5154/2200/4863 5575/2201/5284 5160/2204/4869 4751/2203/4462
f 5575/2201/5284 5156/2206/4865 4755/2205/4466 5160/2204/4869
f 5159/2202/4868 4754/2207/4465 5156/2206/4865 5575/2201/5284
f 4753/2208/4464 5158/2211/4867 5576/2210/5285 5155/2209/4864
f 5155/2209/4864 5576/2210/5285 5161/2213/4870 4752/2212/4463
f 5576/2210/5285 5157/2215/4866 4756/2214/4467 5161/2213/4870
f 5158/2211/4867 4757/2216/4468 5157/2215/4866 5576/2210/5285
f 4760/2217/4471 5172/2220/4881 5577/2219/5286 5176/2218/4885
f 5176/2218/4885 5577/2219/5286 5171/2222/4880 4759/2221/4470
f 5577/2219/5286 5159/2224/4868 4750/2223/4461 5171/2222/4880
f 5172/2220/4881 4754/2225/4465 5159/2224/4868 5577/2219/5286
f 4762/2226/4473 5164/2229/4873 5578/2228/5287 5184/2227/4893
f 5184/2227/4893 5578/2228/5287 5167/2231/4876 4764/2230/4475
f 5578/2228/5287 5157/2233/4866 4757/2232/4468 5167/2231/4876
f 5164/2229/4873 4756/2234/4467 5157/2233/4866 5578/2228/5287
f 4761/2235/4472 5173/2238/4882 5579/2237/5288 5175/2236/4884
f 5175/2236/4884 5579/2237/5288 5172/2220/4881 4760/2217/4471
f 5579/2237/5288 5156/2239/4865 4754/2225/4465 5172/2220/4881
f 5173/2238/4882 4755/2240/4466 5156/2239/4865 5579/2237/5288
f 4758/2241/4469 5162/2244/4871 5580/2243/5289 5174/2242/4883
f 5174/2242/4883 5580/2243/5289 5173/2246/4882 4761/2245/4472
f 5580/2243/5289 5160/2248/4869 4755/2247/4466 5173/2246/4882
f 5162/2244/4871 4751/2249/4462 5160/2248/4869 5580/2243/5289
f 4765/2250/4476 5181/2253/4890 5581/2252/5290 5183/2251/4892
f 5183/2251/4892 5581/2252/5290 5179/2255/4888 4763/2254/4474
f 5581/2252/5290 5155/2257/4864 4752/2256/4463 5179/2255/4888
f 5181/2253/4890 4753/2258/4464 5155/2257/4864 5581/2252/5290
f 4764/2259/4475 5167/2262/4876 5582/2261/5291 5182/2260/4891
f 5182/2260/4891 5582/2261/5291 5181/2264/4890 4765/2263/4476
f 5582/2261/5291 5158/2266/4867 4753/2265/4464 5181/2264/4890
f 5167/2262/4876 4757/2267/4468 5158/2266/4867 5582/2261/5291
f 4704/2268/4415 5170/2271/4879 5583/2270/5292 5082/2269/4793
f 5082/2269/4793 5583/2270/5292 5168/2273/4877 4723/2272/4434
f 5583/2270/5292 5174/2242/4883 4761/2245/4472 5168/2273/4877
f 5170/2271/4879 4758/2241/4469 5174/2242/4883 5583/2270/5292
f 4723/2274/4434 5168/2277/4877 5584/2276/5293 5073/2275/4784
f 5073/2275/4784 5584/2276/5293 5166/2279/4875 4721/2278/4432
f 5584/2276/5293 5175/2236/4884 4760/2217/4471 5166/2279/4875
f 5168/2277/4877 4761/2235/4472 5175/2236/4884 5584/2276/5293
f 4721/2278/4432 5166/2279/4875 5585/2281/5294 5081/2280/4792
f 5081/2280/4792 5585/2281/5294 5163/2283/4872 4702/2282/4413
f 5585/2281/5294 5176/2218/4885 4759/2221/4470 5163/2283/4872
f 5166/2279/4875 4760/2217/4471 5176/2218/4885 5585/2281/5294
f 4702/2284/4413 5163/2287/4872 5586/2286/5295 5056/2285/4767
f 5056/2285/4767 5586/2286/5295 5170/2289/4879 4704/2288/4415
f 5586/2286/5295 5177/1960/4886 4758/1963/4469 5170/2289/4879
f 5163/2287/4872 4759/1959/4470 5177/1960/4886 5586/2286/5295
f 4728/2290/4439 5180/2293/4889 5587/2292/5296 5080/2291/4791
f 5080/2291/4791 5587/2292/5296 5169/2295/4878 4707/2294/4418
f 5587/2292/5296 5182/2260/4891 4765/2263/4476 5169/2295/4878
f 5180/2293/4889 4764/2259/4475 5182/2260/4891 5587/2292/5296
f 4707/2296/4418 5169/2299/4878 5588/2298/5297 5060/2297/4771
f 5060/2297/4771 5588/2298/5297 5165/2301/4874 4705/2300/4416
f 5588/2298/5297 5183/2251/4892 4763/2254/4474 5165/2301/4874
f 5169/2299/4878 4765/2250/4476 5183/2251/4892 5588/2298/5297
f 4726/2302/4437 5178/2305/4887 5589/2304/5298 5077/2303/4788
f 5077/2303/4788 5589/2304/5298 5180/2307/4889 4728/2306/4439
f 5589/2304/5298 5184/2227/4893 4764/2230/4475 5180/2307/4889
f 5178/2305/4887 4762/2226/4473 5184/2227/4893 5589/2304/5298
f 4705/2308/4416 5165/2311/4874 5590/2310/5299 5083/2309/4794
f 5083/2309/4794 5590/2310/5299 5178/2313/4887 4726/2312/4437
f 5590/2310/5299 5185/1951/4894 4762/1954/4473 5178/2313/4887
f 5165/2311/4874 4763/1950/4474 5185/1951/4894 5590/2310/5299
f 4766/2314/4477 5188/2317/4897 5591/2316/5300 5202/2315/4911
f 5202/2315/4911 5591/2316/5300 5196/2319/4905 4773/2318/4484
f 5591/2316/5300 5203/2321/4912 4775/2320/4486 5196/2319/4905
f 5188/2317/4897 4768/2322/4479 5203/2321/4912 5591/2316/5300
f 4770/2323/4481 5192/2326/4901 5592/2325/5301 5204/2324/4913
f 5204/2324/4913 5592/2325/5301 5200/2328/4909 4777/2327/4488
f 5592/2325/5301 5205/2330/4914 4776/2329/4487 5200/2328/4909
f 5192/2326/4901 4769/2331/4480 5205/2330/4914 5592/2325/5301
f 4619/1476/4331 5189/2334/4898 5593/2333/5302 4913/2332/4624
f 4913/2332/4624 5593/2333/5302 5197/2336/4906 4628/2335/4340
f 5593/2333/5302 5206/2338/4915 4779/2337/4490 5197/2336/4906
f 5189/2334/4898 4772/2339/4483 5206/2338/4915 5593/2333/5302
f 4771/2340/4482 5193/2343/4902 5594/2342/5303 5207/2341/4916
f 5207/2341/4916 5594/2342/5303 5201/2345/4910 4778/2344/4489
f 5594/2342/5303 4916/2347/4627 4625/2346/4337 5201/2345/4910
f 5193/2343/4902 4616/1489/4328 4916/2347/4627 5594/2342/5303
f 4772/2339/4483 5186/2349/4895 5595/2348/5304 5206/2338/4915
f 5206/2338/4915 5595/2348/5304 5194/2350/4903 4779/2337/4490
f 5595/2348/5304 5202/2352/4911 4773/2351/4484 5194/2350/4903
f 5186/2349/4895 4766/2353/4477 5202/2352/4911 5595/2348/5304
f 4769/2354/4480 5190/2357/4899 5596/2356/5305 5205/2355/4914
f 5205/2355/4914 5596/2356/5305 5198/2359/4907 4776/2358/4487
f 5596/2356/5305 5207/2341/4916 4778/2344/4489 5198/2359/4907
f 5190/2357/4899 4771/2340/4482 5207/2341/4916 5596/2356/5305
f 4768/2322/4479 5187/2361/4896 5597/2360/5306 5203/2321/4912
f 5203/2321/4912 5597/2360/5306 5195/2362/4904 4775/2320/4486
f 5597/2360/5306 5208/2364/4917 4774/2363/4485 5195/2362/4904
f 5187/2361/4896 4767/2365/4478 5208/2364/4917 5597/2360/5306
f 4767/2365/4478 5191/2367/4900 5598/2366/5307 5208/2364/4917
f 5208/2364/4917 5598/2366/5307 5199/2368/4908 4774/2363/4485
f 5598/2366/5307 5204/2324/4913 4777/2327/4488 5199/2368/4908
f 5191/2367/4900 4770/2323/4481 5204/2324/4913 5598/2366/5307
f 4775/2320/4486 5195/2362/4904 5599/2370/5308 5217/2369/4926
f 5217/2369/4926 5599/2370/5308 5210/2372/4919 4782/2371/4493
f 5599/2370/5308 5218/2374/4927 4781/2373/4492 5210/2372/4919
f 5195/2362/4904 4774/2363/4485 5218/2374/4927 5599/2370/5308
f 4774/2363/4485 5199/2368/4908 5600/2375/5309 5218/2374/4927
f 5218/2374/4927 5600/2375/5309 5214/2376/4923 4781/2373/4492
f 5600/2375/5309 5219/2378/4928 4784/2377/4495 5214/2376/4923
f 5199/2368/4908 4777/2327/4488 5219/2378/4928 5600/2375/5309
f 4773/2318/4484 5196/2319/4905 5601/2380/5310 5220/2379/4929
f 5220/2379/4929 5601/2380/5310 5211/2382/4920 4780/2381/4491
f 5601/2380/5310 5217/2369/4926 4782/2371/4493 5211/2382/4920
f 5196/2319/4905 4775/2320/4486 5217/2369/4926 5601/2380/5310
f 4777/2327/4488 5200/2328/4909 5602/2383/5311 5219/2378/4928
f 5219/2378/4928 5602/2383/5311 5215/2384/4924 4784/2377/4495
f 5602/2383/5311 5221/2386/4930 4783/2385/4494 5215/2384/4924
f 5200/2328/4909 4776/2329/4487 5221/2386/4930 5602/2383/5311
f 4628/2335/4340 5197/2336/4906 5603/2387/5312 4931/1534/4642
f 4931/1534/4642 5603/2387/5312 5212/2388/4921 4637/1538/4349
f 5603/2387/5312 5222/2390/4931 4786/2389/4497 5212/2388/4921
f 5197/2336/4906 4779/2337/4490 5222/2390/4931 5603/2387/5312
f 4778/2344/4489 5201/2345/4910 5604/2392/5313 5223/2391/4932
f 5223/2391/4932 5604/2392/5313 5216/2394/4925 4785/2393/4496
f 5604/2392/5313 4934/2395/4645 4634/1542/4346 5216/2394/4925
f 5201/2345/4910 4625/2346/4337 4934/2395/4645 5604/2392/5313
f 4779/2337/4490 5194/2350/4903 5605/2396/5314 5222/2390/4931
f 5222/2390/4931 5605/2396/5314 5209/2397/4918 4786/2389/4497
f 5605/2396/5314 5220/2399/4929 4780/2398/4491 5209/2397/4918
f 5194/2350/4903 4773/2351/4484 5220/2399/4929 5605/2396/5314
f 4776/2358/4487 5198/2359/4907 5606/2401/5315 5221/2400/4930
f 5221/2400/4930 5606/2401/5315 5213/2403/4922 4783/2402/4494
f 5606/2401/5315 5223/2391/4932 4785/2393/4496 5213/2403/4922
f 5198/2359/4907 4778/2344/4489 5223/2391/4932 5606/2401/5315
f 4783/2404/4494 5213/2407/4922 5607/2406/5316 5232/2405/4941
f 5232/2405/4941 5607/2406/5316 5228/2409/4937 4790/2408/4501
f 5607/2406/5316 5233/2411/4942 4792/2410/4503 5228/2409/4937
f 5213/2407/4922 4785/2412/4496 5233/2411/4942 5607/2406/5316
f 4782/2413/4493 5210/2416/4919 5608/2415/5317 5234/2414/4943
f 5234/2414/4943 5608/2415/5317 5225/2418/4934 4789/2417/4500
f 5608/2415/5317 5235/2420/4944 4788/2419/4499 5225/2418/4934
f 5210/2416/4919 4781/2421/4492 5235/2420/4944 5608/2415/5317
f 4781/2421/4492 5214/2423/4923 5609/2422/5318 5235/2420/4944
f 5235/2420/4944 5609/2422/5318 5229/2424/4938 4788/2419/4499
f 5609/2422/5318 5236/2426/4945 4791/2425/4502 5229/2424/4938
f 5214/2423/4923 4784/2427/4495 5236/2426/4945 5609/2422/5318
f 4780/2428/4491 5211/2431/4920 5610/2430/5319 5237/2429/4946
f 5237/2429/4946 5610/2430/5319 5226/2433/4935 4787/2432/4498
f 5610/2430/5319 5234/2414/4943 4789/2417/4500 5226/2433/4935
f 5211/2431/4920 4782/2413/4493 5234/2414/4943 5610/2430/5319
f 4784/2427/4495 5215/2435/4924 5611/2434/5320 5236/2426/4945
f 5236/2426/4945 5611/2434/5320 5230/2436/4939 4791/2425/4502
f 5611/2434/5320 5232/2405/4941 4790/2408/4501 5230/2436/4939
f 5215/2435/4924 4783/2404/4494 5232/2405/4941 5611/2434/5320
f 4637/1586/4349 5212/2439/4921 5612/2438/5321 4945/2437/4656
f 4945/2437/4656 5612/2438/5321 5227/2441/4936 4646/2440/4358
f 5612/2438/5321 5238/2443/4947 4793/2442/4504 5227/2441/4936
f 5212/2439/4921 4786/2444/4497 5238/2443/4947 5612/2438/5321
f 4785/2412/4496 5216/2446/4925 5613/2445/5322 5233/2411/4942
f 5233/2411/4942 5613/2445/5322 5231/2447/4940 4792/2410/4503
f 5613/2445/5322 4946/2449/4657 4643/2448/4355 5231/2447/4940
f 5216/2446/4925 4634/1597/4346 4946/2449/4657 5613/2445/5322
f 4786/2444/4497 5209/2451/4918 5614/2450/5323 5238/2443/4947
f 5238/2443/4947 5614/2450/5323 5224/2452/4933 4793/2442/4504
f 5614/2450/5323 5237/2429/4946 4787/2432/4498 5224/2452/4933
f 5209/2451/4918 4780/2428/4491 5237/2429/4946 5614/2450/5323
f 4791/2425/4502 5230/2436/4939 5615/2454/5324 5247/2453/4956
f 5247/2453/4956 5615/2454/5324 5245/2456/4954 4798/2455/4509
f 5615/2454/5324 5248/2458/4957 4797/2457/4508 5245/2456/4954
f 5230/2436/4939 4790/2408/4501 5248/2458/4957 5615/2454/5324
f 4646/2440/4358 5227/2441/4936 5616/2460/5325 4962/2459/4673
f 4962/2459/4673 5616/2460/5325 5242/2461/4951 4655/1615/4367
f 5616/2460/5325 5249/2463/4958 4800/2462/4511 5242/2461/4951
f 5227/2441/4936 4793/2442/4504 5249/2463/4958 5616/2460/5325
f 4792/2410/4503 5231/2447/4940 5617/2465/5326 5250/2464/4959
f 5250/2464/4959 5617/2465/5326 5246/2467/4955 4799/2466/4510
f 5617/2465/5326 4965/2468/4676 4652/1619/4364 5246/2467/4955
f 5231/2447/4940 4643/2448/4355 4965/2468/4676 5617/2465/5326
f 4793/2442/4504 5224/2452/4933 5618/2469/5327 5249/2463/4958
f 5249/2463/4958 5618/2469/5327 5239/2470/4948 4800/2462/4511
f 5618/2469/5327 5251/2472/4960 4794/2471/4505 5239/2470/4948
f 5224/2452/4933 4787/2432/4498 5251/2472/4960 5618/2469/5327
f 4790/2408/4501 5228/2409/4937 5619/2473/5328 5248/2458/4957
f 5248/2458/4957 5619/2473/5328 5243/2474/4952 4797/2457/4508
f 5619/2473/5328 5250/2464/4959 4799/2466/4510 5243/2474/4952
f 5228/2409/4937 4792/2410/4503 5250/2464/4959 5619/2473/5328
f 4789/2417/4500 5225/2418/4934 5620/2476/5329 5252/2475/4961
f 5252/2475/4961 5620/2476/5329 5240/2478/4949 4857/2477/4568
f 5620/2476/5329 5253/2480/4962 4858/2479/4569 5240/2478/4949
f 5225/2418/4934 4788/2419/4499 5253/2480/4962 5620/2476/5329
f 4788/2481/4499 5229/2484/4938 5621/2483/5330 5253/2482/4962
f 5253/2482/4962 5621/2483/5330 5244/2486/4953 4858/2485/4569
f 5621/2483/5330 5247/2488/4956 4798/2487/4509 5244/2486/4953
f 5229/2484/4938 4791/2489/4502 5247/2488/4956 5621/2483/5330
f 4787/2432/4498 5226/2433/4935 5622/2490/5331 5251/2472/4960
f 5251/2472/4960 5622/2490/5331 5241/2491/4950 4794/2471/4505
f 5622/2490/5331 5252/2475/4961 4857/2477/4568 5241/2491/4950
f 5226/2433/4935 4789/2417/4500 5252/2475/4961 5622/2490/5331
f 4796/2492/4507 5377/2495/5086 5623/2494/5332 5404/2493/5113
f 5404/2493/5113 5623/2494/5332 5393/2497/5102 4865/2496/4576
f 5623/2494/5332 5403/2499/5112 4866/2498/4577 5393/2497/5102
f 5377/2495/5086 4795/2500/4506 5403/2499/5112 5623/2494/5332
f 4858/2485/4569 5244/2486/4953 5624/2502/5333 5263/2501/4972
f 5263/2501/4972 5624/2502/5333 5259/2504/4968 4860/2503/4571
f 5624/2502/5333 5264/2506/4973 4805/2505/4516 5259/2504/4968
f 5244/2486/4953 4798/2487/4509 5264/2506/4973 5624/2502/5333
f 4794/2507/4505 5241/2510/4950 5625/2509/5334 5265/2508/4974
f 5265/2508/4974 5625/2509/5334 5256/2512/4965 4801/2511/4512
f 5625/2509/5334 5262/2514/4971 4859/2513/4570 5256/2512/4965
f 5241/2510/4950 4857/2515/4568 5262/2514/4971 5625/2509/5334
f 4798/2487/4509 5245/2517/4954 5626/2516/5335 5264/2506/4973
f 5264/2506/4973 5626/2516/5335 5260/2518/4969 4805/2505/4516
f 5626/2516/5335 5266/2520/4975 4804/2519/4515 5260/2518/4969
f 5245/2517/4954 4797/2521/4508 5266/2520/4975 5626/2516/5335
f 4655/1675/4367 5242/2523/4951 5627/2522/5336 4982/1678/4693
f 4982/1678/4693 5627/2522/5336 5257/2525/4966 4664/2524/4376
f 5627/2522/5336 5267/2527/4976 4807/2526/4518 5257/2525/4966
f 5242/2523/4951 4800/2528/4511 5267/2527/4976 5627/2522/5336
f 4799/2529/4510 5246/2532/4955 5628/2531/5337 5268/2530/4977
f 5268/2530/4977 5628/2531/5337 5261/2534/4970 4806/2533/4517
f 5628/2531/5337 4985/1689/4696 4661/2535/4373 5261/2534/4970
f 5246/2532/4955 4652/1688/4364 4985/1689/4696 5628/2531/5337
f 4800/2528/4511 5239/2537/4948 5629/2536/5338 5267/2527/4976
f 5267/2527/4976 5629/2536/5338 5254/2538/4963 4807/2526/4518
f 5629/2536/5338 5265/2540/4974 4801/2539/4512 5254/2538/4963
f 5239/2537/4948 4794/2541/4505 5265/2540/4974 5629/2536/5338
f 4797/2542/4508 5243/2545/4952 5630/2544/5339 5266/2543/4975
f 5266/2543/4975 5630/2544/5339 5258/2547/4967 4804/2546/4515
f 5630/2544/5339 5268/2530/4977 4806/2533/4517 5258/2547/4967
f 5243/2545/4952 4799/2529/4510 5268/2530/4977 5630/2544/5339
f 4804/2546/4515 5258/2547/4967 5631/2549/5340 5277/2548/4986
f 5277/2548/4986 5631/2549/5340 5273/2551/4982 4811/2550/4522
f 5631/2549/5340 5278/2553/4987 4813/2552/4524 5273/2551/4982
f 5258/2547/4967 4806/2533/4517 5278/2553/4987 5631/2549/5340
f 4859/2513/4570 5255/2556/4964 5632/2555/5341 5279/2554/4988
f 5279/2554/4988 5632/2555/5341 5270/2558/4979 4861/2557/4572
f 5632/2555/5341 5280/2560/4989 4862/2559/4573 5270/2558/4979
f 5255/2556/4964 4860/2503/4571 5280/2560/4989 5632/2555/5341
f 4860/2503/4571 5259/2504/4968 5633/2561/5342 5280/2560/4989
f 5280/2560/4989 5633/2561/5342 5274/2562/4983 4862/2559/4573
f 5633/2561/5342 5281/2564/4990 4812/2563/4523 5274/2562/4983
f 5259/2504/4968 4805/2505/4516 5281/2564/4990 5633/2561/5342
f 4801/2511/4512 5256/2512/4965 5634/2566/5343 5282/2565/4991
f 5282/2565/4991 5634/2566/5343 5271/2568/4980 4808/2567/4519
f 5634/2566/5343 5279/2554/4988 4861/2557/4572 5271/2568/4980
f 5256/2512/4965 4859/2513/4570 5279/2554/4988 5634/2566/5343
f 4805/2569/4516 5260/2572/4969 5635/2571/5344 5281/2570/4990
f 5281/2570/4990 5635/2571/5344 5275/2574/4984 4812/2573/4523
f 5635/2571/5344 5277/2576/4986 4811/2575/4522 5275/2574/4984
f 5260/2572/4969 4804/2577/4515 5277/2576/4986 5635/2571/5344
f 4664/2524/4376 5257/2525/4966 5636/2579/5345 4996/2578/4707
f 4996/2578/4707 5636/2579/5345 5272/2581/4981 4673/2580/4385
f 5636/2579/5345 5283/2583/4992 4814/2582/4525 5272/2581/4981
f 5257/2525/4966 4807/2526/4518 5283/2583/4992 5636/2579/5345
f 4806/2584/4517 5261/2587/4970 5637/2586/5346 5278/2585/4987
f 5278/2585/4987 5637/2586/5346 5276/2589/4985 4813/2588/4524
f 5637/2586/5346 4997/2591/4708 4670/2590/4382 5276/2589/4985
f 5261/2587/4970 4661/2592/4373 4997/2591/4708 5637/2586/5346
f 4807/2593/4518 5254/2596/4963 5638/2595/5347 5283/2594/4992
f 5283/2594/4992 5638/2595/5347 5269/2598/4978 4814/2597/4525
f 5638/2595/5347 5282/2600/4991 4808/2599/4519 5269/2598/4978
f 5254/2596/4963 4801/2601/4512 5282/2600/4991 5638/2595/5347
f 4812/2563/4523 5275/2604/4984 5639/2603/5348 5292/2602/5001
f 5292/2602/5001 5639/2603/5348 5290/2606/4999 4819/2605/4530
f 5639/2603/5348 5293/2608/5002 4818/2607/4529 5290/2606/4999
f 5275/2604/4984 4811/2609/4522 5293/2608/5002 5639/2603/5348
f 4673/2580/4385 5272/2581/4981 5640/2611/5349 5013/2610/4724
f 5013/2610/4724 5640/2611/5349 5287/2613/4996 4682/2612/4394
f 5640/2611/5349 5294/2615/5003 4821/2614/4532 5287/2613/4996
f 5272/2581/4981 4814/2582/4525 5294/2615/5003 5640/2611/5349
f 4813/2588/4524 5276/2589/4985 5641/2617/5350 5295/2616/5004
f 5295/2616/5004 5641/2617/5350 5291/2619/5000 4820/2618/4531
f 5641/2617/5350 5016/2621/4727 4679/2620/4391 5291/2619/5000
f 5276/2589/4985 4670/2590/4382 5016/2621/4727 5641/2617/5350
f 4814/2582/4525 5269/2623/4978 5642/2622/5351 5294/2615/5003
f 5294/2615/5003 5642/2622/5351 5284/2624/4993 4821/2614/4532
f 5642/2622/5351 5296/2626/5005 4815/2625/4526 5284/2624/4993
f 5269/2623/4978 4808/2627/4519 5296/2626/5005 5642/2622/5351
f 4811/2550/4522 5273/2551/4982 5643/2629/5352 5293/2628/5002
f 5293/2628/5002 5643/2629/5352 5288/2631/4997 4818/2630/4529
f 5643/2629/5352 5295/2633/5004 4820/2632/4531 5288/2631/4997
f 5273/2551/4982 4813/2552/4524 5295/2633/5004 5643/2629/5352
f 4809/2634/4520 5388/2637/5097 5644/2636/5353 5402/2635/5111
f 5402/2635/5111 5644/2636/5353 5400/2639/5109 4870/2638/4581
f 5644/2636/5353 5401/2641/5110 4872/2640/4583 5400/2639/5109
f 5388/2637/5097 4816/2642/4527 5401/2641/5110 5644/2636/5353
f 4862/2559/4573 5274/2562/4983 5645/2644/5354 5298/2643/5007
f 5298/2643/5007 5645/2644/5354 5289/2646/4998 4864/2645/4575
f 5645/2644/5354 5292/2602/5001 4819/2605/4530 5289/2646/4998
f 5274/2562/4983 4812/2563/4523 5292/2602/5001 5645/2644/5354
f 4808/2567/4519 5271/2568/4980 5646/2648/5355 5296/2647/5005
f 5296/2647/5005 5646/2648/5355 5286/2650/4995 4815/2649/4526
f 5646/2648/5355 5297/2652/5006 4863/2651/4574 5286/2650/4995
f 5271/2568/4980 4861/2557/4572 5297/2652/5006 5646/2648/5355
f 4864/2645/4575 5289/2646/4998 5647/2654/5356 5307/2653/5016
f 5307/2653/5016 5647/2654/5356 5304/2656/5013 4823/2655/4534
f 5647/2654/5356 5308/2658/5017 4826/2657/4537 5304/2656/5013
f 5289/2646/4998 4819/2605/4530 5308/2658/5017 5647/2654/5356
f 4815/2649/4526 5286/2650/4995 5648/2660/5357 5309/2659/5018
f 5309/2659/5018 5648/2660/5357 5301/2662/5010 4822/2661/4533
f 5648/2660/5357 5310/2664/5019 4824/2663/4535 5301/2662/5010
f 5286/2650/4995 4863/2651/4574 5310/2664/5019 5648/2660/5357
f 4819/2605/4530 5290/2606/4999 5649/2665/5358 5308/2658/5017
f 5308/2658/5017 5649/2665/5358 5305/2666/5014 4826/2657/4537
f 5649/2665/5358 5311/2668/5020 4825/2667/4536 5305/2666/5014
f 5290/2606/4999 4818/2607/4529 5311/2668/5020 5649/2665/5358
f 4682/2669/4394 5287/2672/4996 5650/2671/5359 5033/2670/4744
f 5033/2670/4744 5650/2671/5359 5302/2673/5011 4691/1830/3592
f 5650/2671/5359 5312/2675/5021 4828/2674/4539 5302/2673/5011
f 5287/2672/4996 4821/2676/4532 5312/2675/5021 5650/2671/5359
f 4820/2618/4531 5291/2619/5000 5651/2678/5360 5313/2677/5022
f 5313/2677/5022 5651/2678/5360 5306/2680/5015 4827/2679/4538
f 5651/2678/5360 5036/2682/4747 4688/2681/4400 5306/2680/5015
f 5291/2619/5000 4679/2620/4391 5036/2682/4747 5651/2678/5360
f 4821/2614/4532 5284/2624/4993 5652/2684/5361 5312/2683/5021
f 5312/2683/5021 5652/2684/5361 5299/2685/5008 4828/2674/4539
f 5652/2684/5361 5309/2687/5018 4822/2686/4533 5299/2685/5008
f 5284/2624/4993 4815/2625/4526 5309/2687/5018 5652/2684/5361
f 4818/2630/4529 5288/2631/4997 5653/2689/5362 5311/2688/5020
f 5311/2688/5020 5653/2689/5362 5303/2691/5012 4825/2690/4536
f 5653/2689/5362 5313/2692/5022 4827/2679/4538 5303/2691/5012
f 5288/2631/4997 4820/2632/4531 5313/2692/5022 5653/2689/5362
f 4863/2651/4574 5285/2694/4994 5654/2693/5363 5310/2664/5019
f 5310/2664/5019 5654/2693/5363 5300/2695/5009 4824/2663/4535
f 5654/2693/5363 5307/2653/5016 4823/2655/4534 5300/2695/5009
f 5285/2694/4994 4864/2645/4575 5307/2653/5016 5654/2693/5363
f 4824/2663/4535 5300/2695/5009 5655/2697/5364 5322/2696/5031
f 5322/2696/5031 5655/2697/5364 5315/2699/5024 4831/2698/4542
f 5655/2697/5364 5323/2701/5032 4830/2700/4541 5315/2699/5024
f 5300/2695/5009 4823/2655/4534 5323/2701/5032 5655/2697/5364
f 4823/2655/4534 5304/2656/5013 5656/2702/5365 5323/2701/5032
f 5323/2701/5032 5656/2702/5365 5319/2703/5028 4830/2700/4541
f 5656/2702/5365 5324/2705/5033 4833/2704/4544 5319/2703/5028
f 5304/2656/5013 4826/2657/4537 5324/2705/5033 5656/2702/5365
f 4822/2661/4533 5301/2662/5010 5657/2707/5366 5325/2706/5034
f 5325/2706/5034 5657/2707/5366 5316/2709/5025 4829/2708/4540
f 5657/2707/5366 5322/2696/5031 4831/2698/4542 5316/2709/5025
f 5301/2662/5010 4824/2663/4535 5322/2696/5031 5657/2707/5366
f 4826/2710/4537 5305/2713/5014 5658/2712/5367 5324/2711/5033
f 5324/2711/5033 5658/2712/5367 5320/2715/5029 4833/2714/4544
f 5658/2712/5367 5326/2717/5035 4832/2716/4543 5320/2715/5029
f 5305/2713/5014 4825/2718/4536 5326/2717/5035 5658/2712/5367
f 4691/1830/3592 5302/2721/5011 5659/2720/5368 5045/2719/4756
f 5045/2719/4756 5659/2720/5368 5317/2722/5026 4700/1879/4411
f 5659/2720/5368 5327/2724/5036 4835/2723/4546 5317/2722/5026
f 5302/2721/5011 4828/2674/4539 5327/2724/5036 5659/2720/5368
f 4827/2679/4538 5306/2727/5015 5660/2726/5369 5328/2725/5037
f 5328/2725/5037 5660/2726/5369 5321/2729/5030 4834/2728/4545
f 5660/2726/5369 5046/2730/4757 4697/1883/4408 5321/2729/5030
f 5306/2727/5015 4688/2681/4400 5046/2730/4757 5660/2726/5369
f 4828/2674/4539 5299/2685/5008 5661/2731/5370 5327/2724/5036
f 5327/2724/5036 5661/2731/5370 5314/2732/5023 4835/2723/4546
f 5661/2731/5370 5325/2734/5034 4829/2733/4540 5314/2732/5023
f 5299/2685/5008 4822/2686/4533 5325/2734/5034 5661/2731/5370
f 4825/2690/4536 5303/2691/5012 5662/2736/5371 5326/2735/5035
f 5326/2735/5035 5662/2736/5371 5318/2738/5027 4832/2737/4543
f 5662/2736/5371 5328/2725/5037 4834/2728/4545 5318/2738/5027
f 5303/2691/5012 4827/2679/4538 5328/2725/5037 5662/2736/5371
f 4700/1896/4411 5317/2741/5026 5663/2740/5372 5062/2739/4773
f 5062/2739/4773 5663/2740/5372 5332/2742/5041 4709/1904/4420
f 5663/2740/5372 5337/2744/5046 4842/2743/4553 5332/2742/5041
f 5317/2741/5026 4835/2745/4546 5337/2744/5046 5663/2740/5372
f 4834/2746/4545 5321/2749/5030 5664/2748/5373 5338/2747/5047
f 5338/2747/5047 5664/2748/5373 5336/2751/5045 4841/2750/4552
f 5664/2748/5373 5065/2753/4776 4706/2752/4417 5336/2751/5045
f 5321/2749/5030 4697/1909/4408 5065/2753/4776 5664/2748/5373
f 4835/2745/4546 5314/2755/5023 5665/2754/5374 5337/2744/5046
f 5337/2744/5046 5665/2754/5374 5329/2756/5038 4842/2743/4553
f 5665/2754/5374 5339/2758/5048 4836/2757/4547 5329/2756/5038
f 5314/2755/5023 4829/2759/4540 5339/2758/5048 5665/2754/5374
f 4832/2716/4543 5318/2762/5027 5666/2761/5375 5340/2760/5049
f 5340/2760/5049 5666/2761/5375 5333/2764/5042 4839/2763/4550
f 5666/2761/5375 5338/2747/5047 4841/2750/4552 5333/2764/5042
f 5318/2762/5027 4834/2746/4545 5338/2747/5047 5666/2761/5375
f 4831/2765/4542 5315/2768/5024 5667/2767/5376 5341/2766/5050
f 5341/2766/5050 5667/2767/5376 5330/2770/5039 4838/2769/4549
f 5667/2767/5376 5342/2772/5051 4837/2771/4548 5330/2770/5039
f 5315/2768/5024 4830/2773/4541 5342/2772/5051 5667/2767/5376
f 4830/2773/4541 5319/2775/5028 5668/2774/5377 5342/2772/5051
f 5342/2772/5051 5668/2774/5377 5334/2776/5043 4837/2771/4548
f 5668/2774/5377 5343/2778/5052 4840/2777/4551 5334/2776/5043
f 5319/2775/5028 4833/2714/4544 5343/2778/5052 5668/2774/5377
f 4829/2759/4540 5316/2780/5025 5669/2779/5378 5339/2758/5048
f 5339/2758/5048 5669/2779/5378 5331/2781/5040 4836/2757/4547
f 5669/2779/5378 5341/2766/5050 4838/2769/4549 5331/2781/5040
f 5316/2780/5025 4831/2765/4542 5341/2766/5050 5669/2779/5378
f 4833/2714/4544 5320/2715/5029 5670/2782/5379 5343/2778/5052
f 5343/2778/5052 5670/2782/5379 5335/2783/5044 4840/2777/4551
f 5670/2782/5379 5340/2760/5049 4839/2763/4550 5335/2783/5044
f 5320/2715/5029 4832/2716/4543 5340/2760/5049 5670/2782/5379
f 4837/2771/4548 5334/2776/5043 5671/2785/5380 5352/2784/5061
f 5352/2784/5061 5671/2785/5380 5349/2787/5058 4853/2786/4564
f 5671/2785/5380 5353/2789/5062 4856/2788/4567 5349/2787/5058
f 5334/2776/5043 4840/2777/4551 5353/2789/5062 5671/2785/5380
f 4890/2790/4601 5452/2793/5161 5672/2792/5381 5446/2791/5155
f 5446/2791/5155 5672/2792/5381 5428/2795/5137 4879/2794/4590
f 5672/2792/5381 5431/2797/5140 4883/2796/4594 5428/2795/5137
f 5452/2793/5161 4889/2798/4600 5431/2797/5140 5672/2792/5381
f 4886/2799/4597 5444/2802/5153 5673/2801/5382 5438/2800/5147
f 5438/2800/5147 5673/2801/5382 5421/2804/5130 4877/2803/4588
f 5673/2801/5382 5429/2806/5138 4878/2805/4589 5421/2804/5130
f 5444/2802/5153 4885/2807/4596 5429/2806/5138 5673/2801/5382
f 4709/2808/4420 5332/2811/5041 5674/2810/5383 5084/2809/4795
f 5084/2809/4795 5674/2810/5383 5347/2813/5056 4722/2812/4433
f 5674/2810/5383 5357/2815/5066 4850/2814/4561 5347/2813/5056
f 5332/2811/5041 4842/2816/4553 5357/2815/5066 5674/2810/5383
f 4841/2750/4552 5336/2819/5045 5675/2818/5384 5358/2817/5067
f 5358/2817/5067 5675/2818/5384 5351/2821/5060 4854/2820/4565
f 5675/2818/5384 5087/1981/4798 4727/2822/4438 5351/2821/5060
f 5336/2819/5045 4706/1980/4417 5087/1981/4798 5675/2818/5384
f 4842/2743/4553 5329/2756/5038 5676/2824/5385 5357/2823/5066
f 5357/2823/5066 5676/2824/5385 5344/2826/5053 4850/2825/4561
f 5676/2824/5385 5354/2828/5063 4851/2827/4562 5344/2826/5053
f 5329/2756/5038 4836/2757/4547 5354/2828/5063 5676/2824/5385
f 4839/2763/4550 5333/2764/5042 5677/2830/5386 5356/2829/5065
f 5356/2829/5065 5677/2830/5386 5348/2832/5057 4855/2831/4566
f 5677/2830/5386 5358/2834/5067 4854/2833/4565 5348/2832/5057
f 5333/2764/5042 4841/2750/4552 5358/2834/5067 5677/2830/5386
f 4838/2769/4549 5330/2770/5039 5678/2836/5387 5355/2835/5064
f 5355/2835/5064 5678/2836/5387 5345/2838/5054 4852/2837/4563
f 5678/2836/5387 5352/2784/5061 4853/2786/4564 5345/2838/5054
f 5330/2770/5039 4837/2771/4548 5352/2784/5061 5678/2836/5387
f 4729/1998/4440 5374/2841/5083 5679/2840/5388 5376/2839/5085
f 5376/2839/5085 5679/2840/5388 5365/2843/5074 4846/2842/4557
f 5679/2840/5388 5364/2845/5073 4847/2844/4558 5365/2843/5074
f 5374/2841/5083 4844/2846/4555 5364/2845/5073 5679/2840/5388
f 4843/2847/4554 5359/2850/5068 5680/2849/5389 5367/2848/5076
f 5367/2848/5076 5680/2849/5389 5344/2851/5053 4851/2827/4562
f 5680/2849/5389 5368/2853/5077 4850/2852/4561 5344/2851/5053
f 5359/2850/5068 4849/2854/4560 5368/2853/5077 5680/2849/5389
f 4844/2855/4555 5360/2858/5069 5681/2857/5390 5369/2856/5078
f 5369/2856/5078 5681/2857/5390 5345/2860/5054 4853/2859/4564
f 5681/2857/5390 5370/2861/5079 4852/2837/4563 5345/2860/5054
f 5360/2858/5069 4845/2862/4556 5370/2861/5079 5681/2857/5390
f 4845/2862/4556 5361/2864/5070 5682/2863/5391 5370/2861/5079
f 5370/2861/5079 5682/2863/5391 5346/2865/5055 4852/2837/4563
f 5682/2863/5391 5367/2848/5076 4851/2827/4562 5346/2865/5055
f 5361/2864/5070 4843/2847/4554 5367/2848/5076 5682/2863/5391
f 4849/2854/4560 5362/2867/5071 5683/2866/5392 5368/2853/5077
f 5368/2853/5077 5683/2866/5392 5347/2868/5056 4850/2852/4561
f 5683/2866/5392 5098/2869/4809 4722/1976/4433 5347/2868/5056
f 5362/2867/5071 4718/2057/4429 5098/2869/4809 5683/2866/5392
f 4848/2870/4559 5363/2873/5072 5684/2872/5393 5371/2871/5080
f 5371/2871/5080 5684/2872/5393 5348/2874/5057 4854/2833/4565
f 5684/2872/5393 5372/2875/5081 4855/2831/4566 5348/2874/5057
f 5363/2873/5072 4846/2842/4557 5372/2875/5081 5684/2872/5393
f 4847/2844/4558 5364/2878/5073 5685/2877/5394 5373/2876/5082
f 5373/2876/5082 5685/2877/5394 5349/2879/5058 4856/2788/4567
f 5685/2877/5394 5369/2856/5078 4853/2859/4564 5349/2879/5058
f 5364/2878/5073 4844/2855/4555 5369/2856/5078 5685/2877/5394
f 4846/2842/4557 5365/2843/5074 5686/2880/5395 5372/2875/5081
f 5372/2875/5081 5686/2880/5395 5350/2881/5059 4855/2831/4566
f 5686/2880/5395 5373/2876/5082 4856/2788/4567 5350/2881/5059
f 5365/2843/5074 4847/2844/4558 5373/2876/5082 5686/2880/5395
f 4715/2044/4426 5366/2884/5075 5687/2883/5396 5103/2882/4814
f 5103/2882/4814 5687/2883/5396 5351/2885/5060 4727/1982/4438
f 5687/2883/5396 5371/2871/5080 4854/2833/4565 5351/2885/5060
f 5366/2884/5075 4848/2870/4559 5371/2871/5080 5687/2883/5396
f 4843/2886/4554 5361/2889/5070 5688/2888/5397 5375/2887/5084
f 5375/2887/5084 5688/2888/5397 5374/2841/5083 4729/1998/4440
f 5688/2888/5397 5360/2890/5069 4844/2846/4555 5374/2841/5083
f 5361/2889/5070 4845/2862/4556 5360/2890/5069 5688/2888/5397
f 4849/2854/4560 5359/2893/5068 5689/2892/5398 5362/2891/5071
f 5362/2891/5071 5689/2892/5398 5106/2894/4440 4718/2057/4429
f 5689/2892/5398 5375/2887/5084 4729/1998/4440 5106/2894/4440
f 5359/2893/5068 4843/2886/4554 5375/2887/5084 5689/2892/5398
f 4715/2895/4426 5107/2897/4440 5690/2896/5399 5366/2884/5075
f 5366/2884/5075 5690/2896/5399 5363/2873/5072 4848/2870/4559
f 5690/2896/5399 5376/2839/5085 4846/2842/4557 5363/2873/5072
f 5107/2897/4440 4729/1998/4440 5376/2839/5085 5690/2896/5399
f 4795/2898/4506 5377/2901/5086 5691/2900/5400 5381/2899/5090
f 5381/2899/5090 5691/2900/5400 5240/2902/4949 4858/2485/4569
f 5691/2900/5400 5382/2903/5091 4857/2515/4568 5240/2902/4949
f 5377/2901/5086 4796/2904/4507 5382/2903/5091 5691/2900/5400
f 4803/2905/4514 5378/2908/5087 5692/2907/5401 5383/2906/5092
f 5383/2906/5092 5692/2907/5401 5255/2910/4964 4859/2909/4570
f 5692/2907/5401 5384/2912/5093 4860/2911/4571 5255/2910/4964
f 5378/2908/5087 4802/2913/4513 5384/2912/5093 5692/2907/5401
f 4796/2904/4507 5379/2915/5088 5693/2914/5402 5382/2903/5091
f 5382/2903/5091 5693/2914/5402 5262/2514/4971 4857/2515/4568
f 5693/2914/5402 5383/2916/5092 4859/2513/4570 5262/2514/4971
f 5379/2915/5088 4803/2917/4514 5383/2916/5092 5693/2914/5402
f 4802/2918/4513 5380/2921/5089 5694/2920/5403 5384/2919/5093
f 5384/2919/5093 5694/2920/5403 5263/2501/4972 4860/2503/4571
f 5694/2920/5403 5381/2899/5090 4858/2485/4569 5263/2501/4972
f 5380/2921/5089 4795/2898/4506 5381/2899/5090 5694/2920/5403
f 4809/2922/4520 5385/2925/5094 5695/2924/5404 5389/2923/5098
f 5389/2923/5098 5695/2924/5404 5270/2558/4979 4862/2559/4573
f 5695/2924/5404 5390/2926/5099 4861/2557/4572 5270/2558/4979
f 5385/2925/5094 4810/2927/4521 5390/2926/5099 5695/2924/5404
f 4817/2928/4528 5386/2931/5095 5696/2930/5405 5391/2929/5100
f 5391/2929/5100 5696/2930/5405 5285/2694/4994 4863/2651/4574
f 5696/2930/5405 5392/2932/5101 4864/2645/4575 5285/2694/4994
f 5386/2931/5095 4816/2933/4527 5392/2932/5101 5696/2930/5405
f 4810/2927/4521 5387/2935/5096 5697/2934/5406 5390/2926/5099
f 5390/2926/5099 5697/2934/5406 5297/2936/5006 4861/2557/4572
f 5697/2934/5406 5391/2929/5100 4863/2651/4574 5297/2936/5006
f 5387/2935/5096 4817/2928/4528 5391/2929/5100 5697/2934/5406
f 4816/2933/4527 5388/2938/5097 5698/2937/5407 5392/2932/5101
f 5392/2932/5101 5698/2937/5407 5298/2939/5007 4864/2645/4575
f 5698/2937/5407 5389/2923/5098 4862/2559/4573 5298/2939/5007
f 5388/2938/5097 4809/2922/4520 5389/2923/5098 5698/2937/5407
f 4870/2638/4581 5400/2639/5109 5699/2941/5408 5414/2940/5123
f 5414/2940/5123 5699/2941/5408 5412/2943/5121 4874/2942/4585
f 5699/2941/5408 5413/2945/5122 4876/2944/4587 5412/2943/5121
f 5400/2639/5109 4872/2640/4583 5413/2945/5122 5699/2941/5408
f 4816/2946/4527 5386/2949/5095 5700/2948/5409 5401/2947/5110
f 5401/2947/5110 5700/2948/5409 5398/2951/5107 4872/2950/4583
f 5700/2948/5409 5405/2953/5114 4871/2952/4582 5398/2951/5107
f 5386/2949/5095 4817/2954/4528 5405/2953/5114 5700/2948/5409
f 4795/2955/4506 5380/2958/5089 5701/2957/5410 5403/2956/5112
f 5403/2956/5112 5701/2957/5410 5396/2960/5105 4866/2959/4577
f 5701/2957/5410 5406/2962/5115 4868/2961/4579 5396/2960/5105
f 5380/2958/5089 4802/2963/4513 5406/2962/5115 5701/2957/5410
f 4802/2913/4513 5378/2966/5087 5702/2965/5411 5406/2964/5115
f 5406/2964/5115 5702/2965/5411 5394/2968/5103 4868/2967/4579
f 5702/2965/5411 5407/2970/5116 4867/2969/4578 5394/2968/5103
f 5378/2966/5087 4803/2905/4514 5407/2970/5116 5702/2965/5411
f 4817/2971/4528 5387/2974/5096 5703/2973/5412 5405/2972/5114
f 5405/2972/5114 5703/2973/5412 5399/2976/5108 4871/2975/4582
f 5703/2973/5412 5408/2978/5117 4869/2977/4580 5399/2976/5108
f 5387/2974/5096 4810/2979/4521 5408/2978/5117 5703/2973/5412
f 4810/2980/4521 5385/2983/5094 5704/2982/5413 5408/2981/5117
f 5408/2981/5117 5704/2982/5413 5397/2985/5106 4869/2984/4580
f 5704/2982/5413 5402/2987/5111 4870/2986/4581 5397/2985/5106
f 5385/2983/5094 4809/2988/4520 5402/2987/5111 5704/2982/5413
f 4803/2989/4514 5379/2992/5088 5705/2991/5414 5407/2990/5116
f 5407/2990/5116 5705/2991/5414 5395/2994/5104 4867/2993/4578
f 5705/2991/5414 5404/2996/5113 4865/2995/4576 5395/2994/5104
f 5379/2992/5088 4796/2997/4507 5404/2996/5113 5705/2991/5414
f 4872/2998/4583 5398/3001/5107 5706/3000/5415 5413/2999/5122
f 5413/2999/5122 5706/3000/5415 5410/3003/5119 4876/3002/4587
f 5706/3000/5415 5415/3005/5124 4875/3004/4586 5410/3003/5119
f 5398/3001/5107 4871/3006/4582 5415/3005/5124 5706/3000/5415
f 4871/2975/4582 5399/2976/5108 5707/3008/5416 5415/3007/5124
f 5415/3007/5124 5707/3008/5416 5411/3010/5120 4875/3009/4586
f 5707/3008/5416 5416/3012/5125 4873/3011/4584 5411/3010/5120
f 5399/2976/5108 4869/2977/4580 5416/3012/5125 5707/3008/5416
f 4869/3013/4580 5397/3016/5106 5708/3015/5417 5416/3014/5125
f 5416/3014/5125 5708/3015/5417 5409/3018/5118 4873/3017/4584
f 5708/3015/5417 5414/3020/5123 4874/3019/4585 5409/3018/5118
f 5397/3016/5106 4870/3021/4581 5414/3020/5123 5708/3015/5417
f 4875/3009/4586 5411/3010/5120 5709/3023/5418 5417/3022/5126
f 5417/3022/5126 5709/3023/5418 5395/3024/5104 4865/2995/4576
f 5709/3023/5418 5418/3025/5127 4867/2993/4578 5395/3024/5104
f 5411/3010/5120 4873/3011/4584 5418/3025/5127 5709/3023/5418
f 4873/3017/4584 5409/3018/5118 5710/3027/5419 5418/3026/5127
f 5418/3026/5127 5710/3027/5419 5394/3029/5103 4867/3028/4578
f 5710/3027/5419 5419/3031/5128 4868/3030/4579 5394/3029/5103
f 5409/3018/5118 4874/3019/4585 5419/3031/5128 5710/3027/5419
f 4874/2942/4585 5412/2943/5121 5711/3033/5420 5419/3032/5128
f 5419/3032/5128 5711/3033/5420 5396/3034/5105 4868/2961/4579
f 5711/3033/5420 5420/3035/5129 4866/2959/4577 5396/3034/5105
f 5412/2943/5121 4876/2944/4587 5420/3035/5129 5711/3033/5420
f 4876/3002/4587 5410/3003/5119 5712/3037/5421 5420/3036/5129
f 5420/3036/5129 5712/3037/5421 5393/3039/5102 4866/3038/4577
f 5712/3037/5421 5417/3041/5126 4865/3040/4576 5393/3039/5102
f 5410/3003/5119 4875/3004/4586 5417/3041/5126 5712/3037/5421
f 4877/3042/4588 5421/3045/5130 5713/3044/5422 5426/3043/5135
f 5426/3043/5135 5713/3044/5422 5423/3047/5132 4881/3046/4592
f 5713/3044/5422 5427/3049/5136 4882/3048/4593 5423/3047/5132
f 5421/3045/5130 4878/3050/4589 5427/3049/5136 5713/3044/5422
f 4880/3051/4591 5422/3054/5131 5714/3053/5423 5425/3052/5134
f 5425/3052/5134 5714/3053/5423 5424/3056/5133 4884/3055/4595
f 5714/3053/5423 5428/3058/5137 4883/3057/4594 5424/3056/5133
f 5422/3054/5131 4879/3059/4590 5428/3058/5137 5714/3053/5423
f 4887/3060/4598 5443/3063/5152 5715/3062/5424 5439/3061/5148
f 5439/3061/5148 5715/3062/5424 5426/3065/5135 4881/3064/4592
f 5715/3062/5424 5438/3067/5147 4877/3066/4588 5426/3065/5135
f 5443/3063/5152 4886/3068/4597 5438/3067/5147 5715/3062/5424
f 4889/3069/4600 5451/3072/5160 5716/3071/5425 5431/3070/5140
f 5431/3070/5140 5716/3071/5425 5424/3074/5133 4883/3073/4594
f 5716/3071/5425 5434/3076/5143 4884/3075/4595 5424/3074/5133
f 5451/3072/5160 4891/3077/4602 5434/3076/5143 5716/3071/5425
f 4888/3078/4599 5442/3081/5151 5717/3080/5426 5440/3079/5149
f 5440/3079/5149 5717/3080/5426 5423/3083/5132 4882/3082/4593
f 5717/3080/5426 5439/3085/5148 4881/3084/4592 5423/3083/5132
f 5442/3081/5151 4887/3086/4598 5439/3085/5148 5717/3080/5426
f 4885/3087/4596 5441/3090/5150 5718/3089/5427 5429/3088/5138
f 5429/3088/5138 5718/3089/5427 5427/3092/5136 4878/3091/4589
f 5718/3089/5427 5440/3094/5149 4882/3093/4593 5427/3092/5136
f 5441/3090/5150 4888/3095/4599 5440/3094/5149 5718/3089/5427
f 4892/3096/4603 5450/3099/5159 5719/3098/5428 5448/3097/5157
f 5448/3097/5157 5719/3098/5428 5422/3101/5131 4880/3100/4591
f 5719/3098/5428 5446/3103/5155 4879/3102/4590 5422/3101/5131
f 5450/3099/5159 4890/3104/4601 5446/3103/5155 5719/3098/5428
f 4891/3077/4602 5449/3106/5158 5720/3105/5429 5434/3076/5143
f 5434/3076/5143 5720/3105/5429 5425/3107/5134 4884/3075/4595
f 5720/3105/5429 5448/3109/5157 4880/3108/4591 5425/3107/5134
f 5449/3106/5158 4892/3110/4603 5448/3109/5157 5720/3105/5429
f 4838/3111/4549 5355/3114/5064 5721/3113/5430 5437/3112/5146
f 5437/3112/5146 5721/3113/5430 5441/3090/5150 4885/3087/4596
f 5721/3113/5430 5435/3115/5144 4888/3095/4599 5441/3090/5150
f 5355/3114/5064 4852/3116/4563 5435/3115/5144 5721/3113/5430
f 4852/3117/4563 5346/3120/5055 5722/3119/5431 5435/3118/5144
f 5435/3118/5144 5722/3119/5431 5442/3081/5151 4888/3078/4599
f 5722/3119/5431 5433/3121/5142 4887/3086/4598 5442/3081/5151
f 5346/3120/5055 4851/3122/4562 5433/3121/5142 5722/3119/5431
f 4851/3123/4562 5354/3126/5063 5723/3125/5432 5433/3124/5142
f 5433/3124/5142 5723/3125/5432 5443/3063/5152 4887/3060/4598
f 5723/3125/5432 5430/3127/5139 4886/3068/4597 5443/3063/5152
f 5354/3126/5063 4836/3128/4547 5430/3127/5139 5723/3125/5432
f 4836/3129/4547 5331/3132/5040 5724/3131/5433 5430/3130/5139
f 5430/3130/5139 5724/3131/5433 5444/2802/5153 4886/2799/4597
f 5724/3131/5433 5437/3133/5146 4885/2807/4596 5444/2802/5153
f 5331/3132/5040 4838/3134/4549 5437/3133/5146 5724/3131/5433
f 4856/3135/4567 5353/3138/5062 5725/3137/5434 5447/3136/5156
f 5447/3136/5156 5725/3137/5434 5449/3106/5158 4891/3077/4602
f 5725/3137/5434 5436/3139/5145 4892/3110/4603 5449/3106/5158
f 5353/3138/5062 4840/3140/4551 5436/3139/5145 5725/3137/5434
f 4840/3141/4551 5335/3144/5044 5726/3143/5435 5436/3142/5145
f 5436/3142/5145 5726/3143/5435 5450/3099/5159 4892/3096/4603
f 5726/3143/5435 5432/3145/5141 4890/3104/4601 5450/3099/5159
f 5335/3144/5044 4839/3146/4550 5432/3145/5141 5726/3143/5435
f 4855/3147/4566 5350/3150/5059 5727/3149/5436 5445/3148/5154
f 5445/3148/5154 5727/3149/5436 5451/3072/5160 4889/3069/4600
f 5727/3149/5436 5447/3136/5156 4891/3077/4602 5451/3072/5160
f 5350/3150/5059 4856/3135/4567 5447/3136/5156 5727/3149/5436
f 4839/3128/4550 5356/3153/5065 5728/3152/5437 5432/3151/5141
f 5432/3151/5141 5728/3152/5437 5452/2793/5161 4890/2790/4601
f 5728/3152/5437 5445/3154/5154 4889/2798/4600 5452/2793/5161
f 5356/3153/5065 4855/3155/4566 5445/3154/5154 5728/3152/5437
f 3776/1494/3488 3503/1480/3215 4620/1480/4332 4893/1494/4604
f 3495/1496/3207 3776/1494/3488 4893/1494/4604 4612/1496/4324
f 3777/1506/3489 3497/1462/3209 4614/1462/4326 4894/1506/4605
f 3496/1508/3208 3777/1506/3489 4894/1506/4605 4613/1508/4325
f 3778/1459/3490 3495/1458/3207 4612/1458/4324 4895/1459/4606
f 3497/1462/3209 3778/1459/3490 4895/1459/4606 4614/1462/4326
f 3779/1477/3491 3502/1476/3214 4619/1476/4331 4896/1477/4607
f 3503/1480/3215 3779/1477/3491 4896/1477/4607 4620/1480/4332
f 3501/1485/3213 3780/1501/3492 4897/1501/4608 4618/1485/4330
f 3780/1501/3492 3498/1500/3210 4615/1500/4327 4897/1501/4608
f 3500/1467/3212 3781/1512/3493 4898/1512/4609 4617/1467/4329
f 3781/1512/3493 3496/1508/3208 4613/1508/4325 4898/1512/4609
f 3498/1471/3210 3782/1468/3494 4899/1468/4610 4615/1471/4327
f 3782/1468/3494 3500/1467/3212 4617/1467/4329 4899/1468/4610
f 3499/1489/3211 3783/1486/3495 4900/1486/4611 4616/1489/4328
f 3783/1486/3495 3501/1485/3213 4618/1485/4330 4900/1486/4611
f 3655/2339/3367 4069/2349/3781 5186/2349/4895 4772/2339/4483
f 4069/2349/3781 3649/2353/3361 4766/2353/4477 5186/2349/4895
f 3651/2322/3363 4070/2361/3782 5187/2361/4896 4768/2322/4479
f 4070/2361/3782 3650/2365/3362 4767/2365/4478 5187/2361/4896
f 3649/2314/3361 4071/2317/3783 5188/2317/4897 4766/2314/4477
f 4071/2317/3783 3651/2322/3363 4768/2322/4479 5188/2317/4897
f 3502/1476/3214 4072/2334/3784 5189/2334/4898 4619/1476/4331
f 4072/2334/3784 3655/2339/3367 4772/2339/4483 5189/2334/4898
f 4073/2357/3785 3654/2340/3366 4771/2340/4482 5190/2357/4899
f 3652/2354/3364 4073/2357/3785 5190/2357/4899 4769/2354/4480
f 4074/2367/3786 3653/2323/3365 4770/2323/4481 5191/2367/4900
f 3650/2365/3362 4074/2367/3786 5191/2367/4900 4767/2365/4478
f 4075/2326/3787 3652/2331/3364 4769/2331/4480 5192/2326/4901
f 3653/2323/3365 4075/2326/3787 5192/2326/4901 4770/2323/4481
f 4076/2343/3788 3499/1489/3211 4616/1489/4328 5193/2343/4902
f 3654/2340/3366 4076/2343/3788 5193/2343/4902 4771/2340/4482
o silla.002
v -2.187050 12.260351 2.010365
v -2.206980 12.352893 2.039166
v -2.187050 12.260351 1.446401
v -2.206980 12.352893 1.417601
v -1.663726 12.260351 2.010365
v -1.618610 12.352893 2.039166
v -1.663726 12.260351 1.446401
v -1.618610 12.352893 1.417601
v -2.206980 12.260351 1.417601
v -2.206980 12.260351 2.039166
v -1.618610 12.260351 1.417601
v -1.618610 12.260351 2.039166
v -2.206980 12.260351 1.901415
v -2.206980 12.352893 1.901415
v -1.618610 12.260351 1.901415
v -1.636937 12.352893 1.901415
v -2.187050 12.260351 1.902075
v -1.663726 12.260351 1.902075
v -2.206980 12.352893 1.554161
v -1.619225 12.260351 1.549289
v -1.663726 12.260351 1.547775
v -2.206980 12.260351 1.554161
v -1.636937 12.352893 1.554161
v -2.187050 12.260351 1.547775
v -2.083648 12.260351 1.417601
v -2.083648 12.352893 1.417601
v -2.083648 12.260351 2.039166
v -2.083648 12.352893 2.039166
v -2.082430 12.260351 1.446401
v -2.082430 12.260351 2.010365
v -2.147018 12.746789 1.919849
v -2.082430 12.260351 1.902075
v -2.082430 12.260351 1.547775
v -2.143494 12.740451 1.523555
v -1.767134 12.352893 1.417601
v -1.767134 12.260351 2.039166
v -1.767567 12.260351 2.010365
v -1.767134 12.260351 1.417601
v -1.767134 12.352893 2.039166
v -1.767567 12.260351 1.446401
v -1.767567 12.260351 1.902075
v -1.767567 12.260351 1.547775
v -2.281303 11.958106 1.949288
v -2.281303 11.958106 2.086724
v -2.139026 11.958106 1.370974
v -2.281303 11.958106 1.370974
v -1.569614 11.958106 1.499631
v -1.569614 11.958106 1.370974
v -1.710831 11.958106 2.086724
v -1.569614 11.958106 2.086724
v -1.569614 11.958106 1.949288
v -2.139026 11.958106 1.949288
v -2.281303 11.958106 1.499631
v -2.139026 11.958106 1.499631
v -2.139026 11.958106 2.086724
v -1.710831 11.958106 1.370974
v -1.710831 11.958106 1.949288
v -1.710831 11.958106 1.499631
v -2.184820 12.352893 1.417601
v -2.185215 12.260351 1.417601
v -2.184324 12.260351 2.039166
v -2.186771 12.352893 2.039166
v -2.219228 12.730797 1.524547
v -2.210165 12.738739 1.920677
v -2.185180 12.352893 1.450310
v -2.041148 12.353923 1.499482
v -2.206980 12.260351 1.449869
v -1.618610 12.260351 1.448929
v -1.661110 12.353923 1.500188
v -1.767025 12.352893 1.474488
v -2.206980 12.352893 1.449653
v -2.206980 12.260351 2.009747
v -2.041148 12.353923 1.957121
v -1.618610 12.260351 2.007465
v -2.187448 12.352893 2.004146
v -1.767081 12.352893 1.987037
v -1.661110 12.353923 1.958222
v -2.206980 12.352893 2.004017
v -2.249680 12.985920 1.947906
v -2.170525 12.996010 1.946869
v -2.251437 12.982154 1.511769
v -2.175703 12.991808 1.510777
v -2.158313 13.045888 1.381384
v -2.284572 13.029778 1.381255
v -2.150072 13.052577 2.075501
v -2.279134 13.036121 2.076814
v -2.188426 12.352893 1.901415
v -2.065321 12.352893 1.901415
v -2.185674 12.352893 1.554161
v -2.065321 12.352893 1.554161
v -2.281882 13.034723 1.947818
v -2.151608 13.051330 1.946111
v -2.283638 13.030957 1.511681
v -2.156785 13.047128 1.510020
v -1.618610 12.352893 1.554161
v -1.618610 12.352893 1.901415
v -1.618610 12.352893 1.452302
v -2.083648 12.352893 1.451730
v -2.083648 12.352893 1.554161
v -2.083648 12.352893 1.901415
v -1.767134 12.352893 1.456158
v -2.083648 12.352893 2.004447
v -1.618610 12.352893 2.005794
v -1.767134 12.352893 2.005364
v -1.636937 12.371144 1.554161
v -1.670776 12.405454 1.564798
v -1.670776 12.405454 1.890909
v -1.636937 12.371144 1.901415
v -1.661110 12.370114 1.500188
v -1.680730 12.405454 1.521401
v -2.019477 12.405454 1.520444
v -2.041148 12.370114 1.499482
v -2.065321 12.371144 1.554161
v -2.029431 12.405454 1.564798
v -2.065321 12.371144 1.901415
v -2.029431 12.405454 1.890909
v -1.770990 12.405454 1.511803
v -1.767025 12.371144 1.474488
v -2.041148 12.370114 1.957121
v -2.019477 12.405454 1.936547
v -1.680730 12.405454 1.937529
v -1.661110 12.370114 1.958222
v -1.767081 12.371144 1.987037
v -1.771111 12.405454 1.949494
vn -0.3852 -0.8299 0.4035
vn -0.5774 0.5774 0.5774
vn -0.3842 -0.8304 -0.4035
vn -0.5774 0.5774 -0.5774
vn 0.3852 -0.8300 0.4034
vn 0.5774 0.5774 0.5774
vn 0.3842 -0.8305 -0.4033
vn 0.5774 0.5774 -0.5774
vn -0.5773 -0.5774 -0.5773
vn -0.5773 -0.5774 0.5773
vn 0.5773 -0.5774 -0.5773
vn 0.5773 -0.5774 0.5773
vn -0.7071 -0.7071 -0.0000
vn -0.7071 0.7071 -0.0000
vn 0.7067 -0.7075 -0.0003
vn 0.6457 0.7528 0.1278
vn -0.2653 -0.8941 -0.3608
vn 0.2653 -0.8941 -0.3607
vn 0.7050 -0.7092 0.0008
vn 0.2645 -0.8946 0.3602
vn 0.6419 0.7552 -0.1331
vn -0.2645 -0.8945 0.3603
vn -0.0000 -0.7071 -0.7071
vn -0.0000 0.7071 -0.7071
vn -0.0000 -0.7071 0.7071
vn -0.0000 0.7071 0.7071
vn 0.3416 -0.9035 -0.2590
vn 0.3423 -0.9032 0.2589
vn 0.3351 -0.1325 -0.9328
vn 0.2515 -0.9357 -0.2473
vn 0.2508 -0.9360 0.2471
vn 0.1709 -0.1648 0.9714
vn -0.3422 -0.9033 0.2588
vn -0.3415 -0.9035 -0.2588
vn -0.2514 -0.9358 -0.2472
vn -0.2508 -0.9360 0.2470
vn -0.6786 -0.5191 -0.5197
vn -0.6452 -0.4361 0.6273
vn 0.5116 -0.5446 -0.6646
vn -0.6455 -0.4368 -0.6266
vn 0.6787 -0.5198 0.5188
vn 0.6454 -0.4369 -0.6266
vn -0.5114 -0.5437 0.6655
vn 0.6451 -0.4362 0.6273
vn 0.6784 -0.5193 -0.5197
vn 0.5219 -0.6652 -0.5340
vn -0.6788 -0.5197 0.5188
vn 0.5220 -0.6660 0.5329
vn 0.5116 -0.5436 0.6654
vn -0.5115 -0.5447 -0.6646
vn -0.5218 -0.6653 -0.5340
vn -0.5219 -0.6661 0.5329
vn -0.1106 -0.2021 0.9731
vn -0.2885 -0.2091 -0.9344
vn -0.3317 0.8773 -0.3469
vn -0.3242 0.8349 -0.4447
vn 0.7072 -0.7070 0.0011
vn 0.3730 0.8143 -0.4448
vn 0.0477 0.7411 -0.6698
vn -0.3309 0.8335 0.4425
vn 0.7071 -0.7071 -0.0000
vn -0.3337 0.8751 0.3506
vn 0.0504 0.7466 0.6633
vn 0.3842 0.8132 0.4372
vn -0.3017 0.2442 -0.9216
vn 0.2260 0.3101 -0.9234
vn -0.1680 0.2579 0.9514
vn 0.1133 0.2939 0.9491
vn 0.5027 0.6125 -0.6100
vn -0.6431 0.4637 -0.6094
vn 0.5089 0.6147 0.6026
vn -0.6345 0.4732 0.6111
vn -0.2951 0.8974 -0.3279
vn -0.6443 0.7537 0.1298
vn -0.2868 0.8986 0.3321
vn -0.6429 0.7546 -0.1318
vn -0.6797 0.4807 -0.5541
vn 0.5336 0.6291 -0.5653
vn -0.6360 0.5133 0.5762
vn 0.4978 0.6564 0.5668
vn 0.7118 0.7024 0.0020
vn 0.7112 0.7030 -0.0015
vn 0.7091 0.7051 -0.0015
vn 0.3192 0.9045 -0.2827
vn 0.2704 0.9240 0.2702
vn 0.2740 0.9206 -0.2782
vn -0.0004 1.0000 -0.0085
vn 0.3193 0.9050 0.2812
vn 0.7085 0.7057 0.0026
vn -0.0003 1.0000 0.0083
vn 0.9164 0.3545 -0.1859
vn 0.4119 0.9087 -0.0678
vn 0.4122 0.9088 0.0641
vn 0.9183 0.3538 0.1773
vn 0.6057 0.3513 -0.7140
vn 0.3178 0.8705 -0.3758
vn -0.2797 0.8745 -0.3962
vn -0.5634 0.3594 -0.7440
vn -0.9120 0.3673 -0.1826
vn -0.3979 0.9151 -0.0650
vn -0.9128 0.3669 0.1794
vn -0.3981 0.9151 0.0637
vn 0.0228 0.9037 -0.4276
vn 0.0634 0.3409 -0.9379
vn -0.5724 0.3588 0.7373
vn -0.2853 0.8744 0.3925
vn 0.3274 0.8703 0.3680
vn 0.6215 0.3507 0.7005
vn 0.0679 0.3401 0.9379
vn 0.0247 0.9019 0.4312
vt 0.695867 0.724328
vt 0.745248 0.724327
vt 0.745248 0.780099
vt 0.695867 0.779985
vt 0.000000 0.810659
vt 0.049373 0.810651
vt 0.049373 0.889911
vt 0.000000 0.889919
vt 0.880345 0.306256
vt 0.830991 0.306252
vt 0.830991 0.250550
vt 0.880345 0.249662
vt 0.880366 0.630274
vt 0.830991 0.630262
vt 0.830991 0.575233
vt 0.880366 0.576550
vt 0.894750 0.572840
vt 0.948194 0.564448
vt 0.948194 0.729454
vt 0.880366 0.740103
vt 0.337861 0.495060
vt 0.297114 0.495060
vt 0.297112 0.359716
vt 0.337859 0.359716
vt 0.303351 0.073160
vt 0.303351 0.015369
vt 0.313987 0.015700
vt 0.313987 0.073512
vt 0.247520 0.316335
vt 0.303351 0.316335
vt 0.302372 0.331704
vt 0.248170 0.331705
vt 0.024077 0.262237
vt 0.024077 0.316336
vt 0.000000 0.314987
vt 0.000328 0.261428
vt 0.079492 0.015370
vt 0.024077 0.015370
vt 0.000000 0.000001
vt 0.079261 0.000001
vt 0.024077 0.073161
vt 0.000000 0.073513
vt 0.000000 0.016918
vt 0.303351 0.262236
vt 0.313987 0.258828
vt 0.379798 0.258829
vt 0.325357 0.258828
vt 0.323888 0.073512
vt 0.379798 0.073513
vt 0.079492 0.262237
vt 0.079492 0.073160
vt 0.880333 0.494173
vt 0.830991 0.491568
vt 0.695867 0.465501
vt 0.745248 0.465500
vt 0.745248 0.484257
vt 0.695867 0.481200
vt 0.880345 0.564448
vt 0.830991 0.564444
vt 0.830991 0.545926
vt 0.880345 0.547730
vt 0.573509 0.721646
vt 0.627944 0.711285
vt 0.627944 0.874888
vt 0.553915 0.888979
vt 0.379798 0.331705
vt 0.325812 0.331705
vt 0.325620 0.314249
vt 0.379798 0.313492
vt 0.313987 0.314484
vt 0.695867 0.539013
vt 0.745248 0.539011
vt 0.548690 0.331708
vt 0.548690 0.311132
vt 0.069123 0.586238
vt 0.123992 0.575929
vt 0.123992 0.740951
vt 0.049373 0.754971
vt 0.247520 0.262236
vt 0.247520 0.073160
vt 0.247520 0.015370
vt 0.248170 0.000000
vt 0.301897 -0.000000
vt 0.079492 0.316335
vt 0.079261 0.331705
vt 0.756952 0.603450
vt 0.811395 0.613782
vt 0.830991 0.781038
vt 0.756952 0.766987
vt 0.880366 0.799174
vt 0.830991 0.799163
vt 0.000000 0.575937
vt 0.049373 0.575929
vt 0.049373 0.587755
vt 0.000000 0.587552
vt 0.880366 0.878432
vt 0.830991 0.878420
vt 0.000000 0.331705
vt 0.627944 0.331709
vt 0.627944 0.313190
vt 0.000000 0.641753
vt 0.049373 0.641745
vt 0.283360 0.958553
vt 0.283360 0.883192
vt 0.356705 0.883192
vt 0.356705 0.958553
vt 0.206228 0.959179
vt 0.206228 0.883817
vt 0.274887 0.883818
vt 0.274887 0.959179
vt 0.880345 0.482090
vt 0.880345 0.406163
vt 0.949004 0.406163
vt 0.949004 0.482090
vt 0.880344 0.564448
vt 0.880344 0.488522
vt 0.953689 0.488522
vt 0.953689 0.564448
vt 0.782429 0.010244
vt 0.837311 0.000000
vt 0.837311 0.163444
vt 0.762674 0.177375
vt 0.756952 0.781038
vt 0.810367 0.789615
vt 0.824743 0.954592
vt 0.756952 0.943705
vt 0.440732 0.717877
vt 0.495227 0.707836
vt 0.495227 0.872686
vt 0.421117 0.886341
vt 0.064740 0.763888
vt 0.121838 0.754971
vt 0.121838 0.918618
vt 0.049373 0.929934
vt 0.880345 0.232741
vt 0.937437 0.241697
vt 0.952802 0.406163
vt 0.880345 0.394796
vt 0.206228 0.706466
vt 0.261115 0.716672
vt 0.280871 0.883817
vt 0.206228 0.869938
vt 0.837311 0.000000
vt 0.894418 0.008861
vt 0.909787 0.176205
vt 0.837311 0.164959
vt 0.924162 0.008598
vt 0.977574 -0.000000
vt 0.977574 0.162159
vt 0.909787 0.173071
vt 0.283361 0.704544
vt 0.337850 0.714625
vt 0.357463 0.883192
vt 0.283361 0.869481
vt 0.139360 0.763921
vt 0.196457 0.754999
vt 0.196457 0.917558
vt 0.123992 0.928880
vt 0.123992 0.575929
vt 0.178852 0.586286
vt 0.198597 0.754999
vt 0.123992 0.740914
vt 0.880366 0.740103
vt 0.933797 0.748576
vt 0.948178 0.914563
vt 0.880366 0.903810
vt 0.490173 0.886341
vt 0.490106 0.955991
vt 0.421252 0.955341
vt 0.421117 0.886341
vt 0.313987 0.331704
vt 0.313987 0.258828
vt 0.313987 0.073512
vt 0.313987 -0.000000
vt 0.830991 0.564448
vt 0.880366 0.564460
vt 0.313987 0.314600
vt 0.324771 0.000000
vt 0.324410 0.018689
vt 0.313987 0.018758
vt 0.313987 0.000000
vt 0.313987 0.331704
vt 0.689047 0.836475
vt 0.635293 0.829635
vt 0.627944 0.465500
vt 0.695867 0.465500
vt 0.745248 0.797204
vt 0.695867 0.797205
vt 0.830991 0.232741
vt 0.880345 0.232745
vt 0.548690 0.018042
vt 0.379798 0.018529
vt 0.379798 0.000001
vt 0.548690 0.000003
vt 0.627944 0.017814
vt 0.627944 0.000004
vt 0.695440 0.905513
vt 0.627944 0.906081
vt 0.627944 0.836475
vt 0.695764 0.836861
vt 0.544800 0.700625
vt 0.489668 0.705948
vt 0.489668 0.331709
vt 0.559072 0.333847
vt 0.489668 0.707836
vt 0.435115 0.704370
vt 0.421117 0.331709
vt 0.489668 0.335431
vt 0.262690 0.493507
vt 0.228725 0.493507
vt 0.224567 0.359702
vt 0.267143 0.359702
vt 0.406922 0.695216
vt 0.351610 0.698685
vt 0.351611 0.335449
vt 0.421117 0.331709
vt 0.830991 0.603450
vt 0.776291 0.599754
vt 0.762354 0.232741
vt 0.830991 0.238116
vt 0.613944 0.707790
vt 0.559072 0.711284
vt 0.559072 0.336731
vt 0.627944 0.331709
vt 0.269664 0.706466
vt 0.214196 0.699413
vt 0.345810 0.697646
vt 0.291804 0.704544
vt 0.210800 0.331705
vt 0.280871 0.331705
vt 0.283360 0.331709
vt 0.351610 0.331709
vt 0.378797 0.698685
vt 0.421117 0.698726
vt 0.421117 0.931470
vt 0.380626 0.931431
vt 0.761172 0.015628
vt 0.762674 0.227134
vt 0.627944 0.232741
vt 0.627944 0.000000
vt 0.533566 0.707836
vt 0.535670 0.919283
vt 0.495227 0.919283
vt 0.499846 0.707836
vt 0.762354 0.232741
vt 0.762354 0.465500
vt 0.627944 0.459804
vt 0.630303 0.248369
vt 0.618164 0.258832
vt 0.618164 0.073516
vt 0.627944 0.073516
vt 0.627944 0.258832
vt 0.605273 0.287634
vt 0.389577 0.258829
vt 0.402484 0.288008
vt 0.389577 0.073513
vt 0.548749 0.301349
vt 0.402484 0.043785
vt 0.605273 0.043200
vt 0.548719 0.027822
vt 0.948386 0.774413
vt 0.948386 0.600380
vt 0.967337 0.594735
vt 0.967337 0.780051
vt 0.948194 0.797584
vt 0.967420 0.808882
vt 0.012891 0.575929
vt 0.000000 0.546748
vt 0.019420 0.541055
vt 0.024732 0.564725
vt 0.000000 0.361432
vt 0.019420 0.367022
vt 0.981421 0.244386
vt 0.981305 0.376956
vt 0.962540 0.378927
vt 0.962309 0.232741
vt 0.981421 0.425161
vt 0.962304 0.435549
vt 0.012891 0.331705
vt 0.024732 0.342667
vt 0.948194 0.575513
vt 0.967420 0.564448
vt 0.696005 0.941343
vt 0.695867 0.808883
vt 0.714954 0.797205
vt 0.714733 0.943281
vt 0.695867 0.989642
vt 0.714954 0.999998
vt 0.977071 0.594736
vt 0.977071 0.780051
vt 0.157261 0.335760
vt 0.205488 0.342146
vt 0.210800 0.367025
vt 0.210800 0.541057
vt 0.205488 0.564217
vt 0.157325 0.569338
vt 0.976055 0.808883
vt 0.976055 0.564449
vt 0.953666 0.435550
vt 0.952802 0.378928
vt 0.953670 0.232742
vt 0.745625 0.709723
vt 0.745248 0.680568
vt 0.754987 0.680568
vt 0.754265 0.709723
vt 0.745248 0.495252
vt 0.754987 0.495252
vt 0.745625 0.465500
vt 0.754265 0.465500
vt 0.723593 0.797207
vt 0.724471 0.943284
vt 0.723593 1.000000
s 1
usemtl cojinB
f 5834/3416/5529 5835/3417/5530 5836/3418/5531 5833/3419/5528
f 5838/3420/5533 5834/3416/5529 5833/3419/5528 5837/3421/5532
f 5840/3422/5535 5841/3423/5536 5842/3424/5537 5839/3425/5534
f 5841/3423/5536 5843/3426/5538 5844/3427/5539 5842/3424/5537
f 5839/3428/5534 5845/3429/5540 5846/3430/5541 5840/3431/5535
f 5845/3429/5540 5838/3432/5533 5837/3433/5532 5846/3430/5541
f 5843/3426/5538 5847/3434/5542 5848/3435/5543 5844/3427/5539
f 5835/3417/5530 5849/3436/5544 5850/3437/5545 5836/3418/5531
f 5852/3438/5547 5848/3439/5543 5847/3440/5542 5851/3441/5546
f 5849/3442/5544 5852/3438/5547 5851/3441/5546 5850/3443/5545
f 5744/3444/5453 5751/3445/5458 5833/3419/5528 5836/3418/5531
f 5842/3424/5537 5844/3427/5539 5848/3435/5543 5852/3446/5547 5849/3447/5544 5835/3448/5530 5834/3449/5529 5838/3450/5533 5845/3451/5540 5839/3425/5534
f 5751/3445/5458 5797/3452/5495 5837/3421/5532 5833/3419/5528
f 5805/3453/5501 5744/3444/5453 5836/3418/5531 5850/3437/5545
f 5797/3454/5495 5798/3455/5496 5846/3430/5541 5837/3433/5532
f 5798/3455/5496 5794/3456/5493 5840/3431/5535 5846/3430/5541
f 5794/3457/5493 5818/3458/5513 5841/3459/5536 5840/3460/5535
f 5818/3458/5513 5816/3461/5511 5843/3462/5538 5841/3459/5536
f 5816/3461/5511 5801/3463/5497 5847/3464/5542 5843/3462/5538
f 5801/3465/5497 5804/3466/5500 5851/3441/5546 5847/3440/5542
f 5804/3466/5500 5805/3467/5501 5850/3443/5545 5851/3441/5546
usemtl madera1B
f 5750/3156/5450 5747/3157/5451 5799/3158/5451 5795/3159/5450
f 5766/3160/5460 5763/3161/5461 5736/3162/5445 5739/3163/5448
f 5743/3164/5452 5824/3165/5519 5831/3166/5526 5802/3167/5498
f 5755/3168/5462 5756/3169/5463 5790/3170/5463 5789/3171/5462
f 5735/3172/5444 5749/3173/5457 5775/3174/5478 5776/3175/5479
f 5791/3176/5490 5762/3177/5469 5810/3178/5505 5809/3179/5504
f 5745/3180/5454 5729/3181/5438 5800/3182/5450 5741/3183/5450
f 5757/3184/5464 5731/3185/5440 5788/3186/5460 5753/3187/5460
f 5749/3188/5457 5735/3189/5444 5796/3190/5494 5748/3191/5456
f 5765/3192/5470 5733/3193/5442 5740/3194/5449 5764/3195/5462
f 5733/3193/5442 5746/3196/5455 5743/3197/5452 5802/3198/5498
f 5752/3199/5459 5745/3180/5454 5741/3183/5450 5750/3200/5450
f 5827/3201/5522 5817/3202/5512 5815/3203/5510 5828/3204/5523
f 5770/3205/5473 5749/3188/5457 5746/3196/5455 5769/3206/5472
f 5748/3207/5456 5823/3208/5518 5824/3165/5519 5743/3164/5452
f 5738/3209/5447 5730/3210/5439 5806/3211/5451 5800/3212/5450
f 5739/3213/5448 5736/3214/5445 5825/3215/5520 5796/3216/5494
f 5749/3217/5457 5770/3218/5473 5786/3219/5489 5775/3220/5478
f 5754/3221/5461 5787/3222/5461 5793/3223/5492 5826/3224/5521
f 5731/3185/5440 5752/3199/5459 5750/3200/5450 5795/3225/5450
f 5746/3196/5455 5749/3188/5457 5748/3191/5456 5743/3197/5452
f 5741/3226/5450 5742/3227/5451 5747/3157/5451 5750/3156/5450
f 5763/3228/5461 5754/3221/5461 5826/3224/5521 5829/3229/5524
f 5731/3230/5440 5757/3231/5464 5773/3232/5476 5774/3233/5477
f 5752/3199/5459 5761/3234/5468 5760/3235/5467 5745/3180/5454
f 5729/3181/5438 5758/3236/5465 5755/3237/5462 5789/3238/5462
f 5768/3239/5471 5757/3184/5464 5753/3187/5460 5766/3240/5460
f 5769/3241/5472 5746/3242/5455 5779/3243/5482 5785/3244/5488
f 5764/3245/5462 5767/3246/5463 5756/3169/5463 5755/3168/5462
f 5737/3247/5446 5732/3248/5441 5787/3249/5461 5788/3250/5460
f 5740/3251/5449 5734/3252/5443 5767/3246/5463 5764/3245/5462
f 5735/3189/5444 5768/3239/5471 5766/3240/5460 5739/3253/5448
f 5736/3254/5445 5763/3228/5461 5829/3229/5524 5825/3255/5520
f 5757/3184/5464 5768/3239/5471 5770/3205/5473 5761/3234/5468
f 5761/3234/5468 5770/3205/5473 5769/3206/5472 5760/3235/5467
f 5758/3236/5465 5765/3192/5470 5764/3195/5462 5755/3237/5462
f 5760/3235/5467 5769/3206/5472 5765/3192/5470 5758/3236/5465
f 5753/3256/5460 5754/3257/5461 5763/3161/5461 5766/3160/5460
f 5785/3258/5488 5779/3259/5482 5778/3260/5481 5777/3261/5480
f 5784/3262/5487 5776/3263/5479 5775/3264/5478 5786/3265/5489
f 5774/3266/5477 5773/3267/5476 5782/3268/5485 5781/3269/5484
f 5771/3270/5474 5780/3271/5483 5783/3272/5486 5772/3273/5475
f 5745/3274/5454 5760/3275/5467 5780/3276/5483 5771/3277/5474
f 5752/3278/5459 5731/3279/5440 5774/3280/5477 5781/3281/5484
f 5733/3282/5442 5765/3283/5470 5777/3284/5480 5778/3285/5481
f 5765/3286/5470 5769/3287/5472 5785/3288/5488 5777/3289/5480
f 5760/3290/5467 5758/3291/5465 5783/3292/5486 5780/3293/5483
f 5761/3294/5468 5752/3295/5459 5781/3296/5484 5782/3297/5485
f 5746/3298/5455 5733/3299/5442 5778/3300/5481 5779/3301/5482
f 5757/3302/5464 5761/3303/5468 5782/3304/5485 5773/3305/5476
f 5768/3306/5471 5735/3307/5444 5776/3308/5479 5784/3309/5487
f 5729/3310/5438 5745/3311/5454 5771/3312/5474 5772/3313/5475
f 5758/3314/5465 5729/3315/5438 5772/3316/5475 5783/3317/5486
f 5770/3318/5473 5768/3319/5471 5784/3320/5487 5786/3321/5489
f 5820/3322/5515 5819/3323/5514 5814/3324/5509 5813/3325/5508
f 5788/3186/5460 5731/3185/5440 5737/3326/5446
f 5815/3203/5510 5817/3202/5512 5747/3327/5451 5742/3328/5451
f 5789/3238/5462 5738/3329/5447 5729/3181/5438
f 5788/3250/5460 5787/3249/5461 5754/3257/5461 5753/3256/5460
f 5789/3171/5462 5790/3170/5463 5730/3330/5439 5738/3331/5447
f 5817/3202/5512 5793/3223/5492 5799/3332/5451 5747/3327/5451
f 5790/3333/5463 5803/3334/5499 5806/3335/5451 5730/3336/5439
f 5799/3332/5451 5793/3223/5492 5787/3222/5461 5732/3337/5441
f 5796/3216/5494 5825/3215/5520 5823/3208/5518 5748/3207/5456
f 5796/3190/5494 5735/3189/5444 5739/3253/5448
f 5826/3338/5521 5793/3339/5492 5812/3340/5507 5811/3341/5506
f 5795/3159/5450 5799/3158/5451 5732/3342/5441 5737/3343/5446
f 5795/3225/5450 5737/3326/5446 5731/3185/5440
f 5802/3198/5498 5740/3194/5449 5733/3193/5442
f 5800/3212/5450 5806/3211/5451 5742/3227/5451 5741/3226/5450
f 5800/3182/5450 5729/3181/5438 5738/3329/5447
f 5802/3167/5498 5831/3166/5526 5734/3344/5443 5740/3345/5449
f 5832/3346/5527 5830/3347/5525 5756/3348/5463 5767/3349/5463
f 5831/3350/5526 5832/3346/5527 5767/3349/5463 5734/3351/5443
f 5830/3347/5525 5803/3334/5499 5790/3333/5463 5756/3348/5463
f 5806/3335/5451 5803/3334/5499 5815/3203/5510 5742/3328/5451
f 5811/3352/5506 5812/3353/5507 5821/3354/5516 5822/3355/5517
f 5803/3356/5499 5830/3357/5525 5813/3358/5508 5814/3359/5509
f 5827/3360/5522 5826/3361/5521 5811/3362/5506 5822/3363/5517
f 5759/3364/5466 5792/3365/5491 5807/3366/5502 5808/3367/5503
f 5793/3368/5492 5817/3369/5512 5821/3370/5516 5812/3371/5507
f 5815/3372/5510 5803/3373/5499 5814/3374/5509 5819/3375/5514
f 5830/3376/5525 5828/3377/5523 5820/3378/5515 5813/3379/5508
f 5792/3365/5491 5759/3364/5466 5828/3380/5523 5815/3381/5510
f 5762/3177/5469 5791/3176/5490 5817/3382/5512 5827/3383/5522
f 5808/3367/5503 5807/3366/5502 5819/3384/5514 5820/3385/5515
f 5809/3179/5504 5810/3178/5505 5822/3386/5517 5821/3387/5516
f 5810/3178/5505 5762/3177/5469 5827/3383/5522 5822/3386/5517
f 5791/3176/5490 5809/3179/5504 5821/3387/5516 5817/3382/5512
f 5807/3366/5502 5792/3365/5491 5815/3381/5510 5819/3384/5514
f 5759/3364/5466 5808/3367/5503 5820/3385/5515 5828/3380/5523
f 5807/3388/5502 5808/3389/5503 5810/3390/5505 5809/3391/5504
f 5759/3392/5466 5762/3393/5469 5810/3394/5505 5808/3395/5503
f 5792/3396/5491 5791/3397/5490 5762/3398/5469 5759/3399/5466
f 5807/3400/5502 5809/3401/5504 5791/3402/5490 5792/3403/5491
f 5751/3404/5458 5744/3405/5453 5824/3406/5519 5823/3407/5518
f 5797/3408/5495 5751/3404/5458 5823/3407/5518 5825/3255/5520
f 5818/3409/5513 5794/3410/5493 5826/3224/5521 5827/3201/5522
f 5816/3411/5511 5818/3409/5513 5827/3201/5522 5828/3204/5523
f 5794/3410/5493 5798/3412/5496 5829/3229/5524 5826/3224/5521
f 5798/3412/5496 5797/3408/5495 5825/3255/5520 5829/3229/5524
f 5801/3413/5497 5816/3411/5511 5828/3204/5523 5830/3347/5525
f 5744/3405/5453 5805/3414/5501 5831/3350/5526 5824/3406/5519
f 5804/3415/5500 5801/3413/5497 5830/3347/5525 5832/3346/5527
f 5805/3414/5501 5804/3415/5500 5832/3346/5527 5831/3350/5526
o escaleraB
v -2.059725 11.933672 1.096889
v -2.059725 15.080630 1.096889
v -2.059725 11.933672 0.490293
v -2.059725 15.080630 0.490293
v -1.935340 11.933672 1.096889
v -1.935340 15.080630 1.096889
v -1.935340 11.933672 0.490293
v -1.935340 15.080630 0.490293
v -2.059725 12.114855 1.096889
v -2.059725 12.456331 1.096889
v -2.059725 12.797808 1.096889
v -2.059725 13.139285 1.096889
v -2.059725 13.480762 1.096889
v -2.059725 13.822239 1.096889
v -2.059725 14.163715 1.096889
v -2.059725 14.505192 1.096889
v -2.059725 14.846669 1.096889
v -2.059725 14.846669 0.490293
v -2.059725 14.505192 0.490293
v -2.059725 14.163715 0.490293
v -2.059725 13.822239 0.490293
v -2.059725 13.480762 0.490293
v -2.059725 13.139285 0.490293
v -2.059725 12.797808 0.490293
v -2.059725 12.456331 0.490293
v -2.059725 12.114855 0.490293
v -1.935340 14.846669 0.490293
v -1.935340 14.505192 0.490293
v -1.935340 14.163715 0.490293
v -1.935340 13.822239 0.490293
v -1.935340 13.480762 0.490293
v -1.935340 13.139285 0.490293
v -1.935340 12.797808 0.490293
v -1.935340 12.456331 0.490293
v -1.935340 12.114855 0.490293
v -1.935340 14.846669 1.096889
v -1.935340 14.505192 1.096889
v -1.935340 14.163715 1.096889
v -1.935340 13.822239 1.096889
v -1.935340 13.480762 1.096889
v -1.935340 13.139285 1.096889
v -1.935340 12.797808 1.096889
v -1.935340 12.456331 1.096889
v -1.935340 12.114855 1.096889
v -1.995479 12.114855 0.490293
v -1.995479 11.933672 0.490293
v -1.995479 11.933672 1.096889
v -1.995479 15.080630 0.490293
v -1.995479 15.080630 1.096889
v -1.995479 12.114855 1.096889
v -1.995479 14.846669 0.490293
v -1.995479 14.505192 0.490293
v -1.995479 14.163715 0.490293
v -1.995479 13.822239 0.490293
v -1.995479 13.480762 0.490293
v -1.995479 13.139285 0.490293
v -1.995479 12.797808 0.490293
v -1.995479 12.456331 0.490293
v -1.995479 14.846669 1.096889
v -1.995479 14.505192 1.096889
v -1.995479 14.163715 1.096889
v -1.995479 13.822239 1.096889
v -1.995479 13.480762 1.096889
v -1.995479 13.139285 1.096889
v -1.995479 12.797808 1.096889
v -1.995479 12.456331 1.096889
v -2.059725 11.933672 0.425222
v -2.059725 15.080630 0.425222
v -1.935340 11.933672 0.425222
v -1.935340 15.080630 0.425222
v -2.059725 14.846669 0.425222
v -2.059725 14.505192 0.425222
v -2.059725 14.163715 0.425222
v -2.059725 13.822239 0.425222
v -2.059725 13.480762 0.425222
v -2.059725 13.139285 0.425222
v -2.059725 12.797808 0.425222
v -2.059725 12.456331 0.425222
v -2.059725 12.114855 0.425222
v -1.935340 14.846669 0.425222
v -1.935340 14.505192 0.425222
v -1.935340 14.163715 0.425222
v -1.935340 13.822239 0.425222
v -1.935340 13.480762 0.425222
v -1.935340 13.139285 0.425222
v -1.935340 12.797808 0.425222
v -1.935340 12.456331 0.425222
v -1.935340 12.114855 0.425222
v -1.995479 12.114855 0.425222
v -1.995479 11.933672 0.425222
v -1.995479 15.080630 0.425222
v -1.995479 14.846669 0.425222
v -1.995479 14.505192 0.425222
v -1.995479 14.163715 0.425222
v -1.995479 13.822239 0.425222
v -1.995479 13.480762 0.425222
v -1.995479 13.139285 0.425222
v -1.995479 12.797808 0.425222
v -1.995479 12.456331 0.425222
v -2.059725 11.933672 1.158763
v -2.059725 15.080630 1.158763
v -1.935340 11.933672 1.158763
v -1.935340 15.080630 1.158763
v -2.059725 12.114855 1.158763
v -2.059725 12.456331 1.158763
v -2.059725 12.797808 1.158763
v -2.059725 13.139285 1.158763
v -2.059725 13.480762 1.158763
v -2.059725 13.822239 1.158763
v -2.059725 14.163715 1.158763
v -2.059725 14.505192 1.158763
v -2.059725 14.846669 1.158763
v -1.935340 14.846669 1.158763
v -1.935340 14.505192 1.158763
v -1.935340 14.163715 1.158763
v -1.935340 13.822239 1.158763
v -1.935340 13.480762 1.158763
v -1.935340 13.139285 1.158763
v -1.935340 12.797808 1.158763
v -1.935340 12.456331 1.158763
v -1.935340 12.114855 1.158763
v -1.995479 11.933672 1.158763
v -1.995479 15.080630 1.158763
v -1.995557 14.846669 1.158763
v -1.996176 12.114855 1.158763
v -1.995712 14.163715 1.158763
v -1.995789 13.822239 1.158763
v -1.995867 13.480762 1.158763
v -1.995634 14.505192 1.158763
v -1.995944 13.139285 1.158763
v -1.996021 12.797808 1.158763
v -1.996253 11.933672 1.158763
v -1.996099 12.456331 1.158763
v -1.935340 14.236574 1.096889
v -1.995479 14.236574 1.096889
v -1.995479 13.895098 0.490293
v -1.935340 13.895098 0.490293
v -1.935340 14.578052 1.096889
v -1.995479 14.578052 1.096889
v -1.995479 12.529190 1.096889
v -1.935340 12.529190 1.096889
v -1.935340 12.187714 1.096889
v -1.995479 12.187714 1.096889
v -1.995479 14.236574 0.490293
v -1.935340 14.236574 0.490293
v -1.935340 14.578052 0.490293
v -1.995479 14.578052 0.490293
v -1.935340 14.919528 1.096889
v -1.995479 14.919528 1.096889
v -1.995479 12.187714 0.490293
v -1.995479 12.529190 0.490293
v -1.995479 12.870667 0.490293
v -1.995479 12.870667 1.096889
v -1.995479 13.212144 0.490293
v -1.995479 13.212144 1.096889
v -1.995479 13.553620 0.490293
v -1.995479 13.553620 1.096889
v -1.995479 13.895098 1.096889
v -1.995479 14.919528 0.490293
v -1.935340 13.553620 0.490293
v -1.935340 13.895098 1.096889
v -1.935340 13.212144 0.490293
v -1.935340 13.553620 1.096889
v -1.935340 12.187714 0.490293
v -1.935340 12.870667 0.490293
v -1.935340 13.212144 1.096889
v -1.935340 12.529190 0.490293
v -1.935340 14.919528 0.490293
v -1.935340 12.870667 1.096889
vn -0.0000 -0.0000 -1.0000
vn -0.0000 -0.0000 1.0000
vn -1.0000 -0.0000 -0.0000
vn 1.0000 -0.0000 -0.0000
vn -0.0000 1.0000 -0.0000
vn -0.0000 -1.0000 -0.0000
vt 0.000000 0.074345
vt 0.000000 0.000000
vt 0.039525 0.000000
vt 0.039525 0.074345
vt 0.178025 0.399876
vt 0.178025 0.508386
vt 0.158915 0.508386
vt 0.158915 0.399876
vt 0.039525 0.074345
vt 0.039525 0.000000
vt 0.079051 0.000000
vt 0.079051 0.074345
vt 0.039525 1.000000
vt 0.039525 0.942426
vt 0.079051 0.942426
vt 0.079051 1.000000
vt 0.039525 0.833916
vt 0.079051 0.833916
vt 0.039525 0.725406
vt 0.079051 0.725406
vt 0.039525 0.616896
vt 0.079051 0.616896
vt 0.039525 0.508386
vt 0.079051 0.508386
vt 0.039525 0.399876
vt 0.079051 0.399876
vt 0.039525 0.291366
vt 0.079051 0.291366
vt 0.039525 0.182855
vt 0.079051 0.182855
vt 0.178025 0.616896
vt 0.197135 0.508386
vt 0.197135 0.616896
vt 0.178025 0.291366
vt 0.158915 0.291366
vt 0.197135 0.399876
vt 0.178025 0.182855
vt 0.158915 0.182855
vt 0.197135 0.291366
vt 0.178025 0.074345
vt 0.158915 0.074345
vt 0.178025 0.833916
vt 0.178025 0.942426
vt 0.158915 0.942426
vt 0.158915 0.833916
vt 0.178025 0.182855
vt 0.197135 0.182855
vt 0.178025 0.000000
vt 0.158915 0.000000
vt 0.000000 1.000000
vt 0.000000 0.942426
vt 0.039525 0.942426
vt 0.039525 1.000000
vt 0.000000 0.833916
vt 0.039525 0.833916
vt 0.000000 0.725406
vt 0.039525 0.725406
vt 0.000000 0.616896
vt 0.039525 0.616896
vt 0.000000 0.508386
vt 0.039525 0.508386
vt 0.000000 0.399876
vt 0.039525 0.399876
vt 0.000000 0.291366
vt 0.039525 0.291366
vt 0.000000 0.182855
vt 0.039525 0.182855
vt 0.178025 1.000000
vt 0.178025 0.942426
vt 0.197135 0.942426
vt 0.197135 1.000000
vt 0.178025 0.725406
vt 0.197135 0.725406
vt 0.178025 0.616896
vt 0.158915 0.616896
vt 0.197135 0.833916
vt 0.178025 0.074345
vt 0.178025 0.000000
vt 0.197135 0.000000
vt 0.197135 0.074345
vt 0.158915 0.725406
vt 0.178025 1.000000
vt 0.158915 1.000000
vt 0.483590 0.485047
vt 0.464480 0.485047
vt 0.464480 0.461895
vt 0.483590 0.461895
vt 0.326794 0.771024
vt 0.326794 0.963780
vt 0.303642 0.963780
vt 0.303642 0.771024
vt 0.483590 0.299829
vt 0.464480 0.299829
vt 0.464480 0.276677
vt 0.483590 0.276677
vt 0.349946 0.000000
vt 0.349946 0.192756
vt 0.326794 0.192756
vt 0.326794 0.000000
vt 0.158915 0.702254
vt 0.178025 0.702254
vt 0.483590 0.346134
vt 0.464480 0.346134
vt 0.464480 0.322982
vt 0.483590 0.322982
vt 0.280490 0.000000
vt 0.280490 0.192756
vt 0.257338 0.192756
vt 0.257338 0.000000
vt 0.178025 0.051193
vt 0.197135 0.051193
vt 0.483590 0.508199
vt 0.464480 0.508199
vt 0.464480 0.485047
vt 0.483590 0.485047
vt 0.424955 0.797386
vt 0.424955 0.757861
vt 0.445632 0.757861
vt 0.445632 0.797386
vt 0.424955 0.836911
vt 0.445632 0.836911
vt 0.424955 0.876437
vt 0.445632 0.876437
vt 0.424955 0.915962
vt 0.424955 0.876437
vt 0.445632 0.876437
vt 0.445632 0.915962
vt 0.424955 0.955487
vt 0.424955 0.915962
vt 0.445632 0.915962
vt 0.445632 0.955487
vt 0.424955 0.995013
vt 0.424955 0.955487
vt 0.445632 0.955487
vt 0.445632 0.995013
vt 0.139253 0.000000
vt 0.139253 0.074345
vt 0.118576 0.074345
vt 0.118576 0.000000
vt 0.464480 0.039525
vt 0.464480 -0.000000
vt 0.485158 0.000000
vt 0.485158 0.039525
vt 0.139253 0.182855
vt 0.118576 0.182855
vt 0.139253 0.291366
vt 0.118576 0.291366
vt 0.139253 0.399876
vt 0.118576 0.399876
vt 0.139253 0.508386
vt 0.118576 0.508386
vt 0.424955 0.856021
vt 0.445632 0.856021
vt 0.139253 0.616896
vt 0.118576 0.616896
vt 0.139253 0.725406
vt 0.118576 0.725406
vt 0.464480 0.554503
vt 0.483590 0.554503
vt 0.483590 0.575181
vt 0.464480 0.575181
vt 0.139253 0.833916
vt 0.118576 0.833916
vt 0.139253 0.942426
vt 0.118576 0.942426
vt 0.464480 0.058635
vt 0.485158 0.058635
vt 0.386997 0.325530
vt 0.386997 0.399876
vt 0.366320 0.399876
vt 0.366320 0.325530
vt 0.483590 0.595858
vt 0.464480 0.595858
vt 0.386997 0.508386
vt 0.366320 0.508386
vt 0.139253 1.000000
vt 0.118576 1.000000
vt 0.483590 0.616536
vt 0.464480 0.616536
vt 0.424955 0.895547
vt 0.445632 0.895547
vt 0.197135 0.600124
vt 0.197135 0.491614
vt 0.217812 0.491614
vt 0.217812 0.600124
vt 0.464480 0.118576
vt 0.464480 0.079051
vt 0.485158 0.079051
vt 0.485158 0.118576
vt 0.197135 0.708635
vt 0.217812 0.708635
vt 0.464480 0.158101
vt 0.464480 0.118576
vt 0.485158 0.118576
vt 0.485158 0.158101
vt 0.197135 0.817145
vt 0.217812 0.817145
vt 0.238490 0.542550
vt 0.238490 0.600124
vt 0.217812 0.600124
vt 0.217812 0.542550
vt 0.464480 0.177211
vt 0.464480 0.158101
vt 0.485158 0.158101
vt 0.485158 0.177211
vt 0.197135 0.925655
vt 0.217812 0.925655
vt 0.464480 0.616536
vt 0.483590 0.616536
vt 0.483590 0.637213
vt 0.464480 0.637213
vt 0.424955 0.935072
vt 0.445632 0.935072
vt 0.238490 0.217020
vt 0.238490 0.325530
vt 0.217812 0.325530
vt 0.217812 0.217020
vt 0.464480 0.020415
vt 0.485158 0.020415
vt 0.424955 0.974597
vt 0.445632 0.974597
vt 0.238490 0.434040
vt 0.217812 0.434040
vt 0.464480 0.079051
vt 0.485158 0.079051
vt 0.464480 0.197627
vt 0.485158 0.197627
vt 0.236922 0.108510
vt 0.217812 0.108510
vt 0.217812 0.000000
vt 0.236922 0.000000
vt 0.257338 0.000000
vt 0.257338 0.108510
vt 0.079051 0.108510
vt 0.079051 -0.000000
vt 0.099441 -0.000000
vt 0.099417 0.108510
vt 0.424955 0.385512
vt 0.464480 0.385512
vt 0.464480 0.459857
vt 0.424955 0.459857
vt 0.366320 0.795288
vt 0.326794 0.795288
vt 0.326794 0.686778
vt 0.366320 0.686778
vt 0.464480 0.591777
vt 0.424955 0.591777
vt 0.424955 0.534203
vt 0.464480 0.534203
vt 0.345904 0.795288
vt 0.345904 0.903799
vt 0.326794 0.903799
vt 0.385430 0.108510
vt 0.385430 0.217020
vt 0.366320 0.217020
vt 0.366320 0.108510
vt 0.386735 0.325530
vt 0.386735 0.217020
vt 0.405845 0.217020
vt 0.405845 0.325530
vt 0.366320 0.686778
vt 0.326794 0.686778
vt 0.326794 0.578268
vt 0.366320 0.578268
vt 0.236922 0.217020
vt 0.217812 0.217020
vt 0.158915 0.942426
vt 0.158915 1.000000
vt 0.483590 0.656875
vt 0.464480 0.656875
vt 0.464480 0.637213
vt 0.483590 0.637213
vt 0.217812 1.000000
vt 0.217812 0.891490
vt 0.237474 0.891490
vt 0.237474 1.000000
vt 0.158915 0.074345
vt 0.158915 0.182855
vt 0.158915 0.833916
vt 0.444616 0.649351
vt 0.444616 0.757861
vt 0.424955 0.649351
vt 0.158915 0.725406
vt 0.197135 0.108510
vt 0.197135 -0.000000
vt 0.216796 -0.000000
vt 0.216796 0.108510
vt 0.158915 0.616896
vt 0.197135 0.217020
vt 0.216796 0.217020
vt 0.483590 0.676536
vt 0.464480 0.676536
vt 0.158915 0.508386
vt 0.197135 0.325530
vt 0.216796 0.325530
vt 0.197135 0.434040
vt 0.216796 0.434040
vt 0.216796 0.491614
vt 0.217812 0.674470
vt 0.217812 0.600124
vt 0.237474 0.600124
vt 0.237474 0.674470
vt 0.158915 0.399876
vt 0.484142 0.197627
vt 0.484142 0.237152
vt 0.464480 0.237152
vt 0.464480 0.216982
vt 0.464480 0.197627
vt 0.217812 0.782980
vt 0.237474 0.782980
vt 0.158915 0.291366
vt 0.484142 0.237152
vt 0.484142 0.276677
vt 0.464480 0.276677
vt 0.464480 0.237152
vt 0.158915 0.000000
vt 0.444090 0.534203
vt 0.444065 0.459857
vt 0.257338 0.217020
vt 0.405845 0.108510
vt 0.366320 0.000000
vt 0.405845 0.000000
vt 0.366320 0.325530
vt 0.366320 0.217020
vt 0.405845 0.217020
vt 0.366320 0.903799
vt 0.079051 0.217020
vt 0.099392 0.217020
vt 0.079051 0.325530
vt 0.099367 0.325530
vt 0.079051 0.434040
vt 0.099343 0.434040
vt 0.079051 0.542550
vt 0.099318 0.542550
vt 0.079051 0.651061
vt 0.099294 0.651060
vt 0.079051 0.759571
vt 0.099269 0.759571
vt 0.079051 0.868081
vt 0.099244 0.868081
vt 0.444286 0.591777
vt 0.444311 0.649351
vt 0.424955 0.649351
vt 0.118576 0.217020
vt 0.118576 0.325530
vt 0.118576 0.434040
vt 0.118576 0.542550
vt 0.118576 0.651060
vt 0.118576 0.759571
vt 0.118576 0.868081
vt 0.118576 -0.000000
vt 0.118576 0.108510
vt 0.464480 0.649351
vt 0.366320 0.701142
vt 0.366320 0.508386
vt 0.385430 0.508386
vt 0.385430 0.701142
vt 0.385430 0.701142
vt 0.385430 0.893898
vt 0.366320 0.893898
vt 0.366320 0.701142
vt 0.424955 0.000000
vt 0.424955 0.192756
vt 0.405845 0.192756
vt 0.405845 0.000000
vt 0.405845 0.385512
vt 0.424955 0.578268
vt 0.405845 0.578268
vt 0.424955 0.771024
vt 0.405845 0.771024
vt 0.424955 0.963780
vt 0.405845 0.963780
vt 0.424955 0.192756
vt 0.424955 0.000000
vt 0.444065 0.000000
vt 0.444065 0.192756
vt 0.444065 0.385512
vt 0.424955 0.385512
vt 0.280490 0.192756
vt 0.280490 0.385512
vt 0.257338 0.385512
vt 0.257338 0.192756
vt 0.483590 0.369286
vt 0.464480 0.369286
vt 0.464480 0.346134
vt 0.483590 0.346134
vt 0.158915 0.051193
vt 0.178025 0.051193
vt 0.326794 0.000000
vt 0.326794 0.192756
vt 0.303642 0.192756
vt 0.303642 0.000000
vt 0.178025 0.593744
vt 0.197135 0.593744
vt 0.280490 0.385512
vt 0.280490 0.578268
vt 0.257338 0.578268
vt 0.257338 0.385512
vt 0.464480 0.438743
vt 0.483590 0.438743
vt 0.303642 0.192756
vt 0.303642 0.385512
vt 0.483590 0.531351
vt 0.464480 0.531351
vt 0.349946 0.192756
vt 0.349946 0.385512
vt 0.326794 0.385512
vt 0.326794 0.192756
vt 0.280490 0.578268
vt 0.280490 0.771024
vt 0.257338 0.771024
vt 0.257338 0.578268
vt 0.303642 0.578268
vt 0.280490 0.771024
vt 0.280490 0.578268
vt 0.326794 0.192756
vt 0.326794 0.385512
vt 0.303642 0.385512
vt 0.303642 0.192756
vt 0.178025 0.702254
vt 0.197135 0.702254
vt 0.326794 0.385512
vt 0.326794 0.578268
vt 0.303642 0.578268
vt 0.303642 0.385512
vt 0.303642 0.771024
vt 0.303642 0.963780
vt 0.280490 0.963780
vt 0.483590 0.392438
vt 0.464480 0.392438
vt 0.464480 0.369286
vt 0.483590 0.369286
vt 0.158915 0.593744
vt 0.280490 0.771024
vt 0.280490 0.963780
vt 0.257338 0.963780
vt 0.257338 0.771024
vt 0.349946 0.385512
vt 0.349946 0.578268
vt 0.483590 0.415590
vt 0.464480 0.415590
vt 0.464480 0.392438
vt 0.483590 0.392438
vt 0.303642 0.578268
vt 0.280490 0.578268
vt 0.483590 0.322982
vt 0.464480 0.322982
vt 0.464480 0.299829
vt 0.483590 0.299829
vt 0.303642 0.000000
vt 0.303642 0.192756
vt 0.280490 0.000000
vt 0.483590 0.438743
vt 0.464480 0.438743
vt 0.326794 0.578268
vt 0.326794 0.771024
s 0
usemtl madera1B
f 5870/3468/5548 5856/3469/5548 5860/3470/5548 5879/3471/5548
f 5891/3472/5548 5892/3473/5548 5915/3474/5548 5914/3475/5548
f 5888/3476/5549 5858/3477/5549 5854/3478/5549 5869/3479/5549
f 5857/3480/5549 5896/3481/5549 5861/3482/5549 5853/3483/5549
f 5896/3481/5549 5895/3484/5549 5862/3485/5549 5861/3482/5549
f 5895/3484/5549 5894/3486/5549 5863/3487/5549 5862/3485/5549
f 5894/3486/5549 5893/3488/5549 5864/3489/5549 5863/3487/5549
f 5893/3488/5549 5892/3490/5549 5865/3491/5549 5864/3489/5549
f 5892/3490/5549 5891/3492/5549 5866/3493/5549 5865/3491/5549
f 5891/3492/5549 5890/3494/5549 5867/3495/5549 5866/3493/5549
f 5890/3494/5549 5889/3496/5549 5868/3497/5549 5867/3495/5549
f 5889/3496/5549 5888/3476/5549 5869/3479/5549 5868/3497/5549
f 5884/3498/5549 5883/3473/5549 5907/3499/5549 5908/3500/5549
f 5890/3501/5548 5891/3472/5548 5914/3475/5548 5913/3502/5548
f 5883/3473/5549 5882/3472/5549 5906/3503/5549 5907/3499/5549
f 5889/3504/5548 5890/3501/5548 5913/3502/5548 5912/3505/5548
f 5882/3472/5549 5881/3501/5549 5905/3506/5549 5906/3503/5549
f 5888/3507/5548 5889/3504/5548 5912/3505/5548 5911/3508/5548
f 5895/3509/5548 5896/3510/5548 5902/3511/5548 5918/3512/5548
f 5881/3501/5549 5880/3513/5549 5904/3514/5549 5905/3506/5549
f 5858/3515/5548 5888/3507/5548 5911/3508/5548 5901/3516/5548
f 5855/3517/5548 5878/3518/5548 5887/3519/5548 5859/3520/5548
f 5878/3518/5548 5877/3521/5548 5886/3522/5548 5887/3519/5548
f 5877/3521/5548 5876/3523/5548 5885/3524/5548 5886/3522/5548
f 5876/3523/5548 5875/3525/5548 5884/3526/5548 5885/3524/5548
f 5875/3525/5548 5874/3527/5548 5883/3528/5548 5884/3526/5548
f 5874/3527/5548 5873/3529/5548 5882/3530/5548 5883/3528/5548
f 5873/3529/5548 5872/3531/5548 5881/3532/5548 5882/3530/5548
f 5872/3531/5548 5871/3533/5548 5880/3534/5548 5881/3532/5548
f 5871/3533/5548 5870/3468/5548 5879/3471/5548 5880/3534/5548
f 5859/3535/5549 5887/3536/5549 5897/3537/5549 5898/3538/5549
f 5885/3539/5549 5884/3498/5549 5908/3500/5549 5909/3540/5549
f 5892/3473/5548 5893/3541/5548 5916/3542/5548 5915/3474/5548
f 5886/3509/5549 5885/3539/5549 5909/3540/5549 5910/3543/5549
f 5879/3544/5549 5860/3545/5549 5900/3546/5549 5903/3547/5549
f 5893/3541/5548 5894/3539/5548 5917/3548/5548 5916/3542/5548
f 5887/3536/5549 5886/3509/5549 5910/3543/5549 5897/3537/5549
f 5880/3513/5549 5879/3544/5549 5903/3547/5549 5904/3514/5549
f 5894/3539/5548 5895/3509/5548 5918/3512/5548 5917/3548/5548
f 5896/3510/5548 5857/3549/5548 5899/3550/5548 5902/3511/5548
f 5883/3551/5548 5907/3552/5548 6008/3553/5548 6012/3554/5548
f 5879/3555/5550 5888/3556/5550 6000/3557/5550 6020/3558/5550
f 5880/3559/5548 5904/3560/5548 5999/3561/5548 5998/3562/5548
f 5911/3563/5551 5903/3564/5551 6011/3565/5551 6001/3566/5551
f 5894/3539/5548 5917/3548/5548 6005/3567/5548 6021/3568/5548
f 5881/3569/5548 5905/3570/5548 5996/3571/5548 5997/3572/5548
f 5904/3573/5550 5912/3574/5550 5991/3575/5550 5999/3576/5550
f 5903/3547/5549 5879/3544/5549 6020/3577/5549 6011/3578/5549
f 5902/3579/5549 5896/3580/5549 5994/3581/5549 5995/3582/5549
f 5876/3583/5552 5885/3584/5552 5938/3585/5552 5929/3586/5552
f 5875/3587/5552 5884/3583/5552 5937/3586/5552 5928/3588/5552
f 5874/3589/5552 5883/3587/5552 5936/3588/5552 5927/3590/5552
f 5873/3591/5552 5882/3592/5552 5935/3593/5552 5926/3594/5552
f 5872/3595/5552 5881/3596/5552 5934/3597/5552 5925/3598/5552
f 5871/3599/5552 5880/3600/5552 5933/3601/5552 5924/3602/5552
f 5856/3603/5551 5870/3604/5551 5923/3605/5551 5920/3606/5551
f 5879/3607/5553 5870/3608/5553 5923/3609/5553 5932/3610/5553
f 5870/3604/5551 5871/3611/5551 5924/3612/5551 5923/3605/5551
f 5871/3611/5551 5872/3613/5551 5925/3614/5551 5924/3612/5551
f 5872/3613/5551 5873/3615/5551 5926/3616/5551 5925/3614/5551
f 5873/3615/5551 5874/3617/5551 5927/3618/5551 5926/3616/5551
f 5907/3619/5552 5883/3587/5552 5936/3588/5552 5948/3620/5552
f 5874/3617/5551 5875/3621/5551 5928/3622/5551 5927/3618/5551
f 5875/3621/5551 5876/3623/5551 5929/3624/5551 5928/3622/5551
f 5884/3625/5553 5908/3626/5553 5949/3627/5553 5937/3628/5553
f 5876/3623/5551 5877/3629/5551 5930/3630/5551 5929/3624/5551
f 5877/3629/5551 5878/3631/5551 5931/3632/5551 5930/3630/5551
f 5897/3633/5552 5887/3607/5552 5940/3610/5552 5941/3634/5552
f 5860/3635/5551 5879/3636/5551 5932/3637/5551 5922/3638/5551
f 5859/3628/5553 5898/3627/5553 5942/3639/5553 5921/3640/5553
f 5879/3636/5551 5880/3641/5551 5933/3642/5551 5932/3637/5551
f 5878/3631/5551 5855/3643/5551 5919/3644/5551 5931/3632/5551
f 5885/3640/5553 5909/3639/5553 5950/3645/5553 5938/3646/5553
f 5906/3647/5552 5882/3592/5552 5935/3593/5552 5947/3648/5552
f 5881/3649/5550 5880/3650/5550 5933/3651/5550 5934/3652/5550
f 5855/3653/5552 5859/3654/5552 5921/3655/5552 5919/3656/5552
f 5882/3657/5550 5881/3649/5550 5934/3652/5550 5935/3658/5550
f 5860/3659/5553 5856/3660/5553 5920/3661/5553 5922/3662/5553
f 5883/3663/5550 5882/3657/5550 5935/3658/5550 5936/3664/5550
f 5887/3665/5551 5859/3666/5551 5921/3667/5551 5940/3668/5551
f 5910/3669/5552 5886/3670/5552 5939/3671/5552 5951/3672/5552
f 5884/3673/5550 5883/3663/5550 5936/3664/5550 5937/3674/5550
f 5900/3675/5552 5860/3676/5552 5922/3677/5552 5943/3678/5552
f 5905/3679/5552 5881/3596/5552 5934/3597/5552 5946/3680/5552
f 5884/3681/5551 5885/3682/5551 5938/3683/5551 5937/3684/5551
f 5879/3607/5553 5903/3685/5553 5944/3686/5553 5932/3610/5553
f 5904/3687/5552 5880/3600/5552 5933/3601/5552 5945/3688/5552
f 5885/3682/5551 5886/3689/5551 5939/3690/5551 5938/3683/5551
f 5886/3689/5551 5887/3665/5551 5940/3668/5551 5939/3690/5551
f 5878/3691/5552 5887/3607/5552 5940/3610/5552 5931/3692/5552
f 5877/3693/5552 5886/3670/5552 5939/3671/5552 5930/3694/5552
f 5951/3695/5549 5939/3696/5549 5938/3697/5549 5950/3698/5549 5929/3699/5549 5930/3700/5549
f 5963/3701/5548 5964/3702/5548 5976/3703/5548 5981/3704/5548
f 5922/3705/5549 5920/3706/5549 5923/3707/5549 5932/3708/5549
f 5925/3709/5549 5934/3710/5549 5933/3711/5549 5924/3712/5549
f 5919/3713/5549 5921/3714/5549 5940/3715/5549 5931/3716/5549
f 5944/3717/5549 5945/3718/5549 5933/3719/5549 5932/3710/5549
f 5946/3720/5549 5947/3721/5549 5935/3722/5549 5934/3723/5549
f 5949/3724/5548 5948/3725/5548 5936/3726/5548 5937/3727/5548
f 5929/3728/5549 5938/3729/5549 5937/3730/5549 5928/3731/5549
f 5951/3695/5549 5941/3732/5549 5940/3733/5549 5939/3696/5549
f 5853/3643/5551 5861/3631/5551 5956/3734/5551 5952/3735/5551
f 5858/3736/5552 5901/3737/5552 5975/3738/5552 5955/3739/5552
f 5891/3740/5551 5890/3741/5551 5967/3742/5551 5968/3743/5551
f 5868/3611/5551 5869/3604/5551 5964/3744/5551 5963/3745/5551
f 5861/3631/5551 5862/3629/5551 5957/3746/5551 5956/3734/5551
f 5891/3747/5550 5892/3748/5550 5969/3584/5550 5968/3749/5550
f 5862/3629/5551 5863/3623/5551 5958/3750/5551 5957/3746/5551
f 5893/3751/5551 5892/3752/5551 5969/3753/5551 5970/3754/5551
f 5863/3623/5551 5864/3621/5551 5959/3755/5551 5958/3750/5551
f 5894/3756/5551 5893/3751/5551 5970/3754/5551 5971/3757/5551
f 5899/3758/5553 5857/3759/5553 5954/3737/5553 5974/3736/5553
f 5864/3621/5551 5865/3617/5551 5960/3760/5551 5959/3755/5551
f 5895/3761/5551 5894/3756/5551 5971/3757/5551 5972/3762/5551
f 5857/3650/5551 5896/3763/5551 5973/3764/5551 5954/3765/5551
f 5888/3766/5551 5858/3767/5551 5955/3768/5551 5965/3769/5551
f 5865/3617/5551 5866/3615/5551 5961/3770/5551 5960/3760/5551
f 5896/3763/5551 5895/3761/5551 5972/3762/5551 5973/3764/5551
f 5857/3771/5552 5853/3772/5552 5952/3773/5552 5984/3774/5552 5954/3775/5552
f 5889/3776/5551 5888/3766/5551 5965/3769/5551 5966/3777/5551
f 5866/3615/5551 5867/3613/5551 5962/3778/5551 5961/3770/5551
f 5854/3779/5553 5858/3780/5553 5955/3781/5553 5953/3782/5553
f 5890/3741/5551 5889/3776/5551 5966/3777/5551 5967/3742/5551
f 5869/3604/5551 5854/3603/5551 5953/3783/5551 5964/3744/5551
f 5867/3613/5551 5868/3611/5551 5963/3745/5551 5962/3778/5551
f 5964/3716/5549 5976/3784/5549 5975/3785/5549 5953/3707/5549
f 5930/3700/5549 5931/3786/5549 5941/3732/5549 5951/3695/5549
f 5927/3787/5549 5936/3723/5549 5935/3788/5549 5926/3789/5549
f 5928/3790/5548 5927/3791/5548 5948/3725/5548 5949/3724/5548
f 5925/3787/5549 5926/3792/5549 5947/3721/5549 5946/3720/5549
f 5923/3709/5549 5924/3793/5549 5945/3718/5549 5944/3717/5549
f 5962/3794/5548 5963/3701/5548 5981/3704/5548 5978/3795/5548
f 5961/3796/5548 5962/3794/5548 5978/3795/5548 5979/3797/5548
f 5960/3798/5548 5961/3796/5548 5979/3797/5548 5980/3799/5548
f 5959/3800/5548 5960/3798/5548 5980/3799/5548 5982/3801/5548
f 5958/3802/5548 5959/3800/5548 5982/3801/5548 5983/3803/5548
f 5957/3804/5548 5958/3802/5548 5983/3803/5548 5985/3805/5548
f 5956/3806/5548 5957/3804/5548 5985/3805/5548 5977/3807/5548
f 5973/3714/5549 5977/3808/5549 5984/3809/5549 5954/3810/5549
f 5979/3797/5548 5978/3795/5548 5967/3811/5548 5968/3812/5548
f 5980/3799/5548 5979/3797/5548 5968/3812/5548 5969/3813/5548
f 5975/3785/5549 5976/3784/5549 5965/3715/5549 5955/3708/5549
f 5983/3803/5548 5982/3801/5548 5970/3814/5548 5971/3815/5548
f 5985/3805/5548 5983/3803/5548 5971/3815/5548 5972/3816/5548
f 5982/3801/5548 5980/3799/5548 5969/3813/5548 5970/3814/5548
f 5977/3807/5548 5985/3805/5548 5972/3816/5548 5973/3817/5548
f 5981/3704/5548 5976/3703/5548 5965/3818/5548 5966/3819/5548
f 5984/3809/5549 5977/3808/5549 5956/3713/5549 5952/3820/5549
f 5978/3795/5548 5981/3704/5548 5966/3819/5548 5967/3811/5548
f 6020/3821/5553 6000/3822/5553 6001/3823/5553 6011/3824/5553
f 5990/3825/5552 5998/3826/5552 5999/3827/5552 5991/3828/5552
f 5986/3829/5552 5997/3830/5552 5996/3831/5552 5987/3832/5552
f 5988/3833/5552 6010/3831/5552 6013/3830/5552 5989/3705/5552
f 6012/3834/5552 6008/3835/5552 6009/3833/5552 6015/3705/5552
f 6006/3836/5553 6014/3837/5553 6018/3835/5553 6007/3834/5553
f 6004/3838/5553 6017/3839/5553 6021/3837/5553 6005/3836/5553
f 6003/3840/5552 5992/3841/5552 5993/3842/5552 6019/3843/5552
f 5994/3843/5552 6016/3844/5552 6002/3845/5552 5995/3840/5552
f 5889/3846/5551 5880/3847/5551 5998/3848/5551 5990/3849/5551
f 5914/3850/5549 5891/3851/5549 6013/3852/5549 6010/3853/5549
f 5888/3507/5548 5911/3508/5548 6001/3854/5548 6000/3855/5548
f 5890/3856/5551 5881/3857/5551 5997/3858/5551 5986/3859/5551
f 5908/3500/5549 5884/3498/5549 6014/3860/5549 6006/3861/5549
f 5891/3862/5551 5882/3863/5551 5989/3864/5551 6013/3865/5551
f 5915/3554/5549 5892/3553/5549 6015/3866/5549 6009/3867/5549
f 5892/3868/5551 5883/3869/5551 6012/3847/5551 6015/3846/5551
f 5887/3870/5548 5897/3871/5548 6002/3580/5548 6016/3579/5548
f 5897/3872/5550 5902/3873/5550 5995/3874/5550 6002/3875/5550
f 5884/3876/5550 5893/3877/5550 6018/3878/5550 6014/3879/5550
f 5910/3880/5550 5918/3558/5550 5992/3881/5550 6003/3882/5550
f 5885/3883/5550 5894/3884/5550 6021/3885/5550 6017/3886/5550
f 5909/3540/5549 5885/3539/5549 6017/3887/5549 6004/3888/5549
f 5917/3889/5551 5909/3890/5551 6004/3891/5551 6005/3892/5551
f 5895/3893/5551 5886/3894/5551 6019/3895/5551 5993/3881/5551
f 5913/3896/5549 5890/3897/5549 5986/3898/5549 5987/3899/5549
f 5893/3541/5548 5916/3542/5548 6007/3900/5548 6018/3860/5548
f 5916/3901/5551 5908/3902/5551 6006/3903/5551 6007/3904/5551
f 5896/3905/5551 5887/3906/5551 6016/3890/5551 5994/3889/5551
f 5882/3907/5548 5906/3908/5548 5988/3909/5548 5989/3910/5548
f 5907/3885/5550 5915/3911/5550 6009/3912/5550 6008/3847/5550
f 5912/3913/5549 5889/3914/5549 5990/3915/5549 5991/3916/5549
f 5886/3626/5548 5910/3625/5548 6003/3871/5548 6019/3870/5548
f 5906/3917/5550 5914/3918/5550 6010/3574/5550 5988/3919/5550
f 5918/3920/5549 5895/3921/5549 5993/3908/5549 5992/3907/5549
f 5905/3922/5550 5913/3923/5550 5987/3558/5550 5996/3880/5550
o estanteriaPociones.001
v -2.155736 12.267929 0.115419
v -2.155736 14.428413 -0.019907
v -2.155736 12.267929 -2.262442
v -2.155736 14.428413 -2.142906
v -1.784471 12.364264 -0.020732
v -1.784471 14.332078 -0.141465
v -1.784471 12.364264 -2.126291
v -1.784471 14.332078 -2.021348
v -1.784471 14.428413 -2.142906
v -1.784471 12.267929 -2.262442
v -1.784471 12.267929 0.115419
v -1.784471 14.428413 -0.019907
v -2.086726 14.332078 -2.021348
v -2.086726 12.364264 -2.126291
v -2.086726 12.364264 -0.020732
v -2.086726 14.332078 -0.141465
v -2.155736 13.638621 0.015334
v -2.155736 13.639009 -2.174867
v -1.784471 13.639009 -2.174867
v -1.784471 13.638621 0.015334
v -1.784471 13.632442 -2.049461
v -1.784471 13.623549 -0.110073
v -2.086726 13.632442 -2.049461
v -2.086726 13.623549 -0.110073
v -2.155736 12.973878 -2.215565
v -1.784471 12.973878 -2.215565
v -1.784471 12.924876 0.061544
v -1.784471 12.972387 -2.085182
v -1.784471 12.923388 -0.068839
v -2.086726 12.972387 -2.085182
v -2.086726 12.923388 -0.068839
v -2.155736 12.924876 0.061544
v -2.155736 12.267929 -1.176887
v -2.155736 14.428413 -1.204616
v -1.784471 12.267929 -1.176887
v -1.784471 14.428413 -1.204616
v -1.784471 12.364264 -1.161083
v -1.784471 14.332078 -1.190507
v -2.086726 12.364264 -1.161083
v -2.086726 14.332078 -1.190507
v -2.086726 13.592924 -1.056775
v -2.155736 13.620757 -1.071331
v -2.155736 12.948782 -1.209164
v -2.086726 12.972387 -1.194030
v -1.784471 12.972387 -1.201608
v -1.784471 13.592924 -1.052505
v -2.155736 13.521760 0.015334
v -2.155736 13.522147 -2.186422
v -1.784471 13.522147 -2.186422
v -1.784471 13.521760 0.015334
v -1.784471 13.522091 -2.049461
v -1.784471 13.513198 -0.110073
v -2.086726 13.522091 -2.049461
v -2.086726 13.513198 -0.110073
v -2.155736 13.503896 -1.071331
v -2.155736 12.860735 -2.215565
v -1.784471 12.860735 -2.215565
v -1.784471 12.811733 0.061544
v -1.784471 12.871330 -2.085182
v -1.784471 12.822331 -0.068839
v -2.086726 12.871330 -2.085182
v -2.086726 12.822331 -0.068839
v -2.155736 12.811733 0.061544
v -2.086726 12.871330 -1.194030
v -2.155736 12.835639 -1.209164
v -2.155736 14.428413 -1.320864
v -1.784471 12.267929 -1.307090
v -1.784471 12.364264 -1.276376
v -2.086726 12.364264 -1.276376
v -2.155736 13.620757 -1.191259
v -2.155736 12.948782 -1.333850
v -2.155736 12.267929 -1.307090
v -1.784471 14.428413 -1.320864
v -1.784471 14.332078 -1.293442
v -2.086726 14.332078 -1.293442
v -2.086726 12.972387 -1.304438
v -2.155736 13.503896 -1.191259
v -2.086726 12.871330 -1.304438
v -2.155736 12.835639 -1.333850
v -1.784471 12.972387 -1.317886
v -1.784471 13.592924 -1.166030
v -2.086726 13.592924 -1.174997
v -1.784471 12.874879 -1.315730
v -1.784471 12.873836 -1.200380
v -1.784471 13.477015 -1.167764
v -2.086726 13.472403 -1.056775
v -1.784471 13.473802 -1.054591
v -2.086726 13.479260 -1.172926
v -2.162791 14.438622 -1.327801
v -2.162791 14.438622 -2.188169
v -1.777417 14.438622 -2.188169
v -1.777417 14.438622 -1.206133
v -1.777417 14.438622 0.033811
v -2.162791 14.438622 0.033811
v -2.162791 14.438622 -1.206133
v -1.777417 14.438622 -1.327801
v -2.162791 14.494767 -2.188169
v -1.777417 14.494767 -2.188169
v -2.162791 14.494767 -1.327801
v -1.777417 14.494767 -1.206133
v -1.777417 14.494767 0.033811
v -2.162791 14.494767 0.033811
v -2.162791 14.494767 -1.206133
v -1.777417 14.494767 -1.327801
v -2.156763 14.510080 -2.149495
v -1.783444 14.510080 -2.149495
v -2.156763 14.510080 -1.321874
v -1.783444 14.510080 -1.204837
v -1.783444 14.510080 -0.012087
v -2.156763 14.510080 -0.012087
v -2.156763 14.510080 -1.204837
v -1.783444 14.510080 -1.321874
v -2.165784 14.520288 -2.207371
v -1.774424 14.520288 -2.207371
v -2.165784 14.520288 -1.330744
v -1.774424 14.520288 -1.206777
v -1.774424 14.520288 0.056599
v -2.165784 14.520288 0.056599
v -2.165784 14.520288 -1.206777
v -1.774424 14.520288 -1.330744
v -2.176445 14.744870 -2.275774
v -1.763763 14.744870 -2.275774
v -2.176445 14.690270 -1.341227
v -1.763763 14.690270 -0.996271
v -1.763763 14.744870 0.137778
v -2.176445 14.744870 0.137778
v -2.176445 14.690270 -0.996271
v -1.763763 14.690270 -1.341227
v -2.163051 12.252616 -1.177812
v -2.163051 12.252616 0.176965
v -1.777157 12.252616 -2.315844
v -2.163051 12.252616 -2.315844
v -1.777157 12.252616 -1.314309
v -1.777157 12.252616 0.176965
v -2.163051 12.252616 -1.314309
v -1.777157 12.252616 -1.177812
v -1.777157 12.191367 -2.315844
v -2.163051 12.191367 -2.315844
v -2.163051 12.191367 -1.177812
v -2.163051 12.191367 0.176965
v -1.777157 12.191367 -1.314309
v -1.777157 12.191367 0.176965
v -2.163051 12.191367 -1.314309
v -1.777157 12.191367 -1.177812
v -1.785527 12.172992 -2.254736
v -2.154681 12.172992 -2.254736
v -2.154681 12.172992 -1.176753
v -2.154681 12.172992 0.106538
v -1.785527 12.172992 -1.306048
v -1.785527 12.172992 0.106538
v -2.154681 12.172992 -1.306048
v -1.785527 12.172992 -1.176753
v -1.774711 12.166867 -2.333698
v -2.165496 12.166867 -2.333698
v -2.165496 12.166867 -1.178121
v -2.165496 12.166867 0.197543
v -1.774711 12.166867 -1.316723
v -1.774711 12.166867 0.197543
v -2.165496 12.166867 -1.316723
v -1.774711 12.166867 -1.178121
v -1.766969 11.953719 -2.390223
v -2.173239 11.953719 -2.390223
v -2.173239 11.953719 -1.179100
v -2.173239 11.953719 0.262687
v -1.766969 11.953719 -1.324364
v -1.766969 11.953719 0.262687
v -2.173239 11.953719 -1.324364
v -1.766969 11.953719 -1.179100
v -2.155736 12.807480 0.115083
v -2.155736 12.920623 0.115083
v -1.784471 12.920623 0.115083
v -1.784471 12.807480 0.115083
v -2.155736 12.969625 -2.274458
v -1.784471 12.969625 -2.274458
v -2.155736 12.856482 -2.274458
v -1.784471 12.856482 -2.274458
v -2.155736 13.526158 0.092411
v -2.155736 13.642730 0.082445
v -1.784471 13.642730 0.082445
v -1.784471 13.526158 0.092411
vn -0.7474 0.5570 0.3623
vn -0.7295 -0.5919 0.3429
vn -0.7465 0.5496 -0.3752
vn -0.7239 -0.5917 -0.3547
vn 0.9165 0.2677 -0.2972
vn 0.8993 -0.3160 -0.3023
vn 0.9138 0.2753 0.2985
vn 0.8998 -0.3147 0.3023
vn 0.7239 -0.5917 -0.3547
vn 0.7465 0.5496 -0.3752
vn 0.7474 0.5570 0.3623
vn 0.7295 -0.5919 0.3429
vn 0.5795 -0.5877 0.5646
vn 0.5732 0.5555 0.6024
vn 0.5721 0.5489 -0.6095
vn 0.5797 -0.5888 -0.5633
vn -0.9065 0.3140 0.2824
vn -0.7137 0.0486 -0.6988
vn 0.7137 0.0486 -0.6988
vn 0.9065 0.3140 0.2824
vn 0.7117 -0.0141 0.7024
vn 0.4234 0.3855 -0.8198
vn 0.7026 -0.0143 0.7114
vn 0.6600 0.3197 -0.6799
vn -0.8895 0.3200 -0.3261
vn 0.8895 0.3200 -0.3261
vn 0.8857 0.3280 0.3286
vn 0.8095 0.2489 0.5318
vn 0.4255 0.3886 -0.8173
vn 0.6640 0.3170 0.6772
vn 0.6706 0.3186 -0.6699
vn -0.8857 0.3280 0.3286
vn -0.9753 0.2210 -0.0000
vn -0.9546 -0.2978 -0.0000
vn 0.9753 0.2210 -0.0000
vn 0.9546 -0.2978 -0.0000
vn 0.4185 0.8183 0.3941
vn 0.7940 -0.5542 -0.2499
vn 0.6583 0.6782 0.3266
vn 0.6427 -0.6984 -0.3150
vn 0.8279 0.3765 -0.4157
vn -1.0000 -0.0000 -0.0000
vn 0.8695 0.4937 0.0168
vn -0.8093 0.5870 0.0218
vn -0.3809 0.6213 -0.6848
vn -0.9069 -0.2773 0.3173
vn -0.7020 0.0539 -0.7101
vn 0.7020 0.0539 -0.7101
vn 0.9069 -0.2773 0.3173
vn 0.6999 -0.0232 0.7139
vn 0.3821 0.3831 -0.8410
vn 0.7145 -0.0227 0.6993
vn 0.6735 0.3065 -0.6727
vn -0.9216 -0.2734 -0.2753
vn 0.9216 -0.2734 -0.2753
vn 0.9246 -0.2668 0.2720
vn 0.8011 0.2505 0.5435
vn 0.3846 -0.4393 -0.8118
vn 0.6816 0.3063 0.6646
vn 0.6661 -0.3550 -0.6560
vn -0.9246 -0.2668 0.2720
vn 0.8812 -0.2041 0.4263
vn 0.3892 0.8295 0.4005
vn 0.6605 0.6761 0.3265
vn 0.7739 -0.5763 -0.2627
vn 0.6464 -0.6943 -0.3165
vn 0.8390 0.3603 0.4076
vn 0.8737 0.2271 0.4302
vn -0.2701 0.6413 0.7182
vn 0.1049 0.9943 0.0189
vn 0.9796 0.2008 0.0025
vn -0.3757 0.4478 0.8113
vn -0.8161 -0.2439 0.5239
vn -0.7414 -0.0906 0.6649
vn 0.8596 0.2745 -0.4309
vn -0.7611 0.3501 -0.5460
vn 0.8782 -0.0642 0.4740
vn -0.5931 -0.5091 -0.6237
vn 0.5931 -0.5091 -0.6237
vn 0.5903 -0.5193 0.6180
vn -0.5903 -0.5193 0.6180
vn -0.6046 0.4582 -0.6515
vn 0.6046 0.4582 -0.6515
vn -0.9825 0.1864 -0.0000
vn 0.9825 0.1864 -0.0000
vn 0.5999 0.4754 0.6435
vn -0.5999 0.4754 0.6435
vn -0.9597 -0.2083 -0.1888
vn 0.9597 -0.2083 -0.1888
vn -0.9848 -0.1735 -0.0000
vn 0.9848 -0.1735 -0.0000
vn 0.9668 -0.2009 0.1580
vn -0.9668 -0.2009 0.1580
vn -0.5910 -0.6158 -0.5210
vn 0.5910 -0.6158 -0.5210
vn -0.9245 -0.3813 -0.0004
vn 0.9240 -0.3823 0.0001
vn 0.5916 -0.6343 0.4976
vn -0.5916 -0.6343 0.4976
vn -0.9240 -0.3823 0.0001
vn 0.9245 -0.3813 -0.0004
vn -0.5584 0.4872 -0.6714
vn 0.5584 0.4872 -0.6714
vn -0.7407 0.6718 -0.0006
vn 0.7378 0.6750 0.0007
vn 0.5587 0.4697 0.6835
vn -0.5587 0.4697 0.6835
vn -0.7378 0.6750 0.0007
vn 0.7407 0.6718 -0.0006
vn -0.5940 0.5008 0.6296
vn 0.5969 0.4898 -0.6354
vn -0.5969 0.4898 -0.6354
vn 0.5940 0.5008 0.6296
vn 0.5978 -0.4856 -0.6378
vn -0.5978 -0.4856 -0.6378
vn -0.9773 -0.2121 -0.0000
vn -0.5948 -0.4970 0.6318
vn 0.9773 -0.2121 -0.0000
vn 0.5948 -0.4970 0.6318
vn 0.9278 0.3445 -0.1428
vn -0.9278 0.3445 -0.1428
vn -0.9511 0.3089 -0.0000
vn -0.9328 0.3386 0.1230
vn 0.9511 0.3089 -0.0000
vn 0.9328 0.3386 0.1230
vn 0.5859 0.6287 -0.5114
vn -0.5859 0.6287 -0.5114
vn -0.8546 0.5192 -0.0000
vn -0.5873 0.6395 0.4961
vn 0.8547 0.5192 -0.0000
vn 0.5873 0.6395 0.4961
vn -0.8547 0.5192 -0.0000
vn 0.8546 0.5192 -0.0000
vn 0.5750 -0.4954 -0.6511
vn -0.5750 -0.4954 -0.6511
vn -0.7198 -0.6942 -0.0000
vn -0.5732 -0.4841 0.6612
vn 0.7198 -0.6942 -0.0000
vn 0.5732 -0.4841 0.6612
vn -0.5733 -0.6019 0.5559
vn -0.5816 0.5520 0.5975
vn 0.5816 0.5520 0.5975
vn 0.5733 -0.6019 0.5559
vn -0.5812 0.5543 -0.5958
vn 0.5812 0.5543 -0.5958
vn -0.5737 -0.5997 -0.5579
vn 0.5737 -0.5997 -0.5579
vn -0.5759 -0.5355 0.6177
vn -0.5786 0.6174 0.5330
vn 0.5786 0.6174 0.5330
vn 0.5759 -0.5355 0.6177
vt 0.654680 0.190462
vt 0.676656 0.053556
vt 0.816042 0.053556
vt 0.821462 0.187368
vt 0.000002 0.781317
vt -0.000000 0.647479
vt 0.062952 0.647475
vt 0.062954 0.781313
vt 0.927672 0.691897
vt 0.927677 0.769588
vt 0.876426 0.769584
vt 0.876422 0.691893
vt 0.422683 0.926794
vt 0.422683 0.792889
vt 0.485634 0.792901
vt 0.485634 0.926806
vt 0.418929 0.754420
vt 0.418929 0.817372
vt 0.408513 0.818613
vt 0.408513 0.753180
vt 0.389301 0.053579
vt 0.188421 0.053579
vt 0.188164 0.051872
vt 0.398410 0.051872
vt 0.039111 0.317549
vt 0.032141 0.403511
vt 0.009055 0.419842
vt 0.017003 0.319345
vt 0.195802 0.403511
vt 0.389161 0.403511
vt 0.412247 0.419842
vt 0.193123 0.419842
vt 0.173359 0.069911
vt 0.049935 0.069911
vt 0.029324 0.053579
vt 0.168710 0.053579
vt 0.374013 0.190027
vt 0.368690 0.069911
vt 0.395277 0.187471
vt 0.547990 0.611540
vt 0.422683 0.634216
vt 0.422683 0.456340
vt 0.542799 0.451017
vt 0.395449 0.648836
vt 0.395449 0.792944
vt 0.344198 0.792944
vt 0.344198 0.648836
vt 0.947877 0.140875
vt 0.947877 0.318748
vt 0.896627 0.318748
vt 0.896627 0.140875
vt 0.845372 0.118651
vt 0.845366 0.000011
vt 0.896616 0.000000
vt 0.896622 0.118640
vt 0.845376 0.137362
vt 0.896627 0.137352
vt 0.653189 0.634814
vt 0.568422 0.611540
vt 0.561506 0.451017
vt 0.661496 0.444025
vt 0.374013 0.208734
vt 0.395277 0.207283
vt 0.045168 0.188519
vt 0.023904 0.187406
vt 0.419897 0.690228
vt 0.419897 0.753180
vt 0.408513 0.753180
vt 0.408513 0.690228
vt 0.927677 0.435872
vt 0.927674 0.556024
vt 0.876424 0.556020
vt 0.876426 0.435868
vt 0.654680 0.210271
vt 0.823421 0.207177
vt 0.678858 0.323547
vt 0.678858 0.304368
vt 0.828362 0.300114
vt 0.828362 0.319293
vt 0.908317 0.396663
vt 0.908317 0.333711
vt 0.918308 0.333711
vt 0.918308 0.396663
vt 0.183708 0.856310
vt 0.183708 0.919263
vt 0.174636 0.919263
vt 0.174636 0.856311
vt 0.381004 0.325855
vt 0.381004 0.308724
vt 0.403112 0.308471
vt 0.403112 0.327652
vt 0.670321 0.634814
vt 0.678628 0.444025
vt 0.845376 0.247718
vt 0.845372 0.230583
vt 0.896622 0.230572
vt 0.896626 0.247707
vt 0.045168 0.207226
vt 0.039111 0.300417
vt 0.017003 0.300164
vt 0.021945 0.207217
vt 0.927673 0.574735
vt 0.927674 0.674762
vt 0.876423 0.674758
vt 0.876422 0.574731
vt 0.670321 0.653534
vt 0.653189 0.653534
vt 0.442254 0.327600
vt 0.442254 0.308421
vt 0.657716 0.304368
vt 0.657716 0.323547
vt 0.450089 0.207243
vt 0.450089 0.187434
vt 0.634345 0.190462
vt 0.634345 0.210271
vt 0.653189 0.785918
vt 0.559998 0.779861
vt 0.567259 0.631235
vt 0.947877 0.123422
vt 0.896627 0.123422
vt 0.395449 0.435933
vt 0.395449 0.629287
vt 0.344198 0.629287
vt 0.344198 0.435933
vt 0.541291 0.779861
vt 0.422683 0.775094
vt 0.422683 0.651670
vt 0.547990 0.631586
vt 0.190813 0.069911
vt 0.176253 0.403511
vt 0.171045 0.419842
vt 0.656945 0.053556
vt 0.456065 0.053556
vt 0.446956 0.051855
vt 0.657202 0.051855
vt 0.192966 0.422463
vt 0.169821 0.422463
vt 0.876421 0.777691
vt 0.876421 0.937525
vt 0.825170 0.938249
vt 0.825170 0.777692
vt 0.876422 0.627876
vt 0.825171 0.626590
vt 0.825170 0.435868
vt 0.876421 0.435869
vt 0.114204 0.647475
vt 0.114235 0.772866
vt 0.062983 0.772865
vt 0.062954 0.647475
vt 0.876421 0.956774
vt 0.825170 0.958294
vt 0.114234 0.793064
vt 0.062983 0.793300
vt 0.000000 0.894079
vt 0.000000 0.801127
vt 0.062952 0.801123
vt 0.062952 0.894075
vt 0.639388 0.894080
vt 0.639388 0.792889
vt 0.702340 0.792909
vt 0.702340 0.894101
vt 0.433119 0.419780
vt 0.652243 0.419780
vt 0.756283 0.648776
vt 0.756283 0.629227
vt 0.845366 0.333711
vt 0.896616 0.333700
vt 0.756283 0.435868
vt 0.845366 0.425900
vt 0.845366 0.333711
vt 0.908317 0.333737
vt 0.908317 0.425926
vt 0.344198 0.893447
vt 0.344198 0.792951
vt 0.407150 0.792944
vt 0.407150 0.893440
vt 0.674321 0.419780
vt 0.836311 0.419780
vt 0.756283 0.792889
vt 0.670321 0.785918
vt 0.408513 0.884045
vt 0.408513 0.818613
vt 0.418898 0.818613
vt 0.418898 0.884045
vt 0.446956 0.042338
vt 0.657202 0.042338
vt 0.947877 0.000000
vt 0.896627 -0.000000
vt 0.639386 0.792899
vt 0.639388 0.918286
vt 0.588136 0.918271
vt 0.588136 0.792889
vt 0.876422 0.647592
vt 0.825171 0.645311
vt 0.165494 0.752739
vt 0.114235 0.752762
vt 0.114306 0.667145
vt 0.165553 0.666747
vt 0.103308 0.627186
vt 0.186690 0.597302
vt 0.188363 0.616427
vt 0.104468 0.646868
vt 0.165501 0.769874
vt 0.114243 0.769295
vt 0.753598 0.792898
vt 0.753594 0.810033
vt 0.702340 0.809599
vt 0.702343 0.792889
vt 0.086620 0.627960
vt 0.087947 0.647475
vt 0.876421 0.777691
vt 0.825170 0.777691
vt 0.202611 0.435933
vt 0.206827 0.595762
vt 0.183938 0.437033
vt 0.165553 0.855842
vt 0.114303 0.855861
vt 0.753598 0.896000
vt 0.702348 0.895988
vt 0.114203 0.878020
vt 0.062954 0.878023
vt 0.207959 0.614978
vt 0.114300 0.647491
vt 0.165544 0.647475
vt 0.536885 0.792889
vt 0.536885 0.953087
vt 0.485634 0.953459
vt 0.485634 0.792889
vt 0.876422 0.770668
vt 0.927673 0.769588
vt 0.927672 0.961506
vt 0.876422 0.961506
vt 0.083721 0.435933
vt 0.066621 0.436941
vt 0.169215 0.300417
vt 0.169580 0.316947
vt 0.588136 0.794799
vt 0.588136 0.925269
vt 0.536885 0.925269
vt 0.536885 0.792889
vt 0.167534 0.051872
vt 0.677832 0.051855
vt 0.823717 0.051855
vt 0.143256 0.920010
vt 0.143256 0.857058
vt 0.152353 0.855861
vt 0.152353 0.921206
vt 0.191394 0.857507
vt 0.191394 0.920459
vt 0.183708 0.921655
vt 0.183708 0.856311
vt 0.021649 0.051872
vt 0.677832 0.042338
vt 0.656982 0.039717
vt 0.676827 0.039717
vt 0.188164 0.042354
vt 0.398410 0.042354
vt 0.133736 0.855861
vt 0.133736 0.921206
vt 0.124216 0.921206
vt 0.124216 0.855861
vt 0.021649 0.042354
vt 0.167534 0.042354
vt 0.133736 0.921205
vt 0.133736 0.855861
vt 0.143256 0.855861
vt 0.143256 0.921205
vt 0.823717 0.042338
vt 0.657311 0.038024
vt 0.678331 0.038024
vt 0.454739 0.039717
vt 0.188383 0.039738
vt 0.390627 0.039738
vt 0.421788 0.435933
vt 0.421788 0.501278
vt 0.415211 0.500255
vt 0.415211 0.436955
vt 0.028206 0.039738
vt 0.168539 0.039738
vt 0.414633 0.624796
vt 0.414633 0.559451
vt 0.422396 0.560472
vt 0.422396 0.623773
vt 0.817160 0.039717
vt 0.188054 0.038037
vt 0.167035 0.038037
vt 0.165257 0.009256
vt 0.223748 0.009256
vt 0.443092 0.038024
vt 0.402274 0.038037
vt 0.274667 0.846696
vt 0.274667 0.909997
vt 0.264843 0.911526
vt 0.264843 0.845166
vt 0.018393 0.038037
vt 0.395449 0.752578
vt 0.395449 0.689278
vt 0.407084 0.687748
vt 0.407084 0.754107
vt 0.826973 0.038024
vt 0.207959 0.628286
vt 0.207961 0.435933
vt 0.277936 0.435933
vt 0.277934 0.628287
vt 0.277934 0.686776
vt 0.277936 0.845166
vt 0.207961 0.845166
vt 0.207959 0.686776
vt 0.165553 0.785560
vt 0.165553 0.719201
vt 0.203661 0.717450
vt 0.203661 0.787424
vt 0.680109 0.009255
vt 0.838571 0.000000
vt 0.621618 0.009255
vt 0.429327 0.000000
vt 0.416038 0.000000
vt 0.203663 0.649268
vt 0.203663 0.715627
vt 0.165553 0.717450
vt 0.165553 0.647475
vt 0.006794 0.000000
vt 0.675545 0.422406
vt 0.652400 0.422406
vt 0.156479 0.920053
vt 0.156479 0.857101
vt 0.165553 0.855861
vt 0.165553 0.921294
vt 0.845366 0.422406
vt 0.422683 0.422406
vt 0.422683 0.422463
vt 0.000000 0.422463
vt 0.169821 0.432846
vt 0.192966 0.432846
vt 0.193145 0.435933
vt 0.171222 0.435933
vt 0.845366 0.432788
vt 0.675545 0.432788
vt 0.422683 0.432846
vt 0.254461 0.845166
vt 0.254461 0.910598
vt 0.244076 0.910599
vt 0.244076 0.845167
vt 0.652400 0.432788
vt 0.422683 0.432788
vt 0.000000 0.432846
vt 0.279770 0.451356
vt 0.279770 0.668946
vt 0.277936 0.669186
vt 0.277936 0.435933
vt 0.674144 0.435868
vt 0.652221 0.435868
vt 0.010361 0.435933
vt 0.254461 0.910599
vt 0.254461 0.845167
vt 0.264843 0.846587
vt 0.264843 0.909181
vt 0.835005 0.435868
vt 0.410741 0.435933
vt 0.420434 0.624795
vt 0.420434 0.690228
vt 0.408513 0.688810
vt 0.408513 0.626216
vt 0.434625 0.435868
vt 0.963840 0.680173
vt 0.963840 0.446914
vt 1.000000 0.435868
vt 1.000000 0.680339
vt 0.342364 0.690869
vt 0.342364 0.668946
vt 0.344198 0.669186
vt 0.344198 0.692687
vt 0.279770 0.690869
vt 0.277936 0.692686
vt 0.342364 0.851725
vt 0.344198 0.865121
vt 0.279770 0.851725
vt 0.277936 0.865121
vt 0.342364 0.451356
vt 0.344198 0.435933
vt 0.825170 0.641223
vt 0.825170 0.885689
vt 0.756283 0.885688
vt 0.756283 0.641223
vt 0.756283 0.616592
vt 0.756283 0.435868
vt 0.825170 0.435868
vt 0.825170 0.616592
vt 0.201672 0.788691
vt 0.201672 0.854952
vt 0.165553 0.856310
vt 0.165553 0.787424
vt 0.963840 0.446914
vt 0.927677 0.680339
vt 0.927677 0.435868
vt 0.963840 0.703674
vt 1.000000 0.704970
vt 0.963840 0.703674
vt 0.927677 0.704970
vt 0.963840 0.876114
vt 1.000000 0.885698
vt 0.207959 0.912729
vt 0.207959 0.846467
vt 0.244076 0.845166
vt 0.244076 0.914054
vt 0.927677 0.885698
vt 0.395449 0.561844
vt 0.414633 0.561844
vt 0.414633 0.624795
vt 0.395449 0.624795
vt 0.165553 0.919263
vt 0.165553 0.856310
vt 0.174636 0.856311
vt 0.174636 0.919263
vt 0.412190 0.309192
vt 0.412190 0.328373
vt 0.433176 0.328321
vt 0.433176 0.309142
vt 0.395449 0.561844
vt 0.395449 0.498892
vt 0.414633 0.498892
vt 0.838348 0.300835
vt 0.838348 0.320014
vt 0.124216 0.855861
vt 0.124216 0.918813
vt 0.114235 0.918813
vt 0.114235 0.855861
vt 0.007017 0.320066
vt 0.007017 0.300885
vt 0.395449 0.435940
vt 0.415211 0.435933
vt 0.415211 0.498885
vt 0.395449 0.498892
vt 0.437020 0.206497
vt 0.438710 0.186738
vt 0.406656 0.186775
vt 0.408346 0.206537
vt 0.395449 0.687748
vt 0.395449 0.624796
vt 0.408513 0.624795
vt 0.408513 0.687747
vt 0.000000 0.626388
vt 0.001150 0.645904
vt 0.194964 0.195218
vt 0.214213 0.195218
s 1
usemtl madera1B
f 6091/3924/5595 6087/3925/5587 6025/3926/5557 6039/3927/5571
f 6039/3928/5571 6025/3929/5557 6030/3930/5562 6040/3931/5572
f 6081/3932/5611 6026/3933/5558 6036/3934/5568 6083/3935/5613
f 6041/3936/5573 6033/3937/5565 6023/3938/5555 6038/3939/5570
f 6032/3940/5564 6022/3941/5554 6151/3942/5663 6155/3943/5666
f 6033/3944/5565 6057/3945/5589 6113/3946/5589 6114/3947/5633
f 6080/3948/5610 6028/3949/5560 6031/3950/5563 6078/3951/5608
f 6058/3952/5590 6026/3953/5558 6032/3954/5564 6056/3955/5588
f 6095/3956/5618 6029/3957/5561 6030/3958/5562 6094/3959/5589
f 6043/3960/5575 6027/3961/5559 6033/3944/5565 6041/3962/5573
f 6089/3967/5616 6028/3968/5560 6035/3969/5567 6090/3970/5617
f 6059/3971/5591 6027/3972/5559 6037/3973/5569 6061/3974/5593
f 6042/3975/5574 6029/3976/5561 6034/3977/5566 6044/3978/5576
f 6072/3979/5603 6042/3975/5574 6044/3978/5576 6074/3980/5605
f 6073/3985/5604 6043/3960/5575 6041/3962/5573 6071/3986/5602
f 6029/3957/5561 6042/3987/5574 6040/3988/5572 6030/3958/5562
f 6041/3989/5573 6038/3990/5570 6199/3991/5702 6200/3992/5703
f 6027/3993/5559 6043/3994/5575 6045/3995/5577 6037/3996/5569
f 6098/3997/5595 6091/3924/5595 6039/3927/5571 6069/3998/5600
f 6100/3999/5595 6092/4000/5595 6046/4001/5578 6077/4002/5607
f 6046/4003/5578 6047/4004/5579 6195/4005/5698 6194/4006/5697
f 6048/4007/5580 6053/4008/5585 6191/4009/5694 6192/4010/5695
f 6081/4011/5611 6050/4012/5582 6048/4013/5580 6079/4014/5609
f 6085/4015/5615 6065/3981/5596 6052/3984/5584 6083/4016/5613
f 6080/4017/5610 6049/4018/5581 6051/4019/5583 6082/4020/5612
f 6072/4021/5603 6049/4022/5581 6047/4023/5579 6070/4024/5601
f 6073/4025/5604 6050/4026/5582 6052/4027/5584 6075/4028/5606
f 6099/4029/5621 6097/4030/5620 6065/3981/5596 6085/4015/5615
f 6084/4031/5614 6053/4032/5585 6064/4033/5595 6086/4034/5595
f 6068/4035/5599 6038/4036/5570 6063/4037/5595 6076/4038/5595
f 6095/4042/5618 6059/3971/5591 6061/3974/5593 6096/4043/5619
f 6026/4044/5558 6058/4045/5590 6060/4046/5592 6036/4047/5568
f 6027/3961/5559 6059/4052/5591 6057/3945/5589 6033/3944/5565
f 6089/4053/5616 6058/3952/5590 6056/3955/5588 6088/4054/5588
f 6055/4055/5587 6023/4056/5555 6115/4057/5634 6116/4058/5587
f 6088/4054/5588 6056/3955/5588 6157/4059/5588 6154/4060/5588
f 6038/4036/5570 6023/4056/5555 6055/4055/5587 6063/4037/5595
f 6043/4061/5575 6067/4062/5598 6062/4063/5594 6045/4064/5577
f 6066/4065/5597 6065/4066/5596 6052/4067/5584 6050/4068/5582
f 6059/4069/5591 6067/4070/5598 6062/4071/5594 6061/4072/5593
f 6062/4063/5594 6067/4062/5598 6102/4073/5623 6103/4074/5624
f 6062/4071/5594 6067/4070/5598 6108/4075/5629 6107/4076/5628
f 6053/4032/5585 6068/4035/5599 6076/4038/5595 6064/4033/5595
f 6043/3994/5575 6073/4025/5604 6075/4028/5606 6045/3995/5577
f 6042/3987/5574 6072/4021/5603 6070/4024/5601 6040/3988/5572
f 6092/4000/5595 6098/3997/5595 6069/3998/5600 6046/4001/5578
f 6046/4077/5578 6069/4078/5600 6070/4079/5601 6047/4080/5579
f 6048/4081/5580 6071/4082/5602 6068/4083/5599 6053/4084/5585
f 6050/4012/5582 6073/3985/5604 6071/3986/5602 6048/4013/5580
f 6049/4018/5581 6072/3979/5603 6074/3980/5605 6051/4019/5583
f 6022/4085/5554 6084/4031/5614 6086/4034/5595 6054/4086/5586
f 6090/4087/5617 6099/4029/5621 6085/4015/5615 6060/4088/5592
f 6028/4089/5560 6080/4017/5610 6082/4020/5612 6035/4090/5567
f 6026/3953/5558 6081/4011/5611 6079/4014/5609 6032/3954/5564
f 6032/4092/5564 6079/4093/5609 6084/4094/5614 6022/4095/5554
f 6024/4096/5556 6077/4097/5607 6078/4098/5608 6031/4099/5563
f 6093/4100/5586 6100/3999/5595 6077/4002/5607 6024/4101/5556
f 6049/4022/5581 6080/3948/5610 6078/3951/5608 6047/4023/5579
f 6050/4026/5582 6081/3932/5611 6083/3935/5613 6052/4027/5584
f 6054/4086/5586 6086/4034/5595 6100/3999/5595 6093/4100/5586
f 6064/4033/5595 6076/4038/5595 6098/3997/5595 6092/4000/5595
f 6153/4104/5665 6152/4105/5664 6158/4106/5667 6159/4107/5668
f 6116/4058/5587 6115/4057/5634 6123/4108/5640 6124/4109/5637
f 6028/3949/5560 6089/4053/5616 6088/4054/5588 6031/3950/5563
f 6029/4110/5561 6095/4042/5618 6096/4043/5619 6034/4111/5566
f 6082/4103/5612 6051/4039/5583 6097/4030/5620 6099/4029/5621
f 6086/4034/5595 6064/4033/5595 6092/4000/5595 6100/3999/5595
f 6076/4038/5595 6063/4037/5595 6091/3924/5595 6098/3997/5595
f 6058/4045/5590 6089/3967/5616 6090/3970/5617 6060/4046/5592
f 6059/4052/5591 6095/3956/5618 6094/3959/5589 6057/3945/5589
f 6063/4037/5595 6055/4055/5587 6087/3925/5587 6091/3924/5595
f 6103/4051/5624 6062/3963/5594 6107/3982/5628 6065/3981/5596 6097/4030/5620 6109/4041/5630
f 6095/4112/5618 6102/4113/5623 6103/4114/5624 6096/4115/5619
f 6103/4051/5624 6096/4050/5619 6061/3964/5593 6062/3963/5594
f 6101/4116/5622 6097/4117/5620 6065/4066/5596 6066/4065/5597
f 6097/4118/5620 6101/4119/5622 6106/4120/5627 6109/4121/5630
f 6066/4122/5597 6108/4123/5629 6106/4124/5627 6101/4125/5622
f 6097/4118/5620 6099/4126/5621 6104/4127/5625 6101/4119/5622
f 6065/4128/5596 6085/4129/5615 6105/4130/5626 6066/4131/5597
f 6105/4132/5626 6066/4122/5597 6101/4125/5622 6104/4133/5625
f 6101/4116/5622 6049/4134/5581 6051/4135/5583 6097/4117/5620
f 6043/4136/5575 6067/4137/5598 6108/4123/5629 6073/4138/5604
f 6104/4127/5625 6099/4126/5621 6090/4139/5617 6089/4140/5616
f 6105/4130/5626 6085/4129/5615 6060/4141/5592 6058/4142/5590
f 6107/4076/5628 6108/4075/5629 6066/4143/5597 6065/4144/5596
f 6102/4145/5623 6106/4124/5627 6108/4123/5629 6067/4137/5598
f 6109/4121/5630 6106/4120/5627 6102/4146/5623 6103/4147/5624
f 6075/3983/5606 6107/3982/5628 6062/3963/5594 6045/3966/5577
f 6073/4148/5604 6108/4149/5629 6107/4150/5628 6075/4151/5606
f 6085/4152/5615 6105/4153/5626 6081/4154/5611 6083/4155/5613
f 6050/4156/5582 6066/4122/5597 6105/4132/5626 6081/4157/5611
f 6049/4022/5581 6101/4158/5622 6104/4159/5625 6080/3948/5610
f 6104/4160/5625 6080/4161/5610 6082/4162/5612 6099/4163/5621
f 6057/3945/5589 6094/3959/5589 6117/4164/5589 6113/3946/5589
f 6025/3926/5557 6087/3925/5587 6110/4165/5587 6111/4166/5631
f 6023/4167/5555 6033/4168/5565 6114/4169/5633 6115/4170/5634
f 6087/3925/5587 6055/4055/5587 6116/4058/5587 6110/4165/5587
f 6030/4171/5562 6025/4172/5557 6111/4173/5631 6112/4174/5632
f 6094/3959/5589 6030/3958/5562 6112/4175/5632 6117/4164/5589
f 6120/4176/5637 6124/4109/5637 6132/4177/5643 6128/4178/5643
f 6114/3947/5633 6113/3946/5589 6121/4179/5638 6122/4180/5639
f 6112/4181/5632 6111/4182/5631 6118/4183/5635 6119/4184/5636
f 6117/4164/5589 6112/4175/5632 6119/4185/5636 6125/4186/5638
f 6113/3946/5589 6117/4164/5589 6125/4186/5638 6121/4179/5638
f 6115/4187/5634 6114/4188/5633 6122/4189/5639 6123/4190/5640
f 6111/4166/5631 6110/4165/5587 6120/4176/5637 6118/4191/5635
f 6110/4165/5587 6116/4058/5587 6124/4109/5637 6120/4176/5637
f 6128/4178/5643 6132/4177/5643 6140/4192/5653 6136/4193/5649
f 6124/4109/5637 6123/4108/5640 6131/4194/5646 6132/4177/5643
f 6122/4180/5639 6121/4179/5638 6129/4195/5644 6130/4196/5645
f 6119/4197/5636 6118/4198/5635 6126/4199/5641 6127/4200/5642
f 6125/4186/5638 6119/4185/5636 6127/4201/5642 6133/4202/5644
f 6121/4179/5638 6125/4186/5638 6133/4202/5644 6129/4195/5644
f 6123/4203/5640 6122/4204/5639 6130/4205/5645 6131/4206/5646
f 6118/4191/5635 6120/4176/5637 6128/4178/5643 6126/4207/5641
f 6137/4208/5650 6141/4209/5654 6149/4210/5662 6145/4211/5658
f 6132/4177/5643 6131/4194/5646 6139/4212/5652 6140/4192/5653
f 6130/4196/5645 6129/4195/5644 6137/4208/5650 6138/4213/5651
f 6127/4214/5642 6126/4215/5641 6134/4216/5647 6135/4217/5648
f 6133/4202/5644 6127/4201/5642 6135/4218/5648 6141/4209/5654
f 6129/4195/5644 6133/4202/5644 6141/4209/5654 6137/4208/5650
f 6131/4219/5646 6130/4220/5645 6138/4221/5651 6139/4222/5652
f 6126/4207/5641 6128/4178/5643 6136/4193/5649 6134/4223/5647
f 6148/4224/5661 6147/4225/5660 6146/4226/5659 6145/4227/5658 6149/4228/5662 6143/4229/5656 6142/4230/5655 6144/4231/5657
f 6139/4232/5652 6138/4233/5651 6146/4234/5659 6147/4235/5660
f 6134/4223/5647 6136/4193/5649 6144/4236/5657 6142/4237/5655
f 6136/4193/5649 6140/4192/5653 6148/4238/5661 6144/4236/5657
f 6140/4192/5653 6139/4212/5652 6147/4239/5660 6148/4238/5661
f 6138/4213/5651 6137/4208/5650 6145/4211/5658 6146/4240/5659
f 6135/4241/5648 6134/4242/5647 6142/4243/5655 6143/4244/5656
f 6141/4209/5654 6135/4218/5648 6143/4245/5656 6149/4210/5662
f 6054/4086/5586 6093/4100/5586 6156/4246/5586 6150/4247/5586
f 6024/4248/5556 6031/4249/5563 6152/4250/5664 6153/4251/5665
f 6093/4100/5586 6024/4101/5556 6153/4252/5665 6156/4246/5586
f 6022/4085/5554 6054/4086/5586 6150/4247/5586 6151/4253/5663
f 6056/3955/5588 6032/3954/5564 6155/4254/5666 6157/4059/5588
f 6031/3950/5563 6088/4054/5588 6154/4060/5588 6152/4255/5664
f 6162/4256/5671 6165/4257/5671 6173/4258/5677 6170/4259/5677
f 6156/4246/5586 6153/4252/5665 6159/4260/5668 6164/4261/5669
f 6157/4059/5588 6155/4254/5666 6163/4262/5672 6165/4257/5671
f 6155/4263/5666 6151/4264/5663 6161/4265/5670 6163/4266/5672
f 6151/4253/5663 6150/4247/5586 6160/4267/5669 6161/4268/5670
f 6154/4060/5588 6157/4059/5588 6165/4257/5671 6162/4256/5671
f 6150/4247/5586 6156/4246/5586 6164/4261/5669 6160/4267/5669
f 6152/4255/5664 6154/4060/5588 6162/4256/5671 6158/4269/5667
f 6169/4270/5676 6168/4271/5675 6176/4272/5681 6177/4273/5682
f 6160/4267/5669 6164/4261/5669 6172/4274/5675 6168/4275/5675
f 6158/4269/5667 6162/4256/5671 6170/4259/5677 6166/4276/5673
f 6159/4277/5668 6158/4278/5667 6166/4279/5673 6167/4280/5674
f 6164/4261/5669 6159/4260/5668 6167/4281/5674 6172/4274/5675
f 6165/4257/5671 6163/4262/5672 6171/4282/5678 6173/4258/5677
f 6163/4283/5672 6161/4284/5670 6169/4285/5676 6171/4286/5678
f 6161/4268/5670 6160/4267/5669 6168/4275/5675 6169/4287/5676
f 6181/4288/5686 6179/4289/5684 6187/4290/5692 6189/4291/5691
f 6170/4292/5677 6173/4293/5677 6181/4294/5686 6178/4295/5683
f 6168/4271/5675 6172/4296/5675 6180/4297/5685 6176/4272/5681
f 6166/4298/5673 6170/4292/5677 6178/4295/5683 6174/4299/5679
f 6167/4300/5674 6166/4298/5673 6174/4299/5679 6175/4301/5680
f 6172/4296/5675 6167/4300/5674 6175/4301/5680 6180/4297/5685
f 6173/4293/5677 6171/4302/5678 6179/4303/5684 6181/4294/5686
f 6171/4302/5678 6169/4270/5676 6177/4273/5682 6179/4303/5684
f 6189/4304/5691 6187/4305/5692 6185/4306/5690 6184/4307/5689 6188/4308/5689 6183/4309/5688 6182/4310/5687 6186/4311/5691
f 6179/4312/5684 6177/4313/5682 6185/4314/5690 6187/4315/5692
f 6177/4316/5682 6176/4288/5681 6184/4317/5689 6185/4318/5690
f 6178/4319/5683 6181/4288/5686 6189/4291/5691 6186/4320/5691
f 6176/4288/5681 6180/4321/5685 6188/4322/5689 6184/4317/5689
f 6174/4323/5679 6178/4319/5683 6186/4320/5691 6182/4324/5687
f 6175/4325/5680 6174/4326/5679 6182/4327/5687 6183/4328/5688
f 6180/4321/5685 6175/4323/5680 6183/4329/5688 6188/4322/5689
f 6193/4330/5696 6192/4331/5695 6191/4332/5694 6190/4333/5693
f 6084/4334/5614 6079/4335/5609 6193/4336/5696 6190/4337/5693
f 6079/4014/5609 6048/4013/5580 6192/4338/5695 6193/4339/5696
f 6053/4032/5585 6084/4031/5614 6190/4340/5693 6191/4341/5694
f 6196/4331/5699 6194/4342/5697 6195/4343/5698 6197/4344/5700
f 6077/4002/5607 6046/4001/5578 6194/4345/5697 6196/4346/5699
f 6078/4347/5608 6077/4348/5607 6196/4349/5699 6197/4350/5700
f 6047/4023/5579 6078/3951/5608 6197/4351/5700 6195/4352/5698
f 6201/4353/5704 6200/4354/5703 6199/4355/5702 6198/4356/5701
f 6038/4036/5570 6068/4035/5599 6198/4357/5701 6199/4358/5702
f 6071/3986/5602 6041/3962/5573 6200/4359/5703 6201/4360/5704
f 6068/4361/5599 6071/4362/5602 6201/4363/5704 6198/4364/5701
f 6040/3931/5572 6070/4079/5601 6069/4078/5600 6039/3928/5571
f 6058/4365/5590 6105/4132/5626 6104/4133/5625 6089/4366/5616
f 6102/4367/5623 6095/3956/5618 6059/4052/5591 6067/4368/5598
usemtl madera2B
f 6062/3963/5594 6061/3964/5593 6037/3965/5569 6045/3966/5577
f 6065/3981/5596 6107/3982/5628 6075/3983/5606 6052/3984/5584
f 6051/4039/5583 6074/4040/5605 6109/4041/5630 6097/4030/5620
f 6044/4048/5576 6034/4049/5566 6096/4050/5619 6103/4051/5624
f 6060/4088/5592 6085/4015/5615 6083/4016/5613 6036/4091/5568
f 6035/4102/5567 6082/4103/5612 6099/4029/5621 6090/4087/5617
f 6109/4041/5630 6074/4040/5605 6044/4048/5576 6103/4051/5624
o estanteria.002
v -2.123076 11.954495 -2.613154
v -2.123076 12.946198 -2.653362
v -2.123076 11.954495 -5.351358
v -2.123076 12.950101 -5.249670
v -1.753533 12.014918 -2.716533
v -1.753533 12.869848 -2.750323
v -1.753533 12.014918 -5.238045
v -1.753533 12.859055 -5.150334
v -1.753533 12.950101 -5.249670
v -1.753533 11.954495 -5.351358
v -1.753533 11.954495 -2.613154
v -1.753533 12.946198 -2.653362
v -2.038806 12.859055 -5.150334
v -2.038806 12.014918 -5.238045
v -2.038806 12.014918 -2.716533
v -2.038806 12.869848 -2.750323
v -2.123076 12.545139 -5.367968
v -1.753533 12.545139 -5.367968
v -1.753533 12.466166 -2.567564
v -1.753533 12.528050 -5.254865
v -1.753533 12.464714 -2.671570
v -2.038806 12.528050 -5.254865
v -2.038806 12.464714 -2.671570
v -2.123076 12.466166 -2.567564
v -2.123076 11.954495 -3.737162
v -2.123076 12.939568 -3.716541
v -1.753533 11.954495 -3.737162
v -1.753533 12.939568 -3.716541
v -1.753533 12.014918 -3.717091
v -1.753533 12.879145 -3.696470
v -2.038806 12.014918 -3.717091
v -2.038806 12.879145 -3.696470
v -2.123076 12.433112 -3.781139
v -2.038806 12.447918 -3.761068
v -1.753533 12.447918 -3.771118
v -2.123076 12.442807 -5.387016
v -1.753533 12.442807 -5.387016
v -1.753533 12.362533 -2.557817
v -1.753533 12.433170 -5.272526
v -1.753533 12.368628 -2.662533
v -2.038806 12.433170 -5.272526
v -2.038806 12.368628 -2.662533
v -2.123076 12.362533 -2.557817
v -2.038806 12.351408 -3.761068
v -2.123076 12.329021 -3.781139
v -2.123076 12.939568 -4.257565
v -1.753533 11.954495 -4.278186
v -1.753533 12.014918 -4.239177
v -2.038806 12.014918 -4.239177
v -2.123076 12.476931 -4.322162
v -2.123076 11.954495 -4.278186
v -1.753533 12.939568 -4.257565
v -1.753533 12.879145 -4.218556
v -2.038806 12.879145 -4.218556
v -2.038806 12.491735 -4.283154
v -2.038806 12.395226 -4.283154
v -2.123076 12.372840 -4.322162
v -1.753533 12.491735 -4.300991
v -1.753533 12.397451 -4.298131
v -1.753533 12.352979 -3.769490
v -2.117993 12.953992 -4.251859
v -2.117993 12.964235 -5.211475
v -1.758616 12.964235 -5.211475
v -1.758616 12.953992 -3.721933
v -1.758616 12.960439 -2.691790
v -2.117993 12.960439 -2.691790
v -2.117993 12.953992 -3.721933
v -1.758616 12.953992 -4.251859
v -2.133344 12.975084 -4.268999
v -2.133344 12.986203 -5.326731
v -1.743265 12.986203 -5.326731
v -1.743265 12.975084 -3.705559
v -1.743265 12.982082 -2.575648
v -2.133344 12.982082 -2.575648
v -2.133344 12.975084 -3.705559
v -1.743265 12.975084 -4.268999
v -2.133344 13.097747 -4.268878
v -2.133344 13.135959 -5.248358
v -1.743265 13.135959 -5.248358
v -1.743265 13.097747 -3.705439
v -1.743265 13.131839 -2.653781
v -2.133344 13.131839 -2.653781
v -2.133344 13.097747 -3.705439
v -1.743265 13.097747 -4.268878
vn -0.5848 -0.6109 0.5337
vn -0.6140 0.5143 0.5987
vn -0.5813 -0.5960 -0.5540
vn -0.6216 0.5419 -0.5656
vn 0.8863 0.3513 -0.3017
vn 0.8801 -0.3649 -0.3039
vn 0.8948 0.3285 0.3025
vn 0.8641 -0.4027 0.3019
vn 0.6216 0.5419 -0.5656
vn 0.5813 -0.5960 -0.5540
vn 0.5848 -0.6109 0.5337
vn 0.6140 0.5143 0.5987
vn 0.5966 -0.6422 0.4814
vn 0.5818 0.5983 0.5510
vn 0.5857 0.6148 -0.5281
vn 0.5887 -0.6212 -0.5172
vn -0.6960 0.1666 -0.6984
vn 0.6960 0.1666 -0.6984
vn 0.6979 0.0966 0.7097
vn 0.8410 0.1366 0.5235
vn 0.8268 0.1901 -0.5294
vn 0.6860 0.1837 0.7041
vn 0.6751 0.2493 -0.6944
vn -0.6979 0.0966 0.7097
vn -0.7071 -0.7071 -0.0000
vn -0.9858 0.1680 -0.0006
vn 0.7071 -0.7071 -0.0000
vn 0.9858 0.1680 -0.0006
vn 0.7071 0.7071 -0.0000
vn 0.7082 -0.7060 -0.0035
vn 0.7060 -0.7082 -0.0035
vn -1.0000 -0.0000 -0.0000
vn 0.8716 0.4330 0.2300
vn 0.6785 0.6482 0.3456
vn -0.6794 0.0408 -0.7326
vn 0.6794 0.0408 -0.7326
vn 0.6823 -0.0150 0.7309
vn 0.8121 0.2374 0.5331
vn 0.8183 -0.2482 -0.5184
vn 0.6376 0.3134 0.7037
vn 0.6458 -0.3296 -0.6886
vn -0.6823 -0.0150 0.7309
vn 0.8787 -0.4325 0.2021
vn -0.9859 0.1675 0.0011
vn 0.9859 0.1675 0.0011
vn 0.7095 -0.7046 0.0076
vn 0.7047 -0.7095 0.0076
vn 0.8701 0.4306 0.2400
vn 0.9740 -0.0118 0.2264
vn 0.6625 0.6550 0.3635
vn 0.9076 0.0369 0.4182
vn 0.6689 -0.6729 0.3157
vn -0.9895 -0.1444 -0.0003
vn -0.9679 -0.1765 -0.1788
vn 0.9679 -0.1765 -0.1788
vn 0.9895 -0.1444 0.0002
vn 0.9687 -0.1746 0.1767
vn -0.9687 -0.1746 0.1767
vn -0.9895 -0.1444 0.0002
vn 0.9895 -0.1444 -0.0003
vn -0.9500 -0.3123 -0.0023
vn -0.5672 -0.3633 -0.7391
vn 0.5672 -0.3633 -0.7391
vn 0.9504 -0.3110 0.0013
vn 0.5670 -0.3654 0.7382
vn -0.5670 -0.3654 0.7382
vn -0.9504 -0.3110 0.0013
vn 0.9500 -0.3123 -0.0023
vn -0.7115 0.7025 0.0137
vn -0.6043 0.6895 -0.3992
vn 0.6043 0.6895 -0.3992
vn 0.7108 0.7033 -0.0114
vn 0.6047 0.6877 0.4018
vn -0.6047 0.6877 0.4018
vn -0.7108 0.7033 -0.0114
vn 0.7115 0.7025 0.0137
vt 0.586040 0.204508
vt 0.666075 0.217861
vt 0.666075 0.325779
vt 0.576988 0.312426
vt 0.117935 0.685922
vt 0.117935 0.759805
vt 0.058967 0.759805
vt 0.058967 0.685922
vt 0.746708 0.333657
vt 0.823094 0.333657
vt 0.823094 0.565991
vt 0.746708 0.565991
vt 0.098890 0.023666
vt 0.012483 0.030793
vt 0.000000 0.007371
vt 0.100881 0.000000
vt 0.012483 0.345182
vt 0.012483 0.552003
vt 0.000000 0.573372
vt 0.000000 0.341034
vt 0.191024 0.241527
vt 0.186873 0.048923
vt 0.205683 0.028390
vt 0.203506 0.233463
vt 0.882063 0.206455
vt 0.882063 -0.000000
vt 0.941031 0.000000
vt 0.941031 0.206455
vt 1.000000 0.300491
vt 0.999998 0.496072
vt 0.941031 0.496072
vt 0.941032 0.300490
vt 0.666079 0.539380
vt 0.725047 0.536281
vt 0.725043 0.645608
vt 0.666075 0.647351
vt 0.101936 0.334015
vt 0.082323 0.334351
vt 0.091510 0.225078
vt 0.110989 0.224487
vt 0.401254 0.220111
vt 0.379786 0.220111
vt 0.365718 0.003937
vt 0.386824 -0.000000
vt 0.487534 0.646770
vt 0.487534 0.625320
vt 0.563921 0.625320
vt 0.563921 0.646770
vt 0.564072 0.660601
vt 0.564060 0.639136
vt 0.640443 0.639148
vt 0.640455 0.660613
vt 0.085556 0.563165
vt 0.105406 0.561297
vt 0.105706 0.582796
vt 0.084297 0.584810
vt 0.557050 0.312426
vt 0.580458 0.537631
vt 0.560607 0.539499
vt 0.117935 0.672264
vt 0.117951 0.652748
vt 0.176915 0.652671
vt 0.176899 0.672186
vt 0.284371 0.233463
vt 0.282198 0.028389
vt 0.118491 0.027316
vt 0.122021 0.003937
vt 0.566102 0.204508
vt 0.403380 0.584810
vt 0.382006 0.582796
vt 0.388823 0.331943
vt 0.410291 0.331943
vt 0.664154 0.521353
vt 1.000000 0.192575
vt 0.941033 0.192574
vt 0.882063 0.521168
vt 0.882063 0.314364
vt 0.941031 0.314364
vt 0.941031 0.521168
vt 0.283003 0.565060
vt 0.284371 0.345295
vt 0.189103 0.545018
vt 0.191024 0.349445
vt 0.203506 0.345296
vt 0.204876 0.565061
vt 0.012483 0.237264
vt 0.000000 0.229201
vt 0.746708 0.221826
vt 0.823094 0.221827
vt 0.823094 0.306883
vt 0.882062 0.308960
vt 0.882063 0.534103
vt 0.823096 0.534104
vt 0.117935 0.584810
vt 0.117935 0.666369
vt 0.058967 0.666369
vt 0.058967 0.584810
vt 0.487534 0.539499
vt 0.563921 0.539499
vt 0.563921 0.539499
vt 0.640303 0.539512
vt 0.118100 0.584888
vt 0.177064 0.584810
vt 0.487534 0.573373
vt 0.487534 0.341034
vt 0.487534 0.213599
vt 0.487534 0.321517
vt 0.118100 0.758869
vt 0.177064 0.758792
vt 0.487534 0.528337
vt 0.563921 0.744633
vt 0.640303 0.744645
vt 0.487534 0.746365
vt 0.563921 0.746365
vt 0.487534 0.229202
vt 0.487534 0.007371
vt 0.487534 0.007128
vt 0.573941 0.000000
vt 0.593542 0.003651
vt 0.661925 0.025258
vt 0.746708 -0.000000
vt 0.823094 0.000000
vt 0.999998 0.000000
vt 0.941031 -0.000000
vt 0.823095 0.197250
vt 0.882063 0.200937
vt 0.463683 0.643812
vt 0.443740 0.643838
vt 0.444185 0.584842
vt 0.463683 0.584810
vt 0.443740 0.643796
vt 0.423797 0.643808
vt 0.424113 0.584826
vt 0.443740 0.584810
vt 0.823096 0.000000
vt 0.882063 0.000000
vt 0.725047 0.874398
vt 0.666080 0.874398
vt 0.000000 0.786301
vt 0.000000 0.584811
vt 0.058967 0.584810
vt 0.058967 0.789402
vt 0.423797 0.584810
vt 0.423797 0.661197
vt 0.415817 0.660146
vt 0.415817 0.585861
vt 0.207853 0.557117
vt 0.206521 0.344181
vt 0.210773 0.347566
vt 0.212219 0.581124
vt 0.206521 0.234643
vt 0.279996 0.557117
vt 0.281326 0.344181
vt 0.407959 0.661197
vt 0.407959 0.584810
vt 0.415817 0.585861
vt 0.415817 0.660146
vt 0.208638 0.036285
vt 0.281326 0.234642
vt 0.279213 0.036285
vt 0.277188 0.231099
vt 0.277188 0.347565
vt 0.251889 0.347590
vt 0.251889 0.231124
vt 0.274894 0.012460
vt 0.213070 0.012461
vt 0.210773 0.231100
vt 0.640455 0.616960
vt 0.640455 0.542675
vt 0.664434 0.539499
vt 0.664434 0.620131
vt 0.487534 0.587986
vt 0.487534 0.662271
vt 0.463683 0.665442
vt 0.463683 0.584810
vt 0.275744 0.581124
vt 0.746707 0.319004
vt 0.746708 0.536281
vt 0.666076 0.536281
vt 0.666075 0.319004
vt 0.244858 0.564973
vt 0.236114 0.347591
vt 0.243157 0.564974
vt 0.244008 0.028660
vt 0.244008 0.028661
vt 0.236114 0.231125
vt 0.240904 0.584810
vt 0.240904 0.665438
vt 0.209556 0.665594
vt 0.209556 0.584967
vt 0.209556 0.584810
vt 0.209556 0.665442
vt 0.177064 0.665442
vt 0.177064 0.584810
vt 0.746707 0.202547
vt 0.666075 0.202547
vt 0.746708 0.000000
vt 0.666076 -0.000000
s 1
usemtl madera1B
f 6241/4373/5743 6206/4374/5709 6216/4375/5719 6243/4376/5745
f 6226/4377/5729 6228/4378/5731 6212/4379/5715 6202/4380/5705
f 6240/4381/5742 6208/4382/5711 6211/4383/5714 6238/4384/5740
f 6230/4385/5733 6206/4386/5709 6212/4387/5715 6228/4388/5731
f 6254/4389/5750 6209/4390/5712 6210/4391/5713 6253/4392/5749
f 6249/4393/5733 6208/4394/5711 6215/4395/5718 6250/4396/5733
f 6231/4397/5734 6207/4398/5710 6217/4399/5720 6233/4400/5735
f 6257/4401/5753 6260/4402/5755 6261/4403/5756 6245/4404/5747
f 6236/4405/5738 6261/4406/5756 6260/4407/5755 6259/4408/5754
f 6258/4409/5736 6251/4410/5736 6218/4411/5721 6237/4412/5739
f 6237/4413/5739 6218/4414/5721 6219/4415/5722 6238/4416/5740
f 6239/4417/5741 6220/4418/5723 6225/4419/5728 6244/4420/5746
f 6241/4421/5743 6222/4422/5725 6220/4423/5723 6239/4424/5741
f 6245/4425/5747 6235/4372/5737 6224/4426/5727 6243/4427/5745
f 6240/4428/5742 6221/4429/5724 6223/4430/5726 6242/4431/5744
f 6251/4410/5736 6247/4432/5748 6205/4433/5708 6218/4411/5721
f 6209/4390/5712 6221/4434/5724 6219/4435/5722 6210/4391/5713
f 6257/4436/5753 6256/4369/5752 6235/4372/5737 6245/4425/5747
f 6244/4437/5746 6225/4438/5728 6234/4439/5736 6246/4440/5736
f 6254/4442/5750 6231/4397/5734 6233/4400/5735 6255/4443/5751
f 6206/4444/5709 6230/4445/5733 6232/4446/5733 6216/4447/5719
f 6203/4448/5706 6227/4449/5730 6234/4439/5736 6225/4438/5728
f 6207/4450/5710 6231/4451/5734 6229/4452/5732 6213/4453/5716
f 6249/4454/5733 6230/4385/5733 6228/4388/5731 6248/4455/5731
f 6252/4456/5729 6248/4457/5731 6228/4378/5731 6226/4377/5729
f 6236/4458/5738 6235/4459/5737 6224/4460/5727 6222/4461/5725
f 6207/4462/5710 6222/4463/5725 6224/4464/5727 6217/4465/5720
f 6218/4414/5721 6205/4466/5708 6210/4467/5713 6219/4415/5722
f 6220/4418/5723 6213/4468/5716 6203/4469/5706 6225/4419/5728
f 6222/4422/5725 6207/4450/5710 6213/4453/5716 6220/4423/5723
f 6221/4429/5724 6209/4470/5712 6214/4471/5717 6223/4430/5726
f 6227/4449/5730 6247/4432/5748 6251/4410/5736 6234/4439/5736
f 6202/4472/5705 6244/4437/5746 6246/4440/5736 6226/4473/5729
f 6208/4476/5711 6240/4428/5742 6242/4431/5744 6215/4477/5718
f 6206/4386/5709 6241/4421/5743 6239/4424/5741 6212/4387/5715
f 6212/4479/5715 6239/4417/5741 6244/4420/5746 6202/4480/5705
f 6204/4481/5707 6237/4413/5739 6238/4416/5740 6211/4482/5714
f 6252/4483/5729 6258/4409/5736 6237/4412/5739 6204/4484/5707
f 6221/4434/5724 6240/4381/5742 6238/4384/5740 6219/4435/5722
f 6222/4463/5725 6241/4373/5743 6243/4376/5745 6224/4464/5727
f 6226/4473/5729 6246/4440/5736 6258/4409/5736 6252/4483/5729
f 6204/4489/5707 6211/4490/5714 6248/4457/5731 6252/4456/5729
f 6208/4382/5711 6249/4454/5733 6248/4455/5731 6211/4383/5714
f 6209/4491/5712 6254/4442/5750 6255/4443/5751 6214/4492/5717
f 6242/4486/5744 6223/4487/5726 6256/4369/5752 6257/4436/5753
f 6246/4440/5736 6234/4439/5736 6251/4410/5736 6258/4409/5736
f 6230/4445/5733 6249/4393/5733 6250/4396/5733 6232/4446/5733
f 6231/4451/5734 6254/4389/5750 6253/4392/5749 6229/4452/5732
f 6259/4493/5754 6256/4494/5752 6235/4459/5737 6236/4458/5738
f 6256/4495/5752 6257/4496/5753 6260/4497/5755 6259/4498/5754
f 6235/4499/5737 6245/4500/5747 6261/4501/5756 6236/4502/5738
f 6259/4493/5754 6221/4503/5724 6223/4504/5726 6256/4494/5752
f 6245/4404/5747 6261/4403/5756 6241/4505/5743 6243/4506/5745
f 6261/4406/5756 6236/4405/5738 6222/4422/5725 6241/4421/5743
f 6221/4434/5724 6259/4408/5754 6260/4407/5755 6240/4381/5742
f 6260/4507/5755 6240/4508/5742 6242/4509/5744 6257/4510/5753
f 6203/4511/5706 6213/4512/5716 6266/4513/5761 6267/4514/5762
f 6266/4515/5761 6265/4516/5760 6273/4517/5768 6274/4518/5769
f 6229/4452/5732 6253/4392/5749 6269/4519/5764 6265/4516/5760
f 6227/4449/5730 6203/4448/5706 6267/4520/5762 6268/4521/5763
f 6210/4522/5713 6205/4523/5708 6263/4524/5758 6264/4525/5759
f 6253/4392/5749 6210/4391/5713 6264/4526/5759 6269/4519/5764
f 6247/4432/5748 6227/4449/5730 6268/4521/5763 6262/4527/5757
f 6213/4453/5716 6229/4452/5732 6265/4516/5760 6266/4515/5761
f 6205/4433/5708 6247/4432/5748 6262/4527/5757 6263/4528/5758
f 6270/4529/5765 6276/4530/5771 6284/4531/5779 6278/4532/5773
f 6263/4528/5758 6262/4527/5757 6270/4529/5765 6271/4533/5766
f 6269/4519/5764 6264/4526/5759 6272/4534/5767 6277/4535/5772
f 6265/4516/5760 6269/4519/5764 6277/4535/5772 6273/4517/5768
f 6267/4536/5762 6266/4537/5761 6274/4538/5769 6275/4539/5770
f 6264/4540/5759 6263/4541/5758 6271/4542/5766 6272/4543/5767
f 6262/4527/5757 6268/4521/5763 6276/4530/5771 6270/4529/5765
f 6268/4521/5763 6267/4520/5762 6275/4544/5770 6276/4530/5771
f 6284/4545/5779 6283/4546/5778 6282/4547/5777 6281/4548/5776
f 6276/4530/5771 6275/4544/5770 6283/4549/5778 6284/4531/5779
f 6274/4518/5769 6273/4517/5768 6281/4550/5776 6282/4551/5777
f 6271/4533/5766 6270/4529/5765 6278/4532/5773 6279/4552/5774
f 6277/4535/5772 6272/4534/5767 6280/4553/5775 6285/4554/5780
f 6273/4517/5768 6277/4535/5772 6285/4554/5780 6281/4550/5776
f 6275/4555/5770 6274/4556/5769 6282/4557/5777 6283/4558/5778
f 6272/4559/5767 6271/4560/5766 6279/4561/5774 6280/4562/5775
f 6278/4563/5773 6284/4545/5779 6281/4548/5776 6285/4564/5780
f 6279/4565/5774 6278/4563/5773 6285/4564/5780 6280/4566/5775
usemtl madera2B
f 6256/4369/5752 6255/4370/5751 6233/4371/5735 6235/4372/5737
f 6235/4372/5737 6233/4371/5735 6217/4441/5720 6224/4426/5727
f 6250/4474/5733 6257/4436/5753 6245/4425/5747 6232/4475/5733
f 6232/4475/5733 6245/4425/5747 6243/4427/5745 6216/4478/5719
f 6215/4485/5718 6242/4486/5744 6257/4436/5753 6250/4474/5733
f 6223/4487/5726 6214/4488/5717 6255/4370/5751 6256/4369/5752
o libroAbierto.001
v -1.738592 11.966962 4.099849
v -2.228355 11.966962 4.099848
v -1.749499 11.967498 4.132653
v -2.217447 11.967498 4.132653
v -1.749499 11.967498 4.237944
v -2.217447 11.967498 4.237944
v -1.743991 11.966652 4.259374
v -2.222955 11.966652 4.259374
v -1.749499 11.967498 4.119999
v -2.217447 11.967498 4.119999
v -2.228355 11.964284 4.692044
v -2.182511 11.964284 4.692044
v -1.784787 11.964284 4.692044
v -1.738591 11.964284 4.692044
v -2.228355 11.966600 4.268795
v -1.738591 11.966600 4.268795
v -2.228355 11.969116 3.676598
v -1.784787 11.969116 3.676598
v -1.738591 11.969116 3.676598
v -1.749499 11.967498 4.128997
v -2.217447 11.967498 4.234288
v -1.749499 11.967498 4.234288
v -2.217448 11.968177 4.252034
v -1.749499 11.968177 4.252034
v -2.222955 11.966914 4.109270
v -1.743991 11.966914 4.109270
v -2.206996 12.047984 4.649101
v -2.165151 12.047984 4.649101
v -1.802120 12.047984 4.649101
v -1.759955 12.047984 4.649101
v -2.206996 12.046260 3.722232
v -2.165151 12.046260 3.722232
v -1.802120 12.046260 3.722232
v -1.759955 12.046260 3.722232
v -2.206996 12.005440 4.108562
v -1.759955 12.005440 4.108562
v -2.206996 12.028576 4.328450
v -1.759955 12.028576 4.328450
v -2.197040 11.970985 4.126325
v -2.197040 11.970985 4.230645
v -1.759955 11.969388 4.107933
v -1.759955 11.969058 4.327820
v -1.759955 11.968051 4.648471
v -1.802120 11.968051 4.648471
v -2.197040 11.970985 4.137875
v -2.197040 11.970985 4.134538
v -1.764883 11.970451 4.116531
v -1.769911 11.970985 4.126325
v -2.202068 11.970451 4.116531
v -2.165151 11.968051 4.648471
v -2.206996 11.968051 4.648471
v -1.764883 11.970212 4.253542
v -2.206996 11.969847 4.327819
v -1.769911 11.971604 4.246842
v -1.769911 11.970985 4.134538
v -1.769911 11.970985 4.137875
v -1.769911 11.970985 4.230645
v -1.769911 11.970985 4.233982
v -2.202068 11.970212 4.253542
v -1.759955 11.972462 3.721602
v -2.206996 11.970177 4.107932
v -2.206996 11.972462 3.721602
v -2.165151 11.972462 3.721602
v -1.802120 11.972462 3.721602
v -2.197040 11.971604 4.246842
v -2.197040 11.970985 4.233982
v -1.802120 12.005440 4.108562
v -1.802120 12.028576 4.328450
v -2.165151 12.005440 4.108562
v -2.165151 12.028576 4.328450
v -1.759955 11.982223 4.185667
v -1.759955 11.969223 4.185037
v -2.206996 11.982223 4.185667
v -2.206996 11.970012 4.185037
v -1.802120 11.982223 4.185667
v -2.165151 11.982223 4.185667
v -1.738591 11.955989 3.676598
v -1.759955 11.959334 3.721602
v -1.759955 11.954924 4.648471
v -1.738591 11.951157 4.692044
v -2.197040 11.957858 4.137875
v -2.217447 11.954370 4.132653
v -1.738592 11.953835 4.099849
v -1.759955 11.956261 4.107933
v -1.759955 11.955931 4.327820
v -1.738591 11.953472 4.268795
v -1.784787 11.953835 4.099849
v -2.182511 11.953835 4.099848
v -2.228355 11.953835 4.099848
v -1.749499 11.954370 4.132653
v -1.788422 11.954370 4.132653
v -2.178875 11.954370 4.132653
v -1.749499 11.954370 4.237944
v -1.788422 11.954370 4.237944
v -2.178875 11.954370 4.237944
v -2.217447 11.954370 4.237944
v -1.743991 11.953525 4.259374
v -1.786586 11.953525 4.259374
v -2.180711 11.953525 4.259374
v -2.222955 11.953525 4.259374
v -1.749499 11.954370 4.119999
v -1.788422 11.954370 4.119999
v -2.178875 11.954370 4.119999
v -2.217447 11.954370 4.119999
v -2.228355 11.951157 4.692044
v -2.182511 11.951157 4.692044
v -1.784787 11.951157 4.692044
v -2.228355 11.953472 4.268795
v -2.182511 11.953472 4.268795
v -1.784787 11.953472 4.268795
v -2.228355 11.955989 3.676598
v -2.182511 11.955989 3.676598
v -1.784787 11.955989 3.676598
v -2.217447 11.954370 4.128997
v -2.178875 11.954370 4.128997
v -1.788422 11.954370 4.128997
v -1.749499 11.954370 4.128997
v -2.217447 11.954370 4.234288
v -2.178875 11.954370 4.234288
v -1.788422 11.954370 4.234288
v -1.749499 11.954370 4.234288
v -2.217448 11.955050 4.252034
v -2.178875 11.955050 4.252034
v -1.788422 11.955050 4.252034
v -1.749499 11.955050 4.252034
v -2.222955 11.953787 4.109270
v -2.180711 11.953787 4.109270
v -1.786586 11.953787 4.109270
v -1.743991 11.953787 4.109270
v -2.210220 11.951341 4.658449
v -2.177583 11.951341 4.658449
v -1.789711 11.951341 4.658449
v -1.756731 11.951341 4.658449
v -2.210220 11.953396 4.282847
v -2.177582 11.953396 4.282847
v -1.789711 11.953396 4.282847
v -1.756731 11.953396 4.282847
v -2.191381 11.951450 4.638381
v -2.173262 11.951450 4.638381
v -1.794027 11.951450 4.638381
v -1.775574 11.951450 4.638381
v -2.191381 11.953286 4.302916
v -2.173262 11.953286 4.302916
v -1.794027 11.953286 4.302916
v -1.775574 11.953286 4.302916
v -2.206996 11.959334 3.721602
v -2.165151 11.959334 3.721602
v -1.802120 11.959334 3.721602
v -2.197040 11.957858 4.126325
v -2.197040 11.957858 4.134538
v -2.197040 11.957858 4.233982
v -2.197040 11.958477 4.246842
vn -0.4948 0.6350 -0.5933
vn -0.6761 0.6310 -0.3804
vn -0.1414 0.9880 0.0625
vn -0.2898 0.4327 -0.8537
vn -0.1864 0.5255 -0.8301
vn -0.7778 0.5967 0.1977
vn -0.7262 0.6859 0.0468
vn -0.2267 0.9477 -0.2246
vn -0.7643 0.6448 -0.0000
vn -0.5593 0.5174 0.6477
vn -0.0129 0.7828 0.6222
vn -0.1684 0.9857 -0.0000
vn -0.0000 0.6760 0.7369
vn 0.7126 0.5355 0.4533
vn 0.9078 0.4079 -0.0976
vn -0.0000 0.9963 0.0861
vn 0.7643 0.6448 -0.0000
vn 0.1684 0.9857 -0.0000
vn -0.5851 0.5550 0.5913
vn -0.3961 0.9175 0.0372
vn -0.7732 0.6053 -0.1890
vn -0.7567 0.6538 0.0020
vn -0.5396 0.5163 -0.6650
vn 0.0189 0.7958 -0.6053
vn 0.6837 0.6478 0.3361
vn 0.6451 0.5098 -0.5691
vn 0.8565 0.4554 -0.2429
vn 0.1732 0.9842 0.0369
vn 0.8158 0.5751 -0.0617
vn 0.6756 0.6337 -0.3767
vn 0.1394 0.9880 0.0658
vn 0.9943 0.0661 0.0833
vn -0.6889 0.6282 0.3615
vn -0.1827 0.9818 0.0526
vn 0.6472 0.7508 -0.1324
vn 0.7708 0.6368 -0.0171
vn 0.1723 0.9848 -0.0209
vn 0.1675 0.9858 -0.0077
vn -0.7317 -0.6540 0.1921
vn -0.6092 -0.7155 0.3420
vn 0.5776 -0.6975 -0.4241
vn 0.6022 -0.7464 -0.2833
vn -0.5776 -0.6975 -0.4241
vn -0.7312 -0.6530 -0.1976
vn -0.2860 0.6801 -0.6750
vn -0.4672 -0.5726 -0.6738
vn 0.7017 -0.7122 0.0171
vn 0.5615 0.7618 -0.3231
vn -0.2449 -0.5016 -0.8297
vn 0.7071 -0.7071 -0.0000
vn -1.0000 -0.0000 -0.0000
vn -0.6331 -0.5564 0.5382
vn 0.0397 0.6398 0.7675
vn -0.0000 -0.0000 -1.0000
vn 0.7784 0.6152 0.1248
vn 0.7794 -0.6221 -0.0739
vn 0.7724 -0.4894 -0.4049
vn 0.5016 0.5273 -0.6858
vn -0.0000 -0.7090 0.7052
vn 0.6999 -0.5541 0.4507
vn 0.6989 0.6984 0.1543
vn 0.6301 -0.7558 0.1780
vn -0.7071 -0.7071 -0.0000
vn -0.5771 -0.5791 0.5759
vn 0.0969 0.6104 -0.7862
vn -0.6231 -0.5503 -0.5557
vn -0.3336 0.4670 0.8189
vn -0.5635 0.5668 0.6010
vn -0.5410 -0.6152 0.5735
vn -0.3171 0.7053 0.6341
vn 0.7814 0.6026 -0.1622
vn 0.6092 -0.7155 0.3420
vn 0.9084 0.4060 0.1002
vn 0.7799 0.6043 0.1631
vn -0.0000 0.0085 -1.0000
vn 1.0000 -0.0000 -0.0000
vn -0.0000 -0.0079 1.0000
vn -0.7187 0.6159 -0.3226
vn -0.4536 0.5727 -0.6828
vn -0.4296 -0.5950 -0.6793
vn -0.5951 0.7514 -0.2851
vn 0.7084 0.5389 -0.4559
vn 0.1719 0.9850 0.0116
vn 0.6974 -0.5525 -0.4566
vn -0.0000 0.9945 0.1051
vn -0.0000 0.9982 -0.0604
vn -0.0000 0.9575 0.2883
vn -0.0000 0.9511 -0.3088
vn -0.0000 -1.0000 -0.0051
vn -0.0000 -0.9997 0.0247
vn -0.0000 -0.0346 -0.9994
vn -0.0000 -0.9969 -0.0783
vn -0.0000 -0.9945 -0.1050
vn -0.0000 -0.9996 0.0272
vn -0.9964 -0.0845 -0.0000
vn -0.0000 -1.0000 -0.0000
vn -0.0000 -0.9997 0.0241
vn -0.0000 -1.0000 -0.0055
vn -0.0000 0.9972 -0.0741
vt 0.572396 0.750000
vt 0.575000 0.750000
vt 0.575000 0.250000
vt 0.575000 0.000000
vt 0.572396 0.754340
vt 0.572396 0.750000
vt 0.475000 0.500000
vt 0.425000 0.500000
vt 0.427604 0.754340
vt 0.427604 0.997034
vt 0.525000 0.500000
vt 0.575000 0.500000
vt 0.575000 0.750000
vt 0.572396 0.996817
vt 0.425000 0.000000
vt 0.425000 0.000000
vt 0.425000 0.750000
vt 0.425000 0.750000
vt 0.575000 0.000000
vt 0.427604 0.750000
vt 0.427604 0.750000
vt 0.427604 1.000000
vt 0.000000 0.000000
vt 0.427604 1.000000
vt 0.572396 1.000000
vt 0.575000 1.000000
vt 0.425000 0.250000
vt 0.425000 0.375000
vt 0.425000 0.375000
vt 0.575000 0.375000
vt 0.475000 0.250000
vt 0.425000 1.000000
vt 0.439148 0.000000
vt 0.439148 0.750000
vt 0.439148 0.375000
vt 0.560959 0.375000
vt 0.560959 0.000000
vt 0.560959 0.750000
vt 0.525000 0.000000
vt 0.475000 0.000000
vt 0.475000 0.000000
vt 0.525000 0.250000
vt 0.524132 0.750000
vt 0.525000 0.750000
vt 0.475868 0.750000
vt 0.475000 0.750000
vt 0.475868 1.000000
vt 0.475000 1.000000
vt 0.524132 1.000000
vt 0.525000 1.000000
vt 0.572396 1.000000
vt 0.524132 1.000000
vt 0.475868 1.000000
vt 0.524132 0.750000
vt 0.475868 0.750000
vt 0.525000 0.750000
vt 0.475000 0.750000
vt 0.524132 0.996890
vt 0.524132 0.754340
vt 0.475868 0.996962
vt 0.475868 0.754340
vt 0.555655 0.512598
vt 0.555655 0.737402
vt 0.542720 0.737402
vt 0.457398 0.737402
vt 0.444254 0.737402
vt 0.444254 0.512598
vt 0.457398 0.512598
vt 0.542720 0.512598
vt 0.564999 0.505659
vt 0.534764 0.505659
vt 0.465314 0.505659
vt 0.434941 0.505659
vt 0.534764 0.744341
vt 0.564999 0.744341
vt 0.465314 0.744341
vt 0.434941 0.744341
s 0
usemtl papelB
f 6350/4589/5831 6351/4589/5831 6436/4589/5831 6437/4589/5831
f 6331/4589/5831 6324/4589/5831 6434/4589/5831 6435/4589/5831
f 6330/4589/5831 6331/4589/5831 6435/4589/5831 6366/4589/5831
f 6316/4589/5855 6317/4589/5855 6348/4589/5855 6347/4589/5855
s 1
f 6319/4593/5856 6321/4582/5856 6326/4582/5807 6345/4593/5853
f 6323/4583/5856 6315/4574/5856 6328/4574/5795 6327/4583/5812
f 6312/4578/5831 6322/4579/5831 6338/4579/5802 6336/4578/5800
s 0
f 6315/4589/5857 6314/4589/5857 6329/4589/5857 6328/4589/5857
f 6314/4589/5857 6313/4589/5857 6335/4589/5857 6329/4589/5857
f 6313/4589/5857 6312/4589/5857 6336/4589/5857 6335/4589/5857
s 1
f 6357/4594/5856 6356/4595/5856 6323/4583/5856 6327/4583/5812
s 0
f 6318/4589/5855 6319/4589/5855 6345/4589/5855 6349/4589/5855
s 1
f 6320/4570/5831 6316/4569/5831 6347/4569/5788 6346/4570/5787
s 0
f 6317/4589/5855 6318/4589/5855 6349/4589/5855 6348/4589/5855
s 1
f 6358/4596/5831 6320/4570/5831 6346/4570/5787 6359/4596/5831
s 0
f 6352/4599/5865 6321/4582/5865 6319/4593/5865 6318/4589/5865
f 6314/4589/5866 6315/4589/5866 6323/4583/5866 6353/4600/5866
f 6360/4601/5867 6356/4595/5867 6321/4582/5867 6352/4599/5867
f 6361/4602/5867 6360/4601/5867 6352/4599/5867 6354/4603/5867
f 6354/4603/5865 6352/4599/5865 6318/4589/5865 6317/4589/5865
f 6313/4589/5866 6314/4589/5866 6353/4600/5866 6355/4604/5866
f 6358/4596/5867 6361/4602/5867 6354/4603/5867 6320/4570/5867
f 6320/4570/5865 6354/4603/5865 6317/4589/5865 6316/4589/5865
f 6312/4578/5866 6313/4589/5866 6355/4604/5866 6322/4579/5866
f 6322/4579/5868 6355/4604/5868 6361/4602/5868 6358/4596/5868
f 6355/4604/5868 6353/4600/5868 6360/4601/5868 6361/4602/5868
f 6353/4600/5868 6323/4583/5868 6356/4595/5868 6360/4601/5868
s 1
f 6322/4579/5831 6358/4596/5831 6359/4596/5831 6338/4579/5802
f 6326/4582/5807 6321/4582/5856 6356/4595/5856 6357/4594/5856
usemtl libro1B
f 6308/4567/5781 6293/4568/5782 6344/4568/5783 6350/4567/5784
f 6302/4569/5785 6287/4570/5786 6346/4570/5787 6347/4569/5788
f 6298/4573/5793 6299/4574/5794 6328/4574/5795 6329/4573/5796
f 6297/4577/5793 6298/4573/5793 6329/4573/5796 6335/4577/5796
f 6296/4578/5799 6297/4577/5793 6335/4577/5796 6336/4578/5800
f 6300/4579/5801 6296/4578/5799 6336/4578/5800 6338/4579/5802
f 6311/4581/5805 6286/4582/5806 6326/4582/5807 6332/4581/5808
f 6301/4583/5809 6292/4584/5810 6337/4584/5811 6327/4583/5812
f 6287/4570/5786 6310/4585/5813 6334/4585/5814 6346/4570/5787
f 6293/4568/5782 6300/4579/5801 6338/4579/5802 6344/4568/5783
f 6310/4585/5813 6287/4570/5786 6374/4570/5819 6411/4585/5820
f 6309/4586/5815 6292/4584/5810 6382/4584/5821 6410/4586/5822
f 6300/4579/5801 6293/4568/5782 6385/4568/5823 6393/4579/5824
f 6308/4567/5781 6350/4567/5784 6437/4567/5825 6407/4567/5826
f 6302/4569/5785 6347/4569/5788 6431/4569/5828 6396/4569/5829
s 0
f 6348/4589/5834 6349/4589/5834 6433/4589/5834 6432/4589/5834
s 1
f 6293/4568/5782 6308/4567/5781 6407/4567/5826 6385/4568/5823
f 6301/4583/5809 6327/4583/5812 6370/4583/5835 6371/4583/5836
s 0
f 6347/4589/5834 6348/4589/5834 6432/4589/5834 6431/4589/5834
s 1
f 6287/4570/5786 6302/4569/5785 6396/4569/5829 6374/4570/5819
f 6326/4582/5807 6286/4582/5806 6368/4582/5837 6369/4582/5838
f 6299/4574/5794 6298/4573/5793 6392/4573/5839 6365/4574/5840
f 6298/4573/5793 6297/4577/5793 6391/4577/5839 6392/4573/5839
f 6297/4577/5793 6296/4578/5799 6390/4578/5844 6391/4577/5839
f 6324/4591/5847 6295/4591/5848 6389/4591/5849 6434/4591/5850
f 6296/4578/5799 6300/4579/5801 6393/4579/5824 6390/4578/5844
f 6328/4574/5795 6299/4574/5794 6365/4574/5840 6364/4574/5851
f 6295/4591/5848 6310/4592/5813 6411/4592/5820 6389/4591/5849
f 6286/4582/5806 6311/4581/5805 6414/4581/5852 6368/4582/5837
f 6345/4593/5853 6326/4582/5807 6369/4582/5838 6363/4593/5854
f 6292/4584/5810 6301/4583/5809 6371/4583/5836 6382/4584/5821
f 6349/4597/5858 6303/4597/5859 6398/4597/5860 6433/4597/5861
f 6327/4583/5812 6328/4574/5795 6364/4574/5851 6370/4583/5835
f 6292/4584/5810 6309/4586/5815 6339/4586/5818 6337/4584/5811
f 6304/4593/5862 6303/4597/5859 6349/4597/5858 6345/4593/5853
f 6294/4590/5841 6311/4598/5805 6332/4598/5808 6333/4590/5863
f 6304/4593/5862 6345/4593/5853 6363/4593/5854 6362/4593/5864
f 6310/4592/5813 6295/4591/5848 6324/4591/5847 6334/4592/5814
f 6311/4598/5805 6294/4590/5841 6386/4590/5842 6414/4598/5852
f 6303/4597/5859 6304/4593/5862 6362/4593/5864 6398/4597/5860
f 6368/4582/5837 6362/4593/5864 6363/4593/5854 6369/4582/5838
f 6365/4574/5840 6371/4583/5836 6370/4583/5835 6364/4574/5851
f 6374/4570/5819 6373/4605/5869 6412/4605/5870 6411/4585/5820
f 6373/4605/5869 6372/4606/5869 6413/4607/5870 6412/4605/5870
f 6372/4606/5869 6368/4582/5837 6414/4581/5852 6413/4607/5870
f 6368/4582/5837 6372/4606/5869 6398/4597/5860 6362/4593/5864
f 6372/4606/5869 6373/4605/5869 6397/4608/5871 6398/4597/5860
f 6373/4605/5869 6374/4570/5819 6396/4569/5829 6397/4608/5871
f 6407/4567/5826 6408/4609/5872 6384/4610/5873 6385/4568/5823
f 6408/4609/5872 6409/4611/5872 6383/4612/5873 6384/4610/5873
f 6409/4611/5872 6410/4586/5822 6382/4584/5821 6383/4612/5873
f 6386/4590/5842 6387/4613/5874 6413/4614/5870 6414/4598/5852
f 6387/4613/5874 6388/4615/5874 6412/4616/5870 6413/4614/5870
f 6388/4615/5874 6389/4591/5849 6411/4592/5820 6412/4616/5870
f 6400/4618/5876 6388/4615/5874 6387/4613/5874 6401/4619/5876
f 6380/4620/5877 6379/4621/5877 6409/4611/5872 6408/4609/5872
f 6393/4579/5824 6385/4568/5823 6384/4610/5873 6394/4622/5878
f 6394/4622/5878 6384/4610/5873 6383/4612/5873 6395/4623/5878
f 6395/4623/5878 6383/4612/5873 6382/4584/5821 6371/4583/5836
f 6404/4625/5876 6377/4624/5876 6376/4626/5876 6405/4627/5876
f 6404/4625/5876 6405/4627/5876 6379/4621/5877 6380/4620/5877
f 6376/4626/5876 6377/4624/5876 6400/4618/5876 6401/4619/5876
f 6423/4628/5878 6427/4629/5878 6428/4630/5878 6429/4631/5878 6430/4632/5878 6426/4633/5878 6425/4634/5878 6424/4635/5878
f 6415/4636/5878 6416/4637/5878 6391/4577/5839 6390/4578/5844
f 6416/4637/5878 6417/4638/5878 6392/4573/5839 6391/4577/5839
f 6417/4638/5878 6418/4639/5878 6365/4574/5840 6392/4573/5839
f 6420/4640/5878 6419/4641/5878 6393/4579/5824 6394/4622/5878
f 6421/4642/5878 6420/4640/5878 6394/4622/5878 6395/4623/5878
f 6422/4643/5878 6421/4642/5878 6395/4623/5878 6371/4583/5836
f 6419/4641/5878 6415/4636/5878 6390/4578/5844 6393/4579/5824
f 6418/4639/5878 6422/4643/5878 6371/4583/5836 6365/4574/5840
f 6397/4608/5871 6396/4569/5829 6431/4569/5828 6432/4608/5879
f 6398/4597/5860 6397/4608/5871 6432/4608/5879 6433/4597/5861
usemtl libroBordeB
f 6306/4571/5789 6291/4572/5790 6351/4572/5791 6325/4571/5792
f 6307/4575/5797 6288/4576/5797 6341/4576/5798 6342/4575/5798
f 6289/4580/5803 6306/4571/5789 6325/4571/5792 6330/4580/5804
f 6309/4586/5815 6290/4587/5816 6343/4587/5817 6339/4586/5818
f 6290/4587/5816 6309/4586/5815 6410/4586/5822 6378/4587/5827
f 6305/4588/5797 6288/4576/5797 6375/4576/5830 6402/4588/5830
f 6351/4572/5791 6291/4572/5790 6381/4572/5832 6436/4572/5833
f 6307/4575/5797 6290/4587/5816 6378/4587/5827 6406/4575/5830
f 6294/4590/5841 6305/4588/5797 6402/4588/5830 6386/4590/5842
f 6291/4572/5790 6306/4571/5789 6403/4571/5843 6381/4572/5832
f 6288/4576/5797 6307/4575/5797 6406/4575/5830 6375/4576/5830
f 6289/4580/5803 6330/4580/5804 6366/4580/5845 6367/4580/5846
f 6306/4571/5789 6289/4580/5803 6367/4580/5846 6403/4571/5843
f 6290/4587/5816 6307/4575/5797 6342/4575/5798 6343/4587/5817
f 6288/4576/5797 6305/4588/5797 6340/4588/5798 6341/4576/5798
f 6305/4588/5797 6294/4590/5841 6333/4590/5863 6340/4588/5798
f 6399/4617/5875 6389/4591/5849 6388/4615/5874 6400/4618/5876
f 6401/4619/5876 6387/4613/5874 6386/4590/5842 6402/4588/5830
f 6381/4572/5832 6380/4620/5877 6408/4609/5872 6407/4567/5826
f 6379/4621/5877 6378/4587/5827 6410/4586/5822 6409/4611/5872
f 6403/4571/5843 6367/4580/5846 6377/4624/5876 6404/4625/5876
f 6405/4627/5876 6376/4626/5876 6375/4576/5830 6406/4575/5830
f 6403/4571/5843 6404/4625/5876 6380/4620/5877 6381/4572/5832
f 6405/4627/5876 6406/4575/5830 6378/4587/5827 6379/4621/5877
f 6375/4576/5830 6376/4626/5876 6401/4619/5876 6402/4588/5830
f 6377/4624/5876 6367/4580/5846 6399/4617/5875 6400/4618/5876
f 6423/4628/5878 6424/4635/5878 6416/4637/5878 6415/4636/5878
f 6424/4635/5878 6425/4634/5878 6417/4638/5878 6416/4637/5878
f 6425/4634/5878 6426/4633/5878 6418/4639/5878 6417/4638/5878
f 6428/4630/5878 6427/4629/5878 6419/4641/5878 6420/4640/5878
f 6429/4631/5878 6428/4630/5878 6420/4640/5878 6421/4642/5878
f 6430/4632/5878 6429/4631/5878 6421/4642/5878 6422/4643/5878
f 6427/4629/5878 6423/4628/5878 6415/4636/5878 6419/4641/5878
f 6426/4633/5878 6430/4632/5878 6422/4643/5878 6418/4639/5878
f 6399/4617/5875 6367/4580/5846 6366/4580/5845 6435/4617/5792
f 6389/4591/5849 6399/4617/5875 6435/4617/5792 6434/4591/5850
f 6381/4572/5832 6407/4567/5826 6437/4567/5825 6436/4572/5833
o pizarra.002
v -1.928204 13.461442 4.435645
v -1.945541 13.667513 4.435712
v -1.928204 13.461510 4.228846
v -1.945541 13.667581 4.228913
v -1.995579 12.663602 5.893182
v -1.995579 13.969590 5.893183
v -1.995579 12.663602 4.021330
v -1.995579 13.969590 4.021330
v -1.891691 12.727547 5.810286
v -1.892423 13.907895 5.808634
v -1.907512 12.725297 4.105878
v -1.908244 13.905645 4.104227
v -1.909109 13.968348 4.020461
v -1.908300 12.662360 4.022287
v -1.890826 12.664845 5.894052
v -1.891635 13.970832 5.892225
v -1.949482 13.905629 4.104497
v -1.948751 12.725281 4.106149
v -1.932930 12.727530 5.810556
v -1.933661 13.907879 5.808905
v -1.926627 13.555660 4.706701
v -1.943964 13.760749 4.686604
v -1.926627 13.535492 4.500887
v -1.943964 13.740581 4.480791
v -1.915253 12.821295 5.658395
v -1.932590 13.026891 5.672378
v -1.915253 12.835327 5.452073
v -1.932590 13.040923 5.466056
vn -0.9965 -0.0838 -0.0000
vn -0.5776 -0.5805 0.5739
vn -0.5768 0.5741 0.5811
vn -0.5767 -0.5734 -0.5819
vn -0.5777 0.5813 -0.5731
vn 0.9018 0.3009 -0.3103
vn 0.9021 -0.3007 -0.3096
vn 0.9069 0.3032 0.2926
vn 0.9072 -0.3013 0.2935
vn 0.5738 0.5732 -0.5849
vn 0.5751 -0.5823 -0.5746
vn 0.5803 -0.5728 0.5790
vn 0.5807 0.5811 0.5702
vn 0.5823 -0.5761 0.5736
vn 0.5817 0.5783 0.5721
vn 0.5724 0.5770 -0.5826
vn 0.5730 -0.5780 -0.5810
vn -0.9965 -0.0834 0.0082
vn -0.9965 -0.0836 -0.0057
vt 0.000000 0.000000
vt 1.000000 0.000000
vt 1.000000 1.000000
vt 0.000000 1.000000
vt 0.375000 0.000000
vt 0.625000 0.000000
vt 0.625000 0.250000
vt 0.375000 0.250000
vt 0.625000 0.500000
vt 0.375000 0.500000
vt 0.612975 0.511830
vt 0.612975 0.738170
vt 0.375000 0.750000
vt 0.625000 0.750000
vt 0.625000 1.000000
vt 0.375000 1.000000
vt 0.125000 0.500000
vt 0.125000 0.750000
vt 0.875000 0.500000
vt 0.875000 0.750000
vt 0.387025 0.511830
vt 0.387025 0.738170
s 1
usemtl madera1B
f 6442/4648/5881 6443/4649/5882 6445/4650/5884 6444/4651/5883
f 6444/4651/5883 6445/4650/5884 6450/4652/5889 6451/4653/5890
f 6449/4654/5888 6447/4655/5886 6457/4655/5896 6454/4654/5893
f 6452/4656/5891 6453/4657/5892 6443/4658/5882 6442/4659/5881
f 6444/4660/5883 6451/4653/5890 6452/4656/5891 6442/4661/5881
f 6450/4652/5889 6445/4662/5884 6443/4663/5882 6453/4657/5892
f 6449/4654/5888 6448/4664/5887 6451/4653/5890 6450/4652/5889
f 6448/4664/5887 6446/4665/5885 6452/4656/5891 6451/4653/5890
f 6447/4655/5886 6449/4654/5888 6450/4652/5889 6453/4657/5892
f 6446/4665/5885 6447/4655/5886 6453/4657/5892 6452/4656/5891
f 6448/4664/5887 6449/4654/5888 6454/4654/5893 6455/4664/5894
f 6447/4655/5886 6446/4665/5885 6456/4665/5895 6457/4655/5896
f 6446/4665/5885 6448/4664/5887 6455/4664/5894 6456/4665/5895
usemtl pizarraB
f 6455/4664/5894 6454/4654/5893 6457/4655/5896 6456/4665/5895
usemtl posit2B
f 6458/4644/5897 6459/4645/5897 6461/4646/5897 6460/4647/5897
usemtl posit1B
f 6438/4644/5880 6439/4645/5880 6441/4646/5880 6440/4647/5880
usemtl posit3B
f 6462/4644/5898 6463/4645/5898 6465/4646/5898 6464/4647/5898
o libro1.002
v -2.038014 11.959658 5.194811
v -2.038014 12.506441 5.194811
v -2.038014 11.959658 4.771555
v -2.038014 12.506441 4.771555
v -1.932723 11.959658 5.194811
v -1.932723 12.506441 5.194811
v -1.932723 11.959658 4.771555
v -1.932723 12.506441 4.771555
v -2.034278 11.979057 4.792442
v -2.034278 11.979057 5.185665
v -2.034278 12.487041 5.185665
v -2.034278 12.487041 4.792442
v -1.936458 11.979057 4.792442
v -1.936458 12.487041 4.792442
v -1.936458 11.979057 5.185665
v -1.936458 12.487041 5.185665
v -1.920157 12.506441 4.771555
v -1.920157 11.959658 4.771555
v -1.920157 11.959658 5.194811
v -1.920157 12.506441 5.194811
v -2.050668 11.959658 4.771555
v -2.050668 11.959658 5.194811
v -2.050668 12.506441 5.194811
v -2.050668 12.506441 4.771555
v -2.038014 11.959658 4.788324
v -2.034278 11.979057 4.809212
v -2.034278 11.979057 5.202434
v -2.036186 11.977838 5.211580
v -2.039842 11.977838 5.211580
v -2.038014 11.968657 5.204232
v -2.039842 12.488261 5.211580
v -2.036186 12.488261 5.211580
v -2.038014 12.497441 5.204232
v -1.930895 12.488261 5.211580
v -1.932723 12.497441 5.204232
v -1.934551 12.488261 5.211580
v -1.930895 11.977838 5.211580
v -1.934551 11.977838 5.211580
v -1.932723 11.968657 5.204232
v -1.920157 12.497441 5.204232
v -1.921985 12.488261 5.211580
v -1.921985 11.977838 5.211580
v -1.920157 11.968657 5.204232
v -2.048840 11.977838 5.211580
v -2.050668 11.968657 5.204232
v -2.048840 12.488261 5.211580
v -2.050668 12.497441 5.204232
v -2.050668 11.989431 5.194811
v -2.050668 12.035626 5.194811
v -2.050668 12.433351 5.194811
v -2.050668 12.479195 5.194811
v -2.036186 12.299896 5.211580
v -2.036186 12.334354 5.211580
v -2.036186 12.405118 5.211580
v -2.036186 12.438972 5.211580
v -1.930895 12.299896 5.211580
v -1.930895 12.334354 5.211580
v -1.930895 12.405118 5.211580
v -1.930895 12.438972 5.211580
v -1.920157 11.994830 5.204232
v -1.920157 12.037426 5.204232
v -1.920157 12.431551 5.204232
v -1.920157 12.473795 5.204232
v -2.048840 12.299896 5.211580
v -2.048840 12.334354 5.211580
v -2.048840 12.405118 5.211580
v -2.048840 12.438972 5.211580
v -2.038014 12.479195 4.771555
v -2.038014 12.433351 4.771555
v -2.038014 12.035626 4.771555
v -2.038014 11.989431 4.771555
v -1.932723 12.479195 4.771555
v -1.932723 12.433351 4.771555
v -1.932723 12.035626 4.771555
v -1.932723 11.989431 4.771555
v -2.034278 12.467555 4.792442
v -2.034278 12.429470 4.792442
v -2.034278 12.039506 4.792442
v -2.034278 12.001071 4.792442
v -1.936458 12.467555 4.792442
v -1.936458 12.429470 4.792442
v -1.936458 12.039506 4.792442
v -1.936458 12.001071 4.792442
v -1.920157 12.137999 4.850412
v -1.920157 12.139236 4.850412
v -1.920157 12.072888 4.850412
v -1.920157 12.074067 4.850412
v -1.920157 12.137999 5.135496
v -1.920157 12.139236 5.135496
v -1.920157 12.072888 5.135496
v -1.920157 12.074067 5.135496
v -2.050668 12.479195 4.771555
v -2.050668 12.433351 4.771555
v -2.050668 12.035626 4.771555
v -2.050668 11.989431 4.771555
v -2.039842 12.438972 5.211580
v -2.039842 12.405118 5.211580
v -2.039842 12.334354 5.211580
v -2.039842 12.299896 5.211580
v -1.934551 12.438972 5.211580
v -1.934551 12.405118 5.211580
v -1.934551 12.334354 5.211580
v -1.934551 12.299896 5.211580
v -1.921985 12.438972 5.211580
v -1.921985 12.405118 5.211580
v -1.921985 12.334354 5.211580
v -1.921985 12.299896 5.211580
v -2.050668 12.473795 5.204232
v -2.050668 12.431551 5.204232
v -2.050668 12.037426 5.204232
v -2.050668 11.994830 5.204232
v -1.920157 12.479195 4.771555
v -1.920157 12.433351 4.771555
v -1.920157 12.035626 4.771555
v -1.920157 11.989431 4.771555
v -1.920157 12.479195 5.194811
v -1.920157 12.433351 5.194811
v -1.920157 12.035626 5.194811
v -1.920157 11.989431 5.194811
v -1.920157 12.461060 4.805150
v -1.920157 12.428422 4.805150
v -1.920157 12.040550 4.805150
v -1.920157 12.007570 4.805150
v -1.920157 12.461060 5.180758
v -1.920157 12.428422 5.180758
v -1.920157 12.040550 5.180758
v -1.920157 12.007570 5.180758
v -1.920157 12.442221 4.825219
v -1.920157 12.424102 4.825219
v -1.920157 12.044867 4.825219
v -1.920157 12.026413 4.825219
v -1.920157 12.442221 5.160689
v -1.920157 12.424102 5.160689
v -1.920157 12.044867 5.160689
v -1.920157 12.026413 5.160689
vn 0.2633 -0.9469 0.1845
vn 0.2293 0.9555 0.1858
vn 0.5411 -0.5941 -0.5951
vn 0.5411 0.5941 -0.5951
vn -0.2293 -0.9555 0.1858
vn -0.2293 0.9555 0.1858
vn -0.5411 -0.5941 -0.5951
vn -0.5411 0.5941 -0.5951
vn 0.8527 -0.3734 -0.3653
vn -0.8482 -0.4128 -0.3317
vn 0.5335 0.7299 -0.4273
vn 0.8527 0.3734 -0.3653
vn -0.8527 -0.3734 -0.3653
vn -0.8527 0.3734 -0.3653
vn -0.5335 -0.7299 -0.4273
vn -0.5335 0.7299 -0.4273
vn 0.5774 0.5774 -0.5774
vn 0.5774 -0.5774 -0.5774
vn 0.6322 -0.7192 0.2883
vn 0.6322 0.7192 0.2883
vn -0.5774 -0.5774 -0.5774
vn -0.6322 -0.7192 0.2883
vn -0.6322 0.7192 0.2883
vn -0.5774 0.5774 -0.5774
vn 0.9948 -0.1017 0.0003
vn -0.1178 -0.9930 0.0089
vn -0.0497 -0.3646 -0.9298
vn -0.0000 -0.3311 0.9436
vn 0.0098 -0.6782 0.7348
vn -0.0000 0.3311 0.9436
vn -0.0000 0.6755 0.7374
vn -0.0000 -0.6755 0.7374
vn 0.6951 0.4679 0.5458
vn 0.5439 0.2464 0.8022
vn 0.5439 -0.2464 0.8022
vn 0.6951 -0.4679 0.5458
vn -0.5439 -0.2464 0.8022
vn -0.6951 -0.4679 0.5458
vn -0.5439 0.2464 0.8022
vn -0.6951 0.4679 0.5458
vn -1.0000 -0.0000 -0.0000
vn -0.0000 -0.0000 1.0000
vn 0.9926 -0.0000 0.1216
vn -0.6159 -0.0000 0.7878
vn 0.6419 -0.0000 -0.7668
vn -0.6419 -0.0000 -0.7668
vn 1.0000 -0.0000 -0.0000
vn -0.7071 -0.0000 -0.7071
vn 0.6159 -0.0000 0.7878
vn -0.9926 -0.0000 0.1216
vn 0.7071 -0.0000 -0.7071
vt 0.625000 1.000000
vt 0.625000 0.750000
vt 0.625000 0.250000
vt 0.625000 0.000000
vt 0.425000 0.250000
vt 0.375000 0.250000
vt 0.125000 0.500000
vt 0.375000 0.500000
vt 0.375000 0.750000
vt 0.125000 0.750000
vt 0.625000 0.500000
vt 0.875000 0.500000
vt 0.875000 0.750000
vt 0.375000 1.000000
vt 0.375000 0.000000
vt 0.379340 0.997107
vt 0.379340 1.000000
vt 0.620660 1.000000
vt 0.620660 0.996745
vt 0.620660 0.750000
vt 0.620660 0.754340
vt 0.379340 0.750000
vt 0.379340 0.754340
vt 0.572396 0.996817
vt 0.572396 1.000000
vt 0.000000 0.000000
vt 0.427604 0.754340
vt 0.427604 0.750000
vt 0.379340 0.750000
vt 0.620660 0.750000
vt 0.620660 1.000000
vt 0.379340 1.000000
vt 0.375000 0.240095
vt 0.375000 0.001447
vt 0.427604 0.997034
vt 0.425000 0.750000
vt 0.425000 0.750000
vt 0.427604 0.750000
vt 0.427604 1.000000
vt 0.427604 1.000000
vt 0.572396 1.000000
vt 0.575000 1.000000
vt 0.575000 0.000000
vt 0.575000 0.250000
vt 0.425000 0.500000
vt 0.425000 0.500000
vt 0.425000 0.250000
vt 0.425000 0.000000
vt 0.425000 0.000000
vt 0.575000 0.000000
vt 0.525000 0.000000
vt 0.475000 0.000000
vt 0.475000 0.000000
vt 0.575000 0.500000
vt 0.575000 0.500000
vt 0.525000 0.500000
vt 0.475000 0.500000
vt 0.475000 0.500000
vt 0.575000 0.250000
vt 0.525000 0.250000
vt 0.475000 0.250000
vt 0.475000 0.250000
vt 0.575000 0.750000
vt 0.572396 0.750000
vt 0.575000 0.750000
vt 0.524132 0.750000
vt 0.525000 0.750000
vt 0.475868 0.750000
vt 0.475000 0.750000
vt 0.425000 1.000000
vt 0.475868 1.000000
vt 0.475000 1.000000
vt 0.524132 1.000000
vt 0.525000 1.000000
vt 0.524132 1.000000
vt 0.475868 1.000000
vt 0.572396 0.750000
vt 0.524132 0.750000
vt 0.475868 0.750000
vt 0.525000 0.750000
vt 0.475000 0.750000
vt 0.572396 0.754340
vt 0.524132 0.996890
vt 0.524132 0.754340
vt 0.475868 0.996962
vt 0.475868 0.754340
vt 0.545768 0.529481
vt 0.545768 0.720519
vt 0.548477 0.720520
vt 0.451596 0.720519
vt 0.454189 0.720520
vt 0.454189 0.529481
vt 0.451596 0.529481
vt 0.548477 0.529481
vt 0.564999 0.505659
vt 0.534764 0.505659
vt 0.465314 0.505659
vt 0.434941 0.505659
vt 0.534764 0.744341
vt 0.564999 0.744341
vt 0.465314 0.744341
vt 0.434941 0.744341
vt 0.555655 0.512598
vt 0.542720 0.512598
vt 0.457398 0.512598
vt 0.444254 0.512598
vt 0.542720 0.737402
vt 0.555655 0.737402
vt 0.457398 0.737402
vt 0.444254 0.737402
s 1
usemtl papelB
f 6474/4672/5907 6478/4673/5911 6480/4674/5913 6475/4675/5908
f 6479/4676/5912 6477/4677/5910 6476/4678/5909 6481/4667/5914
f 6544/4712/5943 6548/4711/5944 6478/4673/5911 6474/4671/5907
f 6477/4668/5910 6479/4676/5912 6545/4720/5944 6541/4724/5943
f 6541/4724/5943 6545/4720/5944 6546/4721/5944 6542/4725/5943
f 6542/4725/5943 6546/4721/5944 6547/4723/5944 6543/4726/5943
f 6543/4726/5943 6547/4723/5944 6548/4711/5944 6544/4712/5943
usemtl libro3B
f 6467/4666/5900 6471/4667/5904 6481/4667/5914 6476/4666/5909
f 6469/4668/5902 6467/4669/5900 6476/4669/5909 6477/4668/5910
f 6536/4670/5943 6468/4671/5901 6486/4671/5919 6560/4670/5946
f 6472/4673/5905 6470/4674/5903 6480/4674/5913 6478/4673/5911
f 6470/4674/5903 6466/4679/5899 6475/4679/5908 6480/4674/5913
f 6471/4667/5904 6473/4676/5906 6479/4676/5912 6481/4667/5914
f 6470/4674/5903 6472/4673/5905 6483/4673/5916 6484/4674/5917
f 6473/4676/5906 6471/4667/5904 6485/4667/5918 6482/4676/5915
f 6467/4669/5900 6469/4668/5902 6489/4668/5922 6488/4669/5921
f 6468/4671/5901 6466/4680/5899 6487/4680/5920 6486/4671/5919
f 6468/4671/5901 6474/4671/5907 6491/4671/5924 6490/4671/5923
f 6474/4672/5907 6475/4675/5908 6492/4675/5925 6491/4672/5924
f 6493/4681/5926 6494/4682/5926 6495/4679/5927
f 6496/4683/5928 6497/4684/5928 6498/4666/5929
f 6499/4685/5928 6500/4667/5929 6501/4686/5928
f 6502/4687/5926 6503/4688/5926 6504/4674/5930
f 6520/4689/5940 6497/4684/5928 6496/4683/5928 6561/4690/5940
f 6495/4691/5927 6504/4691/5930 6503/4691/5926 6493/4691/5926
f 6500/4667/5929 6498/4666/5929 6497/4684/5928 6501/4686/5928
f 6568/4692/5940 6503/4688/5926 6502/4687/5926 6521/4693/5940
f 6504/4674/5930 6508/4674/5934 6507/4694/5933 6502/4687/5926
f 6505/4667/5931 6500/4667/5929 6499/4685/5928 6506/4695/5932
f 6498/4666/5929 6512/4666/5938 6511/4696/5937 6496/4683/5928
f 6510/4679/5936 6495/4679/5927 6494/4682/5926 6509/4697/5935
f 6466/4680/5899 6468/4671/5901 6490/4698/5923 6495/4699/5927
f 6466/4679/5899 6470/4674/5903 6504/4674/5930 6495/4679/5927
f 6495/4699/5927 6490/4671/5923 6491/4671/5924 6492/4680/5925
f 6475/4679/5908 6466/4679/5899 6495/4679/5927 6492/4679/5925
f 6487/4680/5920 6466/4680/5899 6495/4699/5927 6510/4680/5936
f 6467/4669/5900 6488/4669/5921 6512/4669/5938 6498/4669/5929
f 6471/4667/5904 6467/4666/5900 6498/4666/5929 6500/4667/5929
f 6485/4667/5918 6471/4667/5904 6500/4667/5929 6505/4667/5931
f 6568/4692/5940 6517/4700/5940 6493/4681/5926 6503/4688/5926
f 6470/4674/5903 6484/4674/5917 6508/4674/5934 6504/4674/5930
f 6584/4701/5945 6525/4702/5941 6508/4674/5934 6484/4674/5917
f 6521/4693/5940 6502/4687/5926 6507/4694/5933 6572/4703/5947
f 6564/4704/5940 6529/4705/5942 6509/4697/5935 6494/4682/5926
f 6532/4706/5942 6511/4696/5937 6512/4666/5938 6573/4707/5948
f 6572/4703/5947 6507/4694/5933 6508/4674/5934 6525/4702/5941
f 6516/4708/5939 6488/4669/5921 6489/4668/5922 6557/4709/5946
f 6540/4710/5944 6580/4711/5949 6483/4673/5916 6472/4673/5905
f 6580/4711/5949 6584/4701/5945 6484/4674/5917 6483/4673/5916
f 6536/4670/5943 6544/4712/5943 6474/4671/5907 6468/4671/5901
f 6540/4710/5944 6472/4673/5905 6478/4673/5911 6548/4711/5944
f 6513/4713/5939 6487/4680/5920 6510/4680/5936 6576/4714/5948
f 6488/4669/5921 6516/4708/5939 6573/4715/5948 6512/4669/5938
f 6516/4708/5939 6515/4716/5939 6574/4716/5948 6573/4715/5948
f 6515/4716/5939 6514/4717/5939 6575/4718/5948 6574/4716/5948
f 6514/4717/5939 6513/4713/5939 6576/4714/5948 6575/4718/5948
f 6473/4676/5906 6537/4719/5944 6545/4720/5944 6479/4676/5912
f 6537/4719/5944 6538/4721/5944 6546/4721/5944 6545/4720/5944
f 6538/4721/5944 6539/4722/5944 6547/4723/5944 6546/4721/5944
f 6539/4722/5944 6540/4710/5944 6548/4711/5944 6547/4723/5944
f 6469/4668/5902 6477/4668/5910 6541/4724/5943 6533/4724/5943
f 6533/4724/5943 6541/4724/5943 6542/4725/5943 6534/4725/5943
f 6534/4725/5943 6542/4725/5943 6543/4726/5943 6535/4727/5943
f 6535/4727/5943 6543/4726/5943 6544/4712/5943 6536/4670/5943
f 6482/4676/5915 6485/4667/5918 6581/4728/5945 6577/4719/5949
f 6473/4676/5906 6482/4676/5915 6577/4719/5949 6537/4719/5944
f 6537/4719/5944 6577/4719/5949 6578/4721/5949 6538/4721/5944
f 6538/4721/5944 6578/4721/5949 6579/4722/5949 6539/4722/5944
f 6539/4722/5944 6579/4722/5949 6580/4711/5949 6540/4710/5944
f 6487/4680/5920 6513/4713/5939 6560/4670/5946 6486/4671/5919
f 6513/4713/5939 6514/4717/5939 6559/4726/5946 6560/4670/5946
f 6514/4717/5939 6515/4716/5939 6558/4725/5946 6559/4726/5946
f 6515/4716/5939 6516/4708/5939 6557/4709/5946 6558/4725/5946
f 6506/4695/5932 6569/4729/5947 6528/4730/5941 6505/4667/5931
f 6569/4729/5947 6570/4731/5947 6527/4732/5941 6528/4730/5941
f 6570/4731/5947 6571/4733/5947 6526/4734/5941 6527/4732/5941
f 6571/4733/5947 6572/4703/5947 6525/4702/5941 6526/4734/5941
f 6509/4697/5935 6529/4705/5942 6576/4735/5948 6510/4679/5936
f 6529/4705/5942 6530/4736/5942 6575/4737/5948 6576/4735/5948
f 6530/4736/5942 6531/4738/5942 6574/4739/5948 6575/4737/5948
f 6531/4738/5942 6532/4706/5942 6573/4707/5948 6574/4739/5948
f 6496/4683/5928 6511/4696/5937 6532/4706/5942 6561/4690/5940
f 6562/4740/5940 6531/4738/5942 6530/4736/5942 6563/4741/5940
f 6499/4685/5928 6524/4742/5940 6569/4729/5947 6506/4695/5932
f 6523/4743/5940 6522/4744/5940 6571/4733/5947 6570/4731/5947
f 6485/4667/5918 6505/4667/5931 6528/4730/5941 6581/4728/5945
f 6581/4728/5945 6528/4730/5941 6527/4732/5941 6582/4745/5945
f 6582/4745/5945 6527/4732/5941 6526/4734/5941 6583/4746/5945
f 6583/4746/5945 6526/4734/5941 6525/4702/5941 6584/4701/5945
f 6501/4686/5928 6497/4684/5928 6520/4689/5940 6565/4747/5940
f 6566/4749/5940 6519/4748/5940 6518/4750/5940 6567/4751/5940
f 6501/4686/5928 6565/4747/5940 6524/4742/5940 6499/4685/5928
f 6566/4749/5940 6567/4751/5940 6522/4744/5940 6523/4743/5940
f 6493/4681/5926 6517/4700/5940 6564/4704/5940 6494/4682/5926
f 6518/4750/5940 6519/4748/5940 6562/4740/5940 6563/4741/5940
f 6469/4668/5902 6533/4724/5943 6557/4709/5946 6489/4668/5922
f 6533/4724/5943 6534/4725/5943 6558/4725/5946 6557/4709/5946
f 6534/4725/5943 6535/4727/5943 6559/4726/5946 6558/4725/5946
f 6535/4727/5943 6536/4670/5943 6560/4670/5946 6559/4726/5946
f 6585/4760/5945 6586/4761/5945 6578/4721/5949 6577/4719/5949
f 6586/4761/5945 6587/4762/5945 6579/4722/5949 6578/4721/5949
f 6587/4762/5945 6588/4763/5945 6580/4711/5949 6579/4722/5949
f 6590/4764/5945 6589/4765/5945 6581/4728/5945 6582/4745/5945
f 6591/4766/5945 6590/4764/5945 6582/4745/5945 6583/4746/5945
f 6592/4767/5945 6591/4766/5945 6583/4746/5945 6584/4701/5945
f 6589/4765/5945 6585/4760/5945 6577/4719/5949 6581/4728/5945
f 6588/4763/5945 6592/4767/5945 6584/4701/5945 6580/4711/5949
f 6549/4752/5945 6550/4759/5945 6594/4769/5945 6593/4768/5945
f 6550/4759/5945 6551/4758/5945 6595/4770/5945 6594/4769/5945
f 6551/4758/5945 6552/4757/5945 6596/4771/5945 6595/4770/5945
f 6554/4754/5945 6553/4753/5945 6597/4773/5945 6598/4772/5945
f 6555/4755/5945 6554/4754/5945 6598/4772/5945 6599/4774/5945
f 6556/4756/5945 6555/4755/5945 6599/4774/5945 6600/4775/5945
f 6553/4753/5945 6549/4752/5945 6593/4768/5945 6597/4773/5945
f 6552/4757/5945 6556/4756/5945 6600/4775/5945 6596/4771/5945
usemtl libroBordeB
f 6561/4690/5940 6532/4706/5942 6531/4738/5942 6562/4740/5940
f 6563/4741/5940 6530/4736/5942 6529/4705/5942 6564/4704/5940
f 6524/4742/5940 6523/4743/5940 6570/4731/5947 6569/4729/5947
f 6522/4744/5940 6521/4693/5940 6572/4703/5947 6571/4733/5947
f 6565/4747/5940 6520/4689/5940 6519/4748/5940 6566/4749/5940
f 6567/4751/5940 6518/4750/5940 6517/4700/5940 6568/4692/5940
f 6565/4747/5940 6566/4749/5940 6523/4743/5940 6524/4742/5940
f 6567/4751/5940 6568/4692/5940 6521/4693/5940 6522/4744/5940
f 6517/4700/5940 6518/4750/5940 6563/4741/5940 6564/4704/5940
f 6519/4748/5940 6520/4689/5940 6561/4690/5940 6562/4740/5940
f 6549/4752/5945 6553/4753/5945 6554/4754/5945 6555/4755/5945 6556/4756/5945 6552/4757/5945 6551/4758/5945 6550/4759/5945
f 6593/4768/5945 6594/4769/5945 6586/4761/5945 6585/4760/5945
f 6594/4769/5945 6595/4770/5945 6587/4762/5945 6586/4761/5945
f 6595/4770/5945 6596/4771/5945 6588/4763/5945 6587/4762/5945
f 6598/4772/5945 6597/4773/5945 6589/4765/5945 6590/4764/5945
f 6599/4774/5945 6598/4772/5945 6590/4764/5945 6591/4766/5945
f 6600/4775/5945 6599/4774/5945 6591/4766/5945 6592/4767/5945
f 6597/4773/5945 6593/4768/5945 6585/4760/5945 6589/4765/5945
f 6596/4771/5945 6600/4775/5945 6592/4767/5945 6588/4763/5945
o libro2.001
v -2.038014 11.959658 5.768162
v -2.038014 12.506441 5.768162
v -2.038014 11.959658 5.344906
v -2.038014 12.506441 5.344906
v -1.932723 11.959658 5.768162
v -1.932723 12.506441 5.768162
v -1.932723 11.959658 5.344906
v -1.932723 12.506441 5.344906
v -2.034278 11.979057 5.365794
v -2.034278 11.979057 5.759016
v -2.034278 12.487041 5.759016
v -2.034278 12.487041 5.365794
v -1.936458 11.979057 5.365794
v -1.936458 12.487041 5.365794
v -1.936458 11.979057 5.759016
v -1.936458 12.487041 5.759016
v -1.920157 12.506441 5.344906
v -1.920157 11.959658 5.344906
v -1.920157 11.959658 5.768162
v -1.920157 12.506441 5.768162
v -2.050668 11.959658 5.344906
v -2.050668 11.959658 5.768162
v -2.050668 12.506441 5.768162
v -2.050668 12.506441 5.344906
v -2.038014 11.959658 5.361676
v -2.034278 11.979057 5.382563
v -2.034278 11.979057 5.775785
v -2.036186 11.977838 5.784931
v -2.039842 11.977838 5.784931
v -2.038014 11.968657 5.777583
v -2.039842 12.488261 5.784931
v -2.036186 12.488261 5.784931
v -2.038014 12.497441 5.777583
v -1.930895 12.488261 5.784931
v -1.932723 12.497441 5.777583
v -1.934551 12.488261 5.784931
v -1.930895 11.977838 5.784931
v -1.934551 11.977838 5.784931
v -1.932723 11.968657 5.777583
v -1.920157 12.497441 5.777583
v -1.921985 12.488261 5.784931
v -1.921985 11.977838 5.784931
v -1.920157 11.968657 5.777583
v -2.048840 11.977838 5.784931
v -2.050668 11.968657 5.777583
v -2.048840 12.488261 5.784931
v -2.050668 12.497441 5.777583
v -2.050668 11.989431 5.768162
v -2.050668 12.035626 5.768162
v -2.050668 12.433351 5.768162
v -2.050668 12.479195 5.768162
v -2.036186 12.077826 5.784931
v -2.036186 12.121217 5.784931
v -2.036186 12.350478 5.784931
v -2.036186 12.390858 5.784931
v -1.930895 12.077826 5.784931
v -1.930895 12.121217 5.784931
v -1.930895 12.350478 5.784931
v -1.930895 12.390858 5.784931
v -1.920157 11.994830 5.777583
v -1.920179 12.031228 5.777675
v -1.920157 12.436587 5.777583
v -1.920157 12.473795 5.777583
v -2.048840 12.077826 5.784931
v -2.048840 12.121217 5.784931
v -2.048840 12.350478 5.784931
v -2.048840 12.390858 5.784931
v -2.038014 12.479195 5.344906
v -2.038014 12.433351 5.344906
v -2.038014 12.035626 5.344906
v -2.038014 11.989431 5.344906
v -1.932723 12.479195 5.344906
v -1.932723 12.411092 5.344906
v -1.932723 12.057885 5.344906
v -1.932723 11.989431 5.344906
v -2.034278 12.467555 5.365794
v -2.034278 12.429470 5.365794
v -2.034278 12.039506 5.365794
v -2.034278 12.001071 5.365794
v -1.936458 12.467555 5.365794
v -1.936458 12.429470 5.365794
v -1.936458 12.039506 5.365794
v -1.936458 12.001071 5.365794
v -2.050668 12.479195 5.344906
v -2.050668 12.433351 5.344906
v -2.050668 12.035626 5.344906
v -2.050668 11.989431 5.344906
v -2.039842 12.390858 5.784931
v -2.039842 12.350478 5.784931
v -2.039842 12.121217 5.784931
v -2.039842 12.077826 5.784931
v -1.934551 12.390858 5.784931
v -1.934551 12.350478 5.784931
v -1.934551 12.121217 5.784931
v -1.934551 12.077826 5.784931
v -1.921985 12.390858 5.784931
v -1.921985 12.350478 5.784931
v -1.921985 12.121217 5.784931
v -1.921985 12.077826 5.784931
v -2.050668 12.473795 5.777583
v -2.050668 12.431551 5.777583
v -2.050668 12.037426 5.777583
v -2.050668 11.994830 5.777583
v -1.920157 12.494188 5.344906
v -1.920157 12.371446 5.386769
v -1.920157 12.095251 5.386769
v -1.920157 11.972438 5.344906
v -1.920157 12.440162 5.726300
v -1.920157 12.021466 5.726300
v -1.920157 12.026518 5.726300
v -1.920157 12.506441 5.703941
v -1.920157 12.440108 5.716875
v -1.920157 12.025352 5.772019
v -1.920157 11.959658 5.711038
v -1.920157 12.026518 5.722901
v -1.920157 12.506441 5.467822
v -1.920157 12.440108 5.467231
v -1.920157 11.959658 5.453387
v -1.920157 12.026518 5.456713
v -1.921985 12.428752 5.784931
v -1.921073 12.432637 5.781265
v -1.921985 12.039618 5.784931
v -1.921049 12.035368 5.781172
v -1.920157 12.400536 5.344906
v -1.920157 12.068441 5.344906
v -1.920157 12.445762 5.768162
v -1.920157 12.021466 5.768162
v -1.920157 12.494188 5.768162
v -1.920157 12.494188 5.716875
v -1.920157 11.972438 5.768162
v -1.920157 11.972438 5.722901
v -1.920157 12.494188 5.454653
v -1.920157 11.972438 5.442600
v -1.920157 12.380612 5.373576
v -1.920157 12.086802 5.373576
v -1.920157 12.445762 5.739492
v -1.920157 12.021466 5.739492
v -1.920157 12.457150 5.739492
v -1.920157 12.457150 5.716875
v -1.920157 12.009476 5.739492
v -1.920157 12.009476 5.722901
v -1.920157 12.457150 5.463267
v -1.920157 12.009476 5.452265
vn 0.2633 -0.9469 0.1845
vn 0.2293 0.9555 0.1858
vn 0.5411 -0.5941 -0.5951
vn 0.5411 0.5941 -0.5951
vn -0.2293 -0.9555 0.1858
vn -0.2293 0.9555 0.1858
vn -0.5411 -0.5941 -0.5951
vn -0.5411 0.5941 -0.5951
vn 0.8527 -0.3734 -0.3653
vn -0.8482 -0.4128 -0.3317
vn 0.5335 0.7299 -0.4273
vn 0.8527 0.3734 -0.3653
vn -0.8527 -0.3734 -0.3653
vn -0.8527 0.3734 -0.3653
vn -0.5335 -0.7299 -0.4273
vn -0.5335 0.7299 -0.4273
vn 0.5774 0.5774 -0.5774
vn 0.5774 -0.5774 -0.5774
vn 0.6322 -0.7192 0.2883
vn 0.6322 0.7192 0.2883
vn -0.5774 -0.5774 -0.5774
vn -0.6322 -0.7192 0.2883
vn -0.6322 0.7192 0.2883
vn -0.5774 0.5774 -0.5774
vn 0.9948 -0.1017 0.0003
vn -0.1178 -0.9930 0.0089
vn -0.0497 -0.3646 -0.9298
vn -0.0000 -0.3311 0.9436
vn 0.0098 -0.6782 0.7348
vn -0.0000 0.3311 0.9436
vn -0.0000 0.6755 0.7374
vn -0.0000 -0.6755 0.7374
vn 0.6951 0.4679 0.5458
vn 0.5439 0.2464 0.8022
vn 0.5439 -0.2464 0.8022
vn 0.6951 -0.4679 0.5458
vn -0.5439 -0.2464 0.8022
vn -0.6951 -0.4679 0.5458
vn -0.5439 0.2464 0.8022
vn -0.6951 0.4679 0.5458
vn -1.0000 -0.0000 -0.0000
vn -0.0000 -0.0000 1.0000
vn 0.9925 0.0001 0.1219
vn 0.9925 -0.0000 0.1223
vn 0.9925 -0.0000 0.1220
vn 0.9926 -0.0000 0.1216
vn -0.6159 -0.0000 0.7878
vn 0.6419 -0.0000 -0.7668
vn -0.6419 -0.0000 -0.7668
vn -0.7071 -0.0000 -0.7071
vn 0.6159 -0.0000 0.7878
vn -0.9926 -0.0000 0.1216
vn 0.7071 -0.0000 -0.7071
vn 1.0000 -0.0000 -0.0000
vn 0.7071 0.7071 -0.0000
vn 1.0000 0.0001 0.0010
vn 0.7071 -0.7071 -0.0000
vn 0.9704 -0.0000 0.2414
vn 1.0000 -0.0000 0.0002
vn 1.0000 0.0001 0.0005
vn 1.0000 -0.0000 0.0001
vt 0.625000 1.000000
vt 0.625000 0.750000
vt 0.625000 0.250000
vt 0.625000 0.000000
vt 0.425000 0.250000
vt 0.375000 0.250000
vt 0.125000 0.500000
vt 0.375000 0.500000
vt 0.375000 0.750000
vt 0.125000 0.750000
vt 0.625000 0.500000
vt 0.875000 0.500000
vt 0.875000 0.750000
vt 0.375000 1.000000
vt 0.375000 0.537873
vt 0.375000 0.716259
vt 0.625000 0.712067
vt 0.625000 0.546399
vt 0.375000 0.000000
vt 0.379340 0.997107
vt 0.379340 1.000000
vt 0.620660 1.000000
vt 0.620660 0.996745
vt 0.620660 0.750000
vt 0.620660 0.754340
vt 0.379340 0.750000
vt 0.379340 0.754340
vt 0.572396 0.996817
vt 0.572396 1.000000
vt 0.000000 0.000000
vt 0.427604 0.754340
vt 0.427604 0.750000
vt 0.379340 0.750000
vt 0.620660 0.750000
vt 0.620660 1.000000
vt 0.379340 1.000000
vt 0.375000 0.240095
vt 0.375000 0.001447
vt 0.427604 0.997034
vt 0.425000 0.750000
vt 0.425000 0.750000
vt 0.409485 0.750000
vt 0.427604 0.750000
vt 0.427604 1.000000
vt 0.427604 1.000000
vt 0.572396 1.000000
vt 0.575000 1.000000
vt 0.426272 0.750000
vt 0.575000 0.000000
vt 0.575000 0.250000
vt 0.425000 0.500000
vt 0.425000 0.500000
vt 0.425000 0.531501
vt 0.425000 0.250000
vt 0.425000 0.000000
vt 0.425000 0.000000
vt 0.575000 0.000000
vt 0.525000 0.000000
vt 0.475000 0.000000
vt 0.475000 0.000000
vt 0.575000 0.500000
vt 0.575000 0.500000
vt 0.525000 0.500000
vt 0.475000 0.500000
vt 0.475000 0.500000
vt 0.575000 0.250000
vt 0.525000 0.250000
vt 0.475000 0.250000
vt 0.475000 0.250000
vt 0.575000 0.538621
vt 0.590709 0.750000
vt 0.573695 0.750000
vt 0.575000 0.750000
vt 0.572396 0.750000
vt 0.524132 0.750000
vt 0.531066 0.750000
vt 0.475868 0.750000
vt 0.475609 0.750000
vt 0.525000 0.750000
vt 0.475043 0.750000
vt 0.425000 1.000000
vt 0.475868 1.000000
vt 0.475000 1.000000
vt 0.524132 1.000000
vt 0.525000 1.000000
vt 0.524132 1.000000
vt 0.475868 1.000000
vt 0.572396 0.750000
vt 0.524132 0.750000
vt 0.475868 0.750000
vt 0.575000 0.750000
vt 0.535068 0.750000
vt 0.525000 0.750000
vt 0.475000 0.750000
vt 0.475000 0.750000
vt 0.572396 0.754340
vt 0.524132 0.996890
vt 0.524132 0.754340
vt 0.475868 0.996962
vt 0.475868 0.754340
vt 0.575000 0.719706
vt 0.425000 0.723266
vt 0.471725 0.750000
vt 0.475000 0.750000
vt 0.525704 0.519902
vt 0.555934 0.554204
vt 0.550206 0.718184
vt 0.550502 0.724188
vt 0.448570 0.724095
vt 0.450534 0.724053
vt 0.449878 0.721900
vt 0.444031 0.548088
vt 0.473493 0.519622
vt 0.525855 0.513420
vt 0.473570 0.513205
vt 0.452960 0.732292
vt 0.545666 0.732342
vt 0.552370 0.732472
vt 0.557445 0.718422
vt 0.442619 0.722095
vt 0.446322 0.732425
vt 0.561738 0.549617
vt 0.438234 0.543192
vt 0.548286 0.724139
s 1
usemtl papelB
f 6609/4782/5958 6613/4783/5962 6615/4784/5964 6610/4785/5959
f 6614/4786/5963 6612/4787/5961 6611/4788/5960 6616/4777/5965
f 6679/4829/5997 6683/4827/5998 6613/4783/5962 6609/4781/5958
f 6612/4778/5961 6614/4786/5963 6680/4837/5998 6676/4841/5997
f 6676/4841/5997 6680/4837/5998 6681/4838/5998 6677/4842/5997
f 6677/4842/5997 6681/4838/5998 6682/4840/5998 6678/4843/5997
f 6678/4843/5997 6682/4840/5998 6683/4827/5998 6679/4829/5997
usemtl libro2B
f 6602/4776/5951 6606/4777/5955 6616/4777/5965 6611/4776/5960
f 6604/4778/5953 6602/4779/5951 6611/4779/5960 6612/4778/5961
f 6671/4780/5997 6603/4781/5952 6621/4781/5970 6687/4780/5999
f 6607/4783/5956 6605/4784/5954 6615/4784/5964 6613/4783/5962
f 6605/4784/5954 6601/4789/5950 6610/4789/5959 6615/4784/5964
f 6606/4777/5955 6608/4786/5957 6614/4786/5963 6616/4777/5965
f 6605/4784/5954 6607/4783/5956 6618/4783/5967 6718/4790/6006 6714/4791/6006 6619/4784/5968
f 6608/4786/5957 6606/4777/5955 6620/4777/5969 6711/4792/6004 6716/4793/6004 6617/4786/5966
f 6602/4779/5951 6604/4778/5953 6624/4778/5973 6623/4779/5972
f 6603/4781/5952 6601/4794/5950 6622/4794/5971 6621/4781/5970
f 6603/4781/5952 6609/4781/5958 6626/4781/5975 6625/4781/5974
f 6609/4782/5958 6610/4785/5959 6627/4785/5976 6626/4782/5975
f 6601/4794/5950 6603/4781/5952 6625/4812/5974 6630/4813/5978
f 6630/4813/5978 6625/4781/5974 6626/4781/5975 6627/4794/5976
f 6610/4789/5959 6601/4789/5950 6630/4789/5978 6627/4789/5976
f 6667/4821/5996 6646/4810/5988 6647/4776/5989 6700/4822/6001
f 6651/4824/5990 6623/4779/5972 6624/4778/5973 6684/4825/5999
f 6675/4826/5998 6707/4827/6002 6618/4783/5967 6607/4783/5956
f 6671/4780/5997 6679/4829/5997 6609/4781/5958 6603/4781/5952
f 6675/4826/5998 6607/4783/5956 6613/4783/5962 6683/4827/5998
f 6648/4830/5990 6622/4794/5971 6645/4794/5987 6703/4831/6001
f 6623/4779/5972 6651/4824/5990 6700/4832/6001 6647/4779/5989
f 6651/4824/5990 6650/4833/5990 6701/4833/6001 6700/4832/6001
f 6650/4833/5990 6649/4834/5990 6702/4835/6001 6701/4833/6001
f 6649/4834/5990 6648/4830/5990 6703/4831/6001 6702/4835/6001
f 6608/4786/5957 6672/4836/5998 6680/4837/5998 6614/4786/5963
f 6672/4836/5998 6673/4838/5998 6681/4838/5998 6680/4837/5998
f 6673/4838/5998 6674/4839/5998 6682/4840/5998 6681/4838/5998
f 6674/4839/5998 6675/4826/5998 6683/4827/5998 6682/4840/5998
f 6604/4778/5953 6612/4778/5961 6676/4841/5997 6668/4841/5997
f 6668/4841/5997 6676/4841/5997 6677/4842/5997 6669/4842/5997
f 6669/4842/5997 6677/4842/5997 6678/4843/5997 6670/4844/5997
f 6670/4844/5997 6678/4843/5997 6679/4829/5997 6671/4780/5997
f 6608/4786/5957 6617/4786/5966 6704/4836/6002 6672/4836/5998
f 6672/4836/5998 6704/4836/6002 6724/4838/6002 6673/4838/5998
f 6673/4838/5998 6724/4838/6002 6725/4839/6002 6674/4839/5998
f 6674/4839/5998 6725/4839/6002 6707/4827/6002 6675/4826/5998
f 6622/4794/5971 6648/4830/5990 6687/4780/5999 6621/4781/5970
f 6648/4830/5990 6649/4834/5990 6686/4843/5999 6687/4780/5999
f 6649/4834/5990 6650/4833/5990 6685/4842/5999 6686/4843/5999
f 6650/4833/5990 6651/4824/5990 6684/4825/5999 6685/4842/5999
f 6644/4811/5986 6664/4820/5996 6703/4856/6001 6645/4789/5987
f 6664/4820/5996 6665/4857/5996 6702/4858/6001 6703/4856/6001
f 6665/4857/5996 6666/4859/5996 6701/4860/6001 6702/4858/6001
f 6666/4859/5996 6667/4821/5996 6700/4822/6001 6701/4860/6001
f 6604/4778/5953 6668/4841/5997 6684/4825/5999 6624/4778/5973
f 6668/4841/5997 6669/4842/5997 6685/4842/5999 6684/4825/5999
f 6669/4842/5997 6670/4844/5997 6686/4843/5999 6685/4842/5999
f 6670/4844/5997 6671/4780/5997 6687/4780/5999 6686/4843/5999
f 6705/4880/6003 6717/4881/6003 6712/4882/6003 6708/4883/6003 6709/4884/6003 6710/4885/6003 6715/4886/6003 6719/4887/6003 6706/4888/6003
f 6734/4889/6003 6735/4890/6003 6725/4839/6002 6724/4838/6002
f 6737/4891/6003 6736/4892/6003 6726/4868/6008 6727/4878/6009
f 6738/4893/6003 6739/4894/6003 6729/4876/6003 6728/4866/6003
f 6741/4895/6003 6740/4896/6003 6730/4815/6010 6731/4877/6003
f 6739/4894/6003 6742/4897/6003 6732/4845/6003 6729/4876/6003
f 6742/4897/6003 6734/4889/6003 6724/4838/6002 6732/4845/6003
f 6743/4898/6003 6741/4895/6003 6731/4877/6003 6733/4828/6003
f 6735/4890/6003 6743/4898/6003 6733/4828/6003 6725/4839/6002
f 6740/4896/6003 6737/4891/6003 6727/4878/6009 6730/4815/6010
f 6736/4892/6003 6738/4893/6003 6728/4866/6003 6726/4868/6008
usemtl libroBordeB
f 6628/4795/5977 6629/4796/5977 6630/4789/5978
f 6631/4797/5979 6632/4798/5979 6633/4776/5980
f 6634/4799/5979 6635/4777/5980 6636/4800/5979
f 6637/4801/5977 6638/4802/5977 6639/4784/5981
f 6655/4803/5991 6632/4798/5979 6631/4797/5979 6688/4804/5991
f 6630/4805/5978 6639/4805/5981 6638/4805/5977 6628/4805/5977
f 6635/4777/5980 6633/4776/5980 6632/4798/5979 6636/4800/5979
f 6695/4806/5991 6638/4802/5977 6637/4801/5977 6656/4807/5991
f 6639/4784/5981 6643/4784/5985 6642/4808/5984 6637/4801/5977
f 6640/4777/5982 6635/4777/5980 6634/4799/5979 6641/4809/5983
f 6633/4776/5980 6647/4776/5989 6646/4810/5988 6631/4797/5979
f 6645/4789/5987 6630/4789/5978 6629/4796/5977 6644/4811/5986
f 6601/4789/5950 6605/4784/5954 6639/4784/5981 6630/4789/5978
f 6622/4794/5971 6601/4794/5950 6630/4813/5978 6645/4794/5987
f 6602/4779/5951 6623/4779/5972 6647/4779/5989 6633/4779/5980
f 6606/4777/5955 6602/4776/5951 6633/4776/5980 6635/4777/5980
f 6620/4777/5969 6606/4777/5955 6635/4777/5980 6640/4777/5982
f 6695/4806/5991 6652/4814/5991 6628/4795/5977 6638/4802/5977
f 6605/4784/5954 6619/4784/5968 6643/4784/5985 6639/4784/5981
f 6730/4815/6010 6660/4816/5992 6643/4784/5985 6619/4784/5968
f 6656/4807/5991 6637/4801/5977 6642/4808/5984 6722/4817/6000 6699/4818/6000
f 6691/4819/5991 6664/4820/5996 6644/4811/5986 6629/4796/5977
f 6699/4818/6000 6722/4817/6000 6723/4823/6007
f 6707/4827/6002 6733/4828/6003 6718/4790/6006 6618/4783/5967
f 6617/4786/5966 6716/4793/6004 6732/4845/6003 6704/4836/6002
f 6641/4809/5983 6720/4846/6000 6721/4847/6007 6663/4848/5995 6640/4777/5982
f 6696/4849/6000 6697/4850/6000 6662/4851/5994 6721/4847/6007
f 6697/4850/6000 6698/4852/6000 6661/4853/5993 6662/4854/5994
f 6698/4852/6000 6699/4818/6000 6723/4823/6007 6661/4855/5993
f 6631/4797/5979 6646/4810/5988 6667/4821/5996 6688/4804/5991
f 6688/4804/5991 6667/4821/5996 6666/4859/5996 6689/4861/5991
f 6689/4861/5991 6666/4859/5996 6665/4857/5996 6690/4862/5991
f 6690/4862/5991 6665/4857/5996 6664/4820/5996 6691/4819/5991
f 6634/4799/5979 6659/4863/5991 6696/4849/6000 6720/4846/6000 6641/4809/5983
f 6659/4863/5991 6658/4864/5991 6697/4850/6000 6696/4849/6000
f 6658/4864/5991 6657/4865/5991 6698/4852/6000 6697/4850/6000
f 6657/4865/5991 6656/4807/5991 6699/4818/6000 6698/4852/6000
f 6620/4777/5969 6640/4777/5982 6663/4848/5995 6728/4866/6003
f 6728/4866/6003 6663/4848/5995 6662/4851/5994 6726/4867/6008
f 6726/4868/6008 6662/4854/5994 6661/4853/5993 6713/4869/6005 6727/4870/6009
f 6636/4800/5979 6632/4798/5979 6655/4803/5991 6692/4871/5991
f 6692/4871/5991 6655/4803/5991 6654/4872/5991 6693/4873/5991
f 6693/4873/5991 6654/4872/5991 6653/4874/5991 6694/4875/5991
f 6694/4875/5991 6653/4874/5991 6652/4814/5991 6695/4806/5991
f 6636/4800/5979 6692/4871/5991 6659/4863/5991 6634/4799/5979
f 6692/4871/5991 6693/4873/5991 6658/4864/5991 6659/4863/5991
f 6693/4873/5991 6694/4875/5991 6657/4865/5991 6658/4864/5991
f 6694/4875/5991 6695/4806/5991 6656/4807/5991 6657/4865/5991
f 6628/4795/5977 6652/4814/5991 6691/4819/5991 6629/4796/5977
f 6652/4814/5991 6653/4874/5991 6690/4862/5991 6691/4819/5991
f 6653/4874/5991 6654/4872/5991 6689/4861/5991 6690/4862/5991
f 6654/4872/5991 6655/4803/5991 6688/4804/5991 6689/4861/5991
f 6729/4876/6003 6711/4792/6004 6620/4777/5969 6728/4866/6003
f 6714/4791/6006 6731/4877/6003 6730/4815/6010 6619/4784/5968
f 6727/4878/6009 6713/4869/6005 6661/4879/5993 6660/4816/5992 6730/4815/6010
f 6732/4845/6003 6724/4838/6002 6704/4836/6002
f 6732/4845/6003 6716/4793/6004 6711/4792/6004 6729/4876/6003
f 6725/4839/6002 6733/4828/6003 6707/4827/6002
f 6718/4790/6006 6733/4828/6003 6731/4877/6003 6714/4791/6006
f 6721/4847/6007 6720/4846/6000 6696/4849/6000
f 6721/4847/6007 6662/4851/5994 6663/4848/5995
f 6661/4855/5993 6723/4823/6007 6660/4816/5992
f 6723/4823/6007 6722/4817/6000 6642/4808/5984 6643/4784/5985 6660/4816/5992
f 6705/4880/6003 6706/4888/6003 6735/4890/6003 6734/4889/6003
f 6709/4884/6003 6708/4883/6003 6736/4892/6003 6737/4891/6003
f 6708/4899/6003 6712/4882/6003 6739/4894/6003 6738/4893/6003
f 6715/4886/6003 6710/4885/6003 6740/4896/6003 6741/4895/6003
f 6712/4882/6003 6717/4881/6003 6742/4897/6003 6739/4894/6003
f 6717/4881/6003 6705/4880/6003 6734/4889/6003 6742/4897/6003
f 6719/4887/6003 6715/4886/6003 6741/4895/6003 6743/4898/6003
f 6706/4888/6003 6719/4887/6003 6743/4898/6003 6735/4890/6003
f 6710/4885/6003 6709/4884/6003 6737/4891/6003 6740/4896/6003
f 6708/4899/6003 6738/4893/6003 6736/4892/6003
o libro1.003
v -2.038014 11.959658 6.333829
v -2.038014 12.506441 6.333829
v -2.038014 11.959658 5.910573
v -2.038014 12.506441 5.910573
v -1.932723 11.959658 6.333829
v -1.932723 12.506441 6.333829
v -1.932723 11.959658 5.910573
v -1.932723 12.506441 5.910573
v -2.034278 11.979057 5.931460
v -2.034278 11.979057 6.324683
v -2.034278 12.487041 6.324683
v -2.034278 12.487041 5.931460
v -1.936458 11.979057 5.931460
v -1.936458 12.487041 5.931460
v -1.936458 11.979057 6.324683
v -1.936458 12.487041 6.324683
v -1.920157 12.506441 5.910573
v -1.920157 11.959658 5.910573
v -1.920157 11.959658 6.333829
v -1.920157 12.506441 6.333829
v -2.050668 11.959658 5.910573
v -2.050668 11.959658 6.333829
v -2.050668 12.506441 6.333829
v -2.050668 12.506441 5.910573
v -2.038014 11.959658 5.927342
v -2.034278 11.979057 5.948230
v -2.034278 11.979057 6.341452
v -2.036186 11.977838 6.350598
v -2.039842 11.977838 6.350598
v -2.038014 11.968657 6.343250
v -2.039842 12.488261 6.350598
v -2.036186 12.488261 6.350598
v -2.038014 12.497441 6.343250
v -1.930895 12.488261 6.350598
v -1.932723 12.497441 6.343250
v -1.934551 12.488261 6.350598
v -1.930895 11.977838 6.350598
v -1.934551 11.977838 6.350598
v -1.932723 11.968657 6.343250
v -1.920157 12.497441 6.343250
v -1.921985 12.488261 6.350598
v -1.921985 11.977838 6.350598
v -1.920157 11.968657 6.343250
v -2.048840 11.977838 6.350598
v -2.050668 11.968657 6.343250
v -2.048840 12.488261 6.350598
v -2.050668 12.497441 6.343250
v -2.050668 11.989431 6.333829
v -2.050668 12.035626 6.333829
v -2.050668 12.433351 6.333829
v -2.050668 12.479195 6.333829
v -2.036186 12.000339 6.350598
v -2.036186 12.039262 6.350598
v -2.036186 12.429714 6.350598
v -2.036186 12.468287 6.350598
v -1.930895 12.000339 6.350598
v -1.930895 12.039262 6.350598
v -1.930895 12.429714 6.350598
v -1.930895 12.468287 6.350598
v -1.920157 11.994830 6.343250
v -1.920157 12.037426 6.343250
v -1.920157 12.431551 6.343250
v -1.920157 12.473795 6.343250
v -2.048840 12.000339 6.350598
v -2.048840 12.039262 6.350598
v -2.048840 12.429714 6.350598
v -2.048840 12.468287 6.350598
v -2.038014 12.479195 5.910573
v -2.038014 12.433351 5.910573
v -2.038014 12.035626 5.910573
v -2.038014 11.989431 5.910573
v -1.932723 12.479195 5.910573
v -1.932723 12.433351 5.910573
v -1.932723 12.035626 5.910573
v -1.932723 11.989431 5.910573
v -2.034278 12.467555 5.931460
v -2.034278 12.429470 5.931460
v -2.034278 12.039506 5.931460
v -2.034278 12.001071 5.931460
v -1.936458 12.467555 5.931460
v -1.936458 12.429470 5.931460
v -1.936458 12.039506 5.931460
v -1.936458 12.001071 5.931460
v -1.920157 12.442221 5.964237
v -1.920157 12.424102 5.964237
v -1.920157 12.044867 5.964237
v -1.920157 12.026413 5.964237
v -1.920157 12.442221 6.299707
v -1.920157 12.424102 6.299707
v -1.920157 12.044867 6.299707
v -1.920157 12.026413 6.299707
v -2.050668 12.479195 5.910573
v -2.050668 12.433351 5.910573
v -2.050668 12.035626 5.910573
v -2.050668 11.989431 5.910573
v -2.039842 12.468287 6.350598
v -2.039842 12.429714 6.350598
v -2.039842 12.039262 6.350598
v -2.039842 12.000339 6.350598
v -1.934551 12.468287 6.350598
v -1.934551 12.429714 6.350598
v -1.934551 12.039262 6.350598
v -1.934551 12.000339 6.350598
v -1.921985 12.468287 6.350598
v -1.921985 12.429714 6.350598
v -1.921985 12.039262 6.350598
v -1.921985 12.000339 6.350598
v -2.050668 12.473795 6.343250
v -2.050668 12.431551 6.343250
v -2.050668 12.037426 6.343250
v -2.050668 11.994830 6.343250
v -1.920157 12.479195 5.910573
v -1.920157 12.433351 5.910573
v -1.920157 12.035626 5.910573
v -1.920157 11.989431 5.910573
v -1.920157 12.479195 6.333829
v -1.920157 12.433351 6.333829
v -1.920157 12.035626 6.333829
v -1.920157 11.989431 6.333829
v -1.920157 12.461060 5.944168
v -1.920157 12.428422 5.944168
v -1.920157 12.040550 5.944168
v -1.920157 12.007570 5.944168
v -1.920157 12.461060 6.319776
v -1.920157 12.428422 6.319776
v -1.920157 12.040550 6.319776
v -1.920157 12.007570 6.319776
vn 0.2633 -0.9469 0.1845
vn 0.2293 0.9555 0.1858
vn 0.5411 -0.5941 -0.5951
vn 0.5411 0.5941 -0.5951
vn -0.2293 -0.9555 0.1858
vn -0.2293 0.9555 0.1858
vn -0.5411 -0.5941 -0.5951
vn -0.5411 0.5941 -0.5951
vn 0.8527 -0.3734 -0.3653
vn -0.8482 -0.4128 -0.3317
vn 0.5335 0.7299 -0.4273
vn 0.8527 0.3734 -0.3653
vn -0.8527 -0.3734 -0.3653
vn -0.8527 0.3734 -0.3653
vn -0.5335 -0.7299 -0.4273
vn -0.5335 0.7299 -0.4273
vn 0.5774 0.5774 -0.5774
vn 0.5774 -0.5774 -0.5774
vn 0.6322 -0.7192 0.2883
vn 0.6322 0.7192 0.2883
vn -0.5774 -0.5774 -0.5774
vn -0.6322 -0.7192 0.2883
vn -0.6322 0.7192 0.2883
vn -0.5774 0.5774 -0.5774
vn 0.9948 -0.1017 0.0003
vn -0.1178 -0.9930 0.0089
vn -0.0497 -0.3646 -0.9298
vn -0.0000 -0.3311 0.9436
vn 0.0098 -0.6782 0.7348
vn -0.0000 0.3311 0.9436
vn -0.0000 0.6755 0.7374
vn -0.0000 -0.6755 0.7374
vn 0.6951 0.4679 0.5458
vn 0.5439 0.2464 0.8022
vn 0.5439 -0.2464 0.8022
vn 0.6951 -0.4679 0.5458
vn -0.5439 -0.2464 0.8022
vn -0.6951 -0.4679 0.5458
vn -0.5439 0.2464 0.8022
vn -0.6951 0.4679 0.5458
vn -1.0000 -0.0000 -0.0000
vn -0.0000 -0.0000 1.0000
vn 0.9926 -0.0000 0.1216
vn -0.6159 -0.0000 0.7878
vn 0.6419 -0.0000 -0.7668
vn -0.6419 -0.0000 -0.7668
vn 1.0000 -0.0000 -0.0000
vn -0.7071 -0.0000 -0.7071
vn 0.6159 -0.0000 0.7878
vn -0.9926 -0.0000 0.1216
vn 0.7071 -0.0000 -0.7071
vt 0.335882 0.500351
vt 0.335882 0.419561
vt 0.350767 0.422428
vt 0.350767 0.497485
vt 0.000024 0.419556
vt 0.324775 0.419556
vt 0.317732 0.434422
vt 0.016024 0.434422
vt 0.385004 0.816263
vt 0.385004 0.839108
vt 0.375295 0.839108
vt 0.375295 0.816263
vt 0.850455 0.721281
vt 0.775397 0.721281
vt 0.775397 0.419562
vt 0.850455 0.419562
vt 0.925512 0.721281
vt 0.925512 0.419562
vt 1.000000 0.419527
vt 0.675256 0.419561
vt 0.682305 0.404704
vt 0.984006 0.404672
vt 0.365653 0.419562
vt 0.365653 0.500352
vt 0.350767 0.497485
vt 0.350767 0.422428
vt 0.675256 0.000034
vt 1.000000 0.000000
vt 0.984006 0.014914
vt 0.682305 0.014946
vt 0.584757 0.426790
vt 0.584757 0.751554
vt 0.575114 0.751554
vt 0.575114 0.426790
vt 0.565473 0.751554
vt 0.565473 0.426790
vt 0.575115 0.426790
vt 0.575115 0.751554
vt 0.484683 0.426790
vt 0.484683 0.751554
vt 0.474973 0.751554
vt 0.474973 0.426790
vt 0.665547 0.751554
vt 0.665547 0.426790
vt 0.675256 0.426790
vt 0.675256 0.751554
vt 0.000000 0.839093
vt 0.016002 0.824190
vt 0.028869 0.824190
vt 0.012866 0.839093
vt 0.385004 0.419562
vt 0.385004 0.721262
vt 0.385004 0.734128
vt 0.385004 0.432428
vt 0.764285 0.818254
vt 0.767091 0.818254
vt 0.765688 0.825297
vt 0.767091 0.426605
vt 0.764285 0.426605
vt 0.765688 0.419562
vt 0.683495 0.426605
vt 0.684898 0.419562
vt 0.686301 0.426605
vt 0.683495 0.818254
vt 0.686301 0.818254
vt 0.684898 0.825297
vt 0.764285 0.441932
vt 0.767091 0.441932
vt 0.686301 0.800988
vt 0.683495 0.800988
vt 0.675256 0.825297
vt 0.676659 0.818254
vt 0.675256 0.419562
vt 0.676659 0.426605
vt 0.775397 0.419562
vt 0.773995 0.426605
vt 0.775397 0.825297
vt 0.773995 0.818254
vt 0.324752 0.839093
vt 0.331981 0.832188
vt 0.584757 0.419562
vt 0.665547 0.419562
vt 0.330576 0.824190
vt 0.399916 0.728249
vt 0.393011 0.735477
vt 0.675256 0.419562
vt 0.474973 0.419562
vt 0.484683 0.419562
vt 0.565473 0.419562
vt 0.575115 0.419562
vt 0.764285 0.800988
vt 0.575114 0.419562
vt 0.324752 0.396693
vt 0.331980 0.392550
vt 0.331980 0.412632
vt 0.324752 0.419537
vt 0.676659 0.800988
vt 0.767091 0.800988
vt 0.773995 0.800988
vt 0.337630 0.029297
vt 0.337630 0.013971
vt 0.343284 0.006940
vt 0.343284 0.025083
vt 0.337630 0.388332
vt 0.337630 0.405597
vt 0.350512 0.020940
vt 0.350512 0.000034
vt 0.675256 0.000000
vt 0.675256 0.020905
vt 0.365653 0.816263
vt 0.365653 0.839108
vt 0.000000 0.396711
vt 0.000000 0.419556
vt 0.000001 0.816249
vt 0.016003 0.807299
vt 0.399916 0.792446
vt 0.474973 0.792446
vt 0.474973 0.809337
vt 0.399916 0.809337
vt 1.000000 0.396683
vt 0.984006 0.387782
vt 0.350512 0.396718
vt 0.350512 0.419562
vt 0.343284 0.412657
vt 0.343284 0.392576
vt 0.350512 0.056114
vt 0.343284 0.057496
vt 0.350512 0.361274
vt 0.343284 0.359894
vt 1.000000 0.020905
vt 0.984006 0.029865
vt 1.000000 0.056080
vt 0.984006 0.059086
vt 1.000000 0.361239
vt 0.984006 0.358292
vt 0.399916 0.419562
vt 0.474973 0.434514
vt 0.399916 0.434514
vt 0.474973 0.463736
vt 0.399916 0.463736
vt 0.474973 0.762955
vt 0.399916 0.762955
vt 0.016023 0.449374
vt 0.000023 0.440461
vt 0.016022 0.478595
vt 0.000021 0.475637
vt 0.016005 0.777809
vt 0.000003 0.780804
vt 0.000000 0.000018
vt 0.324752 0.000000
vt 0.324752 0.020906
vt 0.000000 0.020924
vt 0.365653 0.419562
vt 0.375295 0.419562
vt 0.375295 0.440468
vt 0.365653 0.440468
vt 0.375295 0.475644
vt 0.365653 0.475644
vt 0.375295 0.780817
vt 0.365653 0.780817
vt 0.675256 0.396683
vt 0.675256 0.419527
vt 0.675256 0.361240
vt 0.675256 0.056080
vt 0.337630 0.013957
vt 0.337630 0.029283
vt 0.331980 0.025048
vt 0.331980 0.006905
vt 0.337630 0.058879
vt 0.331980 0.057462
vt 0.337630 0.358467
vt 0.331980 0.359867
vt 0.337630 0.405601
vt 0.337630 0.388337
vt 0.337630 0.358472
vt 0.337630 0.058892
vt 0.773995 0.441932
vt 0.773995 0.471528
vt 0.767091 0.471528
vt 0.773995 0.771122
vt 0.767091 0.771122
vt 0.683495 0.441932
vt 0.676659 0.441932
vt 0.683495 0.471528
vt 0.676659 0.471528
vt 0.683495 0.771122
vt 0.676659 0.771122
vt 0.324752 0.056081
vt 0.324752 0.361248
vt 0.686301 0.441932
vt 0.764285 0.471528
vt 0.686301 0.471528
vt 0.764285 0.771122
vt 0.686301 0.771122
vt 0.385004 0.419562
vt 0.385004 0.440468
vt 0.385004 0.475644
vt 0.385004 0.780817
vt 0.041174 0.049291
vt 0.298571 0.049277
vt 0.298571 0.063179
vt 0.298571 0.354160
vt 0.298571 0.368319
vt 0.041174 0.368333
vt 0.041174 0.354174
vt 0.041174 0.063194
vt 0.025777 0.034837
vt 0.025777 0.059880
vt 0.000000 0.056099
vt 0.025777 0.357487
vt 0.000000 0.361267
vt 0.025777 0.382792
vt 0.313969 0.059863
vt 0.313969 0.034821
vt 0.313969 0.357471
vt 0.313969 0.382776
s 1
usemtl papelB
f 6752/4912/6019 6756/4913/6023 6758/4914/6025 6753/4915/6020
f 6757/4916/6024 6755/4912/6022 6754/4915/6021 6759/4917/6026
f 6822/5015/6055 6826/5016/6056 6756/5017/6023 6752/5018/6019
f 6755/5035/6022 6757/4986/6024 6823/5036/6056 6819/5037/6055
f 6819/5037/6055 6823/5036/6056 6824/5038/6056 6820/5039/6055
f 6820/5039/6055 6824/5038/6056 6825/5040/6056 6821/5041/6055
f 6821/5041/6055 6825/5040/6056 6826/5016/6056 6822/5015/6055
usemtl libro1B
f 6745/4900/6012 6749/4901/6016 6759/4902/6026 6754/4903/6021
f 6747/4904/6014 6745/4905/6012 6754/4906/6021 6755/4907/6022
f 6814/4908/6055 6746/4909/6013 6764/4910/6031 6838/4911/6058
f 6750/4918/6017 6748/4919/6015 6758/4920/6025 6756/4921/6023
f 6748/4922/6015 6744/4923/6011 6753/4924/6020 6758/4925/6025
f 6749/4926/6016 6751/4927/6018 6757/4928/6024 6759/4929/6026
f 6748/4930/6015 6750/4931/6017 6761/4932/6028 6762/4933/6029
f 6751/4934/6018 6749/4935/6016 6763/4936/6030 6760/4937/6027
f 6745/4938/6012 6747/4939/6014 6767/4940/6034 6766/4941/6033
f 6746/4942/6013 6744/4943/6011 6765/4944/6032 6764/4945/6031
f 6746/4946/6013 6752/4947/6019 6769/4948/6036 6768/4949/6035
f 6752/4950/6019 6753/4951/6020 6770/4952/6037 6769/4953/6036
f 6771/4954/6038 6772/4955/6038 6773/4956/6039
f 6774/4957/6040 6775/4958/6040 6776/4959/6041
f 6777/4960/6040 6778/4961/6041 6779/4962/6040
f 6780/4963/6038 6781/4964/6038 6782/4965/6042
f 6798/4966/6052 6775/4958/6040 6774/4957/6040 6839/4967/6052
f 6773/4956/6039 6782/4965/6042 6781/4964/6038 6771/4954/6038
f 6778/4961/6041 6776/4959/6041 6775/4958/6040 6779/4962/6040
f 6846/4968/6052 6781/4964/6038 6780/4963/6038 6799/4969/6052
f 6782/4965/6042 6786/4970/6046 6785/4971/6045 6780/4963/6038
f 6783/4972/6043 6778/4961/6041 6777/4960/6040 6784/4973/6044
f 6776/4959/6041 6790/4974/6050 6789/4975/6049 6774/4957/6040
f 6788/4976/6048 6773/4956/6039 6772/4955/6038 6787/4977/6047
f 6744/4978/6011 6746/4946/6013 6768/4949/6035 6773/4979/6039
f 6744/4943/6011 6748/4930/6015 6782/4980/6042 6773/4981/6039
f 6773/4979/6039 6768/4949/6035 6769/4948/6036 6770/4982/6037
f 6753/4951/6020 6744/4983/6011 6773/4984/6039 6770/4952/6037
f 6765/4944/6032 6744/4943/6011 6773/4981/6039 6788/4985/6048
f 6745/4938/6012 6766/4941/6033 6790/4986/6050 6776/4987/6041
f 6749/4935/6016 6745/4938/6012 6776/4987/6041 6778/4988/6041
f 6763/4936/6030 6749/4935/6016 6778/4988/6041 6783/4989/6043
f 6846/4968/6052 6795/4990/6052 6771/4954/6038 6781/4964/6038
f 6748/4930/6015 6762/4933/6029 6786/4991/6046 6782/4980/6042
f 6862/4992/6057 6803/4993/6053 6786/4994/6046 6762/4995/6029
f 6799/4969/6052 6780/4963/6038 6785/4971/6045 6850/4996/6059
f 6842/4997/6052 6807/4998/6054 6787/4977/6047 6772/4955/6038
f 6810/4999/6054 6789/5000/6049 6790/5001/6050 6851/5002/6060
f 6850/5003/6059 6785/5004/6045 6786/4994/6046 6803/4993/6053
f 6794/5005/6051 6766/5006/6033 6767/5007/6034 6835/5008/6058
f 6818/5009/6056 6858/4911/6061 6761/4910/6028 6750/5010/6017
f 6858/5011/6061 6862/4992/6057 6762/4995/6029 6761/5012/6028
f 6814/5013/6055 6822/5014/6055 6752/4947/6019 6746/4946/6013
f 6818/5019/6056 6750/4918/6017 6756/4921/6023 6826/5020/6056
f 6791/5021/6051 6765/5022/6032 6788/5023/6048 6854/5024/6060
f 6766/5006/6033 6794/5005/6051 6851/5002/6060 6790/5001/6050
f 6794/5005/6051 6793/5025/6051 6852/5026/6060 6851/5002/6060
f 6793/5025/6051 6792/5027/6051 6853/5028/6060 6852/5026/6060
f 6792/5027/6051 6791/5021/6051 6854/5024/6060 6853/5028/6060
f 6751/4927/6018 6815/5029/6056 6823/5030/6056 6757/4928/6024
f 6815/5029/6056 6816/5031/6056 6824/5032/6056 6823/5030/6056
f 6816/5031/6056 6817/5033/6056 6825/5034/6056 6824/5032/6056
f 6817/5033/6056 6818/5019/6056 6826/5020/6056 6825/5034/6056
f 6747/4904/6014 6755/4907/6022 6819/5042/6055 6811/5043/6055
f 6811/5043/6055 6819/5042/6055 6820/5044/6055 6812/5045/6055
f 6812/5045/6055 6820/5044/6055 6821/5046/6055 6813/5047/6055
f 6813/5047/6055 6821/5046/6055 6822/5014/6055 6814/5013/6055
f 6760/5048/6027 6763/5049/6030 6859/5050/6057 6855/5051/6061
f 6751/5052/6018 6760/5053/6027 6855/5054/6061 6815/5055/6056
f 6815/5055/6056 6855/5054/6061 6856/5056/6061 6816/5057/6056
f 6816/5057/6056 6856/5056/6061 6857/5058/6061 6817/5059/6056
f 6817/5059/6056 6857/5058/6061 6858/4911/6061 6818/5009/6056
f 6765/5022/6032 6791/5021/6051 6838/5060/6058 6764/5061/6031
f 6791/5021/6051 6792/5027/6051 6837/5062/6058 6838/5060/6058
f 6792/5027/6051 6793/5025/6051 6836/5063/6058 6837/5062/6058
f 6793/5025/6051 6794/5005/6051 6835/5008/6058 6836/5063/6058
f 6784/5064/6044 6847/5065/6059 6806/5066/6053 6783/5067/6043
f 6847/5065/6059 6848/5068/6059 6805/5069/6053 6806/5066/6053
f 6848/5068/6059 6849/5070/6059 6804/5071/6053 6805/5069/6053
f 6849/5070/6059 6850/5003/6059 6803/4993/6053 6804/5071/6053
f 6787/5072/6047 6807/5073/6054 6854/5024/6060 6788/5023/6048
f 6807/5073/6054 6808/5074/6054 6853/5028/6060 6854/5024/6060
f 6808/5074/6054 6809/5075/6054 6852/5026/6060 6853/5028/6060
f 6809/5075/6054 6810/4999/6054 6851/5002/6060 6852/5026/6060
f 6774/4957/6040 6789/4975/6049 6810/5076/6054 6839/4967/6052
f 6840/5078/6052 6809/5077/6054 6808/5079/6054 6841/5080/6052
f 6777/4960/6040 6802/5081/6052 6847/5082/6059 6784/4973/6044
f 6801/5083/6052 6800/5085/6052 6849/5086/6059 6848/5084/6059
f 6763/5049/6030 6783/5067/6043 6806/5066/6053 6859/5050/6057
f 6859/5050/6057 6806/5066/6053 6805/5069/6053 6860/5087/6057
f 6860/5087/6057 6805/5069/6053 6804/5071/6053 6861/5088/6057
f 6861/5088/6057 6804/5071/6053 6803/4993/6053 6862/4992/6057
f 6779/4962/6040 6775/4958/6040 6798/4966/6052 6843/5089/6052
f 6844/5091/6052 6797/5090/6052 6796/5092/6052 6845/5093/6052
f 6779/4962/6040 6843/5089/6052 6802/5081/6052 6777/4960/6040
f 6844/5091/6052 6845/5093/6052 6800/5085/6052 6801/5083/6052
f 6771/4954/6038 6795/4990/6052 6842/4997/6052 6772/4955/6038
f 6796/5092/6052 6797/5090/6052 6840/5078/6052 6841/5080/6052
f 6747/5094/6014 6811/5095/6055 6835/5054/6058 6767/5053/6034
f 6811/5095/6055 6812/5096/6055 6836/5056/6058 6835/5054/6058
f 6812/5096/6055 6813/5097/6055 6837/5058/6058 6836/5056/6058
f 6813/5097/6055 6814/4908/6055 6838/4911/6058 6837/5058/6058
f 6827/5098/6057 6831/5099/6057 6832/5100/6057 6833/5101/6057 6834/5102/6057 6830/5103/6057 6829/5104/6057 6828/5105/6057
f 6863/5106/6057 6864/5107/6057 6856/5108/6061 6855/5051/6061
f 6864/5107/6057 6865/5109/6057 6857/5110/6061 6856/5108/6061
f 6865/5109/6057 6866/5111/6057 6858/5011/6061 6857/5110/6061
f 6868/5112/6057 6867/5113/6057 6859/5050/6057 6860/5087/6057
f 6869/5114/6057 6868/5112/6057 6860/5087/6057 6861/5088/6057
f 6870/5115/6057 6869/5114/6057 6861/5088/6057 6862/4992/6057
f 6867/5113/6057 6863/5106/6057 6855/5051/6061 6859/5050/6057
f 6866/5111/6057 6870/5115/6057 6862/4992/6057 6858/5011/6061
usemtl libroBordeB
f 6839/4967/6052 6810/5076/6054 6809/5077/6054 6840/5078/6052
f 6841/5080/6052 6808/5079/6054 6807/4998/6054 6842/4997/6052
f 6802/5081/6052 6801/5083/6052 6848/5084/6059 6847/5082/6059
f 6800/5085/6052 6799/4969/6052 6850/4996/6059 6849/5086/6059
f 6843/5089/6052 6798/4966/6052 6797/5090/6052 6844/5091/6052
f 6845/5093/6052 6796/5092/6052 6795/4990/6052 6846/4968/6052
f 6843/5089/6052 6844/5091/6052 6801/5083/6052 6802/5081/6052
f 6845/5093/6052 6846/4968/6052 6799/4969/6052 6800/5085/6052
f 6795/4990/6052 6796/5092/6052 6841/5080/6052 6842/4997/6052
f 6797/5090/6052 6798/4966/6052 6839/4967/6052 6840/5078/6052
f 6827/5098/6057 6828/5105/6057 6864/5107/6057 6863/5106/6057
f 6828/5105/6057 6829/5104/6057 6865/5109/6057 6864/5107/6057
f 6829/5104/6057 6830/5103/6057 6866/5111/6057 6865/5109/6057
f 6832/5100/6057 6831/5099/6057 6867/5113/6057 6868/5112/6057
f 6833/5101/6057 6832/5100/6057 6868/5112/6057 6869/5114/6057
f 6834/5102/6057 6833/5101/6057 6869/5114/6057 6870/5115/6057
f 6831/5099/6057 6827/5098/6057 6863/5106/6057 6867/5113/6057
f 6830/5103/6057 6834/5102/6057 6870/5115/6057 6866/5111/6057
o jarron.001
v -2.049954 11.961785 6.593720
v -2.045442 11.991391 6.618330
v -2.049561 11.961785 6.568704
v -2.036198 11.991391 6.641587
v -2.044279 11.961785 6.544241
v -2.022579 11.991391 6.662597
v -2.034310 11.961785 6.521273
v -2.005107 11.991391 6.680553
v -2.020038 11.961785 6.500681
v -1.984454 11.991391 6.694766
v -2.002011 11.961785 6.483258
v -1.961413 11.991391 6.704688
v -1.980922 11.961785 6.469673
v -1.936870 11.991391 6.709938
v -1.957580 11.961785 6.460448
v -1.911768 11.991391 6.710315
v -1.932884 11.961785 6.455937
v -1.887072 11.991391 6.705804
v -1.907783 11.961785 6.456315
v -1.863731 11.991391 6.696579
v -1.883240 11.961785 6.461565
v -1.842642 11.991391 6.682994
v -1.860199 11.961785 6.471487
v -1.824615 11.991391 6.665571
v -1.839546 11.961785 6.485699
v -1.810342 11.991391 6.644979
v -1.822074 11.961785 6.503655
v -1.800374 11.991391 6.622011
v -1.808455 11.961785 6.524665
v -1.795092 11.991391 6.597548
v -1.799211 11.961785 6.547922
v -1.794699 11.991391 6.572532
v -1.794699 11.961785 6.572532
v -1.799211 11.991391 6.547922
v -1.795092 11.961785 6.597548
v -1.808455 11.991391 6.524665
v -1.800374 11.961785 6.622011
v -1.822074 11.991391 6.503655
v -1.810342 11.961785 6.644979
v -1.839546 11.991391 6.485699
v -1.824615 11.961785 6.665571
v -1.860199 11.991391 6.471487
v -1.842642 11.961785 6.682994
v -1.883240 11.991391 6.461565
v -1.863731 11.961785 6.696579
v -1.907783 11.991391 6.456315
v -1.887072 11.961785 6.705804
v -1.932884 11.991391 6.455937
v -1.911768 11.961785 6.710315
v -1.957580 11.991391 6.460448
v -1.936870 11.961785 6.709938
v -1.980922 11.991391 6.469673
v -1.961413 11.961785 6.704688
v -2.002011 11.991391 6.483258
v -1.984454 11.961785 6.694766
v -2.020038 11.991391 6.500681
v -2.005107 11.961785 6.680553
v -2.034310 11.991391 6.521273
v -2.022579 11.961785 6.662597
v -2.044279 11.991391 6.544241
v -2.036198 11.961785 6.641587
v -2.049561 11.991391 6.568704
v -2.045442 11.961785 6.618330
v -2.049954 11.991391 6.593720
v -2.049223 12.034914 6.619380
v -2.039657 12.034914 6.643449
v -2.025562 12.034914 6.665194
v -2.007479 12.034914 6.683777
v -1.986104 12.034914 6.698486
v -1.962259 12.034914 6.708754
v -1.936859 12.034914 6.714188
v -1.910880 12.034914 6.714578
v -1.885321 12.034914 6.709910
v -1.861165 12.034914 6.700362
v -1.839339 12.034914 6.686303
v -1.820682 12.034914 6.668271
v -1.805911 12.034914 6.646960
v -1.795594 12.034914 6.623190
v -1.790128 12.034914 6.597873
v -1.789721 12.034914 6.571982
v -1.794391 12.034914 6.546513
v -1.803957 12.034914 6.522443
v -1.818052 12.034914 6.500699
v -1.836135 12.034914 6.482116
v -1.857509 12.034914 6.467407
v -1.881355 12.034914 6.457139
v -1.906755 12.034914 6.451705
v -1.932734 12.034914 6.451314
v -1.958292 12.034914 6.455983
v -1.982449 12.034914 6.465530
v -2.004275 12.034914 6.479590
v -2.022932 12.034914 6.497622
v -2.037703 12.034914 6.518932
v -2.048020 12.034914 6.542703
v -2.053486 12.034914 6.568020
v -2.053893 12.034914 6.593911
v -2.065050 12.091901 6.623876
v -2.054311 12.091612 6.650907
v -2.038487 12.091144 6.675326
v -2.018188 12.090513 6.696197
v -1.994193 12.089746 6.712716
v -1.967425 12.088869 6.724249
v -1.938911 12.087918 6.730352
v -1.909749 12.086929 6.730791
v -1.881058 12.085940 6.725550
v -1.853941 12.084990 6.714828
v -1.829441 12.084113 6.699040
v -1.808498 12.083345 6.678791
v -1.791918 12.082715 6.654859
v -1.780337 12.082247 6.628164
v -1.774202 12.081958 6.599732
v -1.773747 12.081861 6.570656
v -1.778990 12.081958 6.542053
v -1.789729 12.082247 6.515022
v -1.805553 12.082715 6.490602
v -1.825852 12.083345 6.469731
v -1.849847 12.084113 6.453212
v -1.876615 12.084990 6.441679
v -1.905129 12.085940 6.435576
v -1.934291 12.086929 6.435137
v -1.962982 12.087918 6.440378
v -1.990099 12.088869 6.451099
v -2.014600 12.089746 6.466888
v -2.035542 12.090513 6.487138
v -2.052122 12.091144 6.511069
v -2.063703 12.091612 6.537764
v -2.069838 12.091901 6.566196
v -2.070293 12.091998 6.595272
v -2.067873 12.144205 6.624226
v -2.056652 12.144038 6.652462
v -2.040119 12.143766 6.677970
v -2.018909 12.143401 6.699771
v -1.993837 12.142956 6.717026
v -1.965866 12.142447 6.729073
v -1.936073 12.141896 6.735447
v -1.905601 12.141322 6.735906
v -1.875621 12.140749 6.730430
v -1.847286 12.140198 6.719229
v -1.821685 12.139689 6.702736
v -1.799801 12.139244 6.681583
v -1.782476 12.138879 6.656583
v -1.770375 12.138607 6.628697
v -1.763963 12.138439 6.598998
v -1.763487 12.138383 6.568624
v -1.768965 12.138439 6.538746
v -1.780186 12.138607 6.510509
v -1.796719 12.138879 6.485001
v -1.817930 12.139244 6.463200
v -1.843002 12.139689 6.445945
v -1.870972 12.140198 6.433898
v -1.900766 12.140749 6.427524
v -1.931238 12.141322 6.427066
v -1.961217 12.141896 6.432542
v -1.989552 12.142447 6.443742
v -2.015153 12.142956 6.460235
v -2.037037 12.143401 6.481389
v -2.054362 12.143766 6.506388
v -2.066463 12.144038 6.534274
v -2.072875 12.144205 6.563974
v -2.073351 12.144261 6.594347
v -2.054739 12.205016 6.616656
v -2.044170 12.204859 6.643252
v -2.028596 12.204603 6.667280
v -2.008618 12.204259 6.687815
v -1.985002 12.203839 6.704068
v -1.958656 12.203361 6.715415
v -1.930593 12.202841 6.721419
v -1.901890 12.202301 6.721850
v -1.873652 12.201760 6.716692
v -1.846963 12.201241 6.706143
v -1.822848 12.200763 6.690607
v -1.802235 12.200343 6.670682
v -1.785916 12.199999 6.647135
v -1.774518 12.199743 6.620869
v -1.768478 12.199585 6.592893
v -1.768030 12.199533 6.564284
v -1.773190 12.199585 6.536140
v -1.783759 12.199743 6.509544
v -1.799332 12.199999 6.485517
v -1.819311 12.200343 6.464982
v -1.842927 12.200763 6.448729
v -1.869273 12.201241 6.437382
v -1.897336 12.201760 6.431377
v -1.926039 12.202301 6.430946
v -1.954277 12.202841 6.436104
v -1.980966 12.203361 6.446654
v -2.005080 12.203839 6.462189
v -2.025693 12.204259 6.482114
v -2.042012 12.204603 6.505662
v -2.053411 12.204859 6.531928
v -2.059450 12.205016 6.559903
v -2.059899 12.205070 6.588512
v -2.028728 12.255239 6.610986
v -2.019916 12.255109 6.634354
v -2.007002 12.254899 6.655491
v -1.990482 12.254616 6.673586
v -1.970990 12.254271 6.687944
v -1.949277 12.253878 6.698012
v -1.926175 12.253450 6.703405
v -1.902574 12.253007 6.703914
v -1.879379 12.252563 6.699521
v -1.857483 12.252136 6.690392
v -1.837727 12.251742 6.676881
v -1.820869 12.251398 6.659506
v -1.807559 12.251115 6.638935
v -1.798307 12.250904 6.615958
v -1.793469 12.250775 6.591457
v -1.793230 12.250731 6.566376
v -1.797601 12.250775 6.541677
v -1.806413 12.250904 6.518310
v -1.819327 12.251115 6.497173
v -1.835847 12.251398 6.479078
v -1.855338 12.251742 6.464720
v -1.877052 12.252136 6.454651
v -1.900154 12.252563 6.449259
v -1.923755 12.253007 6.448750
v -1.946949 12.253450 6.453143
v -1.968846 12.253878 6.462271
v -1.988602 12.254271 6.475782
v -2.005459 12.254616 6.493157
v -2.018770 12.254899 6.513729
v -2.028022 12.255109 6.536706
v -2.032860 12.255239 6.561206
v -2.033098 12.255282 6.586287
v -2.000584 12.302230 6.594137
v -1.994397 12.302301 6.609703
v -1.985282 12.302417 6.623765
v -1.973589 12.302573 6.635784
v -1.959766 12.302763 6.645297
v -1.944346 12.302980 6.651938
v -1.927920 12.303216 6.655452
v -1.911120 12.303460 6.655704
v -1.894592 12.303705 6.652686
v -1.878970 12.303941 6.646511
v -1.864856 12.304157 6.637418
v -1.852791 12.304348 6.625757
v -1.843239 12.304503 6.611975
v -1.836567 12.304620 6.596601
v -1.833032 12.304691 6.580228
v -1.832770 12.304715 6.563484
v -1.835790 12.304691 6.547012
v -1.841976 12.304620 6.531446
v -1.851091 12.304503 6.517383
v -1.862785 12.304348 6.505364
v -1.876607 12.304157 6.495852
v -1.892028 12.303941 6.489211
v -1.908454 12.303705 6.485696
v -1.925253 12.303460 6.485444
v -1.941782 12.303216 6.488463
v -1.957403 12.302980 6.494637
v -1.971518 12.302763 6.503730
v -1.983582 12.302573 6.515392
v -1.993134 12.302417 6.529174
v -1.999806 12.302301 6.544547
v -2.003341 12.302230 6.560920
v -2.003604 12.302206 6.577665
v -1.976428 12.345061 6.585838
v -1.972570 12.345016 6.595546
v -1.966885 12.344941 6.604316
v -1.959593 12.344842 6.611812
v -1.950972 12.344720 6.617744
v -1.941355 12.344581 6.621886
v -1.931111 12.344430 6.624077
v -1.920634 12.344273 6.624235
v -1.910326 12.344116 6.622352
v -1.900584 12.343965 6.618501
v -1.891782 12.343825 6.612831
v -1.884257 12.343704 6.605558
v -1.878300 12.343604 6.596962
v -1.874140 12.343530 6.587375
v -1.871935 12.343484 6.577164
v -1.871771 12.343468 6.566721
v -1.873655 12.343484 6.556448
v -1.877513 12.343530 6.546741
v -1.883197 12.343604 6.537971
v -1.890490 12.343704 6.530475
v -1.899111 12.343825 6.524543
v -1.908728 12.343965 6.520401
v -1.918971 12.344116 6.518209
v -1.929449 12.344273 6.518052
v -1.939756 12.344430 6.519935
v -1.949499 12.344581 6.523785
v -1.958301 12.344720 6.529456
v -1.965825 12.344842 6.536729
v -1.971782 12.344941 6.545324
v -1.975943 12.345016 6.554912
v -1.978148 12.345061 6.565123
v -1.978312 12.345078 6.575565
v -1.965255 12.413422 6.580849
v -1.962901 12.413346 6.586777
v -1.959432 12.413222 6.592132
v -1.954981 12.413056 6.596708
v -1.949720 12.412854 6.600331
v -1.943851 12.412623 6.602859
v -1.937600 12.412373 6.604198
v -1.931206 12.412112 6.604295
v -1.924916 12.411852 6.603145
v -1.918971 12.411601 6.600794
v -1.913599 12.411370 6.597332
v -1.909008 12.411168 6.592892
v -1.905373 12.411002 6.587644
v -1.902834 12.410879 6.581790
v -1.901489 12.410803 6.575556
v -1.901389 12.410777 6.569180
v -1.902539 12.410803 6.562908
v -1.904894 12.410879 6.556980
v -1.908363 12.411002 6.551625
v -1.912814 12.411168 6.547049
v -1.918074 12.411370 6.543426
v -1.923943 12.411601 6.540897
v -1.930194 12.411852 6.539558
v -1.936588 12.412112 6.539462
v -1.942878 12.412373 6.540612
v -1.948823 12.412623 6.542963
v -1.954195 12.412854 6.546424
v -1.958786 12.413056 6.550865
v -1.962421 12.413222 6.556113
v -1.964960 12.413346 6.561966
v -1.966305 12.413422 6.568201
v -1.966405 12.413447 6.574577
v -1.959100 12.513235 6.579133
v -1.957201 12.513023 6.583940
v -1.954405 12.512680 6.588282
v -1.950819 12.512217 6.591995
v -1.946581 12.511653 6.594934
v -1.941853 12.511009 6.596987
v -1.936818 12.510311 6.598074
v -1.931669 12.509585 6.598155
v -1.926604 12.508860 6.597227
v -1.921818 12.508161 6.595324
v -1.917494 12.507518 6.592519
v -1.913798 12.506953 6.588922
v -1.910873 12.506491 6.584669
v -1.908831 12.506146 6.579924
v -1.907751 12.505935 6.574871
v -1.907674 12.505863 6.569702
v -1.908602 12.505935 6.564616
v -1.910501 12.506146 6.559810
v -1.913297 12.506491 6.555467
v -1.916883 12.506953 6.551754
v -1.921122 12.507518 6.548815
v -1.925849 12.508161 6.546762
v -1.930884 12.508860 6.545675
v -1.936033 12.509585 6.545594
v -1.941098 12.510311 6.546523
v -1.945884 12.511009 6.548426
v -1.950208 12.511653 6.551230
v -1.953904 12.512217 6.554828
v -1.956829 12.512680 6.559081
v -1.958871 12.513023 6.563825
v -1.959951 12.513235 6.568879
v -1.960029 12.513308 6.574048
v -1.909302 11.994714 6.469559
v -1.887322 11.994714 6.474261
v -1.813111 11.994714 6.617950
v -1.822038 11.994714 6.638519
v -2.036624 11.994714 6.592614
v -2.036273 11.994714 6.570210
v -1.808380 11.994714 6.596042
v -1.957331 11.994714 6.691991
v -1.977965 11.994714 6.683106
v -1.931782 11.994714 6.469221
v -1.935351 11.994714 6.696693
v -1.953898 11.994714 6.473261
v -1.808029 11.994714 6.573638
v -1.812069 11.994714 6.551599
v -1.912871 11.994714 6.697031
v -1.974802 11.994714 6.481523
v -1.890754 11.994714 6.692991
v -1.993689 11.994714 6.493689
v -1.820347 11.994714 6.530771
v -2.032583 11.994714 6.614654
v -1.832544 11.994714 6.511955
v -1.869851 11.994714 6.684730
v -2.009833 11.994714 6.509292
v -1.850964 11.994714 6.672564
v -2.022615 11.994714 6.527733
v -2.024305 11.994714 6.635481
v -1.848191 11.994714 6.495874
v -2.012109 11.994714 6.654297
v -1.866688 11.994714 6.483146
v -1.834820 11.994714 6.656960
v -2.031542 11.994714 6.548302
v -1.996461 11.994714 6.670378
v -1.971298 12.516120 6.582652
v -1.968466 12.515859 6.589791
v -1.964293 12.515434 6.596241
v -1.958941 12.514863 6.601754
v -1.952615 12.514167 6.606118
v -1.945558 12.513373 6.609164
v -1.938041 12.512511 6.610777
v -1.930354 12.511616 6.610895
v -1.922791 12.510720 6.609511
v -1.915642 12.509858 6.606681
v -1.909184 12.509065 6.602512
v -1.903664 12.508368 6.597165
v -1.899294 12.507797 6.590846
v -1.896243 12.507373 6.583796
v -1.894626 12.507112 6.576288
v -1.894508 12.507023 6.568609
v -1.895891 12.507112 6.561054
v -1.898723 12.507373 6.553915
v -1.902896 12.507797 6.547465
v -1.908248 12.508368 6.541953
v -1.914574 12.509065 6.537589
v -1.921631 12.509858 6.534542
v -1.929148 12.510720 6.532929
v -1.936835 12.511616 6.532812
v -1.944399 12.512511 6.534195
v -1.951547 12.513373 6.537025
v -1.958005 12.514167 6.541194
v -1.963525 12.514863 6.546541
v -1.967895 12.515434 6.552861
v -1.970946 12.515859 6.559910
v -1.972563 12.516120 6.567419
v -1.972681 12.516209 6.575098
v -1.971811 12.540299 6.582695
v -1.968979 12.540038 6.589834
v -1.964807 12.539614 6.596284
v -1.959455 12.539042 6.601797
v -1.953128 12.538346 6.606160
v -1.946071 12.537552 6.609207
v -1.938555 12.536691 6.610820
v -1.930867 12.535795 6.610937
v -1.923304 12.534899 6.609554
v -1.916156 12.534038 6.606724
v -1.909698 12.533243 6.602555
v -1.904177 12.532547 6.597208
v -1.899808 12.531977 6.590888
v -1.896756 12.531552 6.583838
v -1.895140 12.531291 6.576330
v -1.895021 12.531202 6.568651
v -1.896404 12.531291 6.561097
v -1.899236 12.531552 6.553958
v -1.903409 12.531977 6.547508
v -1.908761 12.532547 6.541995
v -1.915087 12.533243 6.537632
v -1.922144 12.534038 6.534585
v -1.929661 12.534899 6.532972
v -1.937348 12.535795 6.532855
v -1.944912 12.536691 6.534238
v -1.952060 12.537552 6.537068
v -1.958518 12.538346 6.541237
v -1.964038 12.539042 6.546584
v -1.968408 12.539614 6.552904
v -1.971459 12.540038 6.559953
v -1.973076 12.540299 6.567461
v -1.973194 12.540387 6.575140
v -1.894564 12.352671 6.610854
v -1.902929 12.352821 6.616243
v -1.940154 12.353325 6.522571
v -1.930359 12.353155 6.520782
v -1.887414 12.352538 6.603943
v -1.949413 12.353489 6.526231
v -1.881753 12.352429 6.595774
v -1.957778 12.353640 6.531620
v -1.877799 12.352349 6.586663
v -1.975003 12.354011 6.585202
v -1.976793 12.354027 6.575439
v -1.964928 12.353772 6.538531
v -1.875704 12.352300 6.576959
v -1.971337 12.353961 6.594428
v -1.970589 12.353880 6.546700
v -1.875548 12.352283 6.567035
v -1.965935 12.353880 6.602762
v -1.974543 12.353961 6.555811
v -1.877338 12.352300 6.557272
v -1.959005 12.353772 6.609886
v -1.976638 12.354011 6.565515
v -1.881004 12.352349 6.548046
v -1.950813 12.353640 6.615523
v -1.886406 12.352429 6.539711
v -1.941674 12.353489 6.619460
v -1.893337 12.352538 6.532588
v -1.931939 12.353325 6.621542
v -1.901529 12.352671 6.526950
v -1.921982 12.353155 6.621692
v -1.910668 12.352821 6.523015
v -1.912187 12.352984 6.619903
v -1.920403 12.352984 6.520932
v -1.907328 12.484670 6.580392
v -1.909495 12.484958 6.585414
v -1.960643 12.490619 6.579563
v -1.961627 12.490679 6.574180
v -1.955128 12.489763 6.553834
v -1.951208 12.489290 6.550025
v -1.906181 12.484491 6.575042
v -1.958630 12.490440 6.584651
v -1.958231 12.490152 6.558337
v -1.906098 12.484431 6.569571
v -1.955665 12.490152 6.589247
v -1.960397 12.490440 6.563359
v -1.907082 12.484491 6.564188
v -1.951862 12.489763 6.593176
v -1.961544 12.490619 6.568709
v -1.909096 12.484670 6.559101
v -1.947368 12.489290 6.596286
v -1.912060 12.484958 6.554504
v -1.942354 12.488750 6.598459
v -1.915863 12.485347 6.550575
v -1.937014 12.488164 6.599609
v -1.920358 12.485820 6.547464
v -1.931553 12.487555 6.599694
v -1.925371 12.486360 6.545292
v -1.926181 12.486946 6.598710
v -1.930711 12.486946 6.544142
v -1.921104 12.486360 6.596695
v -1.936172 12.487555 6.544057
v -1.916518 12.485820 6.593726
v -1.941544 12.488164 6.545041
v -1.912597 12.485347 6.589917
v -1.946621 12.488750 6.547056
v -1.906806 12.473967 6.580554
v -1.961179 12.479520 6.579713
v -1.955553 12.478722 6.553489
v -1.905636 12.473801 6.575102
v -1.959126 12.479354 6.584898
v -1.958718 12.479085 6.558078
v -1.905551 12.473744 6.569525
v -1.956103 12.479085 6.589582
v -1.960928 12.479354 6.563197
v -1.906554 12.473801 6.564039
v -1.952225 12.478722 6.593587
v -1.962098 12.479520 6.568650
v -1.908607 12.473967 6.558854
v -1.947641 12.478280 6.596757
v -1.911631 12.474236 6.554169
v -1.942528 12.477776 6.598970
v -1.915509 12.474599 6.550165
v -1.937082 12.477229 6.600143
v -1.920092 12.475040 6.546995
v -1.931513 12.476661 6.600229
v -1.925205 12.475545 6.544781
v -1.926034 12.476091 6.599226
v -1.930651 12.476091 6.543609
v -1.920856 12.475545 6.597171
v -1.936220 12.476661 6.543522
v -1.916178 12.475040 6.594145
v -1.941699 12.477229 6.544526
v -1.912180 12.474599 6.590263
v -1.946877 12.477776 6.546580
v -1.909015 12.474236 6.585674
v -1.962182 12.479576 6.574226
v -1.951555 12.478280 6.549607
v -1.882655 12.026155 6.460869
v -1.809425 12.026155 6.645121
v -2.049736 12.026155 6.568497
v -1.984331 12.026155 6.695134
v -1.907310 12.026155 6.455595
v -1.799411 12.026155 6.622048
v -2.050130 12.026155 6.593628
v -1.794105 12.026155 6.597474
v -1.961185 12.026155 6.705101
v -1.932526 12.026155 6.455216
v -1.936530 12.026155 6.710376
v -1.957335 12.026155 6.459748
v -1.793710 12.026155 6.572343
v -1.798243 12.026155 6.547621
v -1.911314 12.026155 6.710754
v -1.980783 12.026155 6.469015
v -1.886505 12.026155 6.706223
v -2.001968 12.026155 6.482662
v -1.807528 12.026155 6.524258
v -2.045597 12.026155 6.618350
v -1.821210 12.026155 6.503151
v -1.863057 12.026155 6.696956
v -2.020078 12.026155 6.500165
v -1.841872 12.026155 6.683309
v -2.034415 12.026155 6.520850
v -2.036312 12.026155 6.641713
v -1.838762 12.026155 6.485114
v -2.022630 12.026155 6.662819
v -1.859509 12.026155 6.470837
v -1.823762 12.026155 6.665806
v -2.044429 12.026155 6.543923
v -2.005078 12.026155 6.680858
vn 0.7255 0.6856 -0.0602
vn 0.5299 -0.8343 -0.1523
vn 0.7232 0.6856 0.0829
vn 0.4899 -0.8343 -0.2530
vn 0.6930 0.6857 0.2228
vn 0.4310 -0.8343 -0.3439
vn 0.6361 0.6857 0.3539
vn 0.3556 -0.8342 -0.4214
vn 0.5547 0.6857 0.4713
vn 0.2666 -0.8342 -0.4827
vn 0.4522 0.6857 0.5704
vn 0.1675 -0.8342 -0.5254
vn 0.3324 0.6858 0.6475
vn 0.0621 -0.8342 -0.5480
vn 0.2001 0.6858 0.6998
vn -0.0456 -0.8342 -0.5496
vn 0.0602 0.6858 0.7253
vn -0.1516 -0.8342 -0.5302
vn -0.0820 0.6858 0.7232
vn -0.2519 -0.8342 -0.4906
vn -0.2211 0.6858 0.6934
vn -0.3426 -0.8342 -0.4321
vn -0.3519 0.6857 0.6371
vn -0.4202 -0.8342 -0.3570
vn -0.4694 0.6857 0.5563
vn -0.4818 -0.8343 -0.2681
vn -0.5690 0.6857 0.4540
vn -0.5249 -0.8343 -0.1687
vn -0.6468 0.6857 0.3340
vn -0.5477 -0.8343 -0.0628
vn -0.6996 0.6856 0.2010
vn -0.5494 -0.8343 0.0456
vn -0.7255 0.6856 0.0602
vn -0.5299 -0.8343 0.1523
vn -0.7232 0.6856 -0.0829
vn -0.4899 -0.8343 0.2530
vn -0.6930 0.6857 -0.2228
vn -0.4310 -0.8343 0.3439
vn -0.6361 0.6857 -0.3539
vn -0.3556 -0.8342 0.4214
vn -0.5547 0.6857 -0.4713
vn -0.2666 -0.8342 0.4827
vn -0.4522 0.6857 -0.5704
vn -0.1675 -0.8342 0.5254
vn -0.3324 0.6858 -0.6475
vn -0.0621 -0.8342 0.5480
vn -0.2001 0.6858 -0.6998
vn 0.0456 -0.8342 0.5496
vn -0.0602 0.6858 -0.7253
vn 0.1516 -0.8342 0.5302
vn 0.0820 0.6858 -0.7232
vn 0.2519 -0.8342 0.4906
vn 0.2211 0.6858 -0.6934
vn 0.3426 -0.8342 0.4321
vn 0.3519 0.6857 -0.6371
vn 0.4202 -0.8342 0.3570
vn 0.4694 0.6857 -0.5563
vn 0.4818 -0.8343 0.2681
vn 0.5690 0.6857 -0.4540
vn 0.5249 -0.8343 0.1687
vn 0.6468 0.6857 -0.3340
vn 0.5477 -0.8343 0.0628
vn 0.6996 0.6856 -0.2010
vn 0.5494 -0.8343 -0.0456
vn 0.9054 0.3359 -0.2596
vn 0.8372 0.3364 -0.4313
vn 0.7367 0.3375 -0.5860
vn 0.6080 0.3390 -0.7179
vn 0.4562 0.3411 -0.8219
vn 0.2874 0.3436 -0.8941
vn 0.1079 0.3464 -0.9318
vn -0.0752 0.3496 -0.9339
vn -0.2551 0.3528 -0.9002
vn -0.4249 0.3561 -0.8322
vn -0.5782 0.3593 -0.7325
vn -0.7093 0.3623 -0.6047
vn -0.8130 0.3648 -0.4538
vn -0.8854 0.3668 -0.2855
vn -0.9237 0.3681 -0.1063
vn -0.9263 0.3687 0.0770
vn -0.8933 0.3686 0.2573
vn -0.8258 0.3678 0.4276
vn -0.7265 0.3662 0.5814
vn -0.5993 0.3641 0.7129
vn -0.4491 0.3615 0.8171
vn -0.2815 0.3585 0.8901
vn -0.1030 0.3554 0.9290
vn 0.0797 0.3521 0.9325
vn 0.2598 0.3490 0.9004
vn 0.4304 0.3460 0.8337
vn 0.5849 0.3433 0.7349
vn 0.7174 0.3409 0.6075
vn 0.8227 0.3389 0.4564
vn 0.8964 0.3374 0.2874
vn 0.9356 0.3364 0.1069
vn 0.9387 0.3358 -0.0778
vn 0.9480 0.1653 -0.2720
vn 0.8769 0.1657 -0.4512
vn 0.7722 0.1677 -0.6128
vn 0.6381 0.1714 -0.7507
vn 0.4798 0.1765 -0.8594
vn 0.3036 0.1829 -0.9351
vn 0.1163 0.1904 -0.9748
vn -0.0749 0.1985 -0.9772
vn -0.2629 0.2070 -0.9423
vn -0.4404 0.2157 -0.8715
vn -0.6008 0.2241 -0.7673
vn -0.7379 0.2318 -0.6338
vn -0.8464 0.2387 -0.4760
vn -0.9221 0.2445 -0.2999
vn -0.9620 0.2488 -0.1124
vn -0.9646 0.2516 0.0794
vn -0.9297 0.2527 0.2680
vn -0.8588 0.2521 0.4460
vn -0.7547 0.2499 0.6066
vn -0.6215 0.2461 0.7437
vn -0.4644 0.2410 0.8522
vn -0.2894 0.2347 0.9280
vn -0.1031 0.2274 0.9683
vn 0.0874 0.2194 0.9717
vn 0.2751 0.2111 0.9380
vn 0.4528 0.2027 0.8683
vn 0.6138 0.1945 0.7652
vn 0.7518 0.1868 0.6324
vn 0.8615 0.1799 0.4749
vn 0.9384 0.1741 0.2986
vn 0.9793 0.1696 0.1104
vn 0.9826 0.1666 -0.0823
vn 0.9566 -0.0912 -0.2767
vn 0.8835 -0.0960 -0.4584
vn 0.7767 -0.0974 -0.6222
vn 0.6404 -0.0957 -0.7620
vn 0.4799 -0.0908 -0.8726
vn 0.3013 -0.0830 -0.9499
vn 0.1113 -0.0726 -0.9911
vn -0.0831 -0.0600 -0.9947
vn -0.2746 -0.0457 -0.9605
vn -0.4559 -0.0301 -0.8895
vn -0.6202 -0.0139 -0.7844
vn -0.7610 0.0024 -0.6488
vn -0.8727 0.0181 -0.4879
vn -0.9508 0.0328 -0.3080
vn -0.9922 0.0457 -0.1158
vn -0.9951 0.0564 0.0808
vn -0.9595 0.0645 0.2743
vn -0.8867 0.0697 0.4570
vn -0.7798 0.0717 0.6219
vn -0.6430 0.0705 0.7626
vn -0.4817 0.0661 0.8738
vn -0.3021 0.0586 0.9515
vn -0.1111 0.0483 0.9926
vn 0.0843 0.0356 0.9958
vn 0.2764 0.0210 0.9608
vn 0.4581 0.0050 0.8889
vn 0.6223 -0.0118 0.7827
vn 0.7627 -0.0286 0.6462
vn 0.8736 -0.0448 0.4846
vn 0.9507 -0.0597 0.3043
vn 0.9910 -0.0728 0.1122
vn 0.9930 -0.0834 -0.0840
vn 0.9009 -0.3512 -0.2549
vn 0.8348 -0.3492 -0.4257
vn 0.7377 -0.3418 -0.5821
vn 0.6121 -0.3301 -0.7185
vn 0.4612 -0.3158 -0.8292
vn 0.2899 -0.3007 -0.9086
vn 0.1046 -0.2869 -0.9522
vn -0.0867 -0.2762 -0.9572
vn -0.2752 -0.2692 -0.9229
vn -0.4524 -0.2659 -0.8512
vn -0.6108 -0.2654 -0.7460
vn -0.7444 -0.2661 -0.6124
vn -0.8488 -0.2666 -0.4566
vn -0.9211 -0.2656 -0.2847
vn -0.9595 -0.2623 -0.1030
vn -0.9631 -0.2564 0.0824
vn -0.9317 -0.2479 0.2656
vn -0.8659 -0.2373 0.4403
vn -0.7673 -0.2255 0.6003
vn -0.6385 -0.2138 0.7393
vn -0.4836 -0.2039 0.8512
vn -0.3080 -0.1976 0.9306
vn -0.1190 -0.1968 0.9732
vn 0.0752 -0.2025 0.9764
vn 0.2657 -0.2150 0.9398
vn 0.4437 -0.2333 0.8653
vn 0.6015 -0.2554 0.7569
vn 0.7329 -0.2792 0.6204
vn 0.8337 -0.3020 0.4622
vn 0.9015 -0.3219 0.2893
vn 0.9352 -0.3373 0.1081
vn 0.9348 -0.3472 -0.0752
vn 0.8252 -0.5127 -0.2371
vn 0.7606 -0.5187 -0.3904
vn 0.6685 -0.5228 -0.5290
vn 0.5517 -0.5247 -0.6483
vn 0.4137 -0.5246 -0.7441
vn 0.2590 -0.5231 -0.8120
vn 0.0930 -0.5214 -0.8482
vn -0.0774 -0.5204 -0.8504
vn -0.2446 -0.5204 -0.8181
vn -0.4012 -0.5216 -0.7530
vn -0.5406 -0.5232 -0.6588
vn -0.6579 -0.5245 -0.5404
vn -0.7497 -0.5246 -0.4033
vn -0.8139 -0.5231 -0.2528
vn -0.8491 -0.5198 -0.0938
vn -0.8546 -0.5146 0.0689
vn -0.8299 -0.5080 0.2306
vn -0.7749 -0.5003 0.3863
vn -0.6904 -0.4917 0.5306
vn -0.5779 -0.4830 0.6579
vn -0.4404 -0.4747 0.7620
vn -0.2827 -0.4678 0.8374
vn -0.1111 -0.4630 0.8794
vn 0.0666 -0.4608 0.8850
vn 0.2418 -0.4614 0.8536
vn 0.4062 -0.4644 0.7869
vn 0.5526 -0.4694 0.6887
vn 0.6750 -0.4756 0.5641
vn 0.7691 -0.4825 0.4192
vn 0.8320 -0.4899 0.2602
vn 0.8623 -0.4977 0.0938
vn 0.8597 -0.5054 -0.0740
vn 0.8132 -0.5359 -0.2270
vn 0.7451 -0.5517 -0.3748
vn 0.6480 -0.5710 -0.5041
vn 0.5272 -0.5920 -0.6096
vn 0.3893 -0.6126 -0.6879
vn 0.2407 -0.6314 -0.7372
vn 0.0876 -0.6472 -0.7573
vn -0.0643 -0.6593 -0.7492
vn -0.2103 -0.6674 -0.7144
vn -0.3462 -0.6717 -0.6549
vn -0.4683 -0.6725 -0.5731
vn -0.5731 -0.6703 -0.4714
vn -0.6572 -0.6661 -0.3528
vn -0.7176 -0.6605 -0.2209
vn -0.7518 -0.6545 -0.0799
vn -0.7582 -0.6487 0.0654
vn -0.7360 -0.6436 0.2099
vn -0.6855 -0.6393 0.3484
vn -0.6083 -0.6354 0.4756
vn -0.5068 -0.6315 0.5868
vn -0.3843 -0.6268 0.6778
vn -0.2451 -0.6207 0.7448
vn -0.0937 -0.6124 0.7850
vn 0.0647 -0.6016 0.7962
vn 0.2241 -0.5885 0.7768
vn 0.3783 -0.5736 0.7265
vn 0.5207 -0.5580 0.6462
vn 0.6445 -0.5432 0.5382
vn 0.7434 -0.5310 0.4066
vn 0.8125 -0.5232 0.2571
vn 0.8480 -0.5211 0.0966
vn 0.8482 -0.5254 -0.0674
vn 0.9002 -0.3504 -0.2587
vn 0.8298 -0.3574 -0.4287
vn 0.7265 -0.3686 -0.5799
vn 0.5953 -0.3836 -0.7060
vn 0.4423 -0.4016 -0.8019
vn 0.2747 -0.4218 -0.8641
vn 0.1000 -0.4433 -0.8908
vn -0.0744 -0.4652 -0.8821
vn -0.2415 -0.4865 -0.8396
vn -0.3951 -0.5065 -0.7664
vn -0.5300 -0.5245 -0.6663
vn -0.6423 -0.5399 -0.5440
vn -0.7290 -0.5523 -0.4044
vn -0.7881 -0.5614 -0.2526
vn -0.8185 -0.5669 -0.0935
vn -0.8197 -0.5688 0.0680
vn -0.7918 -0.5669 0.2271
vn -0.7356 -0.5614 0.3790
vn -0.6523 -0.5523 0.5191
vn -0.5438 -0.5399 0.6425
vn -0.4129 -0.5245 0.7446
vn -0.2633 -0.5065 0.8210
vn -0.0998 -0.4865 0.8680
vn 0.0720 -0.4652 0.8823
vn 0.2455 -0.4433 0.8621
vn 0.4134 -0.4218 0.8069
vn 0.5685 -0.4016 0.7180
vn 0.7035 -0.3836 0.5982
vn 0.8122 -0.3686 0.4522
vn 0.8891 -0.3574 0.2860
vn 0.9305 -0.3504 0.1068
vn 0.9343 -0.3480 -0.0776
vn 0.9542 -0.1200 -0.2740
vn 0.8818 -0.1235 -0.4551
vn 0.7753 -0.1292 -0.6183
vn 0.6389 -0.1368 -0.7571
vn 0.4780 -0.1462 -0.8661
vn 0.2992 -0.1569 -0.9412
vn 0.1094 -0.1685 -0.9796
vn -0.0836 -0.1807 -0.9800
vn -0.2725 -0.1928 -0.9426
vn -0.4500 -0.2044 -0.8693
vn -0.6094 -0.2151 -0.7631
vn -0.7448 -0.2244 -0.6284
vn -0.8513 -0.2321 -0.4705
vn -0.9254 -0.2377 -0.2953
vn -0.9643 -0.2412 -0.1095
vn -0.9669 -0.2423 0.0803
vn -0.9330 -0.2412 0.2670
vn -0.8640 -0.2377 0.4439
vn -0.7621 -0.2321 0.6044
vn -0.6310 -0.2244 0.7426
vn -0.4752 -0.2151 0.8532
vn -0.3005 -0.2044 0.9316
vn -0.1134 -0.1928 0.9747
vn 0.0791 -0.1807 0.9804
vn 0.2695 -0.1685 0.9481
vn 0.4503 -0.1569 0.8790
vn 0.6143 -0.1462 0.7754
vn 0.7549 -0.1368 0.6414
vn 0.8666 -0.1292 0.4820
vn 0.9448 -0.1235 0.3035
vn 0.9863 -0.1200 0.1129
vn 0.9895 -0.1188 -0.0821
vn 0.7593 0.6192 -0.2003
vn 0.7120 0.6200 -0.3298
vn 0.6417 0.6214 -0.4496
vn 0.5500 0.6234 -0.5558
vn 0.4389 0.6260 -0.6446
vn 0.3114 0.6292 -0.7121
vn 0.1711 0.6331 -0.7549
vn 0.0227 0.6375 -0.7701
vn -0.1282 0.6423 -0.7556
vn -0.2756 0.6473 -0.7106
vn -0.4128 0.6523 -0.6356
vn -0.5334 0.6570 -0.5328
vn -0.6311 0.6611 -0.4058
vn -0.7009 0.6642 -0.2598
vn -0.7388 0.6662 -0.1016
vn -0.7426 0.6669 0.0616
vn -0.7119 0.6662 0.2220
vn -0.6485 0.6642 0.3719
vn -0.5556 0.6611 0.5043
vn -0.4382 0.6570 0.6134
vn -0.3024 0.6523 0.6950
vn -0.1547 0.6473 0.7464
vn -0.0019 0.6423 0.7664
vn 0.1494 0.6375 0.7558
vn 0.2932 0.6331 0.7164
vn 0.4245 0.6292 0.6510
vn 0.5392 0.6260 0.5634
vn 0.6341 0.6234 0.4575
vn 0.7070 0.6214 0.3376
vn 0.7566 0.6200 0.2078
vn 0.7819 0.6192 0.0723
vn 0.7828 0.6189 -0.0650
vn -0.0996 -0.4571 0.8838
vn -0.2698 -0.4562 0.8480
vn -0.8476 -0.4552 -0.2729
vn -0.7775 -0.4558 -0.4332
vn 0.8826 -0.4643 -0.0734
vn 0.8801 -0.4640 0.1007
vn -0.8849 -0.4546 -0.1018
vn 0.2697 -0.4625 -0.8446
vn 0.4288 -0.4632 -0.7756
vn 0.0741 -0.4581 0.8858
vn 0.1004 -0.4616 -0.8814
vn 0.2448 -0.4591 0.8540
vn -0.8878 -0.4543 0.0736
vn -0.8563 -0.4541 0.2461
vn -0.0729 -0.4606 -0.8846
vn 0.4060 -0.4601 0.7896
vn -0.2436 -0.4596 -0.8541
vn 0.5516 -0.4611 0.6951
vn -0.7915 -0.4542 0.4089
vn 0.8511 -0.4645 -0.2446
vn -0.6961 -0.4544 0.5558
vn -0.4053 -0.4586 -0.7908
vn 0.6761 -0.4620 0.5740
vn -0.5519 -0.4576 -0.6972
vn 0.7748 -0.4628 0.4308
vn 0.7869 -0.4645 -0.4064
vn -0.5740 -0.4549 0.6809
vn 0.6924 -0.4642 -0.5523
vn -0.4300 -0.4555 0.7795
vn -0.6776 -0.4567 -0.5765
vn 0.8437 -0.4635 0.2710
vn 0.5715 -0.4638 -0.6770
vn 0.7649 0.6108 -0.2049
vn 0.7156 0.6114 -0.3379
vn 0.6426 0.6124 -0.4605
vn 0.5476 0.6139 -0.5686
vn 0.4331 0.6159 -0.6581
vn 0.3023 0.6184 -0.7254
vn 0.1592 0.6215 -0.7671
vn 0.0086 0.6250 -0.7806
vn -0.1438 0.6289 -0.7641
vn -0.2919 0.6331 -0.7169
vn -0.4293 0.6374 -0.6399
vn -0.5496 0.6414 -0.5353
vn -0.6469 0.6449 -0.4069
vn -0.7162 0.6477 -0.2600
vn -0.7537 0.6495 -0.1010
vn -0.7573 0.6501 0.0629
vn -0.7267 0.6495 0.2239
vn -0.6635 0.6477 0.3745
vn -0.5709 0.6449 0.5080
vn -0.4538 0.6414 0.6186
vn -0.3179 0.6374 0.7019
vn -0.1697 0.6331 0.7552
vn -0.0158 0.6289 0.7773
vn 0.1372 0.6250 0.7685
vn 0.2835 0.6215 0.7304
vn 0.4177 0.6184 0.6656
vn 0.5357 0.6159 0.5777
vn 0.6338 0.6139 0.4705
vn 0.7097 0.6124 0.3483
vn 0.7615 0.6114 0.2153
vn 0.7882 0.6108 0.0760
vn 0.7893 0.6106 -0.0655
vn 0.9616 0.0209 -0.2736
vn 0.8906 0.0197 -0.4543
vn 0.7859 0.0178 -0.6181
vn 0.6513 0.0152 -0.7587
vn 0.4917 0.0120 -0.8707
vn 0.3130 0.0083 -0.9497
vn 0.1219 0.0043 -0.9925
vn -0.0741 0.0002 -0.9972
vn -0.2677 -0.0040 -0.9635
vn -0.4511 -0.0080 -0.8924
vn -0.6173 -0.0117 -0.7867
vn -0.7596 -0.0150 -0.6502
vn -0.8724 -0.0177 -0.4884
vn -0.9513 -0.0196 -0.3076
vn -0.9932 -0.0209 -0.1147
vn -0.9963 -0.0213 0.0827
vn -0.9607 -0.0209 0.2769
vn -0.8876 -0.0196 0.4602
vn -0.7799 -0.0177 0.6256
vn -0.6420 -0.0150 0.7666
vn -0.4791 -0.0117 0.8777
vn -0.2978 -0.0080 0.9546
vn -0.1051 -0.0040 0.9944
vn 0.0913 0.0002 0.9958
vn 0.2839 0.0043 0.9588
vn 0.4653 0.0083 0.8851
vn 0.6285 0.0120 0.7777
vn 0.7675 0.0152 0.6409
vn 0.8771 0.0178 0.4801
vn 0.9533 0.0197 0.3013
vn 0.9936 0.0209 0.1113
vn 0.9963 0.0213 -0.0827
vn -0.5860 -0.3526 -0.7296
vn -0.4362 -0.3335 -0.8358
vn 0.2598 -0.2674 0.9279
vn 0.0733 -0.2901 0.9542
vn -0.7117 -0.3690 -0.5977
vn 0.4387 -0.2453 0.8645
vn -0.8096 -0.3823 -0.4455
vn 0.6024 -0.2245 0.7659
vn -0.8767 -0.3920 -0.2787
vn 0.9465 -0.1727 -0.2727
vn 0.9820 -0.1703 -0.0815
vn 0.7438 -0.2062 0.6358
vn -0.9116 -0.3979 -0.1029
vn 0.8734 -0.1797 -0.4526
vn 0.8567 -0.1910 0.4791
vn -0.9134 -0.3999 0.0758
vn 0.7660 -0.1910 -0.6138
vn 0.9361 -0.1797 0.3024
vn -0.8822 -0.3979 0.2518
vn 0.6288 -0.2062 -0.7497
vn 0.9785 -0.1727 0.1129
vn -0.8188 -0.3920 0.4194
vn 0.4679 -0.2245 -0.8548
vn -0.7250 -0.3823 0.5729
vn 0.2902 -0.2453 -0.9250
vn -0.6034 -0.3690 0.7069
vn 0.1033 -0.2674 -0.9580
vn -0.4577 -0.3526 0.8162
vn -0.0850 -0.2901 -0.9532
vn -0.2924 -0.3335 0.8963
vn -0.2671 -0.3124 -0.9116
vn -0.1132 -0.3124 0.9432
vn -0.9516 -0.0619 -0.3010
vn -0.8753 -0.0616 -0.4796
vn 0.9593 -0.0604 -0.2760
vn 0.9947 -0.0605 -0.0826
vn 0.7593 -0.0598 0.6479
vn 0.6176 -0.0596 0.7842
vn -0.9918 -0.0622 -0.1112
vn 0.8866 -0.0603 -0.4587
vn 0.8716 -0.0600 0.4865
vn -0.9946 -0.0623 0.0826
vn 0.7795 -0.0600 -0.6236
vn 0.9501 -0.0603 0.3062
vn -0.9599 -0.0622 0.2733
vn 0.6421 -0.0598 -0.7643
vn 0.9916 -0.0604 0.1140
vn -0.8890 -0.0619 0.4538
vn 0.4798 -0.0596 -0.8753
vn -0.7843 -0.0616 0.6173
vn 0.2990 -0.0594 -0.9524
vn -0.6497 -0.0611 0.7578
vn 0.1067 -0.0594 -0.9925
vn -0.4900 -0.0606 0.8696
vn -0.0895 -0.0595 -0.9942
vn -0.3113 -0.0601 0.9484
vn -0.2821 -0.0598 -0.9575
vn -0.1203 -0.0598 0.9909
vn -0.4634 -0.0601 -0.8841
vn 0.0756 -0.0595 0.9954
vn -0.6267 -0.0606 -0.7769
vn 0.2689 -0.0594 0.9613
vn -0.7657 -0.0611 -0.6403
vn 0.4520 -0.0594 0.8901
vn -0.9514 -0.0585 -0.3025
vn 0.9595 -0.0570 -0.2760
vn 0.7599 -0.0564 0.6476
vn -0.9920 -0.0587 -0.1121
vn 0.8868 -0.0568 -0.4586
vn 0.8719 -0.0566 0.4863
vn -0.9948 -0.0588 0.0826
vn 0.7798 -0.0566 -0.6234
vn 0.9503 -0.0568 0.3061
vn -0.9599 -0.0587 0.2741
vn 0.6427 -0.0564 -0.7640
vn 0.9918 -0.0570 0.1140
vn -0.8885 -0.0585 0.4552
vn 0.4808 -0.0562 -0.8750
vn -0.7831 -0.0581 0.6191
vn 0.3004 -0.0561 -0.9522
vn -0.6479 -0.0576 0.7595
vn 0.1085 -0.0560 -0.9925
vn -0.4878 -0.0572 0.8711
vn -0.0874 -0.0561 -0.9946
vn -0.3088 -0.0567 0.9494
vn -0.2797 -0.0564 -0.9584
vn -0.1179 -0.0564 0.9914
vn -0.4611 -0.0567 -0.8855
vn 0.0778 -0.0561 0.9954
vn -0.6247 -0.0572 -0.7787
vn 0.2707 -0.0560 0.9610
vn -0.7643 -0.0576 -0.6423
vn 0.4532 -0.0561 0.8896
vn -0.8745 -0.0581 -0.4815
vn 0.9950 -0.0570 -0.0826
vn 0.6185 -0.0562 0.7838
vn -0.2769 0.4110 0.8685
vn -0.7960 0.4124 -0.4430
vn 0.9122 0.3963 0.1046
vn 0.4438 0.3972 -0.8033
vn -0.1027 0.4092 0.9067
vn -0.8666 0.4139 -0.2787
vn 0.9153 0.3956 -0.0760
vn -0.9038 0.4151 -0.1037
vn 0.2787 0.3985 -0.8738
vn 0.0756 0.4072 0.9102
vn 0.1033 0.4002 -0.9106
vn 0.2514 0.4052 0.8790
vn -0.9063 0.4158 0.0752
vn -0.8740 0.4161 0.2511
vn -0.0757 0.4020 -0.9125
vn 0.4180 0.4033 0.8140
vn -0.2514 0.4041 -0.8795
vn 0.5690 0.4015 0.7177
vn -0.8080 0.4159 0.4173
vn 0.8828 0.3953 -0.2537
vn -0.7111 0.4152 0.5674
vn -0.4173 0.4063 -0.8129
vn 0.6985 0.3999 0.5934
vn -0.5670 0.4084 -0.7153
vn 0.8015 0.3984 0.4460
vn 0.8162 0.3952 -0.4215
vn -0.5870 0.4141 0.6957
vn 0.7180 0.3955 -0.5728
vn -0.4404 0.4127 0.7973
vn -0.6949 0.4105 -0.5904
vn 0.8737 0.3972 0.2809
vn 0.5921 0.3962 -0.7017
vt 0.344179 0.675022
vt 0.343640 0.701128
vt 0.312197 0.700918
vt 0.312736 0.674812
vt 0.342764 0.725694
vt 0.311321 0.725484
vt 0.310142 0.648283
vt 0.310112 0.675003
vt 0.278595 0.674969
vt 0.278625 0.648249
vt 0.376041 0.705754
vt 0.376052 0.731919
vt 0.344533 0.731906
vt 0.344522 0.705742
vt 0.778928 0.706191
vt 0.778978 0.681533
vt 0.810497 0.681513
vt 0.810447 0.706171
vt 0.341585 0.556406
vt 0.342764 0.575335
vt 0.311321 0.575126
vt 0.310142 0.556196
vt 0.375953 0.809213
vt 0.375880 0.831273
vt 0.344361 0.831261
vt 0.344434 0.809200
vt 0.778928 0.602400
vt 0.778847 0.577685
vt 0.810366 0.577665
vt 0.810447 0.602380
vt 0.344361 0.648379
vt 0.312918 0.648169
vt 0.310112 0.622072
vt 0.278595 0.622037
vt 0.376007 0.681075
vt 0.344488 0.681063
vt 0.778847 0.728367
vt 0.810366 0.728347
vt 0.309876 0.725881
vt 0.309680 0.748082
vt 0.278163 0.748048
vt 0.278359 0.725846
vt 0.376007 0.784661
vt 0.344488 0.784648
vt 0.778978 0.628621
vt 0.810497 0.628601
vt 0.344179 0.622223
vt 0.312736 0.622013
vt 0.310022 0.597375
vt 0.278505 0.597341
vt 0.375953 0.658830
vt 0.344434 0.658817
vt 0.778738 0.747209
vt 0.810257 0.747189
vt 0.310022 0.701205
vt 0.278505 0.701170
vt 0.376041 0.758562
vt 0.344522 0.758549
vt 0.778995 0.655341
vt 0.810514 0.655321
vt 0.343640 0.597559
vt 0.312197 0.597349
vt 0.309876 0.575144
vt 0.278359 0.575109
vt 0.375880 0.639872
vt 0.344361 0.639859
vt 0.341585 0.747776
vt 0.310142 0.747566
vt 0.309680 0.556231
vt 0.278163 0.556196
vt 0.778738 0.555427
vt 0.810257 0.555407
vt 0.656832 0.826788
vt 0.630195 0.826771
vt 0.604070 0.821539
vt 0.579461 0.811294
vt 0.557313 0.796431
vt 0.538478 0.777519
vt 0.523679 0.755287
vt 0.513486 0.730587
vt 0.508289 0.704371
vt 0.508289 0.677644
vt 0.513486 0.651434
vt 0.523679 0.626748
vt 0.538478 0.604535
vt 0.557313 0.585649
vt 0.579461 0.570815
vt 0.604070 0.560604
vt 0.630195 0.555407
vt 0.656832 0.555425
vt 0.682957 0.560657
vt 0.707566 0.570901
vt 0.729714 0.585765
vt 0.748549 0.604676
vt 0.763348 0.626909
vt 0.773541 0.651608
vt 0.778738 0.677825
vt 0.778738 0.704552
vt 0.773541 0.730762
vt 0.763348 0.755448
vt 0.748549 0.777660
vt 0.729714 0.796547
vt 0.707566 0.811380
vt 0.682957 0.821592
vt 0.270167 0.678579
vt 0.270167 0.705215
vt 0.264976 0.731338
vt 0.254793 0.755944
vt 0.240010 0.778088
vt 0.221194 0.796918
vt 0.199069 0.811712
vt 0.174486 0.821900
vt 0.148388 0.827091
vt 0.121779 0.827086
vt 0.095681 0.821885
vt 0.071097 0.811687
vt 0.048973 0.796884
vt 0.030157 0.778046
vt 0.015374 0.755897
vt 0.005191 0.731286
vt 0.000000 0.705161
vt 0.000000 0.678526
vt 0.005191 0.652403
vt 0.015374 0.627797
vt 0.030157 0.605653
vt 0.048973 0.586822
vt 0.071097 0.572029
vt 0.095681 0.561840
vt 0.121779 0.556649
vt 0.148388 0.556654
vt 0.174486 0.561856
vt 0.199069 0.572054
vt 0.221194 0.586856
vt 0.240010 0.605694
vt 0.254793 0.627844
vt 0.264976 0.652454
vt 0.302265 0.497346
vt 0.280180 0.493854
vt 0.278970 0.484189
vt 0.301723 0.487786
vt 0.754806 0.490613
vt 0.736083 0.493845
vt 0.737324 0.484238
vt 0.756613 0.480908
vt 0.091544 0.524348
vt 0.066850 0.524348
vt 0.064633 0.515349
vt 0.090074 0.515349
vt 0.789272 0.499751
vt 0.767309 0.496793
vt 0.765902 0.487216
vt 0.788530 0.490263
vt 0.564559 0.521427
vt 0.545803 0.524221
vt 0.541291 0.515533
vt 0.560614 0.512653
vt 0.326782 0.501262
vt 0.326980 0.491821
vt 0.586606 0.518055
vt 0.583328 0.509180
vt 0.352787 0.505453
vt 0.353772 0.496139
vt 0.813718 0.503016
vt 0.813715 0.493627
vt 0.839709 0.506462
vt 0.840492 0.497177
vt 0.611099 0.514236
vt 0.608561 0.505246
vt 0.379282 0.509758
vt 0.381067 0.500574
vt 0.637096 0.510117
vt 0.635344 0.501002
vt 0.405247 0.514011
vt 0.407818 0.504955
vt 0.866245 0.509958
vt 0.867830 0.500779
vt 0.117772 0.523955
vt 0.117095 0.514944
vt 0.892306 0.513368
vt 0.894679 0.504292
vt 0.663597 0.505855
vt 0.662647 0.496612
vt 0.429687 0.518048
vt 0.432996 0.509114
vt 0.689585 0.501615
vt 0.689420 0.492243
vt 0.451660 0.521715
vt 0.455634 0.512892
vt 0.144526 0.523184
vt 0.144658 0.514150
vt 0.916891 0.516562
vt 0.920007 0.507583
vt 0.170779 0.522066
vt 0.171704 0.512997
vt 0.939056 0.519417
vt 0.942841 0.510524
vt 0.714061 0.497560
vt 0.714635 0.488065
vt 0.470323 0.524871
vt 0.474861 0.516143
vt 0.044639 0.523955
vt 0.041751 0.514944
vt 0.195520 0.520641
vt 0.197193 0.511530
vt 0.261374 0.490922
vt 0.259595 0.481168
vt 0.217799 0.518967
vt 0.220146 0.509805
vt 0.714278 0.436081
vt 0.739857 0.432446
vt 0.392213 0.444079
vt 0.422394 0.448076
vt 0.761592 0.429200
vt 0.083212 0.456055
vt 0.113560 0.455704
vt 0.450791 0.451939
vt 0.761593 0.435879
vt 0.786965 0.439606
vt 0.144522 0.455119
vt 0.476314 0.455518
vt 0.815236 0.443486
vt 0.174908 0.454322
vt 0.497981 0.458676
vt 0.845320 0.447371
vt 0.203550 0.453344
vt 0.028954 0.456011
vt 0.054644 0.456159
vt 0.876061 0.451111
vt 0.229348 0.452223
vt 0.906276 0.454562
vt 0.518606 0.460188
vt 0.540443 0.457877
vt 0.934806 0.457592
vt 0.566100 0.454978
vt 0.960554 0.460084
vt 0.594593 0.451601
vt 0.255044 0.427292
vt 0.276941 0.429762
vt 0.624825 0.447876
vt 0.302644 0.432801
vt 0.655636 0.443947
vt 0.331165 0.436291
vt 0.685840 0.439964
vt 0.361409 0.440099
vt 0.277856 0.370330
vt 0.304639 0.373970
vt 0.618982 0.389801
vt 0.651101 0.385231
vt 0.334363 0.378100
vt 0.682592 0.380641
vt 0.365886 0.382562
vt 0.712245 0.376208
vt 0.397997 0.387185
vt 0.738920 0.372103
vt 0.429462 0.391790
vt 0.761592 0.368482
vt 0.079486 0.400816
vt 0.111186 0.400401
vt 0.459072 0.396201
vt 0.764974 0.375846
vt 0.791495 0.379597
vt 0.143526 0.399647
vt 0.485689 0.400248
vt 0.821033 0.383603
vt 0.175261 0.398584
vt 0.508289 0.403776
vt 0.852453 0.387708
vt 0.205174 0.397251
vt 0.022803 0.400579
vt 0.049643 0.400876
vt 0.884547 0.391757
vt 0.232113 0.395700
vt 0.916081 0.395592
vt 0.508289 0.404526
vt 0.531039 0.401683
vt 0.945844 0.399066
vt 0.557775 0.398188
vt 0.972693 0.402047
vt 0.587470 0.394176
vt 0.255044 0.367321
vt 0.370873 0.317680
vt 0.401119 0.322034
vt 0.703760 0.311556
vt 0.728886 0.307689
vt 0.430757 0.326372
vt 0.750242 0.304279
vt 0.077139 0.335194
vt 0.106998 0.334803
vt 0.458647 0.330527
vt 0.782772 0.312537
vt 0.807754 0.316071
vt 0.137460 0.334093
vt 0.483718 0.334339
vt 0.835576 0.319844
vt 0.167352 0.333091
vt 0.000000 0.399936
vt 0.002269 0.334365
vt 0.023748 0.334971
vt 0.865171 0.323711
vt 0.195528 0.331836
vt 0.049029 0.335251
vt 0.895401 0.327524
vt 0.220903 0.330375
vt 0.925104 0.331136
vt 0.255044 0.393991
vt 0.242502 0.328765
vt 0.953139 0.334409
vt 0.533078 0.335551
vt 0.558262 0.332260
vt 0.978428 0.337216
vt 0.586232 0.328481
vt 0.995594 0.404419
vt 1.000000 0.339451
vt 0.615914 0.324360
vt 0.287955 0.306158
vt 0.313182 0.309586
vt 0.646167 0.320055
vt 0.341180 0.313477
vt 0.675829 0.315732
vt 0.110081 0.279416
vt 0.136657 0.278821
vt 0.451700 0.275207
vt 0.472674 0.278409
vt 0.826138 0.263420
vt 0.850591 0.266732
vt 0.162645 0.277987
vt 0.017843 0.279104
vt 0.036916 0.279591
vt 0.876501 0.270122
vt 0.187045 0.276945
vt 0.059234 0.279809
vt 0.902872 0.273458
vt 0.208921 0.275737
vt 0.083939 0.279750
vt 0.928690 0.276614
vt 0.227432 0.274408
vt 0.952964 0.279468
vt 0.540445 0.279739
vt 0.561001 0.277062
vt 0.974759 0.281910
vt 0.583941 0.273966
vt 0.993240 0.283846
vt 0.608382 0.270570
vt 0.310891 0.255083
vt 0.331484 0.257875
vt 0.633385 0.267004
vt 0.354447 0.261064
vt 0.657990 0.263405
vt 0.378896 0.264526
vt 0.681251 0.259913
vt 0.403893 0.268130
vt 0.702274 0.256660
vt 0.428475 0.271737
vt 0.761593 0.309379
vt 0.785267 0.257530
vt 0.804080 0.260313
vt 0.154838 0.224731
vt 0.169677 0.223413
vt 0.069120 0.227565
vt 0.085573 0.227590
vt 0.911515 0.216742
vt 0.928863 0.219137
vt 0.479924 0.720038
vt 0.474278 0.744886
vt 0.427380 0.742700
vt 0.430859 0.725167
vt 0.945222 0.221430
vt 0.480393 0.694787
vt 0.430859 0.707284
vt 0.959963 0.223533
vt 0.475666 0.670103
vt 0.427380 0.689738
vt 0.972519 0.225365
vt 0.585736 0.218679
vt 0.603015 0.215678
vt 0.347666 0.205368
vt 0.362340 0.207941
vt 0.620631 0.212591
vt 0.378631 0.210808
vt 0.637908 0.209538
vt 0.395915 0.213858
vt 0.654183 0.206636
vt 0.413526 0.216973
vt 0.482427 0.559599
vt 0.508289 0.556196
vt 0.502953 0.605364
vt 0.485188 0.607130
vt 0.430789 0.220034
vt 0.457414 0.567953
vt 0.468121 0.612328
vt 0.103048 0.227303
vt 0.447039 0.222924
vt 0.845596 0.207971
vt 0.860240 0.209866
vt 0.120871 0.226714
vt 0.461652 0.225531
vt 0.876531 0.212016
vt 0.138359 0.225845
vt 0.041739 0.226591
vt 0.054319 0.227227
vt 0.893845 0.214338
vt 0.569460 0.221481
vt 0.571528 0.176332
vt 0.581731 0.174910
vt 0.377801 0.692510
vt 0.376052 0.674721
vt 0.414373 0.680923
vt 0.415464 0.692017
vt 0.592559 0.173364
vt 0.382982 0.709626
vt 0.418695 0.702691
vt 0.603596 0.171752
vt 0.392023 0.169362
vt 0.402236 0.170824
vt 0.614417 0.170136
vt 0.413068 0.172401
vt 0.624607 0.168579
vt 0.424102 0.174031
vt 0.508289 0.644813
vt 0.497210 0.645914
vt 0.434915 0.175651
vt 0.486566 0.649156
vt 0.092130 0.180060
vt 0.103028 0.179913
vt 0.445090 0.177201
vt 0.452407 0.620760
vt 0.476767 0.654415
vt 0.114147 0.179641
vt 0.454237 0.178619
vt 0.438651 0.632101
vt 0.468187 0.661488
vt 0.125057 0.179255
vt 0.064800 0.179720
vt 0.072641 0.179962
vt 0.427380 0.645915
vt 0.461158 0.670103
vt 0.135341 0.178770
vt 0.081869 0.180076
vt 0.904943 0.173966
vt 0.915975 0.175370
vt 0.144602 0.178203
vt 0.926815 0.176709
vt 0.182304 0.221943
vt 0.152485 0.177578
vt 0.377801 0.656943
vt 0.382982 0.639859
vt 0.418695 0.659181
vt 0.415464 0.669836
vt 0.554811 0.223974
vt 0.562342 0.177574
vt 0.610969 0.161118
vt 0.600682 0.162634
vt 0.581055 0.102160
vt 0.587684 0.101327
vt 0.415990 0.163297
vt 0.405693 0.161821
vt 0.429031 0.102128
vt 0.435669 0.102917
vt 0.620655 0.159656
vt 0.593924 0.100511
vt 0.426479 0.164825
vt 0.442430 0.103745
vt 0.629369 0.158303
vt 0.599537 0.099744
vt 0.436757 0.166345
vt 0.449054 0.104581
vt 0.636776 0.157112
vt 0.604306 0.099054
vt 0.102685 0.170300
vt 0.092327 0.170437
vt 0.093734 0.106527
vt 0.100389 0.106454
vt 0.446430 0.167801
vt 0.455286 0.105392
vt 0.886898 0.162078
vt 0.878232 0.160858
vt 0.901019 0.100911
vt 0.906581 0.101742
vt 0.113251 0.170048
vt 0.107178 0.106339
vt 0.455125 0.169135
vt 0.460886 0.106148
vt 0.896550 0.163385
vt 0.912780 0.102597
vt 0.123620 0.169692
vt 0.113842 0.106187
vt 0.073806 0.170352
vt 0.066355 0.170134
vt 0.077051 0.106470
vt 0.081836 0.106535
vt 0.906816 0.164729
vt 0.919377 0.103444
vt 0.133393 0.169245
vt 0.120123 0.106002
vt 0.082576 0.170455
vt 0.087469 0.106554
vt 0.917301 0.166057
vt 0.926120 0.104251
vt 0.142195 0.168724
vt 0.125781 0.105792
vt 0.927604 0.167318
vt 0.932748 0.104986
vt 0.149687 0.168149
vt 0.130598 0.105565
vt 0.937327 0.168465
vt 0.939008 0.105621
vt 0.570198 0.166921
vt 0.561465 0.168081
vt 0.555771 0.105034
vt 0.561403 0.104442
vt 0.946097 0.169453
vt 0.944659 0.106132
vt 0.579897 0.165593
vt 0.567657 0.103748
vt 0.953578 0.170244
vt 0.949483 0.106498
vt 0.590191 0.164145
vt 0.574293 0.102977
vt 0.395984 0.160453
vt 0.387235 0.159246
vt 0.417128 0.100787
vt 0.422771 0.101409
vt 0.914420 0.023422
vt 0.910398 0.022565
vt 0.914666 0.000000
vt 0.918457 0.000886
vt 0.098557 0.024133
vt 0.092846 0.024155
vt 0.092647 0.000005
vt 0.098043 -0.000000
vt 0.465945 0.024419
vt 0.460566 0.024041
vt 0.463870 0.000469
vt 0.468963 0.000702
vt 0.919180 0.024254
vt 0.922948 0.001718
vt 0.104385 0.024155
vt 0.103549 0.000067
vt 0.470777 0.024806
vt 0.473538 0.000966
vt 0.924495 0.025028
vt 0.927968 0.002465
vt 0.110105 0.024219
vt 0.108954 0.000204
vt 0.474875 0.025188
vt 0.477417 0.001250
vt 0.930161 0.025715
vt 0.933323 0.003098
vt 0.115498 0.024323
vt 0.114050 0.000404
vt 0.087470 0.024219
vt 0.082637 0.024323
vt 0.083003 0.000226
vt 0.087569 0.000081
vt 0.935961 0.026289
vt 0.938807 0.003593
vt 0.120357 0.024462
vt 0.118641 0.000661
vt 0.941671 0.026726
vt 0.944210 0.003931
vt 0.546069 0.024467
vt 0.541921 0.024504
vt 0.539433 0.000780
vt 0.543366 0.000886
vt 0.947072 0.027011
vt 0.949324 0.004099
vt 0.550940 0.024353
vt 0.547982 0.000933
vt 0.951956 0.027132
vt 0.953952 0.004090
vt 0.556346 0.024167
vt 0.553105 0.000916
vt 0.956136 0.027085
vt 0.957917 0.003904
vt 0.562080 0.023915
vt 0.558537 0.000838
vt 0.437858 0.022895
vt 0.432978 0.022755
vt 0.437732 0.000021
vt 0.442357 -0.000000
vt 0.567921 0.023608
vt 0.564069 0.000701
vt 0.443270 0.023102
vt 0.447486 0.000037
vt 0.573644 0.023256
vt 0.569489 0.000511
vt 0.449006 0.023370
vt 0.452921 0.000130
vt 0.579030 0.022874
vt 0.574589 0.000274
vt 0.454847 0.023687
vt 0.458453 0.000275
vt 0.583872 0.022477
vt 0.579173 -0.000000
vt 0.737579 0.768620
vt 0.750832 0.748727
vt 0.536195 0.633469
vt 0.527066 0.655576
vt 0.720711 0.785533
vt 0.608190 0.807916
vt 0.631586 0.812601
vt 0.720711 0.596766
vt 0.700877 0.583455
vt 0.586151 0.798741
vt 0.737579 0.613702
vt 0.549448 0.613576
vt 0.700877 0.798818
vt 0.566316 0.596662
vt 0.678838 0.807963
vt 0.566316 0.785430
vt 0.750832 0.633613
vt 0.549448 0.768493
vt 0.759961 0.655733
vt 0.586151 0.583378
vt 0.655441 0.812617
vt 0.608190 0.574233
vt 0.536195 0.748583
vt 0.764615 0.679211
vt 0.527066 0.726463
vt 0.764615 0.703147
vt 0.631586 0.569579
vt 0.655441 0.569595
vt 0.522412 0.702984
vt 0.759961 0.726620
vt 0.522412 0.679049
vt 0.678838 0.574280
vt 0.412747 0.606115
vt 0.413820 0.600690
vt 0.427380 0.602084
vt 0.425785 0.610167
vt 0.357936 0.600758
vt 0.359012 0.606182
vt 0.345956 0.610288
vt 0.344361 0.602210
vt 0.410643 0.611228
vt 0.422656 0.617784
vt 0.357935 0.595228
vt 0.344361 0.593971
vt 0.407586 0.615830
vt 0.418113 0.624641
vt 0.359007 0.589802
vt 0.345956 0.585888
vt 0.403695 0.619746
vt 0.412331 0.630476
vt 0.361112 0.584690
vt 0.349085 0.578271
vt 0.399119 0.622824
vt 0.405533 0.635063
vt 0.364169 0.580088
vt 0.353628 0.571414
vt 0.394035 0.624947
vt 0.397978 0.638227
vt 0.394020 0.570951
vt 0.388622 0.569879
vt 0.389959 0.556196
vt 0.397978 0.557791
vt 0.368059 0.576172
vt 0.359410 0.565580
vt 0.388637 0.626032
vt 0.389959 0.639847
vt 0.399106 0.573061
vt 0.405533 0.560933
vt 0.372635 0.573094
vt 0.366208 0.560992
vt 0.383133 0.626039
vt 0.381782 0.639859
vt 0.403683 0.576128
vt 0.412331 0.565500
vt 0.377720 0.570971
vt 0.373763 0.557828
vt 0.377734 0.624967
vt 0.373763 0.638264
vt 0.407576 0.580034
vt 0.418113 0.571317
vt 0.383118 0.569885
vt 0.381782 0.556208
vt 0.372649 0.622856
vt 0.366208 0.635122
vt 0.410635 0.584629
vt 0.422656 0.578160
vt 0.368071 0.619789
vt 0.359410 0.630555
vt 0.412743 0.589736
vt 0.425785 0.585767
vt 0.364178 0.615883
vt 0.353628 0.624738
vt 0.413818 0.595159
vt 0.427380 0.593846
vt 0.361119 0.611289
vt 0.349085 0.617895
vt 0.506708 0.723478
vt 0.506103 0.730230
vt 0.480393 0.728900
vt 0.480998 0.722147
vt 0.454774 0.776547
vt 0.454740 0.768366
vt 0.480359 0.767223
vt 0.480393 0.775404
vt 0.507319 0.739305
vt 0.507164 0.746123
vt 0.481627 0.742835
vt 0.481782 0.736017
vt 0.507157 0.715953
vt 0.481448 0.714623
vt 0.454740 0.784580
vt 0.480358 0.783437
vt 0.507527 0.733519
vt 0.481991 0.730230
vt 0.507434 0.707947
vt 0.481724 0.706617
vt 0.454639 0.792155
vt 0.480257 0.791012
vt 0.454474 0.752808
vt 0.454253 0.746029
vt 0.479872 0.744886
vt 0.480093 0.751665
vt 0.507528 0.699766
vt 0.481818 0.698436
vt 0.454474 0.798982
vt 0.480093 0.797839
vt 0.454639 0.760350
vt 0.480257 0.759207
vt 0.507434 0.691725
vt 0.481724 0.690394
vt 0.454253 0.804798
vt 0.479872 0.803655
vt 0.507157 0.684133
vt 0.481447 0.682802
vt 0.392920 0.719764
vt 0.393157 0.712901
vt 0.418695 0.709626
vt 0.418458 0.716489
vt 0.506708 0.677281
vt 0.480998 0.675950
vt 0.392743 0.727383
vt 0.418282 0.724108
vt 0.506103 0.671433
vt 0.480393 0.670103
vt 0.392635 0.735466
vt 0.418173 0.732191
vt 0.507319 0.785733
vt 0.507527 0.792610
vt 0.481991 0.789322
vt 0.481782 0.782444
vt 0.392598 0.743702
vt 0.418136 0.740427
vt 0.507164 0.778103
vt 0.481627 0.774815
vt 0.392635 0.751774
vt 0.418173 0.748500
vt 0.507069 0.770015
vt 0.481532 0.766727
vt 0.392743 0.759373
vt 0.418282 0.756099
vt 0.507037 0.761780
vt 0.481500 0.758491
vt 0.392920 0.766206
vt 0.418458 0.762932
vt 0.507069 0.753712
vt 0.481532 0.750424
vt 0.393157 0.772011
vt 0.418695 0.768737
vt 0.382821 0.168070
vt 0.954140 0.179841
vt 0.946271 0.178988
vt 0.937044 0.177930
vt 0.894141 0.172550
vt 0.883985 0.171177
vt 0.874865 0.169900
vt 0.641567 0.165876
vt 0.633774 0.167141
vt 0.458865 0.035636
vt 0.453041 0.035226
vt 0.586052 0.033692
vt 0.581120 0.034133
vt 0.447093 0.034850
vt 0.575635 0.034565
vt 0.441252 0.034522
vt 0.569807 0.034972
vt 0.435741 0.034254
vt 0.563859 0.035339
vt 0.430772 0.034058
vt 0.558020 0.035651
vt 0.955068 0.038559
vt 0.950813 0.038558
vt 0.552516 0.035897
vt 0.945839 0.038392
vt 0.547556 0.036066
vt 0.940338 0.038066
vt 0.543333 0.036153
vt 0.934522 0.037594
vt 0.093014 0.035986
vt 0.087535 0.036046
vt 0.121053 0.036172
vt 0.116101 0.036073
vt 0.928612 0.036994
vt 0.082609 0.036135
vt 0.110605 0.036003
vt 0.922838 0.036288
vt 0.473439 0.036910
vt 0.469264 0.036495
vt 0.104775 0.035964
vt 0.917420 0.035504
vt 0.464343 0.036065
vt 0.098835 0.035959
vt 0.912566 0.034673
vt 0.590240 0.033260
vt 0.587983 0.022079
vt 0.465641 0.106818
vt 0.550977 0.105499
vt 0.209377 0.551852
vt 0.189515 0.553345
vt 0.284524 0.528545
vt 0.267759 0.525931
vt 0.167459 0.554614
vt 0.074808 0.556649
vt 0.055007 0.556299
vt 0.731631 0.528327
vt 0.711998 0.531639
vt 0.454035 0.556196
vt 0.437397 0.553383
vt 0.690178 0.535254
vt 0.925467 0.551337
vt 0.905707 0.548792
vt 0.144055 0.555612
vt 0.883790 0.545944
vt 0.120204 0.556299
vt 0.417808 0.550114
vt 0.667011 0.539034
vt 0.396021 0.546515
vt 0.643385 0.542833
vt 0.860557 0.542904
vt 0.096822 0.556649
vt 0.836900 0.539787
vt 0.372872 0.542723
vt 0.620209 0.546506
vt 0.349253 0.538886
vt 0.598374 0.549910
vt 0.813730 0.536715
vt 0.791936 0.533804
vt 0.326069 0.535149
vt 0.578718 0.552916
vt 0.304213 0.531658
vt 0.561998 0.555407
vt 0.772356 0.531168
vt 0.748323 0.525446
s 1
usemtl pizarraB
f 6947/5258/6138 6946/5313/6137 6978/5324/6169 6979/5325/6170
f 6961/5289/6152 6960/5285/6151 6992/5326/6183 6993/5327/6184
f 6948/5259/6139 6947/5258/6138 6979/5325/6170 6980/5328/6171
f 6935/5293/6126 6966/5263/6157 6998/5329/6189 6967/5330/6158
f 6962/5299/6153 6961/5289/6152 6993/5327/6184 6994/5331/6185
f 6949/5267/6140 6948/5266/6139 6980/5332/6171 6981/5333/6172
f 6936/5305/6127 6935/5293/6126 6967/5330/6158 6968/5334/6159
f 6963/5303/6154 6962/5299/6153 6994/5331/6185 6995/5335/6186
f 6950/5279/6141 6949/5267/6140 6981/5333/6172 6982/5336/6173
f 6937/5309/6128 6936/5305/6127 6968/5334/6159 6969/5337/6160
f 6964/5315/6155 6963/5303/6154 6995/5335/6186 6996/5338/6187
f 6951/5281/6142 6950/5279/6141 6982/5336/6173 6983/5339/6174
f 6938/5319/6129 6937/5309/6128 6969/5337/6160 6970/5340/6161
f 6965/5262/6156 6964/5317/6155 6996/5341/6187 6997/5342/6188
f 6952/5291/6143 6951/5281/6142 6983/5339/6174 6984/5343/6175
f 6939/5323/6130 6938/5319/6129 6970/5340/6161 6971/5344/6162
f 6966/5263/6157 6965/5262/6156 6997/5342/6188 6998/5329/6189
f 6953/5295/6144 6952/5291/6143 6984/5343/6175 6985/5345/6176
f 6940/5271/6131 6939/5270/6130 6971/5346/6162 6972/5347/6163
f 6954/5307/6145 6953/5295/6144 6985/5345/6176 6986/5348/6177
f 6941/5275/6132 6940/5271/6131 6972/5347/6163 6973/5349/6164
f 6955/5311/6146 6954/5307/6145 6986/5348/6177 6987/5350/6178
f 6942/5283/6133 6941/5275/6132 6973/5349/6164 6974/5351/6165
f 6956/5254/6147 6955/5321/6146 6987/5352/6178 6988/5353/6179
f 6943/5287/6134 6942/5283/6133 6974/5351/6165 6975/5354/6166
f 6957/5255/6148 6956/5254/6147 6988/5353/6179 6989/5355/6180
f 6944/5297/6135 6943/5287/6134 6975/5354/6166 6976/5356/6167
f 6958/5273/6149 6957/5255/6148 6989/5355/6180 6990/5357/6181
f 6945/5301/6136 6944/5297/6135 6976/5356/6167 6977/5358/6168
f 6959/5277/6150 6958/5273/6149 6990/5357/6181 6991/5359/6182
f 6946/5313/6137 6945/5301/6136 6977/5358/6168 6978/5324/6169
f 6960/5285/6151 6959/5277/6150 6991/5359/6182 6992/5326/6183
f 6989/5355/6180 6988/5353/6179 7020/5360/6211 7021/5361/6212
f 6976/5356/6167 6975/5354/6166 7007/5362/6198 7008/5363/6199
f 6990/5357/6181 6989/5355/6180 7021/5361/6212 7022/5364/6213
f 6977/5358/6168 6976/5356/6167 7008/5363/6199 7009/5365/6200
f 6991/5359/6182 6990/5357/6181 7022/5364/6213 7023/5366/6214
f 6978/5324/6169 6977/5358/6168 7009/5365/6200 7010/5367/6201
f 6992/5326/6183 6991/5359/6182 7023/5366/6214 7024/5368/6215
f 6979/5325/6170 6978/5324/6169 7010/5367/6201 7011/5369/6202
f 6993/5327/6184 6992/5326/6183 7024/5368/6215 7025/5370/6216
f 6980/5328/6171 6979/5325/6170 7011/5369/6202 7012/5371/6203
f 6967/5330/6158 6998/5329/6189 7030/5372/6221 6999/5373/6190
f 6994/5331/6185 6993/5327/6184 7025/5370/6216 7026/5374/6217
f 6981/5333/6172 6980/5332/6171 7012/5375/6203 7013/5376/6204
f 6968/5334/6159 6967/5330/6158 6999/5373/6190 7000/5377/6191
f 6995/5335/6186 6994/5331/6185 7026/5374/6217 7027/5378/6218
f 6982/5336/6173 6981/5333/6172 7013/5376/6204 7014/5379/6205
f 6969/5337/6160 6968/5334/6159 7000/5377/6191 7001/5380/6192
f 6996/5338/6187 6995/5335/6186 7027/5378/6218 7028/5381/6219
f 6983/5339/6174 6982/5336/6173 7014/5379/6205 7015/5382/6206
f 6970/5340/6161 6969/5337/6160 7001/5380/6192 7002/5383/6193
f 6997/5342/6188 6996/5341/6187 7028/5384/6219 7029/5385/6220
f 6984/5343/6175 6983/5339/6174 7015/5382/6206 7016/5386/6207
f 6971/5344/6162 6970/5340/6161 7002/5383/6193 7003/5387/6194
f 6998/5329/6189 6997/5342/6188 7029/5385/6220 7030/5372/6221
f 6985/5345/6176 6984/5343/6175 7016/5386/6207 7017/5388/6208
f 6972/5347/6163 6971/5346/6162 7003/5389/6194 7004/5390/6195
f 6986/5348/6177 6985/5345/6176 7017/5388/6208 7018/5391/6209
f 6973/5349/6164 6972/5347/6163 7004/5390/6195 7005/5392/6196
f 6987/5350/6178 6986/5348/6177 7018/5391/6209 7019/5393/6210
f 6974/5351/6165 6973/5349/6164 7005/5392/6196 7006/5394/6197
f 6988/5353/6179 6987/5352/6178 7019/5395/6210 7020/5360/6211
f 6975/5354/6166 6974/5351/6165 7006/5394/6197 7007/5362/6198
f 7024/5368/6215 7023/5366/6214 7055/5396/6246 7056/5397/6247
f 7011/5369/6202 7010/5367/6201 7042/5398/6233 7043/5399/6234
f 7025/5370/6216 7024/5368/6215 7056/5397/6247 7057/5400/6248
f 7012/5371/6203 7011/5369/6202 7043/5399/6234 7044/5401/6235
f 6999/5373/6190 7030/5372/6221 7062/5402/6253 7031/5403/6222
f 7026/5374/6217 7025/5370/6216 7057/5400/6248 7058/5404/6249
f 7013/5376/6204 7012/5375/6203 7044/5405/6235 7045/5406/6236
f 7000/5377/6191 6999/5373/6190 7031/5403/6222 7032/5407/6223
f 7027/5378/6218 7026/5374/6217 7058/5404/6249 7059/5408/6250
f 7014/5379/6205 7013/5376/6204 7045/5406/6236 7046/5409/6237
f 7001/5380/6192 7000/5377/6191 7032/5407/6223 7033/5410/6224
f 7028/5384/6219 7027/5411/6218 7059/5412/6250 7060/5413/6251
f 7015/5382/6206 7014/5379/6205 7046/5409/6237 7047/5414/6238
f 7002/5383/6193 7001/5380/6192 7033/5410/6224 7034/5415/6225
f 7029/5385/6220 7028/5384/6219 7060/5413/6251 7061/5416/6252
f 7016/5386/6207 7015/5382/6206 7047/5414/6238 7048/5417/6239
f 7003/5387/6194 7002/5383/6193 7034/5415/6225 7035/5418/6226
f 7030/5372/6221 7029/5385/6220 7061/5416/6252 7062/5402/6253
f 7017/5388/6208 7016/5386/6207 7048/5417/6239 7049/5419/6240
f 7004/5420/6195 7003/5387/6194 7035/5418/6226 7036/5421/6227
f 7018/5391/6209 7017/5388/6208 7049/5419/6240 7050/5422/6241
f 7005/5392/6196 7004/5390/6195 7036/5423/6227 7037/5424/6228
f 7019/5393/6210 7018/5391/6209 7050/5422/6241 7051/5425/6242
f 7006/5394/6197 7005/5392/6196 7037/5424/6228 7038/5426/6229
f 7020/5427/6211 7019/5393/6210 7051/5425/6242 7052/5428/6243
f 7007/5362/6198 7006/5394/6197 7038/5426/6229 7039/5429/6230
f 7021/5361/6212 7020/5360/6211 7052/5430/6243 7053/5431/6244
f 7008/5363/6199 7007/5362/6198 7039/5429/6230 7040/5432/6231
f 7022/5364/6213 7021/5361/6212 7053/5431/6244 7054/5433/6245
f 7009/5365/6200 7008/5363/6199 7040/5432/6231 7041/5434/6232
f 7023/5366/6214 7022/5364/6213 7054/5433/6245 7055/5396/6246
f 7010/5367/6201 7009/5365/6200 7041/5434/6232 7042/5398/6233
f 7032/5407/6223 7031/5403/6222 7063/5435/6254 7064/5436/6255
f 7059/5408/6250 7058/5404/6249 7090/5437/6281 7091/5438/6282
f 7046/5409/6237 7045/5406/6236 7077/5439/6268 7078/5440/6269
f 7033/5410/6224 7032/5407/6223 7064/5436/6255 7065/5441/6256
f 7060/5413/6251 7059/5412/6250 7091/5442/6282 7092/5443/6283
f 7047/5414/6238 7046/5409/6237 7078/5440/6269 7079/5444/6270
f 7034/5415/6225 7033/5410/6224 7065/5441/6256 7066/5445/6257
f 7061/5416/6252 7060/5413/6251 7092/5443/6283 7093/5446/6284
f 7048/5417/6239 7047/5414/6238 7079/5444/6270 7080/5447/6271
f 7035/5418/6226 7034/5415/6225 7066/5445/6257 7067/5448/6258
f 7062/5402/6253 7061/5416/6252 7093/5446/6284 7094/5449/6285
f 7049/5419/6240 7048/5417/6239 7080/5447/6271 7081/5450/6272
f 7036/5421/6227 7035/5418/6226 7067/5448/6258 7068/5451/6259
f 7050/5422/6241 7049/5419/6240 7081/5450/6272 7082/5452/6273
f 7037/5424/6228 7036/5423/6227 7068/5453/6259 7069/5454/6260
f 7051/5425/6242 7050/5422/6241 7082/5452/6273 7083/5455/6274
f 7038/5426/6229 7037/5424/6228 7069/5454/6260 7070/5456/6261
f 7052/5428/6243 7051/5425/6242 7083/5455/6274 7084/5457/6275
f 7039/5429/6230 7038/5426/6229 7070/5456/6261 7071/5458/6262
f 7053/5431/6244 7052/5430/6243 7084/5459/6275 7085/5460/6276
f 7040/5432/6231 7039/5429/6230 7071/5458/6262 7072/5461/6263
f 7054/5433/6245 7053/5431/6244 7085/5460/6276 7086/5462/6277
f 7041/5434/6232 7040/5432/6231 7072/5461/6263 7073/5463/6264
f 7055/5396/6246 7054/5433/6245 7086/5462/6277 7087/5464/6278
f 7042/5398/6233 7041/5434/6232 7073/5463/6264 7074/5465/6265
f 7056/5397/6247 7055/5396/6246 7087/5464/6278 7088/5466/6279
f 7043/5399/6234 7042/5398/6233 7074/5465/6265 7075/5467/6266
f 7057/5400/6248 7056/5397/6247 7088/5466/6279 7089/5468/6280
f 7044/5405/6235 7043/5469/6234 7075/5470/6266 7076/5471/6267
f 7031/5403/6222 7062/5402/6253 7094/5449/6285 7063/5435/6254
f 7058/5404/6249 7057/5400/6248 7089/5468/6280 7090/5437/6281
f 7045/5406/6236 7044/5405/6235 7076/5471/6267 7077/5439/6268
f 7067/5448/6258 7066/5445/6257 7098/5472/6289 7099/5473/6290
f 7094/5449/6285 7093/5446/6284 7125/5474/6316 7126/5475/6317
f 7081/5450/6272 7080/5447/6271 7112/5476/6303 7113/5477/6304
f 7068/5478/6259 7067/5479/6258 7099/5480/6290 7100/5481/6291
f 7082/5452/6273 7081/5450/6272 7113/5477/6304 7114/5482/6305
f 7069/5483/6260 7068/5478/6259 7100/5481/6291 7101/5484/6292
f 7083/5455/6274 7082/5452/6273 7114/5482/6305 7115/5485/6306
f 7070/5486/6261 7069/5483/6260 7101/5484/6292 7102/5487/6293
f 7084/5457/6275 7083/5455/6274 7115/5485/6306 7116/5488/6307
f 7071/5458/6262 7070/5456/6261 7102/5489/6293 7103/5490/6294
f 7085/5460/6276 7084/5459/6275 7116/5491/6307 7117/5492/6308
f 7072/5461/6263 7071/5458/6262 7103/5490/6294 7104/5493/6295
f 7086/5462/6277 7085/5460/6276 7117/5492/6308 7118/5494/6309
f 7073/5463/6264 7072/5461/6263 7104/5493/6295 7105/5495/6296
f 7087/5464/6278 7086/5462/6277 7118/5494/6309 7119/5496/6310
f 7074/5465/6265 7073/5463/6264 7105/5495/6296 7106/5497/6297
f 7088/5466/6279 7087/5464/6278 7119/5496/6310 7120/5498/6311
f 7075/5499/6266 7074/5500/6265 7106/5501/6297 7107/5502/6298
f 7089/5468/6280 7088/5466/6279 7120/5498/6311 7121/5503/6312
f 7076/5504/6267 7075/5499/6266 7107/5502/6298 7108/5505/6299
f 7063/5435/6254 7094/5449/6285 7126/5475/6317 7095/5506/6286
f 7090/5437/6281 7089/5468/6280 7121/5503/6312 7122/5507/6313
f 7077/5439/6268 7076/5471/6267 7108/5508/6299 7109/5509/6300
f 7064/5436/6255 7063/5435/6254 7095/5506/6286 7096/5510/6287
f 7091/5438/6282 7090/5437/6281 7122/5507/6313 7123/5511/6314
f 7078/5440/6269 7077/5439/6268 7109/5509/6300 7110/5512/6301
f 7065/5441/6256 7064/5436/6255 7096/5510/6287 7097/5513/6288
f 7092/5443/6283 7091/5442/6282 7123/5514/6314 7124/5515/6315
f 7079/5444/6270 7078/5440/6269 7110/5512/6301 7111/5516/6302
f 7066/5445/6257 7065/5441/6256 7097/5513/6288 7098/5472/6289
f 7093/5446/6284 7092/5443/6283 7124/5515/6315 7125/5474/6316
f 7080/5447/6271 7079/5444/6270 7111/5516/6302 7112/5476/6303
f 7102/5489/6293 7101/5517/6292 7133/5518/6324 7134/5519/6325
f 7116/5520/6307 7115/5521/6306 7147/5522/6338 7148/5523/6339
f 7103/5490/6294 7102/5489/6293 7134/5519/6325 7135/5524/6326
f 7117/5525/6308 7116/5520/6307 7148/5523/6339 7149/5526/6340
f 7104/5493/6295 7103/5490/6294 7135/5524/6326 7136/5527/6327
f 7118/5494/6309 7117/5492/6308 7149/5528/6340 7150/5529/6341
f 7105/5495/6296 7104/5493/6295 7136/5527/6327 7137/5530/6328
f 7119/5496/6310 7118/5494/6309 7150/5529/6341 7151/5531/6342
f 7106/5497/6297 7105/5495/6296 7137/5530/6328 7138/5532/6329
f 7120/5498/6311 7119/5496/6310 7151/5531/6342 7152/5533/6343
f 7107/5502/6298 7106/5501/6297 7138/5534/6329 7139/5535/6330
f 7121/5503/6312 7120/5498/6311 7152/5533/6343 7153/5536/6344
f 7108/5505/6299 7107/5502/6298 7139/5535/6330 7140/5537/6331
f 7095/5506/6286 7126/5475/6317 7158/5538/6349 7127/5539/6318
f 7122/5507/6313 7121/5503/6312 7153/5536/6344 7154/5540/6345
f 7109/5541/6300 7108/5505/6299 7140/5537/6331 7141/5542/6332
f 7096/5510/6287 7095/5506/6286 7127/5539/6318 7128/5543/6319
f 7123/5511/6314 7122/5507/6313 7154/5540/6345 7155/5544/6346
f 7110/5545/6301 7109/5541/6300 7141/5542/6332 7142/5546/6333
f 7097/5513/6288 7096/5510/6287 7128/5543/6319 7129/5547/6320
f 7124/5515/6315 7123/5514/6314 7155/5548/6346 7156/5549/6347
f 7111/5550/6302 7110/5545/6301 7142/5546/6333 7143/5551/6334
f 7098/5472/6289 7097/5513/6288 7129/5547/6320 7130/5552/6321
f 7125/5474/6316 7124/5515/6315 7156/5549/6347 7157/5553/6348
f 7112/5476/6303 7111/5516/6302 7143/5554/6334 7144/5555/6335
f 7099/5473/6290 7098/5472/6289 7130/5552/6321 7131/5556/6322
f 7126/5475/6317 7125/5474/6316 7157/5553/6348 7158/5538/6349
f 7113/5477/6304 7112/5476/6303 7144/5555/6335 7145/5557/6336
f 7100/5558/6291 7099/5473/6290 7131/5556/6322 7132/5559/6323
f 7114/5560/6305 7113/5561/6304 7145/5562/6336 7146/5563/6337
f 7101/5517/6292 7100/5564/6291 7132/5565/6323 7133/5518/6324
f 7115/5521/6306 7114/5560/6305 7146/5563/6337 7147/5522/6338
f 7319/5566/6510 7320/5567/6511 7168/5568/6359 7169/5569/6360
f 7321/5570/6512 7322/5571/6513 7182/5572/6373 7183/5573/6374
f 7323/5574/6514 7319/5566/6510 7169/5569/6360 7170/5575/6361
f 7324/5576/6515 7321/5570/6512 7183/5573/6374 7184/5577/6375
f 7325/5578/6516 7323/5574/6514 7170/5575/6361 7171/5579/6362
f 7326/5580/6517 7324/5576/6515 7184/5577/6375 7185/5581/6376
f 7327/5582/6518 7325/5578/6516 7171/5579/6362 7172/5583/6363
f 7328/5584/6519 7329/5585/6520 7190/5586/6381 7159/5587/6350
f 7330/5588/6521 7326/5580/6517 7185/5581/6376 7186/5589/6377
f 7331/5590/6522 7327/5591/6518 7172/5592/6363 7173/5593/6364
f 7332/5594/6523 7328/5584/6519 7159/5587/6350 7160/5595/6351
f 7333/5596/6524 7330/5588/6521 7186/5589/6377 7187/5597/6378
f 7334/5598/6525 7331/5590/6522 7173/5593/6364 7174/5599/6365
f 7335/5600/6526 7332/5594/6523 7160/5595/6351 7161/5601/6352
f 7336/5602/6527 7333/5603/6524 7187/5604/6378 7188/5605/6379
f 7337/5606/6528 7334/5598/6525 7174/5599/6365 7175/5607/6366
f 7338/5608/6529 7335/5600/6526 7161/5601/6352 7162/5609/6353
f 7339/5610/6530 7336/5602/6527 7188/5605/6379 7189/5611/6380
f 7340/5612/6531 7337/5606/6528 7175/5607/6366 7176/5613/6367
f 7341/5614/6532 7338/5608/6529 7162/5609/6353 7163/5615/6354
f 7329/5585/6520 7339/5610/6530 7189/5611/6380 7190/5586/6381
f 7342/5616/6533 7340/5612/6531 7176/5613/6367 7177/5617/6368
f 7343/5618/6534 7341/5614/6532 7163/5615/6354 7164/5619/6355
f 7344/5620/6535 7342/5616/6533 7177/5617/6368 7178/5621/6369
f 7345/5622/6536 7343/5623/6534 7164/5624/6355 7165/5625/6356
f 7346/5626/6537 7344/5620/6535 7178/5621/6369 7179/5627/6370
f 7347/5628/6538 7345/5622/6536 7165/5625/6356 7166/5629/6357
f 7348/5630/6539 7346/5626/6537 7179/5627/6370 7180/5631/6371
f 7349/5632/6540 7347/5628/6538 7166/5629/6357 7167/5633/6358
f 7350/5634/6541 7348/5635/6539 7180/5636/6371 7181/5637/6372
f 7320/5567/6511 7349/5632/6540 7167/5633/6358 7168/5568/6359
f 7322/5571/6513 7350/5634/6541 7181/5637/6372 7182/5572/6373
f 7351/5638/6542 7352/5639/6543 7203/5640/6394 7204/5641/6395
f 7353/5642/6544 7354/5643/6545 7222/5644/6413 7191/5645/6382
f 7355/5646/6546 7356/5647/6547 7217/5648/6408 7218/5649/6409
f 7357/5650/6548 7351/5638/6542 7204/5641/6395 7205/5651/6396
f 7358/5652/6549 7353/5642/6544 7191/5645/6382 7192/5653/6383
f 7359/5654/6550 7355/5646/6546 7218/5649/6409 7219/5655/6410
f 7360/5656/6551 7357/5650/6548 7205/5651/6396 7206/5657/6397
f 7361/5658/6552 7358/5652/6549 7192/5653/6383 7193/5659/6384
f 7362/5660/6553 7359/5654/6550 7219/5655/6410 7220/5661/6411
f 7363/5662/6554 7360/5656/6551 7206/5657/6397 7207/5663/6398
f 7364/5664/6555 7361/5658/6552 7193/5659/6384 7194/5665/6385
f 7365/5666/6556 7362/5667/6553 7220/5668/6411 7221/5669/6412
f 7366/5670/6557 7363/5662/6554 7207/5663/6398 7208/5671/6399
f 7367/5672/6558 7364/5664/6555 7194/5665/6385 7195/5673/6386
f 7354/5643/6545 7365/5666/6556 7221/5669/6412 7222/5644/6413
f 7368/5674/6559 7366/5670/6557 7208/5671/6399 7209/5675/6400
f 7369/5676/6560 7367/5677/6558 7195/5678/6386 7196/5679/6387
f 7370/5680/6561 7368/5674/6559 7209/5675/6400 7210/5681/6401
f 7371/5682/6562 7369/5676/6560 7196/5679/6387 7197/5683/6388
f 7372/5684/6563 7370/5680/6561 7210/5681/6401 7211/5685/6402
f 7373/5686/6564 7371/5682/6562 7197/5683/6388 7198/5687/6389
f 7374/5688/6565 7372/5684/6563 7211/5685/6402 7212/5689/6403
f 7375/5690/6566 7373/5686/6564 7198/5687/6389 7199/5691/6390
f 7376/5692/6567 7374/5693/6565 7212/5694/6403 7213/5695/6404
f 7377/5696/6568 7375/5690/6566 7199/5691/6390 7200/5697/6391
f 7378/5698/6569 7376/5692/6567 7213/5695/6404 7214/5699/6405
f 7379/5700/6570 7377/5696/6568 7200/5697/6391 7201/5701/6392
f 7380/5702/6571 7378/5698/6569 7214/5699/6405 7215/5703/6406
f 7381/5704/6572 7379/5700/6570 7201/5701/6392 7202/5705/6393
f 7382/5706/6573 7380/5702/6571 7215/5703/6406 7216/5707/6407
f 7352/5708/6543 7381/5704/6572 7202/5705/6393 7203/5709/6394
f 7356/5647/6547 7382/5706/6573 7216/5707/6407 7217/5648/6408
f 7172/5583/6363 7171/5579/6362 7412/5889/6603 7383/5922/6574
f 7159/5587/6350 7190/5586/6381 7413/5907/6604 7384/5920/6575
f 7186/5589/6377 7185/5581/6376 7414/5887/6605 7385/5919/6576
f 7173/5593/6364 7172/5592/6363 7383/5921/6574 7386/5918/6577
f 7160/5595/6351 7159/5587/6350 7384/5920/6575 7387/5917/6578
f 7187/5597/6378 7186/5589/6377 7385/5919/6576 7388/5916/6579
f 7174/5599/6365 7173/5593/6364 7386/5918/6577 7389/5914/6580
f 7161/5601/6352 7160/5595/6351 7387/5917/6578 7390/5913/6581
f 7188/5924/6379 7187/5597/6378 7388/5916/6579 7391/5915/6582
f 7175/5607/6366 7174/5599/6365 7389/5914/6580 7392/5911/6583
f 7162/5609/6353 7161/5601/6352 7390/5913/6581 7393/5910/6584
f 7189/5611/6380 7188/5605/6379 7391/5912/6582 7394/5908/6585
f 7176/5613/6367 7175/5607/6366 7392/5911/6583 7395/5906/6586
f 7163/5615/6354 7162/5609/6353 7393/5910/6584 7396/5909/6587
f 7190/5586/6381 7189/5611/6380 7394/5908/6585 7413/5907/6604
f 7177/5617/6368 7176/5613/6367 7395/5906/6586 7397/5904/6588
f 7164/5624/6355 7163/5925/6354 7396/5905/6587 7398/5903/6589
f 7178/5621/6369 7177/5617/6368 7397/5904/6588 7399/5902/6590
f 7165/5625/6356 7164/5624/6355 7398/5903/6589 7400/5901/6591
f 7179/5627/6370 7178/5621/6369 7399/5902/6590 7401/5900/6592
f 7166/5629/6357 7165/5625/6356 7400/5901/6591 7402/5898/6593
f 7180/5631/6371 7179/5627/6370 7401/5900/6592 7403/5899/6594
f 7167/5633/6358 7166/5629/6357 7402/5898/6593 7404/5896/6595
f 7181/5637/6372 7180/5636/6371 7403/5897/6594 7405/5895/6596
f 7168/5568/6359 7167/5633/6358 7404/5896/6595 7406/5894/6597
f 7182/5572/6373 7181/5637/6372 7405/5895/6596 7407/5893/6598
f 7169/5569/6360 7168/5568/6359 7406/5894/6597 7408/5892/6599
f 7183/5573/6374 7182/5572/6373 7407/5893/6598 7409/5891/6600
f 7170/5575/6361 7169/5569/6360 7408/5892/6599 7410/5890/6601
f 7184/5577/6375 7183/5573/6374 7409/5891/6600 7411/5888/6602
f 7171/5579/6362 7170/5575/6361 7410/5890/6601 7412/5889/6603
f 7185/5581/6376 7184/5577/6375 7411/5888/6602 7414/5887/6605
f 7231/5926/6422 7254/5927/6445 7446/5318/6637 7418/5322/6609
f 7224/5928/6415 7251/5929/6442 7443/5320/6634 7415/5253/6606
f 7254/5927/6445 7250/5930/6441 7442/5308/6633 7446/5318/6637
f 7228/5931/6419 7253/5932/6444 7445/5316/6636 7417/5261/6608
f 7226/5933/6417 7252/5934/6443 7444/5312/6635 7416/5257/6607
f 7253/5935/6444 7247/5936/6438 7439/5302/6630 7445/5314/6636
f 7252/5934/6443 7246/5937/6437 7438/5300/6629 7444/5312/6635
f 7251/5938/6442 7249/5939/6440 7441/5306/6632 7443/5310/6634
f 7250/5930/6441 7248/5940/6439 7440/5304/6631 7442/5308/6633
f 7249/5939/6440 7243/5941/6434 7435/5294/6626 7441/5306/6632
f 7248/5940/6439 7242/5942/6433 7434/5292/6625 7440/5304/6631
f 7247/5936/6438 7245/5943/6436 7437/5298/6628 7439/5302/6630
f 7246/5937/6437 7244/5944/6435 7436/5296/6627 7438/5300/6629
f 7245/5943/6436 7240/5945/6431 7432/5288/6623 7437/5298/6628
f 7244/5944/6435 7239/5946/6430 7431/5286/6622 7436/5296/6627
f 7243/5941/6434 7241/5947/6432 7433/5290/6624 7435/5294/6626
f 7242/5942/6433 7227/5948/6418 7421/5260/6612 7434/5292/6625
f 7241/5947/6432 7236/5949/6427 7428/5280/6619 7433/5290/6624
f 7240/5945/6431 7238/5950/6429 7430/5284/6621 7432/5288/6623
f 7239/5946/6430 7237/5951/6428 7429/5282/6620 7431/5286/6622
f 7238/5950/6429 7234/5952/6425 7426/5276/6617 7430/5284/6621
f 7237/5951/6428 7233/5953/6424 7425/5274/6616 7429/5282/6620
f 7236/5949/6427 7235/5954/6426 7427/5278/6618 7428/5280/6619
f 7235/5954/6426 7229/5955/6420 7422/5264/6613 7427/5278/6618
f 7234/5952/6425 7232/5956/6423 7424/5272/6615 7426/5276/6617
f 7233/5953/6424 7230/5957/6421 7423/5268/6614 7425/5274/6616
f 7232/5956/6423 7223/5958/6414 7419/5252/6610 7424/5272/6615
f 7230/5957/6421 7231/5959/6422 7418/5269/6609 7423/5268/6614
f 7229/5955/6420 7225/5960/6416 7420/5265/6611 7422/5264/6613
f 7227/5948/6418 7228/5931/6419 7417/5261/6608 7421/5260/6612
f 7225/5961/6416 7226/5933/6417 7416/5257/6607 7420/5256/6611
f 7223/5958/6414 7224/5928/6415 7415/5253/6606 7419/5252/6610
usemtl libro3B
f 6933/5116/6124 6871/5117/6062 6934/5118/6125 6872/5119/6063
f 6871/5117/6062 6873/5120/6064 6932/5121/6123 6934/5118/6125
f 6915/5122/6106 6917/5123/6108 6888/5124/6079 6890/5125/6081
f 6897/5126/6088 6899/5127/6090 6906/5128/6097 6908/5129/6099
f 6879/5130/6070 6881/5131/6072 6924/5132/6115 6926/5133/6117
f 6923/5134/6114 6925/5135/6116 6880/5136/6071 6882/5137/6073
f 6905/5138/6096 6907/5139/6098 6898/5140/6089 6900/5141/6091
f 6887/5142/6078 6889/5143/6080 6916/5144/6107 6918/5145/6109
f 6931/5146/6122 6933/5116/6124 6872/5119/6063 6874/5147/6065
f 6913/5148/6104 6915/5122/6106 6890/5125/6081 6892/5149/6083
f 6895/5150/6086 6897/5126/6088 6908/5129/6099 6910/5151/6101
f 6877/5152/6068 6879/5130/6070 6926/5133/6117 6928/5153/6119
f 6921/5154/6112 6923/5155/6114 6882/5156/6073 6884/5157/6075
f 6903/5158/6094 6905/5138/6096 6900/5141/6091 6902/5159/6093
f 6885/5160/6076 6887/5142/6078 6918/5145/6109 6920/5161/6111
f 6929/5162/6120 6931/5146/6122 6874/5147/6065 6876/5163/6067
f 6911/5164/6102 6913/5148/6104 6892/5149/6083 6894/5165/6085
f 6893/5166/6084 6895/5150/6086 6910/5151/6101 6912/5167/6103
f 6875/5168/6066 6877/5152/6068 6928/5153/6119 6930/5169/6121
f 6919/5170/6110 6921/5154/6112 6884/5157/6075 6886/5171/6077
f 6901/5172/6092 6903/5158/6094 6902/5159/6093 6904/5173/6095
f 6883/5174/6074 6885/5160/6076 6920/5161/6111 6922/5175/6113
f 6927/5176/6118 6929/5162/6120 6876/5163/6067 6878/5177/6069
f 6909/5178/6100 6911/5164/6102 6894/5165/6085 6896/5179/6087
f 6891/5180/6082 6893/5166/6084 6912/5167/6103 6914/5181/6105
f 6873/5120/6064 6875/5182/6066 6930/5183/6121 6932/5121/6123
f 6917/5123/6108 6919/5170/6110 6886/5171/6077 6888/5124/6079
f 6899/5127/6090 6901/5172/6092 6904/5173/6095 6906/5128/6097
f 6881/5131/6072 6883/5174/6074 6922/5175/6113 6924/5132/6115
f 6925/5135/6116 6927/5176/6118 6878/5177/6069 6880/5136/6071
f 6907/5184/6098 6909/5178/6100 6896/5179/6087 6898/5185/6089
f 6889/5143/6080 6891/5186/6082 6914/5187/6105 6916/5144/6107
f 6934/5188/6125 6932/5189/6123 6930/5190/6121 6928/5191/6119 6926/5192/6117 6924/5193/6115 6922/5194/6113 6920/5195/6111 6918/5196/6109 6916/5197/6107 6914/5198/6105 6912/5199/6103 6910/5200/6101 6908/5201/6099 6906/5202/6097 6904/5203/6095 6902/5204/6093 6900/5205/6091 6898/5206/6089 6896/5207/6087 6894/5208/6085 6892/5209/6083 6890/5210/6081 6888/5211/6079 6886/5212/6077 6884/5213/6075 6882/5214/6073 6880/5215/6071 6878/5216/6069 6876/5217/6067 6874/5218/6065 6872/5219/6063
f 6871/5220/6062 6933/5221/6124 6931/5222/6122 6929/5223/6120 6927/5224/6118 6925/5225/6116 6923/5226/6114 6921/5227/6112 6919/5228/6110 6917/5229/6108 6915/5230/6106 6913/5231/6104 6911/5232/6102 6909/5233/6100 6907/5234/6098 6905/5235/6096 6903/5236/6094 6901/5237/6092 6899/5238/6090 6897/5239/6088 6895/5240/6086 6893/5241/6084 6891/5242/6082 6889/5243/6080 6887/5244/6078 6885/5245/6076 6883/5246/6074 6881/5247/6072 6879/5248/6070 6877/5249/6068 6875/5250/6066 6873/5251/6064
f 7419/5252/6610 7415/5253/6606 6956/5254/6147 6957/5255/6148
f 7420/5256/6611 7416/5257/6607 6947/5258/6138 6948/5259/6139
f 7421/5260/6612 7417/5261/6608 6965/5262/6156 6966/5263/6157
f 7422/5264/6613 7420/5265/6611 6948/5266/6139 6949/5267/6140
f 7423/5268/6614 7418/5269/6609 6939/5270/6130 6940/5271/6131
f 7424/5272/6615 7419/5252/6610 6957/5255/6148 6958/5273/6149
f 7425/5274/6616 7423/5268/6614 6940/5271/6131 6941/5275/6132
f 7426/5276/6617 7424/5272/6615 6958/5273/6149 6959/5277/6150
f 7427/5278/6618 7422/5264/6613 6949/5267/6140 6950/5279/6141
f 7428/5280/6619 7427/5278/6618 6950/5279/6141 6951/5281/6142
f 7429/5282/6620 7425/5274/6616 6941/5275/6132 6942/5283/6133
f 7430/5284/6621 7426/5276/6617 6959/5277/6150 6960/5285/6151
f 7431/5286/6622 7429/5282/6620 6942/5283/6133 6943/5287/6134
f 7432/5288/6623 7430/5284/6621 6960/5285/6151 6961/5289/6152
f 7433/5290/6624 7428/5280/6619 6951/5281/6142 6952/5291/6143
f 7434/5292/6625 7421/5260/6612 6966/5263/6157 6935/5293/6126
f 7435/5294/6626 7433/5290/6624 6952/5291/6143 6953/5295/6144
f 7436/5296/6627 7431/5286/6622 6943/5287/6134 6944/5297/6135
f 7437/5298/6628 7432/5288/6623 6961/5289/6152 6962/5299/6153
f 7438/5300/6629 7436/5296/6627 6944/5297/6135 6945/5301/6136
f 7439/5302/6630 7437/5298/6628 6962/5299/6153 6963/5303/6154
f 7440/5304/6631 7434/5292/6625 6935/5293/6126 6936/5305/6127
f 7441/5306/6632 7435/5294/6626 6953/5295/6144 6954/5307/6145
f 7442/5308/6633 7440/5304/6631 6936/5305/6127 6937/5309/6128
f 7443/5310/6634 7441/5306/6632 6954/5307/6145 6955/5311/6146
f 7444/5312/6635 7438/5300/6629 6945/5301/6136 6946/5313/6137
f 7445/5314/6636 7439/5302/6630 6963/5303/6154 6964/5315/6155
f 7416/5257/6607 7444/5312/6635 6946/5313/6137 6947/5258/6138
f 7417/5261/6608 7445/5316/6636 6964/5317/6155 6965/5262/6156
f 7446/5318/6637 7442/5308/6633 6937/5309/6128 6938/5319/6129
f 7415/5253/6606 7443/5320/6634 6955/5321/6146 6956/5254/6147
f 7418/5322/6609 7446/5318/6637 6938/5319/6129 6939/5323/6130
f 6880/5215/6071 6878/5216/6069 7254/5710/6445 7231/5711/6422
f 6914/5198/6105 6912/5199/6103 7251/5712/6442 7224/5713/6415
f 6878/5216/6069 6876/5217/6067 7250/5714/6441 7254/5710/6445
f 6932/5189/6123 6930/5190/6121 7253/5715/6444 7228/5716/6419
f 6896/5207/6087 6894/5208/6085 7252/5717/6443 7226/5718/6417
f 6930/5190/6121 6928/5191/6119 7247/5719/6438 7253/5715/6444
f 6894/5208/6085 6892/5209/6083 7246/5720/6437 7252/5717/6443
f 6912/5199/6103 6910/5200/6101 7249/5721/6440 7251/5712/6442
f 6876/5217/6067 6874/5218/6065 7248/5722/6439 7250/5714/6441
f 6910/5200/6101 6908/5201/6099 7243/5723/6434 7249/5721/6440
f 6874/5218/6065 6872/5219/6063 7242/5724/6433 7248/5722/6439
f 6928/5191/6119 6926/5192/6117 7245/5725/6436 7247/5719/6438
f 6892/5209/6083 6890/5210/6081 7244/5726/6435 7246/5720/6437
f 6926/5192/6117 6924/5193/6115 7240/5727/6431 7245/5725/6436
f 6890/5210/6081 6888/5211/6079 7239/5728/6430 7244/5726/6435
f 6908/5201/6099 6906/5202/6097 7241/5729/6432 7243/5723/6434
f 6872/5219/6063 6934/5188/6125 7227/5730/6418 7242/5724/6433
f 6906/5202/6097 6904/5203/6095 7236/5731/6427 7241/5729/6432
f 6924/5193/6115 6922/5194/6113 7238/5732/6429 7240/5727/6431
f 6888/5211/6079 6886/5212/6077 7237/5733/6428 7239/5728/6430
f 6922/5194/6113 6920/5195/6111 7234/5734/6425 7238/5732/6429
f 6886/5212/6077 6884/5213/6075 7233/5735/6424 7237/5733/6428
f 6904/5203/6095 6902/5204/6093 7235/5736/6426 7236/5731/6427
f 6902/5204/6093 6900/5205/6091 7229/5737/6420 7235/5736/6426
f 6920/5195/6111 6918/5196/6109 7232/5738/6423 7234/5734/6425
f 6884/5213/6075 6882/5214/6073 7230/5739/6421 7233/5735/6424
f 6918/5196/6109 6916/5197/6107 7223/5740/6414 7232/5738/6423
f 6882/5214/6073 6880/5215/6071 7231/5711/6422 7230/5739/6421
f 6900/5205/6091 6898/5206/6089 7225/5741/6416 7229/5737/6420
f 6934/5188/6125 6932/5189/6123 7228/5716/6419 7227/5730/6418
f 6898/5206/6089 6896/5207/6087 7226/5718/6417 7225/5741/6416
f 6916/5197/6107 6914/5198/6105 7224/5713/6415 7223/5740/6414
f 7199/5742/6390 7198/5743/6389 7262/5744/6453 7263/5745/6454
f 7213/5746/6404 7212/5747/6403 7276/5748/6467 7277/5749/6468
f 7200/5750/6391 7199/5742/6390 7263/5745/6454 7264/5751/6455
f 7214/5752/6405 7213/5746/6404 7277/5749/6468 7278/5753/6469
f 7201/5754/6392 7200/5750/6391 7264/5751/6455 7265/5755/6456
f 7215/5756/6406 7214/5752/6405 7278/5753/6469 7279/5757/6470
f 7202/5758/6393 7201/5754/6392 7265/5755/6456 7266/5759/6457
f 7216/5760/6407 7215/5756/6406 7279/5757/6470 7280/5761/6471
f 7203/5762/6394 7202/5758/6393 7266/5759/6457 7267/5763/6458
f 7217/5764/6408 7216/5760/6407 7280/5761/6471 7281/5765/6472
f 7204/5766/6395 7203/5762/6394 7267/5763/6458 7268/5767/6459
f 7191/5768/6382 7222/5769/6413 7286/5770/6477 7255/5771/6446
f 7218/5772/6409 7217/5764/6408 7281/5765/6472 7282/5773/6473
f 7205/5774/6396 7204/5766/6395 7268/5767/6459 7269/5775/6460
f 7192/5776/6383 7191/5768/6382 7255/5771/6446 7256/5777/6447
f 7219/5778/6410 7218/5772/6409 7282/5773/6473 7283/5779/6474
f 7206/5780/6397 7205/5774/6396 7269/5775/6460 7270/5781/6461
f 7193/5782/6384 7192/5776/6383 7256/5777/6447 7257/5783/6448
f 7220/5784/6411 7219/5778/6410 7283/5779/6474 7284/5785/6475
f 7207/5786/6398 7206/5780/6397 7270/5781/6461 7271/5787/6462
f 7194/5788/6385 7193/5782/6384 7257/5783/6448 7258/5789/6449
f 7221/5790/6412 7220/5784/6411 7284/5785/6475 7285/5791/6476
f 7208/5792/6399 7207/5786/6398 7271/5787/6462 7272/5793/6463
f 7195/5794/6386 7194/5788/6385 7258/5789/6449 7259/5795/6450
f 7222/5769/6413 7221/5790/6412 7285/5791/6476 7286/5770/6477
f 7209/5796/6400 7208/5792/6399 7272/5793/6463 7273/5797/6464
f 7196/5798/6387 7195/5794/6386 7259/5795/6450 7260/5799/6451
f 7210/5800/6401 7209/5796/6400 7273/5797/6464 7274/5801/6465
f 7197/5802/6388 7196/5798/6387 7260/5799/6451 7261/5803/6452
f 7211/5804/6402 7210/5800/6401 7274/5801/6465 7275/5805/6466
f 7198/5743/6389 7197/5802/6388 7261/5803/6452 7262/5744/6453
f 7212/5747/6403 7211/5804/6402 7275/5805/6466 7276/5748/6467
f 7269/5806/6460 7268/5807/6459 7300/5808/6491 7301/5809/6492
f 7256/5810/6447 7255/5811/6446 7287/5812/6478 7288/5813/6479
f 7283/5814/6474 7282/5815/6473 7314/5816/6505 7315/5817/6506
f 7270/5818/6461 7269/5806/6460 7301/5809/6492 7302/5819/6493
f 7257/5820/6448 7256/5810/6447 7288/5813/6479 7289/5821/6480
f 7284/5822/6475 7283/5814/6474 7315/5817/6506 7316/5823/6507
f 7271/5824/6462 7270/5818/6461 7302/5819/6493 7303/5825/6494
f 7258/5826/6449 7257/5820/6448 7289/5821/6480 7290/5827/6481
f 7285/5828/6476 7284/5829/6475 7316/5830/6507 7317/5831/6508
f 7272/5832/6463 7271/5824/6462 7303/5825/6494 7304/5833/6495
f 7259/5834/6450 7258/5826/6449 7290/5827/6481 7291/5835/6482
f 7286/5836/6477 7285/5828/6476 7317/5831/6508 7318/5837/6509
f 7273/5838/6464 7272/5832/6463 7304/5833/6495 7305/5839/6496
f 7260/5840/6451 7259/5834/6450 7291/5835/6482 7292/5841/6483
f 7274/5842/6465 7273/5838/6464 7305/5839/6496 7306/5843/6497
f 7261/5844/6452 7260/5845/6451 7292/5846/6483 7293/5847/6484
f 7275/5848/6466 7274/5842/6465 7306/5843/6497 7307/5849/6498
f 7262/5850/6453 7261/5844/6452 7293/5847/6484 7294/5851/6485
f 7276/5852/6467 7275/5848/6466 7307/5849/6498 7308/5853/6499
f 7263/5854/6454 7262/5850/6453 7294/5851/6485 7295/5855/6486
f 7277/5856/6468 7276/5857/6467 7308/5858/6499 7309/5859/6500
f 7264/5860/6455 7263/5854/6454 7295/5855/6486 7296/5861/6487
f 7278/5862/6469 7277/5856/6468 7309/5859/6500 7310/5863/6501
f 7265/5864/6456 7264/5860/6455 7296/5861/6487 7297/5865/6488
f 7279/5866/6470 7278/5862/6469 7310/5863/6501 7311/5867/6502
f 7266/5868/6457 7265/5864/6456 7297/5865/6488 7298/5869/6489
f 7280/5870/6471 7279/5866/6470 7311/5867/6502 7312/5871/6503
f 7267/5872/6458 7266/5868/6457 7298/5869/6489 7299/5873/6490
f 7281/5874/6472 7280/5870/6471 7312/5871/6503 7313/5875/6504
f 7268/5876/6459 7267/5872/6458 7299/5873/6490 7300/5877/6491
f 7255/5811/6446 7286/5836/6477 7318/5837/6509 7287/5812/6478
f 7282/5815/6473 7281/5874/6472 7313/5875/6504 7314/5816/6505
f 7150/5529/6341 7149/5528/6340 7350/5634/6541 7322/5571/6513
f 7136/5527/6327 7135/5524/6326 7349/5632/6540 7320/5567/6511
f 7149/5528/6340 7148/5878/6339 7348/5635/6539 7350/5634/6541
f 7135/5524/6326 7134/5519/6325 7347/5628/6538 7349/5632/6540
f 7148/5879/6339 7147/5880/6338 7346/5626/6537 7348/5630/6539
f 7134/5519/6325 7133/5518/6324 7345/5622/6536 7347/5628/6538
f 7147/5880/6338 7146/5881/6337 7344/5620/6535 7346/5626/6537
f 7133/5518/6324 7132/5565/6323 7343/5623/6534 7345/5622/6536
f 7146/5881/6337 7145/5557/6336 7342/5616/6533 7344/5620/6535
f 7132/5559/6323 7131/5556/6322 7341/5614/6532 7343/5618/6534
f 7145/5557/6336 7144/5555/6335 7340/5612/6531 7342/5616/6533
f 7158/5538/6349 7157/5553/6348 7339/5610/6530 7329/5585/6520
f 7131/5556/6322 7130/5552/6321 7338/5608/6529 7341/5614/6532
f 7144/5555/6335 7143/5554/6334 7337/5606/6528 7340/5612/6531
f 7157/5553/6348 7156/5549/6347 7336/5602/6527 7339/5610/6530
f 7130/5552/6321 7129/5547/6320 7335/5600/6526 7338/5608/6529
f 7143/5554/6334 7142/5882/6333 7334/5598/6525 7337/5606/6528
f 7156/5549/6347 7155/5548/6346 7333/5603/6524 7336/5602/6527
f 7129/5547/6320 7128/5543/6319 7332/5594/6523 7335/5600/6526
f 7142/5882/6333 7141/5883/6332 7331/5590/6522 7334/5598/6525
f 7155/5544/6346 7154/5540/6345 7330/5588/6521 7333/5596/6524
f 7128/5543/6319 7127/5539/6318 7328/5584/6519 7332/5594/6523
f 7141/5883/6332 7140/5884/6331 7327/5591/6518 7331/5590/6522
f 7154/5540/6345 7153/5536/6344 7326/5580/6517 7330/5588/6521
f 7127/5539/6318 7158/5538/6349 7329/5585/6520 7328/5584/6519
f 7140/5885/6331 7139/5886/6330 7325/5578/6516 7327/5582/6518
f 7153/5536/6344 7152/5533/6343 7324/5576/6515 7326/5580/6517
f 7139/5886/6330 7138/5532/6329 7323/5574/6514 7325/5578/6516
f 7152/5533/6343 7151/5531/6342 7321/5570/6512 7324/5576/6515
f 7138/5532/6329 7137/5530/6328 7319/5566/6510 7323/5574/6514
f 7151/5531/6342 7150/5529/6341 7322/5571/6513 7321/5570/6512
f 7137/5530/6328 7136/5527/6327 7320/5567/6511 7319/5566/6510
f 7414/5887/6605 7411/5888/6602 7382/5706/6573 7356/5647/6547
f 7412/5889/6603 7410/5890/6601 7381/5704/6572 7352/5708/6543
f 7411/5888/6602 7409/5891/6600 7380/5702/6571 7382/5706/6573
f 7410/5890/6601 7408/5892/6599 7379/5700/6570 7381/5704/6572
f 7409/5891/6600 7407/5893/6598 7378/5698/6569 7380/5702/6571
f 7408/5892/6599 7406/5894/6597 7377/5696/6568 7379/5700/6570
f 7407/5893/6598 7405/5895/6596 7376/5692/6567 7378/5698/6569
f 7406/5894/6597 7404/5896/6595 7375/5690/6566 7377/5696/6568
f 7405/5895/6596 7403/5897/6594 7374/5693/6565 7376/5692/6567
f 7404/5896/6595 7402/5898/6593 7373/5686/6564 7375/5690/6566
f 7403/5899/6594 7401/5900/6592 7372/5684/6563 7374/5688/6565
f 7402/5898/6593 7400/5901/6591 7371/5682/6562 7373/5686/6564
f 7401/5900/6592 7399/5902/6590 7370/5680/6561 7372/5684/6563
f 7400/5901/6591 7398/5903/6589 7369/5676/6560 7371/5682/6562
f 7399/5902/6590 7397/5904/6588 7368/5674/6559 7370/5680/6561
f 7398/5903/6589 7396/5905/6587 7367/5677/6558 7369/5676/6560
f 7397/5904/6588 7395/5906/6586 7366/5670/6557 7368/5674/6559
f 7413/5907/6604 7394/5908/6585 7365/5666/6556 7354/5643/6545
f 7396/5909/6587 7393/5910/6584 7364/5664/6555 7367/5672/6558
f 7395/5906/6586 7392/5911/6583 7363/5662/6554 7366/5670/6557
f 7394/5908/6585 7391/5912/6582 7362/5667/6553 7365/5666/6556
f 7393/5910/6584 7390/5913/6581 7361/5658/6552 7364/5664/6555
f 7392/5911/6583 7389/5914/6580 7360/5656/6551 7363/5662/6554
f 7391/5915/6582 7388/5916/6579 7359/5654/6550 7362/5660/6553
f 7390/5913/6581 7387/5917/6578 7358/5652/6549 7361/5658/6552
f 7389/5914/6580 7386/5918/6577 7357/5650/6548 7360/5656/6551
f 7388/5916/6579 7385/5919/6576 7355/5646/6546 7359/5654/6550
f 7387/5917/6578 7384/5920/6575 7353/5642/6544 7358/5652/6549
f 7386/5918/6577 7383/5921/6574 7351/5638/6542 7357/5650/6548
f 7385/5919/6576 7414/5887/6605 7356/5647/6547 7355/5646/6546
f 7384/5920/6575 7413/5907/6604 7354/5643/6545 7353/5642/6544
f 7383/5922/6574 7412/5889/6603 7352/5708/6543 7351/5923/6542
