# Blender 5.0.1
# www.blender.org
mtllib caldero.mtl
o calderoC
v -1.510943 12.939959 2.661019
v -1.924424 12.939646 2.515106
v -1.709271 12.939752 2.548910
v -2.337905 12.939959 2.661019
v -2.476970 12.939696 3.047867
v -2.139577 12.939752 2.548910
v -2.450207 12.939837 2.847843
v -1.371878 12.939696 3.047867
v -1.398641 12.939837 2.847843
v -1.501227 12.910263 2.651725
v -1.924431 12.910234 2.502445
v -1.704619 12.910259 2.536916
v -2.347598 12.910195 2.651765
v -2.489962 12.910296 3.047867
v -2.144234 12.910225 2.536942
v -2.462730 12.910237 2.843473
v -1.358801 12.910417 3.047867
v -1.386053 12.910340 2.843446
v -1.500410 12.875850 2.651522
v -1.924057 12.875562 2.502209
v -1.704017 12.875663 2.536671
v -2.347560 12.875577 2.651654
v -2.489977 12.875359 3.047867
v -2.144063 12.875529 2.536757
v -2.462736 12.875471 2.843442
v -1.357784 12.875835 3.047867
v -1.385090 12.875881 2.843351
v -1.518287 12.854806 2.670146
v -1.929199 12.853928 2.527031
v -1.714032 12.854749 2.560190
v -2.327463 12.854864 2.670053
v -2.463970 12.855234 3.047867
v -2.134874 12.854788 2.560124
v -2.437630 12.855040 2.852894
v -1.381895 12.855151 3.047867
v -1.408188 12.854966 2.852952
v -1.531015 12.836661 2.680019
v -1.946393 12.819707 2.505070
v -1.894838 12.821108 2.510838
v -2.317257 12.837212 2.679916
v -2.450509 12.837756 3.047867
v -2.136097 12.835848 2.572712
v -2.424831 12.837490 2.858298
v -1.397862 12.836967 3.047867
v -1.423523 12.836743 2.858366
v -1.527921 12.779256 2.676193
v -1.946673 12.794877 2.509128
v -1.895510 12.796412 2.514762
v -2.321482 12.779567 2.676201
v -2.455847 12.779272 3.047867
v -2.140125 12.777355 2.568040
v -2.430008 12.779441 2.856355
v -1.393544 12.778821 3.047867
v -1.419387 12.779016 2.856349
v -1.485592 12.657639 2.634205
v -1.941123 12.588612 2.426224
v -1.883483 12.590072 2.431755
v -2.367101 12.657900 2.634254
v -2.515791 12.657794 3.047867
v -2.164724 12.655812 2.514437
v -2.487269 12.657860 2.834239
v -1.336844 12.657400 3.047867
v -1.365381 12.657498 2.834208
v -1.469886 12.420384 2.617038
v -1.938227 12.535011 2.420963
v -1.880917 12.536485 2.425427
v -2.386240 12.420537 2.617050
v -2.540776 12.420664 3.047867
v -2.173886 12.419014 2.492524
v -2.511143 12.420602 2.825081
v -1.315335 12.420439 3.047867
v -1.344973 12.420392 2.825074
v -1.499235 12.262340 2.644108
v -1.934726 12.261525 2.492337
v -1.707090 12.262319 2.527399
v -2.357555 12.262365 2.644109
v -2.502389 12.262659 3.047867
v -2.152865 12.262330 2.527399
v -2.474581 12.262503 2.838974
v -1.354400 12.262622 3.047867
v -1.382208 12.262467 2.838974
v -1.552954 12.164412 2.702415
v -1.928356 12.164988 2.571345
v -1.724348 12.164784 2.605074
v -2.301935 12.164412 2.703114
v -2.423832 12.164832 3.047867
v -2.131829 12.164784 2.605549
v -2.399880 12.164606 2.867983
v -1.432951 12.164832 3.047867
v -1.456439 12.164606 2.867828
v -1.609469 12.081638 2.783981
v -1.928355 12.098068 2.688889
v -1.705978 12.081791 2.730249
v -2.236830 12.082722 2.788386
v -2.311661 12.097944 3.047867
v -2.148771 12.082874 2.733183
v -2.295444 12.097877 2.909363
v -1.545122 12.097944 3.047867
v -1.559299 12.097878 2.908498
v -1.812561 12.036732 2.946799
v -1.928497 12.036880 2.916312
v -1.839026 12.036821 2.903486
v -2.043601 12.036732 2.947978
v -2.064668 12.036853 3.047867
v -2.018115 12.036821 2.905029
v -2.080327 12.036777 2.985049
v -1.792115 12.036853 3.047867
v -1.776184 12.036777 2.984680
v -1.674379 12.046975 2.948655
v -1.674993 12.032444 2.843603
v -1.670602 12.047050 3.047867
v -1.738576 12.032589 2.808406
v -1.928776 12.047100 2.799997
v -2.181213 12.046975 2.949794
v -2.176705 12.033354 2.849999
v -2.186182 12.047050 3.047867
v -2.119618 12.033499 2.813666
v -1.928392 12.036861 3.047867
v -1.744521 12.836574 2.566836
v -1.964256 12.830973 2.537446
v -1.745615 12.779094 2.566038
v -1.969381 12.772470 2.536623
v -1.723539 12.658681 2.503489
v -1.970680 12.652167 2.470592
v -1.715428 12.425539 2.482285
v -1.967014 12.419803 2.448344
v -1.924231 12.806439 2.380300
v -1.943127 12.807302 2.376122
v -1.924214 12.796550 2.383299
v -1.942224 12.797445 2.379626
v -1.916357 12.601918 2.349363
v -1.942097 12.601710 2.348330
v -1.915884 12.583656 2.343686
v -1.942802 12.583339 2.342460
v -1.918411 12.713520 2.332956
v -1.940159 12.713409 2.330859
v -1.919198 12.709473 2.321670
v -1.944288 12.708961 2.317701
v -1.636063 11.945438 2.782099
v -1.668299 11.945516 2.766588
v -2.210188 11.947697 2.787855
v -2.184823 11.947773 2.771146
v -1.655959 11.944449 2.805264
v -1.684176 11.944541 2.791659
v -2.194533 11.946345 2.812808
v -2.172330 11.946437 2.798153
v -1.671360 11.973673 2.759665
v -1.627039 11.973576 2.780983
v -1.654908 11.965070 2.811233
v -1.691190 11.965197 2.793730
v -2.195360 11.970124 2.819237
v -2.217289 11.979596 2.786653
v -2.166811 11.970251 2.800383
v -2.182414 11.979693 2.763689
v -1.510943 12.939959 3.434715
v -1.924424 12.939646 3.580627
v -1.709271 12.939752 3.546824
v -2.337905 12.939959 3.434715
v -2.139577 12.939752 3.546824
v -2.450207 12.939837 3.247890
v -1.398641 12.939837 3.247890
v -1.501227 12.910263 3.444009
v -1.924431 12.910234 3.593288
v -1.704618 12.910259 3.558817
v -2.347598 12.910195 3.443969
v -2.144234 12.910225 3.558791
v -2.462730 12.910237 3.252261
v -1.386053 12.910340 3.252288
v -1.500410 12.875850 3.444211
v -1.924057 12.875562 3.593525
v -1.704017 12.875663 3.559063
v -2.347560 12.875577 3.444080
v -2.144063 12.875529 3.558977
v -2.462736 12.875471 3.252292
v -1.385090 12.875881 3.252383
v -1.518287 12.854806 3.425588
v -1.929199 12.853928 3.568703
v -1.714032 12.854749 3.535543
v -2.327463 12.854864 3.425681
v -2.134874 12.854788 3.535610
v -2.437630 12.855040 3.242840
v -1.408188 12.854966 3.242781
v -1.531015 12.836661 3.415714
v -1.946393 12.819707 3.591905
v -1.894838 12.821108 3.586138
v -2.317257 12.837212 3.415817
v -2.136097 12.835848 3.523022
v -2.424831 12.837490 3.237435
v -1.423523 12.836743 3.237368
v -1.527921 12.779256 3.419541
v -1.946673 12.794877 3.592813
v -1.895510 12.796412 3.587179
v -2.321482 12.779567 3.419532
v -2.140125 12.777355 3.527694
v -2.430008 12.779441 3.239379
v -1.419387 12.779016 3.239385
v -1.485592 12.657639 3.461529
v -1.941123 12.588612 3.673560
v -1.883483 12.590072 3.668029
v -2.367101 12.657900 3.461479
v -2.164724 12.655812 3.581296
v -2.487269 12.657860 3.261494
v -1.365381 12.657498 3.261526
v -1.469887 12.420384 3.478696
v -1.938227 12.535011 3.675581
v -1.880917 12.536485 3.671117
v -2.386240 12.420537 3.478683
v -2.173886 12.419014 3.603209
v -2.511143 12.420602 3.270653
v -1.344973 12.420392 3.270660
v -1.499235 12.262340 3.451626
v -1.934726 12.261525 3.603396
v -1.707090 12.262319 3.568335
v -2.357555 12.262365 3.451625
v -2.152865 12.262330 3.568335
v -2.474581 12.262503 3.256760
v -1.382209 12.262467 3.256759
v -1.552954 12.164412 3.393319
v -1.928356 12.164988 3.524389
v -1.724348 12.164784 3.490660
v -2.301935 12.164412 3.392619
v -2.131829 12.164784 3.490185
v -2.399880 12.164606 3.227751
v -1.456439 12.164606 3.227905
v -1.609469 12.081638 3.311753
v -1.928355 12.098068 3.406845
v -1.705978 12.081791 3.365484
v -2.236830 12.082722 3.307348
v -2.148771 12.082874 3.362551
v -2.295444 12.097877 3.186371
v -1.559299 12.097877 3.187236
v -1.812561 12.036732 3.148935
v -1.928497 12.036880 3.179422
v -1.839026 12.036821 3.192248
v -2.043601 12.036732 3.147756
v -2.018115 12.036821 3.190705
v -2.080327 12.036777 3.110685
v -1.776184 12.036777 3.111053
v -1.674379 12.046975 3.147078
v -1.674993 12.032444 3.252130
v -1.738576 12.032589 3.287328
v -1.928776 12.047100 3.295736
v -2.181213 12.046975 3.145940
v -2.176705 12.033354 3.245734
v -2.119618 12.033499 3.282067
v -1.744521 12.836574 3.529121
v -1.964256 12.830973 3.558511
v -1.745615 12.779094 3.530813
v -1.969381 12.772470 3.560228
v -1.723539 12.658681 3.592974
v -1.970680 12.652167 3.625870
v -1.715428 12.425539 3.613595
v -1.967014 12.419803 3.647536
v -1.924231 12.806439 3.715744
v -1.943127 12.807302 3.719922
v -1.924214 12.796550 3.713987
v -1.942224 12.797445 3.717660
v -1.916357 12.601918 3.747383
v -1.942097 12.601710 3.748415
v -1.915884 12.583656 3.752250
v -1.942802 12.583339 3.753476
v -1.918411 12.713520 3.762778
v -1.940159 12.713409 3.764874
v -1.919198 12.709473 3.774063
v -1.944288 12.708961 3.778032
v -1.636063 11.945438 3.313634
v -1.668299 11.945516 3.329146
v -2.210188 11.947697 3.307878
v -2.184823 11.947773 3.324587
v -1.655959 11.944449 3.290470
v -1.684176 11.944541 3.304074
v -2.194533 11.946345 3.282926
v -2.172330 11.946437 3.297581
v -1.671360 11.973673 3.336069
v -1.627039 11.973576 3.314751
v -1.654908 11.965070 3.284501
v -1.691190 11.965197 3.302004
v -2.195360 11.970124 3.276496
v -2.217289 11.979596 3.309081
v -2.166811 11.970251 3.295351
v -2.182414 11.979693 3.332044
v -1.442329 12.939933 2.748820
v -1.816927 12.939671 2.523213
v -1.603561 12.939875 2.594220
v -1.377323 12.939740 2.948076
v -2.406520 12.939933 2.748820
v -2.031922 12.939672 2.523213
v -2.245288 12.939875 2.594220
v -2.471526 12.939740 2.948076
v -1.430817 12.910293 2.741872
v -1.814687 12.910248 2.510696
v -1.596278 12.910258 2.583253
v -1.364309 12.910392 2.945973
v -2.417986 12.910206 2.741908
v -2.034172 12.910231 2.510710
v -2.252563 12.910208 2.583289
v -2.484459 12.910276 2.945987
v -1.505723 12.925863 2.656024
v -1.706782 12.925813 2.542446
v -2.142066 12.925808 2.542449
v -2.343122 12.925855 2.656029
v -1.364854 12.925882 3.047867
v -1.391874 12.925871 2.845500
v -2.456966 12.925858 2.845504
v -2.483984 12.925868 3.047867
v -1.924425 12.925771 2.508277
v -1.429917 12.875888 2.741720
v -1.814201 12.875600 2.510450
v -1.595563 12.875761 2.583020
v -1.363307 12.875853 2.945929
v -2.417979 12.875543 2.741841
v -2.033905 12.875533 2.510495
v -2.252470 12.875558 2.583138
v -2.484472 12.875395 2.945977
v -1.703286 12.892454 2.533791
v -1.924394 12.892378 2.499163
v -2.145476 12.892356 2.533864
v -1.498566 12.892570 2.649259
v -2.350116 12.892374 2.649370
v -1.355227 12.892636 3.047867
v -1.382632 12.892626 2.842216
v -2.465933 12.892330 2.842293
v -2.493281 12.892291 3.047867
v -1.451042 12.854841 2.756142
v -1.822302 12.854250 2.534987
v -1.609186 12.854873 2.604646
v -1.387251 12.855093 2.950698
v -2.394737 12.854907 2.756061
v -2.032536 12.854272 2.534951
v -2.236950 12.854923 2.604559
v -2.458600 12.855173 2.950668
v -2.338163 12.863096 2.660203
v -2.450995 12.863091 2.847797
v -1.368642 12.863402 3.047867
v -2.477831 12.863093 3.047867
v -1.707814 12.863211 2.547593
v -1.924105 12.863079 2.513719
v -2.139188 12.863129 2.547611
v -1.508371 12.863278 2.660172
v -1.395488 12.863365 2.847773
v -1.465395 12.836629 2.763966
v -1.858461 12.838708 2.544110
v -1.621349 12.836866 2.615556
v -1.403081 12.836892 2.953464
v -2.382928 12.837296 2.763875
v -2.050345 12.832874 2.547827
v -2.229830 12.837107 2.616012
v -2.445287 12.837674 2.953429
v -2.134755 12.848050 2.567930
v -2.321027 12.848682 2.676185
v -1.391365 12.848763 3.047867
v -1.417286 12.848487 2.856291
v -2.429583 12.848985 2.856205
v -2.455550 12.849298 3.047867
v -1.525735 12.848316 2.676318
v -1.722928 12.848187 2.567385
v -1.943412 12.845429 2.535015
v -1.461646 12.779169 2.760971
v -1.862983 12.766510 2.542357
v -1.619460 12.779192 2.611585
v -1.398789 12.778879 2.952454
v -2.387754 12.779548 2.760979
v -2.056204 12.773677 2.543397
v -2.233413 12.779210 2.611713
v -2.450603 12.779325 2.952457
v -1.725200 12.812361 2.575804
v -1.994703 12.804920 2.540018
v -2.136355 12.811859 2.575670
v -1.533974 12.813311 2.682246
v -2.314928 12.813785 2.682200
v -1.401614 12.813217 3.047867
v -1.427097 12.813213 2.859566
v -2.421841 12.813855 2.859536
v -2.447325 12.813893 3.047867
v -1.412140 12.657581 2.728220
v -1.854044 12.679281 2.483845
v -1.586754 12.657984 2.561714
v -1.342626 12.657429 2.941326
v -2.440530 12.657900 2.728264
v -2.069381 12.652559 2.486167
v -2.269247 12.657594 2.562809
v -2.510013 12.657815 2.941342
v -2.342456 12.733516 2.656893
v -2.456326 12.733382 2.846172
v -1.367313 12.732826 3.047867
v -2.483392 12.733212 3.047867
v -1.721521 12.732338 2.542135
v -1.965153 12.726281 2.508635
v -2.151413 12.731297 2.543372
v -1.508298 12.733257 2.656851
v -1.394390 12.733026 2.846144
v -1.393554 12.420369 2.714780
v -1.845784 12.398565 2.456954
v -1.574812 12.420735 2.541771
v -1.321338 12.420424 2.936718
v -2.462567 12.420554 2.714790
v -2.071189 12.416326 2.463259
v -2.284266 12.420370 2.542793
v -2.534775 12.420646 2.936721
v -2.173182 12.540171 2.496119
v -2.382864 12.542087 2.619909
v -1.318149 12.541793 3.047867
v -1.347614 12.541805 2.826638
v -2.507022 12.542113 2.826659
v -2.536476 12.542128 3.047867
v -1.471801 12.541863 2.619875
v -1.692231 12.546047 2.493164
v -2.000387 12.538626 2.451759
v -1.427737 12.262361 2.735653
v -1.821664 12.261841 2.500730
v -1.595850 12.262423 2.574528
v -1.360039 12.262575 2.943630
v -2.429053 12.262391 2.735653
v -2.044226 12.261847 2.500730
v -2.261335 12.262441 2.574528
v -2.496751 12.262611 2.943630
v -1.948349 12.325047 2.466674
v -2.165985 12.328109 2.504099
v -1.479894 12.328805 2.626009
v -1.701775 12.327945 2.502970
v -2.376824 12.328885 2.626012
v -1.328598 12.328971 3.047867
v -1.357622 12.328873 2.829655
v -2.499094 12.328981 2.829655
v -2.528116 12.329087 3.047867
v -1.494325 12.164451 2.779603
v -1.824636 12.164936 2.580132
v -1.631595 12.164563 2.644798
v -1.437769 12.164762 2.957859
v -2.361117 12.164451 2.780057
v -2.031983 12.164936 2.580372
v -2.223750 12.164563 2.645473
v -2.418956 12.164762 2.957878
v -1.389171 12.208902 3.047867
v -2.467613 12.208907 3.047867
v -1.717749 12.208832 2.559704
v -1.929179 12.208914 2.526301
v -2.139355 12.208833 2.559764
v -1.524665 12.208504 2.668961
v -2.331882 12.208508 2.669048
v -1.415272 12.208688 2.851635
v -2.441453 12.208693 2.851655
v -1.579440 12.096204 2.841141
v -1.812516 12.096422 2.700632
v -1.645072 12.083621 2.743854
v -1.548333 12.097924 2.978075
v -2.271167 12.096313 2.843748
v -2.043971 12.096532 2.702149
v -2.204462 12.085081 2.747422
v -2.308195 12.097924 2.978183
v -1.485911 12.129148 3.047867
v -1.505433 12.128997 2.887557
v -2.349992 12.128997 2.888033
v -2.370872 12.129148 3.047867
v -1.581291 12.127357 2.744411
v -2.269681 12.127470 2.746604
v -1.719728 12.127629 2.665538
v -1.928303 12.129292 2.628387
v -2.135340 12.127743 2.667018
v -1.675068 12.045376 2.894924
v -1.829480 12.045539 2.802643
v -1.706487 12.024307 2.830693
v -1.672074 12.047027 2.999463
v -2.178224 12.045471 2.898419
v -2.028464 12.045634 2.805225
v -2.148988 12.025451 2.837162
v -2.184560 12.047027 2.999605
v -1.928592 12.068784 2.744863
v -2.128584 12.051374 2.769967
v -1.630756 12.049910 2.820738
v -1.728942 12.050073 2.765824
v -2.216728 12.051210 2.826632
v -1.607268 12.068697 3.047867
v -1.615316 12.068645 2.928528
v -2.239609 12.068645 2.929680
v -2.249515 12.068697 3.047867
v -1.794474 12.036743 2.968673
v -1.880530 12.036860 2.912945
v -1.829525 12.036773 2.924579
v -1.787963 12.036823 3.012979
v -2.061791 12.036743 2.969417
v -1.976563 12.036860 2.913611
v -2.027066 12.036773 2.925930
v -2.068778 12.036823 3.013037
v -1.745755 12.036317 2.896742
v -1.734387 12.038048 2.969350
v -1.733352 12.038133 3.047867
v -1.928689 12.038166 2.858666
v -1.798634 12.036443 2.863732
v -2.121807 12.038048 2.970088
v -2.108961 12.036408 2.900340
v -2.123431 12.038133 3.047867
v -2.058919 12.036534 2.866906
v -1.928405 12.036860 2.970214
v -1.846964 12.036844 3.047867
v -2.009819 12.036844 3.047867
v -1.865822 12.036801 2.990588
v -1.990883 12.036802 2.990736
v -1.920526 12.825050 2.507206
v -1.921181 12.791001 2.512693
v -1.885544 12.809035 2.513869
v -1.956163 12.807016 2.506030
v -1.946324 12.822251 2.532272
v -1.837377 12.826243 2.544719
v -1.838648 12.791568 2.549534
v -1.947194 12.787343 2.537257
v -1.912815 12.599390 2.430076
v -1.909060 12.525699 2.422108
v -1.871424 12.563553 2.429528
v -1.950451 12.561536 2.422656
v -1.942497 12.609508 2.449664
v -1.821013 12.613493 2.463616
v -1.817383 12.494667 2.452406
v -1.939933 12.490754 2.438957
v -1.933766 12.808722 2.377602
v -1.933132 12.795147 2.382072
v -1.920763 12.801330 2.382535
v -1.946135 12.802539 2.377138
v -1.929205 12.605248 2.349930
v -1.929364 12.580064 2.341990
v -1.911183 12.592836 2.346736
v -1.947386 12.592476 2.345184
v -1.940547 12.556705 2.382837
v -1.942242 12.582887 2.386538
v -1.945221 12.819725 2.443435
v -1.919763 12.819378 2.447336
v -1.909019 12.557072 2.384030
v -1.945269 12.802626 2.445802
v -1.920082 12.802373 2.449564
v -1.910605 12.583225 2.388479
v -1.928825 12.714261 2.334199
v -1.932204 12.708421 2.317394
v -1.914414 12.711555 2.327882
v -1.946615 12.711126 2.323712
v -1.944185 12.639391 2.320120
v -1.941065 12.651314 2.330895
v -1.917567 12.639979 2.322713
v -1.917154 12.651606 2.332173
v -1.922218 12.768621 2.338733
v -1.921699 12.765567 2.346377
v -1.940403 12.766086 2.343282
v -1.943265 12.768881 2.334282
v -1.650221 11.945068 2.771701
v -2.199048 11.946874 2.776654
v -1.672027 11.943950 2.801104
v -2.181889 11.945387 2.808327
v -2.175971 11.946182 2.782932
v -1.642699 11.944457 2.795277
v -1.679549 11.944560 2.777528
v -2.204966 11.946079 2.802050
v -1.670822 11.950894 2.760857
v -1.625407 12.021738 2.781188
v -2.195229 11.952151 2.818143
v -2.219115 12.026020 2.786721
v -1.656954 11.998593 2.814666
v -2.167746 11.952271 2.799994
v -1.696261 11.998722 2.795194
v -2.179015 12.026122 2.760581
v -1.674871 12.021841 2.756679
v -1.628599 11.950800 2.781168
v -1.655074 11.948437 2.810217
v -1.690002 11.948558 2.793368
v -1.688831 11.969456 2.773058
v -1.677520 11.963541 2.808511
v -1.633417 11.969301 2.799747
v -1.644728 11.975216 2.764294
v -2.193467 12.002189 2.822501
v -2.216061 11.955226 2.786852
v -2.161771 12.002318 2.801700
v -2.182838 11.955320 2.764974
v -2.168667 11.974994 2.778116
v -2.203370 11.981418 2.768676
v -2.177567 11.968415 2.816305
v -2.212270 11.974839 2.806865
v -1.442329 12.939933 3.346913
v -1.816927 12.939671 3.572520
v -1.603561 12.939875 3.501513
v -1.377323 12.939740 3.147658
v -2.406520 12.939933 3.346913
v -2.031922 12.939671 3.572520
v -2.245288 12.939875 3.501513
v -2.471526 12.939740 3.147658
v -1.430817 12.910293 3.353862
v -1.814687 12.910248 3.585037
v -1.596278 12.910258 3.512481
v -1.364309 12.910392 3.149761
v -2.417986 12.910206 3.353825
v -2.034172 12.910231 3.585024
v -2.252563 12.910208 3.512445
v -2.484459 12.910276 3.149746
v -1.505723 12.925863 3.439710
v -1.706782 12.925813 3.553288
v -2.142067 12.925808 3.553285
v -2.343122 12.925855 3.439705
v -1.391874 12.925871 3.250233
v -2.456966 12.925858 3.250230
v -1.924425 12.925771 3.587456
v -1.429917 12.875888 3.354014
v -1.814201 12.875600 3.585284
v -1.595563 12.875761 3.512713
v -1.363307 12.875853 3.149805
v -2.417979 12.875543 3.353893
v -2.033905 12.875533 3.585239
v -2.252470 12.875558 3.512596
v -2.484472 12.875395 3.149756
v -1.703286 12.892454 3.561943
v -1.924394 12.892378 3.596571
v -2.145476 12.892356 3.561870
v -1.498566 12.892570 3.446475
v -2.350116 12.892374 3.446363
v -1.382632 12.892626 3.253517
v -2.465933 12.892330 3.253441
v -1.451042 12.854841 3.339592
v -1.822302 12.854250 3.560747
v -1.609186 12.854873 3.491088
v -1.387251 12.855093 3.145035
v -2.394737 12.854907 3.339673
v -2.032536 12.854272 3.560783
v -2.236950 12.854923 3.491175
v -2.458600 12.855174 3.145065
v -2.338163 12.863096 3.435531
v -2.450995 12.863091 3.247936
v -1.707814 12.863211 3.548141
v -1.924105 12.863079 3.582015
v -2.139188 12.863129 3.548123
v -1.508371 12.863278 3.435562
v -1.395488 12.863365 3.247961
v -1.465395 12.836629 3.331768
v -1.858461 12.838708 3.551687
v -1.621349 12.836866 3.480209
v -1.403081 12.836892 3.142270
v -2.382928 12.837296 3.331859
v -2.050345 12.832874 3.547939
v -2.229830 12.837107 3.479721
v -2.445287 12.837674 3.142305
v -2.134755 12.848050 3.527803
v -2.321027 12.848683 3.419548
v -1.417286 12.848487 3.239443
v -2.429583 12.848985 3.239529
v -1.525735 12.848316 3.419416
v -1.722928 12.848187 3.528361
v -1.943412 12.845429 3.560731
v -1.461646 12.779169 3.334762
v -1.862983 12.766510 3.555063
v -1.619460 12.779192 3.484255
v -1.398789 12.778879 3.143279
v -2.387754 12.779548 3.334754
v -2.056204 12.773677 3.552443
v -2.233414 12.779210 3.484020
v -2.450603 12.779325 3.143276
v -1.725200 12.812361 3.520805
v -1.994703 12.804920 3.556591
v -2.136355 12.811859 3.520064
v -1.533974 12.813311 3.413487
v -2.314928 12.813785 3.413534
v -1.427097 12.813213 3.236167
v -2.421841 12.813855 3.236198
v -1.412140 12.657581 3.367513
v -1.854044 12.679281 3.612989
v -1.586754 12.657984 3.534089
v -1.342626 12.657429 3.154408
v -2.440530 12.657900 3.367470
v -2.069381 12.652559 3.609636
v -2.269247 12.657594 3.532925
v -2.510013 12.657815 3.154392
v -2.342456 12.733516 3.438841
v -2.456326 12.733382 3.249562
v -1.721521 12.732338 3.553807
v -1.965153 12.726281 3.587306
v -2.151413 12.731297 3.552361
v -1.508298 12.733257 3.438883
v -1.394390 12.733026 3.249589
v -1.393555 12.420369 3.380954
v -1.845784 12.398565 3.638821
v -1.574812 12.420735 3.553984
v -1.321338 12.420424 3.159016
v -2.462567 12.420554 3.380943
v -2.071189 12.416326 3.632495
v -2.284266 12.420370 3.552940
v -2.534775 12.420646 3.159013
v -2.173182 12.540171 3.599615
v -2.382864 12.542087 3.475825
v -1.347614 12.541805 3.269096
v -2.507022 12.542113 3.269075
v -1.471801 12.541863 3.475859
v -1.692231 12.546047 3.603141
v -2.000387 12.538626 3.644545
v -1.427737 12.262361 3.360081
v -1.821664 12.261841 3.595003
v -1.595850 12.262423 3.521205
v -1.360039 12.262575 3.152104
v -2.429053 12.262391 3.360080
v -2.044226 12.261847 3.595004
v -2.261335 12.262441 3.521205
v -2.496751 12.262611 3.152104
v -1.948349 12.325047 3.629068
v -2.165985 12.328109 3.591635
v -1.479894 12.328805 3.469725
v -1.701774 12.327945 3.592772
v -2.376824 12.328885 3.469722
v -1.357622 12.328873 3.266079
v -2.499094 12.328981 3.266078
v -1.494326 12.164451 3.316131
v -1.824636 12.164936 3.515601
v -1.631595 12.164563 3.450936
v -1.437769 12.164762 3.137875
v -2.361117 12.164451 3.315676
v -2.031983 12.164936 3.515362
v -2.223750 12.164563 3.450261
v -2.418956 12.164762 3.137855
v -1.717749 12.208832 3.536029
v -1.929179 12.208914 3.569432
v -2.139355 12.208833 3.535970
v -1.524665 12.208504 3.426773
v -2.331882 12.208508 3.426686
v -1.415272 12.208688 3.244098
v -2.441453 12.208693 3.244079
v -1.579440 12.096204 3.254592
v -1.812516 12.096421 3.395102
v -1.645072 12.083621 3.351880
v -1.548333 12.097924 3.117658
v -2.271167 12.096313 3.251985
v -2.043971 12.096532 3.393584
v -2.204462 12.085081 3.348312
v -2.308195 12.097924 3.117550
v -1.505433 12.128997 3.208176
v -2.349992 12.128997 3.207701
v -1.581291 12.127357 3.351322
v -2.269681 12.127470 3.349130
v -1.719728 12.127629 3.430195
v -1.928303 12.129292 3.467347
v -2.135340 12.127743 3.428715
v -1.675068 12.045376 3.200810
v -1.829480 12.045539 3.293091
v -1.706487 12.024307 3.265041
v -1.672074 12.047027 3.096271
v -2.178224 12.045471 3.197315
v -2.028464 12.045634 3.290508
v -2.148988 12.025451 3.258572
v -2.184560 12.047027 3.096129
v -1.928592 12.068784 3.350871
v -2.128584 12.051374 3.325767
v -1.630756 12.049910 3.274996
v -1.728942 12.050073 3.329910
v -2.216728 12.051210 3.269102
v -1.615316 12.068645 3.167206
v -2.239609 12.068645 3.166054
v -1.794474 12.036743 3.127060
v -1.880530 12.036860 3.182788
v -1.829525 12.036773 3.171155
v -1.787963 12.036823 3.082755
v -2.061791 12.036743 3.126317
v -1.976563 12.036860 3.182123
v -2.027066 12.036774 3.169804
v -2.068778 12.036823 3.082697
v -1.745755 12.036317 3.198992
v -1.734387 12.038048 3.126384
v -1.928689 12.038166 3.237068
v -1.798634 12.036443 3.232002
v -2.121807 12.038048 3.125646
v -2.108961 12.036408 3.195394
v -2.058919 12.036534 3.228827
v -1.928405 12.036860 3.125519
v -1.865822 12.036802 3.105145
v -1.990883 12.036802 3.104998
v -1.920526 12.825050 3.588838
v -1.921181 12.791001 3.590179
v -1.885544 12.809035 3.585589
v -1.956163 12.807016 3.593428
v -1.946324 12.822251 3.564347
v -1.837377 12.826243 3.551900
v -1.838648 12.791568 3.550612
v -1.947194 12.787343 3.562890
v -1.912815 12.599390 3.670316
v -1.909060 12.525699 3.673828
v -1.871424 12.563553 3.668636
v -1.950451 12.561536 3.675508
v -1.942497 12.609508 3.648949
v -1.821013 12.613493 3.634997
v -1.817383 12.494667 3.643905
v -1.939933 12.490754 3.657354
v -1.933766 12.808722 3.718210
v -1.933132 12.795147 3.715446
v -1.920763 12.801330 3.714129
v -1.946135 12.802539 3.719527
v -1.929205 12.605248 3.746969
v -1.929364 12.580064 3.753794
v -1.911183 12.592836 3.749605
v -1.947386 12.592476 3.751158
v -1.940547 12.556705 3.713479
v -1.942242 12.582887 3.712107
v -1.945221 12.819725 3.653191
v -1.919763 12.819378 3.649290
v -1.909019 12.557072 3.712286
v -1.945269 12.802626 3.654393
v -1.920082 12.802373 3.650631
v -1.910605 12.583225 3.710166
v -1.928825 12.714261 3.761535
v -1.932204 12.708421 3.778339
v -1.914414 12.711555 3.767852
v -1.946615 12.711126 3.772022
v -1.944185 12.639391 3.775639
v -1.941065 12.651314 3.764965
v -1.917567 12.639979 3.773046
v -1.917154 12.651606 3.763687
v -1.922218 12.768621 3.757040
v -1.921699 12.765567 3.749550
v -1.940403 12.766086 3.752645
v -1.943265 12.768881 3.761490
v -1.650221 11.945068 3.324033
v -2.199048 11.946874 3.319079
v -1.672027 11.943950 3.294630
v -2.181889 11.945387 3.287407
v -2.175971 11.946182 3.312802
v -1.642699 11.944457 3.300457
v -1.679549 11.944560 3.318205
v -2.204966 11.946079 3.293684
v -1.670822 11.950893 3.334876
v -1.625407 12.021738 3.314546
v -2.195229 11.952151 3.277591
v -2.219115 12.026020 3.309012
v -1.656954 11.998593 3.281068
v -2.167746 11.952271 3.295740
v -1.696261 11.998722 3.300539
v -2.179015 12.026122 3.335152
v -1.674871 12.021841 3.339055
v -1.628599 11.950800 3.314566
v -1.655074 11.948437 3.285517
v -1.690002 11.948558 3.302366
v -1.688831 11.969456 3.322676
v -1.677520 11.963541 3.287223
v -1.633417 11.969301 3.295986
v -1.644728 11.975216 3.331439
v -2.193467 12.002189 3.273233
v -2.216061 11.955225 3.308882
v -2.161771 12.002318 3.294034
v -2.182838 11.955319 3.330760
v -2.168667 11.974994 3.317618
v -2.203370 11.981418 3.327057
v -2.177567 11.968415 3.279429
v -2.212270 11.974839 3.288868
v -1.599655 12.925842 2.588315
v -2.249192 12.925836 2.588319
v -1.370330 12.925878 2.946960
v -2.478508 12.925863 2.946962
v -1.436140 12.925869 2.745099
v -2.412703 12.925858 2.745104
v -1.815730 12.925784 2.516464
v -2.033120 12.925782 2.516466
v -1.814018 12.892408 2.507443
v -2.034764 12.892359 2.507482
v -1.594250 12.892514 2.580377
v -2.254480 12.892367 2.580477
v -1.360761 12.892634 2.945372
v -2.487763 12.892303 2.945412
v -1.427687 12.892607 2.739988
v -2.420936 12.892359 2.740089
v -2.407109 12.863089 2.748427
v -1.816156 12.863134 2.521833
v -2.031605 12.863094 2.521842
v -1.601483 12.863252 2.593070
v -2.245140 12.863121 2.593096
v -1.374093 12.863393 2.948117
v -2.472383 12.863093 2.948130
v -1.439394 12.863320 2.748396
v -2.232342 12.848695 2.611679
v -1.396646 12.848674 2.952393
v -2.450257 12.849200 2.952348
v -1.459521 12.848324 2.761010
v -2.387298 12.848766 2.760892
v -1.835395 12.846913 2.542717
v -2.040400 12.846347 2.543096
v -1.615863 12.848460 2.611661
v -1.932458 12.822748 2.444955
v -2.055902 12.808146 2.550926
v -1.622646 12.813288 2.618616
v -2.228219 12.813531 2.618687
v -1.406790 12.813212 2.954075
v -2.442150 12.813883 2.954059
v -1.468726 12.813243 2.765712
v -2.380201 12.813817 2.765671
v -2.412016 12.733494 2.745918
v -1.847983 12.729772 2.516862
v -2.061082 12.727668 2.517295
v -1.603904 12.733131 2.588873
v -2.249881 12.733157 2.589206
v -1.372803 12.732886 2.947325
v -2.477904 12.733265 2.947339
v -1.438716 12.733177 2.745880
v -2.281668 12.541840 2.546091
v -1.324117 12.541795 2.937518
v -2.530510 12.542124 2.937528
v -1.395912 12.541828 2.717036
v -2.458738 12.542100 2.717065
v -1.947316 12.569730 2.384394
v -2.076061 12.537087 2.466942
v -1.574797 12.542383 2.545516
v -2.058449 12.326429 2.476082
v -1.581575 12.328870 2.553066
v -2.276643 12.328840 2.553318
v -1.334478 12.328940 2.938991
v -2.522236 12.329055 2.938991
v -1.405181 12.328808 2.721681
v -2.451536 12.328905 2.721682
v -1.827394 12.324587 2.475332
v -1.823451 12.208907 2.534388
v -2.034450 12.208908 2.534418
v -1.614665 12.208648 2.603888
v -2.241989 12.208651 2.603972
v -1.394476 12.208837 2.949918
v -2.462301 12.208841 2.949920
v -1.457886 12.208540 2.754714
v -2.398730 12.208544 2.754770
v -1.490023 12.129102 2.967467
v -2.366590 12.129102 2.967527
v -1.535851 12.128585 2.810278
v -2.316950 12.128606 2.811689
v -1.818956 12.128947 2.639358
v -2.037397 12.128967 2.640117
v -1.641386 12.127207 2.697747
v -2.211071 12.127378 2.699806
v -2.041476 12.066720 2.754371
v -2.211353 11.953576 2.806261
v -1.645418 11.951233 2.765225
v -1.609487 12.068682 2.988910
v -2.247063 12.068682 2.989054
v -1.623362 12.066402 2.867949
v -2.227843 12.066555 2.871430
v -1.815888 12.066567 2.752060
v -1.974515 12.036826 2.956857
v -1.737807 12.037705 2.930363
v -1.857797 12.037864 2.859427
v -1.765135 12.035397 2.876466
v -1.733814 12.038105 3.008729
v -2.117326 12.037723 2.932552
v -1.999839 12.037880 2.861129
v -2.090958 12.035530 2.880315
v -2.122894 12.038105 3.008823
v -1.882276 12.036826 2.956633
v -1.831509 12.036805 3.007488
v -2.025209 12.036805 3.007582
v -1.891925 12.830231 2.536853
v -1.893428 12.782880 2.543384
v -1.819083 12.809954 2.550033
v -1.966108 12.804427 2.533294
v -1.882795 12.632103 2.458299
v -1.878480 12.471932 2.443439
v -1.797617 12.555029 2.460377
v -1.962900 12.549726 2.441795
v -1.947362 12.645270 2.325145
v -1.924476 12.551983 2.382670
v -1.949993 12.811232 2.443900
v -1.932710 12.799302 2.448114
v -1.903891 12.570214 2.386549
v -1.926731 12.587962 2.388273
v -1.915174 12.810819 2.449169
v -1.931207 12.637478 2.319520
v -1.912623 12.645875 2.327806
v -1.928778 12.653666 2.333431
v -1.918231 12.767021 2.343262
v -1.930734 12.765277 2.346390
v -1.945561 12.767556 2.338075
v -1.933059 12.769300 2.334947
v -1.661124 11.943507 2.786402
v -2.190469 11.944174 2.792490
v -1.634583 11.949551 2.799186
v -2.178110 11.951561 2.815303
v -1.676830 11.948018 2.807580
v -1.687665 11.949699 2.773619
v -2.202827 11.955739 2.769678
v -2.169585 11.953724 2.778721
v -1.693721 12.009773 2.772175
v -1.681123 11.994534 2.811223
v -1.633172 12.009618 2.802234
v -1.644913 12.025694 2.761922
v -2.163789 12.013733 2.777116
v -2.203362 12.030128 2.766198
v -2.174018 11.998017 2.818852
v -2.212734 12.013577 2.809199
v -1.599655 12.925842 3.507419
v -2.249192 12.925836 3.507415
v -1.370330 12.925878 3.148774
v -2.478508 12.925863 3.148772
v -1.436140 12.925869 3.350634
v -2.412703 12.925858 3.350630
v -1.815730 12.925784 3.579269
v -2.033120 12.925782 3.579268
v -1.814018 12.892408 3.588291
v -2.034764 12.892359 3.588252
v -1.594250 12.892514 3.515356
v -2.254480 12.892367 3.515257
v -1.360761 12.892634 3.150362
v -2.487763 12.892303 3.150321
v -1.427687 12.892607 3.355746
v -2.420936 12.892359 3.355644
v -2.407109 12.863089 3.347306
v -1.816156 12.863134 3.573900
v -2.031605 12.863094 3.573891
v -1.601483 12.863252 3.502664
v -2.245140 12.863121 3.502638
v -1.374093 12.863393 3.147617
v -2.472383 12.863093 3.147603
v -1.439394 12.863320 3.347337
v -2.232342 12.848695 3.484055
v -1.396646 12.848674 3.143341
v -2.450257 12.849200 3.143385
v -1.459521 12.848324 3.334724
v -2.387298 12.848766 3.334841
v -1.835395 12.846913 3.553022
v -2.040400 12.846347 3.552641
v -1.615863 12.848460 3.484075
v -1.932458 12.822748 3.651002
v -2.055902 12.808146 3.544910
v -1.622646 12.813288 3.477220
v -2.228219 12.813531 3.477047
v -1.406790 12.813212 3.141659
v -2.442150 12.813883 3.141675
v -1.468726 12.813243 3.330021
v -2.380201 12.813817 3.330062
v -2.412016 12.733494 3.349816
v -1.847983 12.729772 3.579200
v -2.061082 12.727668 3.578475
v -1.603904 12.733131 3.506896
v -2.249881 12.733157 3.506527
v -1.372803 12.732886 3.148409
v -2.477904 12.733265 3.148395
v -1.438716 12.733177 3.349854
v -2.281668 12.541840 3.549643
v -1.324117 12.541796 3.158216
v -2.530510 12.542124 3.158205
v -1.395912 12.541828 3.378698
v -2.458738 12.542100 3.378669
v -1.947316 12.569730 3.713087
v -2.076061 12.537087 3.628858
v -1.574797 12.542383 3.550284
v -2.058449 12.326429 3.619654
v -1.581575 12.328870 3.542670
v -2.276643 12.328840 3.542416
v -1.334478 12.328940 3.156743
v -2.522236 12.329055 3.156743
v -1.405181 12.328808 3.374053
v -2.451536 12.328905 3.374051
v -1.827394 12.324587 3.620406
v -1.823451 12.208907 3.561346
v -2.034450 12.208908 3.561316
v -1.614665 12.208648 3.491846
v -2.241989 12.208651 3.491761
v -1.394476 12.208837 3.145816
v -2.462301 12.208840 3.145813
v -1.457886 12.208540 3.341020
v -2.398730 12.208544 3.340963
v -1.490023 12.129102 3.128266
v -2.366590 12.129102 3.128207
v -1.535851 12.128585 3.285456
v -2.316950 12.128606 3.284045
v -1.818956 12.128947 3.456376
v -2.037397 12.128967 3.455617
v -1.641386 12.127207 3.397987
v -2.211071 12.127378 3.395928
v -2.041476 12.066720 3.341362
v -2.211353 11.953576 3.289473
v -1.645418 11.951233 3.330509
v -1.609487 12.068682 3.106823
v -2.247064 12.068682 3.106679
v -1.623362 12.066402 3.227784
v -2.227843 12.066555 3.224304
v -1.815888 12.066567 3.343674
v -1.974515 12.036826 3.138876
v -1.737807 12.037705 3.165370
v -1.857797 12.037864 3.236307
v -1.765135 12.035397 3.219268
v -1.733814 12.038105 3.087004
v -2.117326 12.037723 3.163181
v -1.999839 12.037881 3.234605
v -2.090958 12.035530 3.215418
v -2.122894 12.038105 3.086911
v -1.882276 12.036826 3.139101
v -1.831509 12.036805 3.088246
v -2.025209 12.036805 3.088151
v -1.891925 12.830231 3.559100
v -1.893428 12.782880 3.557456
v -1.819083 12.809954 3.548364
v -1.966108 12.804427 3.565103
v -1.882795 12.632103 3.640767
v -1.878480 12.471932 3.652437
v -1.797617 12.555029 3.637094
v -1.962900 12.549726 3.655677
v -1.947362 12.645270 3.770665
v -1.924476 12.551983 3.713209
v -1.949993 12.811232 3.654511
v -1.932710 12.799302 3.652750
v -1.903891 12.570214 3.710932
v -1.926731 12.587962 3.710809
v -1.915174 12.810819 3.649242
v -1.931207 12.637478 3.776221
v -1.912623 12.645875 3.768004
v -1.928778 12.653666 3.762448
v -1.918231 12.767021 3.752588
v -1.930734 12.765278 3.749567
v -1.945561 12.767556 3.757775
v -1.933059 12.769300 3.760796
v -1.661124 11.943507 3.309331
v -2.190469 11.944174 3.303243
v -1.634583 11.949551 3.296548
v -2.178110 11.951561 3.280431
v -1.676830 11.948017 3.288153
v -1.687665 11.949699 3.322114
v -2.202827 11.955739 3.326055
v -2.169585 11.953724 3.317013
v -1.693721 12.009773 3.323558
v -1.681123 11.994534 3.284511
v -1.633172 12.009618 3.293499
v -1.644913 12.025694 3.333812
v -2.163789 12.013733 3.318617
v -2.203362 12.030128 3.329535
v -2.174018 11.998017 3.276881
v -2.212734 12.013577 3.286535
v -1.493776 12.950138 2.643957
v -1.924424 12.949593 2.491068
v -1.701410 12.949747 2.526156
v -2.355077 12.950127 2.643952
v -2.501555 12.949698 3.047867
v -2.147440 12.949741 2.526154
v -2.473619 12.949924 2.840656
v -1.347304 12.949719 3.047867
v -1.375239 12.949942 2.840658
v -1.482940 12.916543 2.633569
v -1.924435 12.916179 2.476882
v -1.696248 12.916310 2.512726
v -2.365921 12.916334 2.633586
v -2.516144 12.916214 3.047867
v -2.152619 12.916207 2.512737
v -2.487670 12.916267 2.835795
v -1.332686 12.916569 3.047867
v -1.361172 12.916575 2.835779
v -1.483116 12.866000 2.634351
v -1.924045 12.865519 2.478219
v -1.696131 12.865670 2.513924
v -2.364607 12.865016 2.634752
v -2.514340 12.864930 3.047867
v -2.151914 12.865265 2.514143
v -2.485920 12.864952 2.836284
v -1.332879 12.866490 3.047867
v -1.361423 12.866369 2.836032
v -1.507419 12.834972 2.659425
v -1.928936 12.835649 2.509769
v -1.708916 12.835010 2.545801
v -2.338236 12.834984 2.659345
v -2.479554 12.835488 3.047867
v -2.140558 12.836410 2.543910
v -2.452344 12.835196 2.848354
v -1.366058 12.835567 3.047867
v -1.393236 12.835274 2.848369
v -1.513031 12.829423 2.662000
v -1.961244 12.839851 2.503523
v -1.882213 12.839548 2.499048
v -2.335611 12.830971 2.661810
v -2.476693 12.831846 3.047867
v -2.145694 12.831375 2.548548
v -2.449746 12.831395 2.850601
v -1.372074 12.829794 3.047867
v -1.398990 12.829427 2.850766
v -1.510286 12.787843 2.658553
v -1.959857 12.774348 2.503800
v -1.883675 12.777990 2.502184
v -2.339155 12.788413 2.658751
v -2.481153 12.787706 3.047867
v -2.148998 12.785748 2.544875
v -2.454046 12.788102 2.848931
v -1.368101 12.786921 3.047867
v -1.395221 12.787360 2.848891
v -1.467301 12.663841 2.616021
v -1.960350 12.603554 2.417432
v -1.871462 12.601846 2.411936
v -2.385409 12.664357 2.616193
v -2.541871 12.664061 3.047867
v -2.173933 12.662116 2.490618
v -2.512107 12.664235 2.826578
v -1.310646 12.663259 3.047867
v -1.340435 12.663487 2.826511
v -1.450985 12.419094 2.598255
v -1.953601 12.523035 2.403658
v -1.868869 12.530385 2.402781
v -2.405211 12.419390 2.598324
v -2.567751 12.419562 3.047867
v -2.183383 12.417655 2.467881
v -2.536869 12.419484 2.817160
v -1.288371 12.419133 3.047867
v -1.319258 12.419082 2.817154
v -1.482098 12.252069 2.627081
v -1.934739 12.251189 2.468495
v -1.699282 12.252286 2.504647
v -2.374703 12.252056 2.627120
v -2.526955 12.252621 3.047867
v -2.160896 12.251940 2.504914
v -2.497950 12.252333 2.831791
v -1.329842 12.252568 3.047867
v -1.358841 12.252293 2.831795
v -1.539671 12.146970 2.689558
v -1.928374 12.146599 2.554219
v -1.718643 12.146723 2.588448
v -2.314879 12.146584 2.690561
v -2.442180 12.147092 3.047867
v -2.137564 12.146575 2.589126
v -2.417284 12.146769 2.862687
v -1.414595 12.147098 3.047867
v -1.438820 12.146916 2.862618
v -1.589306 12.067659 2.775302
v -1.928455 12.077183 2.675598
v -1.704272 12.065453 2.710878
v -2.256519 12.068157 2.779817
v -2.324839 12.076838 3.047867
v -2.150954 12.066026 2.714386
v -2.308841 12.077077 2.906260
v -1.531939 12.076841 3.047867
v -1.545615 12.077168 2.905903
v -1.812442 12.012552 2.947067
v -1.928501 12.012701 2.916008
v -1.839427 12.012645 2.903227
v -2.043720 12.012552 2.948231
v -2.064989 12.012674 3.047867
v -2.017740 12.012645 2.904745
v -2.080854 12.012602 2.985102
v -1.791794 12.012674 3.047867
v -1.775659 12.012601 2.984745
v -1.667120 12.023685 2.948587
v -1.667201 12.012698 2.856787
v -1.663556 12.023707 3.047867
v -1.747781 12.010242 2.803856
v -1.928883 12.023928 2.792464
v -2.188503 12.023695 2.949457
v -2.185097 12.013388 2.862413
v -2.193235 12.023709 3.047867
v -2.110700 12.011106 2.808851
v -1.928392 12.012681 3.047867
v -1.737492 12.830362 2.542290
v -1.967473 12.831575 2.511270
v -1.738940 12.786084 2.541647
v -1.970376 12.778722 2.511165
v -1.715283 12.665987 2.479676
v -1.973624 12.660624 2.446053
v -1.706903 12.423789 2.457334
v -1.968942 12.416966 2.422221
v -1.908123 12.823502 2.370214
v -1.956768 12.825381 2.364755
v -1.909162 12.778296 2.392411
v -1.959743 12.780698 2.387938
v -1.899248 12.614024 2.364920
v -1.959969 12.612528 2.364195
v -1.899983 12.572897 2.325891
v -1.958264 12.571065 2.325482
v -1.905899 12.711226 2.356192
v -1.954303 12.711135 2.353188
v -1.904510 12.712152 2.299734
v -1.958282 12.711158 2.295274
v -1.624965 11.923729 2.777932
v -1.670213 11.924204 2.754269
v -2.225945 11.928444 2.783639
v -2.181237 11.928223 2.756028
v -1.653194 11.922297 2.815485
v -1.694109 11.922145 2.793832
v -2.199139 11.925861 2.826081
v -2.157621 11.926283 2.800595
v -1.677541 11.972201 2.734042
v -1.600847 11.972515 2.774676
v -1.649500 11.963438 2.837010
v -1.716897 11.962762 2.801350
v -2.202089 11.968494 2.844717
v -2.243696 11.978681 2.781234
v -2.140668 11.968011 2.806514
v -2.175200 11.978087 2.738335
v -1.493776 12.950138 3.451777
v -1.924424 12.949593 3.604666
v -1.701410 12.949747 3.569577
v -2.355077 12.950127 3.451781
v -2.147440 12.949741 3.569580
v -2.473619 12.949924 3.255078
v -1.375239 12.949942 3.255076
v -1.482940 12.916543 3.462165
v -1.924435 12.916179 3.618852
v -1.696248 12.916310 3.583007
v -2.365921 12.916334 3.462147
v -2.152619 12.916207 3.582997
v -2.487670 12.916267 3.259939
v -1.361172 12.916575 3.259954
v -1.483116 12.866000 3.461382
v -1.924045 12.865519 3.617515
v -1.696131 12.865670 3.581810
v -2.364607 12.865016 3.460982
v -2.151914 12.865265 3.581591
v -2.485920 12.864952 3.259449
v -1.361423 12.866369 3.259701
v -1.507419 12.834972 3.436309
v -1.928935 12.835652 3.585970
v -1.708915 12.835012 3.549936
v -2.338236 12.834984 3.436389
v -2.140559 12.836410 3.551825
v -2.452344 12.835196 3.247380
v -1.393236 12.835274 3.247364
v -1.513026 12.829433 3.433734
v -1.961055 12.839962 3.593469
v -1.883043 12.840176 3.597554
v -2.335611 12.830971 3.433924
v -2.145700 12.831388 3.547186
v -2.449746 12.831395 3.245132
v -1.398990 12.829427 3.244967
v -1.510280 12.787840 3.437176
v -1.960297 12.774528 3.597899
v -1.882821 12.778494 3.599829
v -2.339155 12.788413 3.436983
v -2.149011 12.785745 3.550856
v -2.454046 12.788102 3.246803
v -1.395221 12.787360 3.246843
v -1.467298 12.663842 3.479708
v -1.960517 12.603523 3.682061
v -1.871109 12.601508 3.687875
v -2.385409 12.664357 3.479541
v -2.173940 12.662117 3.605113
v -2.512107 12.664235 3.269156
v -1.340435 12.663487 3.269222
v -1.450984 12.419093 3.497477
v -1.953193 12.522842 3.693067
v -1.869222 12.529908 3.693780
v -2.405211 12.419390 3.497410
v -2.183387 12.417653 3.627851
v -2.536869 12.419484 3.278574
v -1.319258 12.419082 3.278580
v -1.482098 12.252069 3.468653
v -1.934739 12.251188 3.627239
v -1.699282 12.252285 3.591086
v -2.374703 12.252056 3.468614
v -2.160896 12.251939 3.590820
v -2.497950 12.252333 3.263943
v -1.358842 12.252293 3.263939
v -1.539671 12.146970 3.406176
v -1.928374 12.146599 3.541514
v -1.718643 12.146723 3.507286
v -2.314879 12.146584 3.405173
v -2.137564 12.146575 3.506608
v -2.417284 12.146769 3.233047
v -1.438820 12.146916 3.233115
v -1.589306 12.067659 3.320431
v -1.928455 12.077183 3.420136
v -1.704272 12.065453 3.384855
v -2.256519 12.068157 3.315917
v -2.150954 12.066026 3.381347
v -2.308841 12.077077 3.189474
v -1.545615 12.077168 3.189831
v -1.812442 12.012552 3.148667
v -1.928501 12.012701 3.179725
v -1.839427 12.012645 3.192507
v -2.043720 12.012552 3.147503
v -2.017740 12.012645 3.190989
v -2.080854 12.012602 3.110631
v -1.775659 12.012601 3.110989
v -1.667120 12.023685 3.147146
v -1.667201 12.012698 3.238947
v -1.747781 12.010242 3.291877
v -1.928883 12.023928 3.303270
v -2.188503 12.023695 3.146276
v -2.185097 12.013388 3.233321
v -2.110700 12.011106 3.286882
v -1.737365 12.831032 3.553823
v -1.967741 12.832404 3.584616
v -1.738606 12.785932 3.555166
v -1.971169 12.777829 3.585886
v -1.715132 12.666085 3.616699
v -1.973942 12.660860 3.650273
v -1.706879 12.423718 3.638532
v -1.968974 12.416903 3.673648
v -1.908366 12.823639 3.725919
v -1.956456 12.825539 3.731343
v -1.909584 12.778242 3.704363
v -1.959517 12.780681 3.708947
v -1.899671 12.613900 3.731284
v -1.959575 12.612428 3.732060
v -1.900270 12.572785 3.770206
v -1.958014 12.570985 3.770601
v -1.905973 12.711233 3.739503
v -1.954252 12.711145 3.742514
v -1.904551 12.712152 3.796025
v -1.958245 12.711159 3.800482
v -1.624965 11.923729 3.317801
v -1.670213 11.924204 3.341465
v -2.225945 11.928444 3.312094
v -2.181237 11.928223 3.339705
v -1.653194 11.922297 3.280248
v -1.694109 11.922145 3.301902
v -2.199139 11.925861 3.269653
v -2.157621 11.926283 3.295139
v -1.677541 11.972201 3.361691
v -1.600847 11.972515 3.321058
v -1.649500 11.963438 3.258723
v -1.716897 11.962761 3.294384
v -2.202089 11.968494 3.251017
v -2.243696 11.978681 3.314499
v -2.140668 11.968011 3.289220
v -2.175200 11.978087 3.357399
v -1.421168 12.950093 2.736754
v -1.813058 12.949632 2.499480
v -1.591304 12.949958 2.573453
v -1.352965 12.949792 2.945012
v -2.427687 12.950078 2.736751
v -2.035791 12.949628 2.499479
v -2.257547 12.949948 2.573449
v -2.495894 12.949772 2.945011
v -1.408312 12.916580 2.729013
v -1.810573 12.916226 2.485460
v -1.583211 12.916427 2.561175
v -1.338418 12.916569 2.942701
v -2.440541 12.916319 2.729031
v -2.038296 12.916175 2.485466
v -2.265653 12.916272 2.561190
v -2.510415 12.916226 2.942711
v -1.488198 12.935031 2.638629
v -1.698749 12.934782 2.519245
v -2.150105 12.934755 2.519239
v -2.360662 12.934978 2.638621
v -1.339796 12.934894 3.047867
v -1.368013 12.934967 2.838151
v -2.480856 12.934889 2.838147
v -2.509076 12.934802 3.047867
v -1.924426 12.934671 2.483756
v -1.408576 12.866192 2.729504
v -1.810318 12.865583 2.486747
v -1.583235 12.865814 2.562214
v -1.338626 12.866473 2.942793
v -2.438931 12.864954 2.729864
v -2.037770 12.865417 2.486840
v -2.264686 12.865121 2.562556
v -2.508623 12.864950 2.942914
v -1.694645 12.892600 2.508805
v -1.924408 12.892407 2.472790
v -2.154146 12.892312 2.508887
v -1.479641 12.892892 2.630450
v -2.369068 12.892283 2.630584
v -1.328230 12.893146 3.047867
v -1.356891 12.893090 2.834265
v -2.491684 12.892218 2.834355
v -2.520284 12.892178 3.047867
v -1.437611 12.835064 2.748516
v -1.819526 12.834951 2.519331
v -1.601401 12.835050 2.591598
v -1.371593 12.835476 2.948727
v -2.407960 12.834997 2.748499
v -2.035354 12.836733 2.517005
v -2.245003 12.835469 2.591014
v -2.474005 12.835395 2.948716
v -2.350391 12.844642 2.648048
v -2.467668 12.844664 2.842658
v -1.350019 12.845893 3.047867
v -2.495404 12.844734 3.047867
v -1.701979 12.845256 2.530873
v -1.924001 12.845465 2.495651
v -2.144998 12.845216 2.530829
v -1.495631 12.845359 2.647572
v -1.377876 12.845720 2.842360
v -1.443214 12.829274 2.751244
v -1.854712 12.837977 2.518005
v -1.608834 12.829861 2.593472
v -1.377528 12.829668 2.950208
v -2.405445 12.831054 2.751009
v -2.056195 12.830140 2.522253
v -2.243373 12.831408 2.594059
v -2.471237 12.831711 2.950128
v -2.142784 12.835886 2.546529
v -2.335935 12.833745 2.661418
v -1.370653 12.833248 3.047867
v -1.397717 12.832767 2.850267
v -2.449974 12.834219 2.849916
v -2.477157 12.834795 3.047867
v -1.511408 12.832518 2.662077
v -1.716208 12.832505 2.548414
v -1.943396 12.834198 2.511659
v -1.439834 12.787698 2.748514
v -1.859722 12.774649 2.517728
v -1.607330 12.787367 2.589775
v -1.373588 12.787055 2.949257
v -2.409455 12.788362 2.748573
v -2.060951 12.781489 2.518873
v -2.246373 12.787863 2.590588
v -2.475668 12.787833 2.949275
v -1.716141 12.812428 2.550959
v -1.998428 12.805937 2.513921
v -2.146104 12.813296 2.551126
v -1.515118 12.814301 2.663399
v -2.333899 12.815082 2.663485
v -1.374627 12.814032 3.047867
v -1.401372 12.814096 2.851607
v -2.447549 12.815106 2.851583
v -2.474295 12.815090 3.047867
v -1.389590 12.663689 2.715331
v -1.851012 12.689491 2.460123
v -1.573759 12.664395 2.539679
v -1.316654 12.663321 2.938037
v -2.462990 12.664354 2.715428
v -2.075013 12.659137 2.461391
v -2.282640 12.663958 2.540985
v -2.535868 12.664111 2.938069
v -2.359612 12.743883 2.639955
v -2.479658 12.743610 2.838972
v -1.342537 12.742441 3.047867
v -2.507951 12.743263 3.047867
v -1.714402 12.743423 2.519751
v -1.965806 12.737495 2.485279
v -2.159912 12.741382 2.520886
v -1.491140 12.743362 2.639726
v -1.370859 12.742843 2.838885
v -1.370280 12.419064 2.701483
v -1.842105 12.394962 2.431124
v -1.561364 12.419397 2.518948
v -1.294597 12.419116 2.933342
v -2.485852 12.419423 2.701492
v -2.076903 12.414536 2.437557
v -2.298098 12.419176 2.520180
v -2.561527 12.419539 2.933345
v -2.182777 12.542398 2.471587
v -2.401770 12.544457 2.601256
v -1.291237 12.543777 3.047867
v -1.321955 12.543853 2.818732
v -2.532653 12.544456 2.818763
v -2.563357 12.544423 3.047867
v -1.452939 12.544020 2.601150
v -1.682400 12.548219 2.468715
v -2.006313 12.540500 2.426111
v -1.406627 12.252093 2.723608
v -1.817802 12.251732 2.477072
v -1.583628 12.252286 2.553771
v -1.335698 12.252488 2.940568
v -2.450158 12.252117 2.723608
v -2.048230 12.251372 2.477284
v -2.273666 12.252148 2.553926
v -2.521097 12.252538 2.940565
v -1.948816 12.318695 2.441231
v -2.174933 12.322255 2.480049
v -1.461496 12.323141 2.607719
v -1.693444 12.322257 2.478662
v -2.395282 12.323256 2.607767
v -1.302315 12.323428 3.047867
v -1.332573 12.323255 2.821943
v -2.524164 12.323444 2.821939
v -2.554422 12.323629 3.047867
v -1.478124 12.146904 2.770720
v -1.821760 12.146626 2.563138
v -1.622393 12.146913 2.629173
v -1.419547 12.147033 2.955646
v -2.376905 12.146585 2.771221
v -2.034898 12.146560 2.563469
v -2.232872 12.146632 2.630186
v -2.437128 12.146997 2.955617
v -1.367255 12.194776 3.047867
v -2.489527 12.194779 3.047867
v -1.710845 12.194487 2.539573
v -1.929151 12.194408 2.505201
v -2.146291 12.194285 2.539816
v -1.509378 12.194232 2.653785
v -2.347076 12.194062 2.653978
v -1.394414 12.194483 2.845274
v -2.462248 12.194420 2.845274
v -1.563287 12.077129 2.837425
v -1.811342 12.076236 2.686159
v -1.633149 12.071362 2.724331
v -1.535105 12.076875 2.976834
v -2.286552 12.076872 2.839262
v -2.045408 12.076231 2.687891
v -2.216917 12.072017 2.728859
v -2.321370 12.076858 2.976771
v -1.470865 12.109069 3.047867
v -1.490566 12.109135 2.883631
v -2.364516 12.108977 2.883844
v -2.385908 12.109063 3.047867
v -1.567467 12.109402 2.733021
v -2.282835 12.108878 2.735680
v -1.715141 12.108368 2.650236
v -1.928356 12.108782 2.614417
v -2.140078 12.108266 2.652090
v -1.666958 12.022452 2.897698
v -1.831075 12.022367 2.795269
v -1.712250 12.002607 2.840876
v -1.665005 12.023691 2.999181
v -2.186471 12.022542 2.900712
v -2.027183 12.022446 2.797855
v -2.143071 12.003439 2.846421
v -2.191646 12.023697 2.999234
v -1.928730 12.047328 2.732701
v -2.120718 12.033206 2.754350
v -1.610019 12.036350 2.828899
v -1.737060 12.032381 2.749689
v -2.237823 12.037347 2.833142
v -1.596086 12.046687 3.047867
v -1.603423 12.046958 2.927477
v -2.251425 12.046951 2.928093
v -2.260701 12.046689 3.047867
v -1.794204 12.012564 2.968815
v -1.880648 12.012681 2.912660
v -1.829676 12.012593 2.924678
v -1.787619 12.012646 3.013047
v -2.062061 12.012564 2.969547
v -1.976455 12.012681 2.913318
v -2.026925 12.012593 2.926012
v -2.069122 12.012646 3.013104
v -1.744075 12.012360 2.899919
v -1.731830 12.013976 2.969428
v -1.730860 12.014055 3.047867
v -1.928726 12.014088 2.856250
v -1.800605 12.012355 2.862464
v -2.124380 12.013977 2.970101
v -2.110679 12.012439 2.903380
v -2.125926 12.014055 3.047867
v -2.057084 12.012444 2.865503
v -1.928405 12.012680 2.970207
v -1.846966 12.012665 3.047867
v -2.009817 12.012665 3.047867
v -1.865844 12.012622 2.990598
v -1.990861 12.012622 2.990746
v -1.921404 12.849106 2.504665
v -1.920290 12.767524 2.506441
v -1.867378 12.806432 2.494564
v -1.982785 12.807045 2.501621
v -1.954493 12.839792 2.515966
v -1.828956 12.831867 2.520423
v -1.830762 12.787804 2.524647
v -1.952079 12.776169 2.514361
v -1.912832 12.618958 2.414584
v -1.906863 12.512880 2.399850
v -1.855674 12.566109 2.408288
v -1.976047 12.562145 2.414280
v -1.950510 12.620401 2.427458
v -1.813329 12.620292 2.439445
v -1.809807 12.493139 2.427148
v -1.944500 12.486416 2.413398
v -1.930868 12.829914 2.365221
v -1.936190 12.773141 2.392586
v -1.893917 12.802798 2.380188
v -1.973028 12.803697 2.375118
v -1.930582 12.620103 2.370696
v -1.928267 12.565161 2.321250
v -1.884895 12.593432 2.340746
v -1.974209 12.591842 2.342223
v -1.957849 12.540873 2.372264
v -1.962834 12.598182 2.390112
v -1.960879 12.839272 2.440763
v -1.903994 12.838382 2.441978
v -1.892853 12.544282 2.368167
v -1.961744 12.783491 2.444782
v -1.904593 12.782834 2.446022
v -1.892515 12.600847 2.384746
v -1.931376 12.711365 2.360263
v -1.928375 12.711056 2.291446
v -1.887489 12.713202 2.327005
v -1.973446 12.711606 2.326639
v -1.958296 12.635182 2.298108
v -1.955361 12.654381 2.353018
v -1.902889 12.636484 2.300907
v -1.903666 12.654582 2.354789
v -1.906981 12.778968 2.320112
v -1.909119 12.755218 2.366802
v -1.956155 12.756229 2.361811
v -1.956019 12.779319 2.314015
v -1.645098 11.923343 2.761261
v -2.207172 11.926575 2.764720
v -1.675942 11.921126 2.808933
v -2.175090 11.923735 2.818007
v -2.163979 11.925352 2.776433
v -1.634707 11.921927 2.800824
v -1.687523 11.922117 2.771554
v -2.217188 11.925242 2.808098
v -1.676584 11.941016 2.737453
v -1.599505 12.018337 2.774723
v -2.201470 11.942920 2.841744
v -2.245109 12.022291 2.780853
v -1.649644 11.991722 2.838922
v -2.143258 11.943571 2.805780
v -1.719738 11.987185 2.798572
v -2.175787 12.018904 2.735609
v -1.678181 12.015423 2.731458
v -1.605034 11.940344 2.775186
v -1.650144 11.937468 2.833222
v -1.712776 11.937056 2.799958
v -1.712002 11.967395 2.759702
v -1.689876 11.961344 2.831838
v -1.612461 11.968058 2.816324
v -1.632302 11.974255 2.740903
v -2.202211 11.995136 2.846237
v -2.240994 11.947411 2.781381
v -2.138218 11.990654 2.803825
v -2.175966 11.947076 2.741107
v -2.144365 11.973021 2.766821
v -2.218242 11.980449 2.746689
v -2.163028 11.966209 2.838398
v -2.234930 11.973767 2.821162
v -1.421168 12.950093 3.358979
v -1.813058 12.949632 3.596253
v -1.591304 12.949957 3.522281
v -1.352965 12.949792 3.150722
v -2.427687 12.950078 3.358983
v -2.035791 12.949628 3.596255
v -2.257547 12.949948 3.522285
v -2.495894 12.949772 3.150723
v -1.408312 12.916580 3.366721
v -1.810573 12.916226 3.610274
v -1.583211 12.916427 3.534558
v -1.338418 12.916569 3.153033
v -2.440541 12.916319 3.366703
v -2.038296 12.916175 3.610268
v -2.265653 12.916272 3.534544
v -2.510415 12.916226 3.153023
v -1.488198 12.935031 3.457105
v -1.698749 12.934782 3.576489
v -2.150105 12.934755 3.576494
v -2.360662 12.934978 3.457113
v -1.368013 12.934967 3.257582
v -2.480856 12.934889 3.257586
v -1.924426 12.934671 3.611978
v -1.408576 12.866192 3.366230
v -1.810318 12.865583 3.608986
v -1.583235 12.865814 3.533519
v -1.338626 12.866473 3.152940
v -2.438931 12.864954 3.365869
v -2.037770 12.865417 3.608894
v -2.264686 12.865121 3.533178
v -2.508623 12.864950 3.152819
v -1.694645 12.892601 3.586929
v -1.924408 12.892406 3.622944
v -2.154146 12.892312 3.586847
v -1.479641 12.892892 3.465283
v -2.369068 12.892283 3.465149
v -1.356891 12.893090 3.261469
v -2.491684 12.892218 3.261379
v -1.437611 12.835064 3.347218
v -1.819525 12.834955 3.576408
v -1.601400 12.835051 3.504138
v -1.371593 12.835476 3.147007
v -2.407960 12.834997 3.347234
v -2.035354 12.836737 3.578732
v -2.245003 12.835469 3.504720
v -2.474005 12.835395 3.147018
v -2.350391 12.844642 3.447686
v -2.467668 12.844664 3.253075
v -1.701979 12.845256 3.564861
v -1.924001 12.845465 3.600082
v -2.144998 12.845216 3.564904
v -1.495631 12.845359 3.448162
v -1.377876 12.845720 3.253373
v -1.443214 12.829274 3.344490
v -1.854749 12.838690 3.577810
v -1.608784 12.829995 3.502317
v -1.377528 12.829668 3.145525
v -2.405445 12.831054 3.344725
v -2.056252 12.830301 3.573519
v -2.243373 12.831407 3.501674
v -2.471237 12.831711 3.145606
v -2.142786 12.835892 3.549208
v -2.335935 12.833745 3.434315
v -1.397717 12.832767 3.245466
v -2.449974 12.834219 3.245817
v -1.511405 12.832520 3.433658
v -1.716178 12.832575 3.547389
v -1.943394 12.834304 3.584147
v -1.439834 12.787698 3.347220
v -1.859436 12.773006 3.580229
v -1.607253 12.787328 3.506042
v -1.373588 12.787055 3.146477
v -2.409455 12.788362 3.347160
v -2.061089 12.781429 3.576964
v -2.246373 12.787863 3.505146
v -2.475668 12.787833 3.146458
v -1.715911 12.812833 3.545563
v -1.999067 12.806205 3.582580
v -2.146115 12.813305 3.544603
v -1.515112 12.814307 3.432329
v -2.333899 12.815082 3.432249
v -1.401372 12.814096 3.244127
v -2.447549 12.815106 3.244151
v -1.389590 12.663689 3.380402
v -1.851028 12.689859 3.636521
v -1.573719 12.664410 3.556097
v -1.316654 12.663321 3.157696
v -2.462990 12.664354 3.380306
v -2.075089 12.659156 3.634389
v -2.282640 12.663958 3.554749
v -2.535868 12.664111 3.157665
v -2.359612 12.743883 3.455779
v -2.479658 12.743610 3.256762
v -1.714309 12.743359 3.576200
v -1.965909 12.737416 3.610705
v -2.159920 12.741380 3.574846
v -1.491136 12.743361 3.456005
v -1.370859 12.742843 3.256849
v -1.370280 12.419064 3.394250
v -1.842107 12.394908 3.664642
v -1.561348 12.419381 3.576797
v -1.294597 12.419116 3.162391
v -2.485852 12.419423 3.394241
v -2.076932 12.414515 3.658189
v -2.298098 12.419176 3.575553
v -2.561527 12.419539 3.162389
v -2.182784 12.542397 3.624145
v -2.401770 12.544457 3.494478
v -1.321955 12.543853 3.277002
v -2.532653 12.544456 3.276971
v -1.452935 12.544019 3.494580
v -1.682257 12.548144 3.627542
v -2.006646 12.540433 3.670125
v -1.406627 12.252093 3.372126
v -1.817802 12.251731 3.618662
v -1.583628 12.252286 3.541962
v -1.335698 12.252488 3.155166
v -2.450158 12.252117 3.372126
v -2.048231 12.251371 3.618449
v -2.273666 12.252148 3.541808
v -2.521097 12.252538 3.155168
v -1.948817 12.318685 3.654507
v -2.174934 12.322255 3.615685
v -1.461496 12.323141 3.488014
v -1.693444 12.322247 3.617077
v -2.395282 12.323256 3.487967
v -1.332573 12.323255 3.273791
v -2.524164 12.323444 3.273794
v -1.478124 12.146904 3.325013
v -1.821760 12.146626 3.532596
v -1.622393 12.146913 3.466561
v -1.419547 12.147033 3.140088
v -2.376904 12.146585 3.324513
v -2.034898 12.146560 3.532264
v -2.232872 12.146632 3.465548
v -2.437128 12.146997 3.140116
v -1.710845 12.194487 3.556160
v -1.929151 12.194408 3.590533
v -2.146291 12.194285 3.555917
v -1.509378 12.194232 3.441948
v -2.347076 12.194062 3.441756
v -1.394414 12.194483 3.250460
v -2.462249 12.194420 3.250460
v -1.563287 12.077129 3.258308
v -1.811342 12.076235 3.409575
v -1.633149 12.071362 3.371403
v -1.535105 12.076875 3.118900
v -2.286552 12.076872 3.256471
v -2.045408 12.076231 3.407843
v -2.216917 12.072017 3.366874
v -2.321370 12.076858 3.118963
v -1.490566 12.109135 3.212103
v -2.364516 12.108977 3.211889
v -1.567467 12.109402 3.362712
v -2.282834 12.108878 3.360054
v -1.715141 12.108368 3.445498
v -1.928356 12.108782 3.481316
v -2.140078 12.108266 3.443644
v -1.666958 12.022452 3.198035
v -1.831075 12.022367 3.300465
v -1.712250 12.002607 3.254858
v -1.665005 12.023691 3.096552
v -2.186471 12.022542 3.195022
v -2.027183 12.022446 3.297879
v -2.143071 12.003439 3.249313
v -2.191646 12.023697 3.096500
v -1.928730 12.047328 3.363033
v -2.120718 12.033206 3.341383
v -1.610019 12.036350 3.266834
v -1.737060 12.032381 3.346045
v -2.237823 12.037347 3.262592
v -1.603424 12.046958 3.168257
v -2.251425 12.046951 3.167640
v -1.794204 12.012564 3.126919
v -1.880648 12.012681 3.183074
v -1.829676 12.012593 3.171056
v -1.787619 12.012646 3.082686
v -2.062061 12.012564 3.126186
v -1.976455 12.012681 3.182416
v -2.026925 12.012593 3.169722
v -2.069122 12.012646 3.082629
v -1.744074 12.012360 3.195815
v -1.731830 12.013976 3.126306
v -1.928726 12.014088 3.239484
v -1.800605 12.012355 3.233270
v -2.124380 12.013977 3.125633
v -2.110679 12.012439 3.192354
v -2.057084 12.012444 3.230231
v -1.928405 12.012680 3.125527
v -1.865844 12.012622 3.105135
v -1.990861 12.012622 3.104988
v -1.921452 12.849104 3.591380
v -1.920258 12.767486 3.596251
v -1.867118 12.808882 3.604867
v -1.982804 12.807235 3.597720
v -1.954335 12.840226 3.580157
v -1.829167 12.833634 3.575696
v -1.830136 12.787172 3.575177
v -1.953186 12.774302 3.584312
v -1.912894 12.619124 3.685555
v -1.906838 12.512870 3.696077
v -1.855680 12.565339 3.689974
v -1.976072 12.561845 3.683831
v -1.951329 12.620742 3.670651
v -1.812995 12.620392 3.659030
v -1.809848 12.492876 3.669155
v -1.944440 12.486270 3.682893
v -1.930865 12.829941 3.730535
v -1.936285 12.773321 3.704521
v -1.893972 12.802958 3.716912
v -1.972977 12.803872 3.722009
v -1.930592 12.619683 3.725854
v -1.928257 12.565171 3.774543
v -1.884965 12.593440 3.755880
v -1.974190 12.591902 3.754287
v -1.957592 12.540746 3.724219
v -1.962781 12.598193 3.708305
v -1.960666 12.839406 3.655875
v -1.904477 12.838667 3.654771
v -1.893341 12.543981 3.728322
v -1.961877 12.783582 3.655372
v -1.904211 12.783074 3.654129
v -1.892308 12.600681 3.713868
v -1.931378 12.711387 3.735467
v -1.928373 12.711054 3.804287
v -1.887488 12.713200 3.768713
v -1.973445 12.711606 3.769088
v -1.958112 12.635180 3.797762
v -1.955165 12.654246 3.742701
v -1.903077 12.636480 3.794971
v -1.903887 12.654441 3.740926
v -1.907161 12.779012 3.775770
v -1.909524 12.755284 3.728853
v -1.955908 12.756307 3.733871
v -1.955782 12.779374 3.781864
v -1.645098 11.923343 3.334472
v -2.207172 11.926575 3.331014
v -1.675941 11.921127 3.286801
v -2.175090 11.923735 3.277726
v -2.163979 11.925352 3.319300
v -1.634707 11.921927 3.294910
v -1.687523 11.922117 3.324180
v -2.217189 11.925242 3.287636
v -1.676584 11.941016 3.358281
v -1.599505 12.018337 3.321011
v -2.201470 11.942920 3.253989
v -2.245109 12.022291 3.314881
v -1.649644 11.991722 3.256811
v -2.143258 11.943571 3.289953
v -1.719738 11.987185 3.297161
v -2.175787 12.018904 3.360125
v -1.678181 12.015423 3.364276
v -1.605034 11.940343 3.320548
v -1.650144 11.937468 3.262512
v -1.712776 11.937056 3.295776
v -1.712002 11.967395 3.336031
v -1.689876 11.961344 3.263896
v -1.612461 11.968058 3.279410
v -1.632302 11.974255 3.354830
v -2.202211 11.995136 3.249496
v -2.240994 11.947411 3.314352
v -2.138218 11.990654 3.291908
v -2.175966 11.947076 3.354627
v -2.144365 11.973021 3.328912
v -2.218242 11.980449 3.349045
v -2.163028 11.966209 3.257335
v -2.234930 11.973767 3.274572
v -1.587124 12.934910 2.567150
v -2.261732 12.934871 2.567142
v -1.345492 12.934916 2.943821
v -2.503379 12.934828 2.943819
v -1.414566 12.935025 2.732778
v -2.434299 12.934960 2.732771
v -1.811779 12.934704 2.492257
v -2.037073 12.934690 2.492254
v -1.809779 12.892490 2.481397
v -2.039032 12.892347 2.481440
v -1.580740 12.892741 2.557544
v -2.268019 12.892298 2.557659
v -1.333989 12.893132 2.941979
v -2.514542 12.892189 2.942027
v -1.404394 12.893013 2.726653
v -2.444245 12.892253 2.726775
v -2.422134 12.844604 2.739841
v -1.813195 12.845312 2.504246
v -2.034468 12.845498 2.503972
v -1.592417 12.845281 2.577807
v -2.253992 12.844858 2.578129
v -1.355656 12.845856 2.945789
v -2.489793 12.844721 2.945926
v -1.423599 12.845525 2.739406
v -2.243515 12.834601 2.593235
v -1.376178 12.833081 2.949805
v -2.471608 12.834606 2.949642
v -1.441874 12.832519 2.750946
v -2.405617 12.833817 2.750425
v -1.831881 12.832682 2.521674
v -2.044868 12.836274 2.519521
v -1.605712 12.832658 2.594336
v -1.931979 12.846722 2.441544
v -2.061776 12.809522 2.525228
v -1.609498 12.814051 2.595595
v -2.242153 12.814853 2.596142
v -1.380030 12.814046 2.950667
v -2.468893 12.815098 2.950654
v -1.445444 12.814192 2.752393
v -2.403469 12.815102 2.752363
v -2.433077 12.743848 2.733881
v -1.845026 12.741549 2.494010
v -2.065600 12.737941 2.493831
v -1.592021 12.743483 2.568055
v -2.262434 12.743375 2.568687
v -1.348260 12.742557 2.944215
v -2.502234 12.743367 2.944256
v -1.417489 12.743164 2.733753
v -2.295491 12.544150 2.523576
v -1.297429 12.543797 2.934146
v -2.557168 12.544433 2.934161
v -1.372693 12.543936 2.703769
v -2.481935 12.544475 2.703815
v -1.974162 12.568111 2.382167
v -2.082291 12.539208 2.441385
v -1.561233 12.544545 2.522834
v -2.063235 12.320260 2.451014
v -1.568509 12.323307 2.530797
v -2.290019 12.323179 2.531255
v -1.308416 12.323378 2.935703
v -2.548320 12.323576 2.935701
v -1.382522 12.323134 2.708738
v -2.474213 12.323303 2.708733
v -1.823444 12.318440 2.450118
v -1.820006 12.194495 2.513481
v -2.037883 12.194325 2.513650
v -1.603830 12.194364 2.585427
v -2.252813 12.194188 2.585671
v -1.372755 12.194688 2.947207
v -2.484008 12.194677 2.947197
v -1.439026 12.194286 2.744009
v -2.417473 12.194152 2.744091
v -1.475029 12.109052 2.965777
v -2.381513 12.109017 2.965727
v -1.520684 12.109576 2.803475
v -2.331308 12.109144 2.804736
v -1.816728 12.108755 2.625013
v -2.039747 12.108699 2.625920
v -1.632348 12.109154 2.682584
v -2.220069 12.108856 2.685307
v -2.041254 12.045678 2.741379
v -2.232966 11.945395 2.819311
v -1.634035 11.941827 2.743622
v -1.598222 12.046717 2.988158
v -2.258322 12.046720 2.988134
v -1.608684 12.046124 2.868878
v -2.242407 12.046194 2.871301
v -1.816505 12.045620 2.738900
v -1.974483 12.012647 2.956844
v -1.735389 12.013647 2.931541
v -1.858538 12.013774 2.857270
v -1.766288 12.011273 2.877878
v -1.731276 12.014032 3.008746
v -2.119762 12.013661 2.933639
v -1.999201 12.013791 2.858933
v -2.089885 12.011395 2.881552
v -2.125441 12.014032 3.008817
v -1.882308 12.012647 2.956620
v -1.831512 12.012625 3.007519
v -2.025205 12.012625 3.007614
v -1.890506 12.849053 2.520355
v -1.889484 12.771714 2.520310
v -1.810720 12.808479 2.525008
v -1.978896 12.804072 2.510069
v -1.880398 12.643284 2.435032
v -1.875258 12.467469 2.417711
v -1.788282 12.557293 2.435754
v -1.977682 12.550849 2.419758
v -1.974297 12.646301 2.326639
v -1.924068 12.532457 2.367118
v -1.976929 12.811762 2.442132
v -1.933019 12.775145 2.447023
v -1.879451 12.571643 2.375443
v -1.928234 12.611970 2.391051
v -1.889102 12.810372 2.442323
v -1.928764 12.632756 2.293764
v -1.885743 12.647300 2.325839
v -1.930355 12.656871 2.359527
v -1.891340 12.769012 2.342248
v -1.934633 12.753163 2.368895
v -1.972550 12.768188 2.338572
v -1.928525 12.781160 2.312395
v -1.660787 11.919341 2.785573
v -2.191041 11.920016 2.791500
v -1.615457 11.938800 2.813646
v -2.164576 11.942192 2.835709
v -1.687977 11.936728 2.828206
v -1.708518 11.939066 2.761526
v -2.216845 11.948195 2.748693
v -2.146704 11.945547 2.767922
v -1.712573 12.000948 2.755932
v -1.692143 11.984360 2.832591
v -1.611482 12.005501 2.817288
v -1.631718 12.022258 2.739219
v -2.144074 12.004458 2.762202
v -2.218369 12.026201 2.744696
v -2.161458 11.987281 2.839049
v -2.235717 12.009402 2.822274
v -1.587124 12.934910 3.528584
v -2.261732 12.934871 3.528591
v -1.345492 12.934916 3.151913
v -2.503379 12.934828 3.151914
v -1.414566 12.935025 3.362956
v -2.434299 12.934960 3.362962
v -1.811779 12.934704 3.603477
v -2.037073 12.934690 3.603480
v -1.809779 12.892490 3.614336
v -2.039032 12.892347 3.614294
v -1.580740 12.892741 3.538190
v -2.268019 12.892298 3.538075
v -1.333989 12.893132 3.153754
v -2.514542 12.892189 3.153707
v -1.404394 12.893013 3.369080
v -2.444245 12.892253 3.368958
v -2.422134 12.844604 3.355892
v -1.813195 12.845312 3.591488
v -2.034468 12.845498 3.591762
v -1.592417 12.845281 3.517926
v -2.253992 12.844858 3.517605
v -1.355656 12.845856 3.149945
v -2.489793 12.844721 3.149807
v -1.423599 12.845525 3.356328
v -2.243515 12.834601 3.502498
v -1.376178 12.833081 3.145929
v -2.471608 12.834607 3.146092
v -1.441874 12.832519 3.344788
v -2.405617 12.833817 3.345309
v -1.831871 12.832791 3.574152
v -2.044884 12.836345 3.576249
v -1.605694 12.832688 3.501424
v -1.932044 12.846730 3.654350
v -2.061899 12.809617 3.570575
v -1.609432 12.814151 3.500200
v -2.242153 12.814853 3.499592
v -1.380030 12.814046 3.145066
v -2.468893 12.815098 3.145080
v -1.445444 12.814192 3.343341
v -2.403469 12.815102 3.343371
v -2.433077 12.743848 3.361853
v -1.845006 12.741444 3.602114
v -2.065674 12.737912 3.601939
v -1.591974 12.743462 3.527702
v -2.262434 12.743375 3.527046
v -1.348260 12.742557 3.151519
v -2.502234 12.743367 3.151478
v -1.417489 12.743164 3.361981
v -2.295491 12.544150 3.572158
v -1.297429 12.543797 3.161588
v -2.557168 12.544433 3.161572
v -1.372693 12.543936 3.391964
v -2.481935 12.544475 3.391918
v -1.974132 12.567969 3.715514
v -2.082362 12.539194 3.654400
v -1.561195 12.544532 3.572946
v -2.063240 12.320254 3.644719
v -1.568506 12.323302 3.564936
v -2.290019 12.323179 3.564478
v -1.308416 12.323378 3.160031
v -2.548320 12.323576 3.160033
v -1.382523 12.323134 3.386996
v -2.474213 12.323303 3.387001
v -1.823445 12.318429 3.645617
v -1.820006 12.194495 3.582253
v -2.037883 12.194325 3.582084
v -1.603830 12.194364 3.510307
v -2.252813 12.194188 3.510063
v -1.372755 12.194688 3.148526
v -2.484008 12.194677 3.148536
v -1.439026 12.194286 3.351724
v -2.417473 12.194152 3.351643
v -1.475029 12.109052 3.129956
v -2.381512 12.109017 3.130007
v -1.520684 12.109576 3.292259
v -2.331308 12.109144 3.290998
v -1.816728 12.108755 3.470721
v -2.039747 12.108699 3.469814
v -1.632348 12.109154 3.413150
v -2.220069 12.108856 3.410427
v -2.041254 12.045678 3.354354
v -2.232966 11.945395 3.276423
v -1.634035 11.941827 3.352112
v -1.598222 12.046717 3.107576
v -2.258322 12.046720 3.107599
v -1.608684 12.046124 3.226855
v -2.242407 12.046194 3.224432
v -1.816505 12.045620 3.356833
v -1.974483 12.012647 3.138889
v -1.735389 12.013647 3.164193
v -1.858538 12.013774 3.238464
v -1.766288 12.011273 3.217856
v -1.731276 12.014032 3.086988
v -2.119762 12.013661 3.162095
v -1.999201 12.013791 3.236801
v -2.089885 12.011395 3.214181
v -2.125441 12.014033 3.086916
v -1.882308 12.012647 3.139114
v -1.831512 12.012625 3.088214
v -2.025205 12.012625 3.088120
v -1.890597 12.849349 3.575195
v -1.889875 12.769410 3.579082
v -1.810288 12.809852 3.573299
v -1.980223 12.804992 3.587578
v -1.880486 12.643852 3.663707
v -1.875265 12.467360 3.678144
v -1.788080 12.556980 3.661675
v -1.978046 12.550635 3.677488
v -1.974289 12.646297 3.769035
v -1.924057 12.532475 3.728787
v -1.976909 12.811932 3.656491
v -1.933066 12.775142 3.653759
v -1.879623 12.570987 3.722468
v -1.928261 12.611929 3.707645
v -1.889171 12.811332 3.656328
v -1.928758 12.632776 3.801980
v -1.885732 12.647312 3.769811
v -1.930357 12.656667 3.736324
v -1.891337 12.768993 3.753568
v -1.934656 12.753424 3.726902
v -1.972549 12.768256 3.757327
v -1.928501 12.781141 3.783355
v -1.660787 11.919341 3.310161
v -2.191041 11.920016 3.304234
v -1.615457 11.938800 3.282088
v -2.164576 11.942192 3.260025
v -1.687977 11.936728 3.267528
v -1.708518 11.939065 3.334208
v -2.216845 11.948195 3.347041
v -2.146704 11.945547 3.327812
v -1.712573 12.000948 3.339802
v -1.692143 11.984360 3.263143
v -1.611482 12.005501 3.278445
v -1.631718 12.022258 3.356514
v -2.144073 12.004458 3.333532
v -2.218369 12.026201 3.351038
v -2.161458 11.987281 3.256685
v -2.235717 12.009402 3.273460
vn -0.6353 0.3993 0.6610
vn -0.0000 0.3936 0.9193
vn -0.2890 0.3936 0.8727
vn 0.6352 0.3998 0.6608
vn 0.9189 0.3945 -0.0000
vn 0.2890 0.3939 0.8726
vn 0.8726 0.3986 0.2824
vn -0.9193 0.3935 -0.0000
vn -0.8729 0.3978 0.2825
vn -0.6642 -0.2844 0.6913
vn 0.0002 -0.2666 0.9638
vn -0.3016 -0.2719 0.9138
vn 0.6657 -0.2782 0.6924
vn 0.9625 -0.2713 -0.0000
vn 0.3022 -0.2689 0.9145
vn 0.9148 -0.2758 0.2952
vn -0.9595 -0.2819 -0.0000
vn -0.9121 -0.2851 0.2946
vn -0.6216 0.4416 0.6470
vn -0.0004 0.4458 0.8951
vn -0.2813 0.4445 0.8505
vn 0.6112 0.4722 0.6352
vn 0.8822 0.4709 -0.0000
vn 0.2798 0.4561 0.8448
vn 0.8377 0.4740 0.2711
vn -0.9058 0.4238 -0.0000
vn -0.8587 0.4304 0.2783
vn -0.3714 0.8453 0.3841
vn -0.0090 0.7832 0.6217
vn -0.1745 0.8396 0.5145
vn 0.3681 0.8470 0.3835
vn 0.5347 0.8450 -0.0000
vn 0.1954 0.7877 0.5842
vn 0.5042 0.8480 0.1631
vn -0.5441 0.8391 -0.0000
vn -0.5129 0.8425 0.1648
vn -0.6516 0.3271 0.6844
vn 0.5081 -0.8595 0.0555
vn -0.4353 -0.7930 0.4262
vn 0.6668 0.2827 0.6896
vn 0.9626 0.2709 -0.0000
vn 0.3470 0.2017 0.9159
vn 0.9137 0.2787 0.2959
vn -0.9448 0.3277 -0.0000
vn -0.8967 0.3335 0.2912
vn -0.6365 -0.3865 0.6674
vn 0.4495 0.8728 0.1904
vn -0.4079 0.7919 0.4545
vn 0.6374 -0.3979 0.6598
vn 0.9234 -0.3838 -0.0000
vn 0.3181 -0.3753 0.8706
vn 0.8748 -0.3931 0.2832
vn -0.9294 -0.3690 -0.0000
vn -0.8804 -0.3791 0.2849
vn -0.6645 -0.2810 0.6925
vn 0.6790 -0.6581 0.3255
vn -0.4272 -0.5218 0.7384
vn 0.6647 -0.2924 0.6875
vn 0.9579 -0.2871 -0.0000
vn 0.3318 -0.2833 0.8998
vn 0.9102 -0.2914 0.2943
vn -0.9633 -0.2686 -0.0000
vn -0.9151 -0.2740 0.2960
vn -0.6913 0.0589 0.7202
vn 0.5475 0.5319 0.6460
vn -0.4352 0.2747 0.8574
vn 0.6939 0.0523 0.7181
vn 0.9987 0.0509 -0.0000
vn 0.3444 0.0614 0.9368
vn 0.9504 0.0515 0.3068
vn -0.9982 0.0603 -0.0000
vn -0.9499 0.0604 0.3067
vn -0.6150 0.4597 0.6406
vn 0.0004 0.4583 0.8888
vn -0.2784 0.4462 0.8505
vn 0.6154 0.4613 0.6391
vn 0.8910 0.4541 -0.0000
vn 0.2861 0.4616 0.8397
vn 0.8456 0.4590 0.2725
vn -0.8906 0.4547 -0.0000
vn -0.8456 0.4592 0.2723
vn -0.4607 0.7545 0.4675
vn 0.0006 0.7874 0.6164
vn -0.1964 0.7755 0.6000
vn 0.4479 0.7694 0.4554
vn 0.6384 0.7697 -0.0000
vn 0.1973 0.7812 0.5923
vn 0.6046 0.7728 0.1929
vn -0.6387 0.7695 -0.0000
vn -0.6127 0.7672 0.1899
vn -0.7159 0.6190 0.3231
vn 0.0034 0.8818 0.4717
vn -0.0592 0.7070 0.7047
vn 0.6969 0.6429 0.3179
vn 0.4477 0.8942 -0.0000
vn 0.0756 0.7273 0.6821
vn 0.4561 0.8830 0.1107
vn -0.4479 0.8941 -0.0000
vn -0.4662 0.8798 0.0927
vn -0.0039 0.9999 -0.0093
vn 0.0001 0.9999 0.0105
vn 0.0133 0.9999 0.0090
vn 0.0039 1.0000 -0.0088
vn 0.0107 0.9999 -0.0000
vn -0.0124 0.9999 0.0099
vn 0.0175 0.9998 -0.0018
vn -0.0107 0.9999 -0.0000
vn -0.0174 0.9998 -0.0022
vn -0.2425 0.9702 0.0024
vn -0.2660 0.8406 -0.4718
vn -0.2353 0.9719 -0.0000
vn 0.3096 0.9373 0.1604
vn 0.0036 0.9646 0.2636
vn 0.2435 0.9698 0.0118
vn 0.2862 0.8492 -0.4438
vn 0.2355 0.9719 -0.0000
vn -0.2998 0.9388 0.1697
vn -0.0000 1.0000 -0.0000
vn -0.2530 0.2789 0.9264
vn 0.1164 -0.0272 0.9928
vn -0.2399 -0.3133 0.9189
vn 0.0358 -0.2803 0.9593
vn -0.2967 -0.3274 0.8971
vn 0.1053 -0.3772 0.9201
vn -0.3089 0.0791 0.9478
vn 0.0696 0.1278 0.9894
vn -0.5611 -0.7413 0.3683
vn 0.4717 -0.7796 0.4121
vn -0.5206 0.7873 -0.3304
vn 0.6121 0.7298 -0.3045
vn -0.6100 -0.5383 -0.5815
vn 0.6407 -0.4837 -0.5963
vn -0.5690 0.4802 0.6676
vn 0.5501 0.5445 0.6332
vn -0.4544 0.1039 -0.8847
vn 0.5144 0.1031 -0.8513
vn -0.5343 -0.1216 0.8365
vn 0.5089 -0.0996 0.8550
vn -0.3751 0.9151 0.1477
vn 0.0647 0.8976 0.4361
vn 0.5423 0.8263 0.1521
vn -0.1224 0.8321 0.5409
vn -0.0929 0.9283 -0.3601
vn 0.3341 0.9394 -0.0766
vn 0.1564 0.8674 -0.4725
vn -0.5032 0.8597 -0.0876
vn 0.2238 0.0664 0.9724
vn -0.9684 0.0489 0.2445
vn -0.1957 0.0736 -0.9779
vn 0.9489 0.1121 -0.2949
vn 0.2436 0.0736 -0.9671
vn 0.9768 0.0422 0.2101
vn -0.9659 0.1032 -0.2375
vn -0.2612 0.0725 0.9625
vn -0.6353 0.3993 -0.6610
vn -0.0000 0.3936 -0.9193
vn -0.2890 0.3936 -0.8727
vn 0.6352 0.3998 -0.6608
vn 0.2890 0.3939 -0.8726
vn 0.8726 0.3986 -0.2824
vn -0.8729 0.3978 -0.2825
vn -0.6642 -0.2844 -0.6913
vn 0.0002 -0.2666 -0.9638
vn -0.3016 -0.2719 -0.9138
vn 0.6657 -0.2782 -0.6924
vn 0.3022 -0.2689 -0.9145
vn 0.9148 -0.2758 -0.2952
vn -0.9121 -0.2851 -0.2946
vn -0.6216 0.4416 -0.6470
vn -0.0004 0.4458 -0.8951
vn -0.2813 0.4445 -0.8505
vn 0.6112 0.4722 -0.6352
vn 0.2798 0.4561 -0.8448
vn 0.8377 0.4740 -0.2711
vn -0.8587 0.4304 -0.2783
vn -0.3714 0.8453 -0.3841
vn -0.0091 0.7830 -0.6219
vn -0.1745 0.8395 -0.5146
vn 0.3681 0.8470 -0.3835
vn 0.1954 0.7877 -0.5842
vn 0.5042 0.8480 -0.1631
vn -0.5129 0.8425 -0.1648
vn -0.6518 0.3266 -0.6845
vn 0.5012 -0.8635 -0.0561
vn -0.4051 -0.8167 -0.4110
vn 0.6668 0.2827 -0.6896
vn 0.3473 0.2011 -0.9160
vn 0.9137 0.2787 -0.2959
vn -0.8967 0.3335 -0.2912
vn -0.6368 -0.3864 -0.6673
vn 0.4651 0.8663 -0.1820
vn -0.4388 0.7728 -0.4586
vn 0.6374 -0.3979 -0.6598
vn 0.3186 -0.3751 -0.8705
vn 0.8748 -0.3931 -0.2832
vn -0.8804 -0.3791 -0.2849
vn -0.6646 -0.2810 -0.6923
vn 0.6851 -0.6569 -0.3148
vn -0.4404 -0.5077 -0.7405
vn 0.6647 -0.2924 -0.6875
vn 0.3321 -0.2833 -0.8997
vn 0.9102 -0.2914 -0.2943
vn -0.9151 -0.2740 -0.2960
vn -0.6914 0.0589 -0.7201
vn 0.5324 0.5398 -0.6521
vn -0.4219 0.2958 -0.8570
vn 0.6939 0.0523 -0.7181
vn 0.3445 0.0615 -0.9368
vn 0.9504 0.0515 -0.3068
vn -0.9499 0.0604 -0.3067
vn -0.6150 0.4597 -0.6406
vn 0.0004 0.4584 -0.8888
vn -0.2784 0.4462 -0.8505
vn 0.6154 0.4613 -0.6391
vn 0.2861 0.4616 -0.8397
vn 0.8456 0.4590 -0.2725
vn -0.8456 0.4592 -0.2723
vn -0.4607 0.7545 -0.4675
vn 0.0006 0.7874 -0.6164
vn -0.1964 0.7755 -0.6000
vn 0.4479 0.7694 -0.4554
vn 0.1973 0.7812 -0.5923
vn 0.6046 0.7728 -0.1929
vn -0.6127 0.7672 -0.1899
vn -0.7159 0.6190 -0.3231
vn 0.0034 0.8818 -0.4717
vn -0.0592 0.7070 -0.7047
vn 0.6969 0.6429 -0.3179
vn 0.0756 0.7273 -0.6821
vn 0.4561 0.8830 -0.1107
vn -0.4662 0.8798 -0.0927
vn -0.0039 0.9999 0.0093
vn 0.0001 0.9999 -0.0105
vn 0.0133 0.9999 -0.0090
vn 0.0039 1.0000 0.0088
vn -0.0124 0.9999 -0.0099
vn 0.0175 0.9998 0.0018
vn -0.0174 0.9998 0.0022
vn -0.2425 0.9702 -0.0024
vn -0.2660 0.8406 0.4718
vn 0.3096 0.9373 -0.1604
vn 0.0036 0.9646 -0.2636
vn 0.2435 0.9698 -0.0118
vn 0.2862 0.8492 0.4438
vn -0.2998 0.9388 -0.1697
vn -0.2579 0.2491 -0.9335
vn 0.1260 -0.0646 -0.9899
vn -0.2520 -0.3066 -0.9179
vn 0.0644 -0.2407 -0.9685
vn -0.3021 -0.3318 -0.8937
vn 0.1166 -0.3875 -0.9144
vn -0.3098 0.0823 -0.9472
vn 0.0708 0.1306 -0.9889
vn -0.5522 -0.7465 -0.3713
vn 0.4604 -0.7855 -0.4136
vn -0.5057 0.7891 0.3487
vn 0.6041 0.7303 0.3191
vn -0.5949 -0.5328 0.6018
vn 0.6266 -0.4791 0.6147
vn -0.5584 0.4849 -0.6732
vn 0.5409 0.5478 -0.6383
vn -0.4517 0.1036 0.8861
vn 0.5125 0.1027 0.8525
vn -0.5328 -0.1216 -0.8375
vn 0.5075 -0.0997 -0.8558
vn -0.3751 0.9151 -0.1477
vn 0.0646 0.8976 -0.4361
vn 0.5423 0.8263 -0.1521
vn -0.1224 0.8321 -0.5409
vn -0.0929 0.9283 0.3601
vn 0.3341 0.9394 0.0766
vn 0.1564 0.8674 0.4725
vn -0.5032 0.8597 0.0876
vn 0.2238 0.0664 -0.9724
vn -0.9684 0.0489 -0.2445
vn -0.1957 0.0736 0.9779
vn 0.9489 0.1121 0.2949
vn 0.2436 0.0736 0.9671
vn 0.9768 0.0422 -0.2101
vn -0.9659 0.1032 0.2375
vn -0.2612 0.0725 -0.9625
vn -0.7869 0.3980 0.4716
vn -0.1418 0.3939 0.9081
vn -0.4522 0.3954 0.7995
vn -0.9101 0.3962 0.1211
vn 0.7867 0.3987 0.4714
vn 0.1418 0.3940 0.9081
vn 0.4521 0.3958 0.7993
vn 0.9097 0.3972 0.1210
vn -0.8219 -0.2864 0.4923
vn -0.1480 -0.2683 0.9519
vn -0.4722 -0.2780 0.8365
vn -0.9508 -0.2829 0.1260
vn 0.8241 -0.2785 0.4933
vn 0.1484 -0.2668 0.9523
vn 0.4732 -0.2734 0.8375
vn 0.9538 -0.2727 0.1262
vn -0.6314 -0.4119 0.6570
vn -0.2874 -0.4002 0.8702
vn 0.2876 -0.3992 0.8706
vn 0.6320 -0.4100 0.6576
vn -0.9125 -0.4092 -0.0000
vn -0.8670 -0.4122 0.2799
vn 0.8683 -0.4093 0.2803
vn 0.9140 -0.4058 -0.0000
vn -0.0000 -0.3964 0.9181
vn -0.7712 0.4370 0.4628
vn -0.1383 0.4448 0.8849
vn -0.4410 0.4437 0.7802
vn -0.8972 0.4252 0.1195
vn 0.7546 0.4756 0.4522
vn 0.1376 0.4491 0.8828
vn 0.4362 0.4648 0.7705
vn 0.8742 0.4715 0.1162
vn -0.3133 -0.0066 0.9496
vn 0.0005 -0.0013 1.0000
vn 0.3143 0.0020 0.9493
vn -0.6924 -0.0147 0.7214
vn 0.6934 0.0041 0.7205
vn -0.9997 -0.0235 -0.0000
vn -0.9511 -0.0214 0.3080
vn 0.9515 0.0052 0.3075
vn 1.0000 0.0052 -0.0000
vn -0.4600 0.8447 0.2738
vn -0.0949 0.8224 0.5609
vn -0.2657 0.8436 0.4667
vn -0.5377 0.8401 0.0710
vn 0.4524 0.8496 0.2712
vn 0.0972 0.7546 0.6490
vn 0.2754 0.8297 0.4856
vn 0.5284 0.8461 0.0702
vn 0.4215 0.7934 0.4392
vn 0.5769 0.7952 0.1864
vn -0.6489 0.7609 -0.0000
vn 0.6089 0.7933 -0.0000
vn -0.2010 0.7714 0.6038
vn -0.0036 0.7573 0.6530
vn 0.2002 0.7697 0.6062
vn -0.4406 0.7728 0.4568
vn -0.6126 0.7654 0.1973
vn -0.8078 0.3341 0.4857
vn -0.1357 0.0330 0.9902
vn -0.4513 0.3151 0.8349
vn -0.9357 0.3299 0.1250
vn 0.8224 0.2844 0.4927
vn 0.2116 0.1233 0.9696
vn 0.4901 0.2572 0.8328
vn 0.9535 0.2733 0.1271
vn 0.2842 0.5370 0.7942
vn 0.5242 0.6550 0.5443
vn -0.7308 0.6826 -0.0000
vn -0.6888 0.6900 0.2223
vn 0.7217 0.6517 0.2333
vn 0.7668 0.6419 -0.0000
vn -0.5014 0.6896 0.5225
vn -0.2342 0.6817 0.6932
vn -0.0006 0.4966 0.8680
vn -0.7915 -0.3860 0.4739
vn -0.1167 -0.3634 0.9243
vn -0.4361 -0.3665 0.8219
vn -0.9200 -0.3722 0.1224
vn 0.7867 -0.3985 0.4715
vn 0.1701 -0.3492 0.9215
vn 0.4656 -0.3876 0.7956
vn 0.9141 -0.3869 0.1216
vn -0.3285 -0.0030 0.9445
vn 0.1348 -0.0459 0.9898
vn 0.3536 -0.0650 0.9332
vn -0.6897 -0.0451 0.7227
vn 0.6939 -0.0592 0.7176
vn -0.9993 -0.0376 -0.0000
vn -0.9504 -0.0407 0.3083
vn 0.9496 -0.0576 0.3080
vn 0.9985 -0.0553 -0.0000
vn -0.8239 -0.2783 0.4937
vn -0.1079 -0.4531 0.8849
vn -0.4694 -0.2888 0.8344
vn -0.9545 -0.2701 0.1267
vn 0.8200 -0.2939 0.4912
vn 0.2025 -0.2949 0.9338
vn 0.4839 -0.2868 0.8268
vn 0.9492 -0.2883 0.1260
vn 0.6156 -0.4639 0.6371
vn 0.8441 -0.4615 0.2731
vn -0.9001 -0.4356 -0.0000
vn 0.8907 -0.4546 -0.0000
vn -0.2529 -0.4911 0.8336
vn 0.0231 -0.4959 0.8681
vn 0.3031 -0.4486 0.8408
vn -0.6161 -0.4525 0.6447
vn -0.8527 -0.4437 0.2758
vn -0.8564 0.0599 0.5129
vn -0.1328 0.1622 0.9778
vn -0.4891 0.0607 0.8701
vn -0.9896 0.0603 0.1309
vn 0.8568 0.0519 0.5130
vn 0.2068 0.0808 0.9751
vn 0.5032 0.0542 0.8625
vn 0.9901 0.0511 0.1310
vn 0.3478 -0.1007 0.9321
vn 0.6910 -0.1081 0.7147
vn -0.9958 -0.0916 -0.0000
vn -0.9473 -0.0943 0.3060
vn 0.9461 -0.1078 0.3055
vn 0.9944 -0.1059 -0.0000
vn -0.6895 -0.0983 0.7176
vn -0.3564 -0.0982 0.9292
vn 0.2145 -0.0846 0.9731
vn -0.7612 0.4617 0.4554
vn -0.1375 0.4488 0.8830
vn -0.4368 0.4518 0.7778
vn -0.8823 0.4560 0.1164
vn 0.7610 0.4620 0.4554
vn 0.1424 0.4645 0.8740
vn 0.4406 0.4587 0.7717
vn 0.8826 0.4554 0.1165
vn 0.0168 0.2847 0.9585
vn 0.3227 0.2632 0.9092
vn -0.6691 0.2569 0.6973
vn -0.3004 0.2558 0.9189
vn 0.6714 0.2553 0.6957
vn -0.9671 0.2544 -0.0000
vn -0.9196 0.2572 0.2968
vn 0.9206 0.2536 0.2970
vn 0.9681 0.2505 -0.0000
vn -0.5630 0.7605 0.3236
vn -0.0988 0.7846 0.6121
vn -0.3180 0.7606 0.5660
vn -0.6339 0.7692 0.0807
vn 0.5475 0.7727 0.3213
vn 0.1001 0.7871 0.6086
vn 0.3147 0.7715 0.5529
vn 0.6320 0.7706 0.0824
vn -0.7794 0.6265 -0.0000
vn 0.7794 0.6266 -0.0000
vn -0.2421 0.6274 0.7401
vn -0.0010 0.6330 0.7741
vn 0.2430 0.6357 0.7327
vn -0.5393 0.6279 0.5612
vn 0.5355 0.6349 0.5568
vn -0.7405 0.6289 0.2368
vn 0.7380 0.6317 0.2374
vn -0.5567 0.8198 0.1343
vn -0.0399 0.8558 0.5158
vn -0.4229 0.5423 0.7260
vn -0.4495 0.8922 0.0442
vn 0.5287 0.8333 0.1616
vn 0.0488 0.8601 0.5078
vn 0.4406 0.5763 0.6883
vn 0.4477 0.8928 0.0503
vn -0.5151 0.8572 -0.0000
vn -0.5095 0.8489 0.1411
vn 0.4971 0.8546 0.1503
vn 0.5147 0.8574 -0.0000
vn -0.4784 0.7749 0.4132
vn 0.4534 0.7992 0.3947
vn -0.1568 0.8213 0.5485
vn 0.0018 0.8678 0.4969
vn 0.1618 0.8295 0.5345
vn -0.2716 0.9575 -0.0974
vn 0.0533 0.9647 0.2581
vn 0.1943 0.9125 -0.3600
vn -0.2360 0.9717 0.0099
vn 0.2762 0.9577 -0.0805
vn -0.0428 0.9652 0.2579
vn -0.1992 0.9239 -0.3267
vn 0.2366 0.9715 0.0130
vn 0.0047 0.9027 0.4301
vn -0.2709 0.7803 0.5638
vn -0.7382 0.6019 -0.3046
vn 0.2803 0.7618 0.5840
vn 0.7503 0.6149 -0.2427
vn -0.3773 0.9261 -0.0000
vn -0.4022 0.9148 0.0373
vn 0.3996 0.9150 0.0562
vn 0.3774 0.9260 -0.0000
vn -0.0089 0.9999 -0.0049
vn 0.0039 0.9999 0.0099
vn 0.0050 1.0000 -0.0034
vn -0.0114 0.9999 -0.0024
vn 0.0089 0.9999 -0.0045
vn -0.0036 0.9999 0.0102
vn -0.0047 1.0000 -0.0028
vn 0.0114 0.9999 -0.0023
vn -0.0558 0.9923 -0.1106
vn -0.0849 0.9964 -0.0027
vn -0.0827 0.9966 -0.0000
vn 0.0012 0.9965 0.0840
vn 0.0654 0.9969 0.0441
vn 0.0854 0.9963 -0.0005
vn 0.0571 0.9927 -0.1058
vn 0.0828 0.9966 -0.0000
vn -0.0609 0.9969 0.0488
vn -0.0000 1.0000 0.0003
vn 0.0001 1.0000 -0.0000
vn -0.0001 1.0000 -0.0000
vn 0.0007 1.0000 -0.0004
vn -0.0007 1.0000 -0.0004
vn 0.0291 -0.9957 0.0884
vn -0.0297 0.9754 0.2184
vn -0.6633 0.1185 0.7389
vn 0.9853 -0.0013 0.1710
vn 0.2823 -0.7559 0.5907
vn -0.3037 -0.2529 0.9186
vn -0.2851 0.1697 0.9433
vn 0.1733 0.4945 0.8517
vn 0.0006 -0.8325 0.5540
vn -0.0775 0.5635 0.8225
vn -0.5736 -0.1161 0.8109
vn 0.9455 -0.0281 0.3244
vn 0.2850 -0.4831 0.8279
vn -0.2764 -0.3050 0.9114
vn -0.2744 0.0690 0.9591
vn 0.1648 0.1952 0.9668
vn -0.0979 -0.8933 0.4387
vn 0.1028 0.9230 -0.3707
vn -0.9935 -0.0678 0.0911
vn 0.9955 -0.0534 0.0784
vn 0.0481 -0.6473 -0.7607
vn -0.0384 0.6493 0.7596
vn -0.9723 -0.0275 0.2323
vn 0.9929 0.0293 0.1149
vn 0.6071 0.6929 0.3889
vn 0.7272 -0.6736 -0.1323
vn 0.5379 -0.8375 0.0962
vn -0.5435 -0.8168 0.1936
vn -0.5743 0.5666 0.5908
vn 0.5678 0.8224 0.0368
vn -0.5321 0.8370 0.1276
vn -0.6296 -0.7649 0.1362
vn 0.0922 0.1305 -0.9872
vn -0.1384 -0.1188 0.9832
vn -0.9965 -0.0761 0.0340
vn 0.9933 -0.0221 -0.1136
vn 0.5122 0.1905 0.8375
vn 0.5196 -0.1390 -0.8430
vn -0.5335 0.1585 0.8308
vn -0.4900 -0.1349 -0.8612
vn -0.5457 -0.4621 0.6991
vn -0.4495 0.4611 -0.7651
vn 0.5653 0.4411 -0.6971
vn 0.4556 -0.4650 0.7590
vn -0.1727 0.9133 0.3689
vn 0.2765 0.8615 0.4258
vn 0.1310 0.9526 -0.2747
vn -0.2294 0.9111 -0.3424
vn -0.4077 0.8832 0.2316
vn -0.2683 0.9433 -0.1952
vn 0.2679 0.9402 0.2104
vn 0.4156 0.8836 -0.2156
vn 0.2054 0.4391 0.8746
vn -0.9555 0.1565 0.2500
vn 0.2229 0.4112 -0.8838
vn 0.9587 0.1715 0.2269
vn -0.2628 0.3081 -0.9143
vn -0.8917 0.3951 -0.2209
vn 0.8456 0.5183 -0.1276
vn -0.1158 0.3230 0.9393
vn 0.1190 0.2877 0.9503
vn -0.8522 0.4716 0.2268
vn -0.1751 0.4858 -0.8564
vn 0.8196 0.5162 -0.2486
vn 0.8521 0.0945 0.5149
vn 0.4487 0.0995 -0.8881
vn -0.7685 0.0569 -0.6373
vn -0.4516 0.0436 0.8912
vn 0.3145 0.3164 -0.8950
vn 0.9107 0.3560 0.2095
vn -0.8481 0.5238 -0.0802
vn -0.2462 0.3684 0.8965
vn -0.8953 0.0906 0.4362
vn 0.5416 0.0440 0.8395
vn -0.5290 0.1001 -0.8427
vn 0.8331 0.0491 -0.5510
vn -0.7869 0.3980 -0.4716
vn -0.1418 0.3939 -0.9081
vn -0.4522 0.3954 -0.7995
vn -0.9101 0.3962 -0.1211
vn 0.7867 0.3987 -0.4714
vn 0.1418 0.3940 -0.9081
vn 0.4521 0.3958 -0.7993
vn 0.9097 0.3972 -0.1210
vn -0.8219 -0.2864 -0.4923
vn -0.1480 -0.2683 -0.9519
vn -0.4722 -0.2780 -0.8365
vn -0.9508 -0.2829 -0.1260
vn 0.8241 -0.2785 -0.4933
vn 0.1484 -0.2668 -0.9523
vn 0.4732 -0.2734 -0.8375
vn 0.9538 -0.2727 -0.1262
vn -0.6314 -0.4119 -0.6570
vn -0.2874 -0.4002 -0.8702
vn 0.2876 -0.3992 -0.8706
vn 0.6320 -0.4100 -0.6576
vn -0.8670 -0.4122 -0.2799
vn 0.8683 -0.4093 -0.2803
vn -0.0000 -0.3964 -0.9181
vn -0.7712 0.4370 -0.4628
vn -0.1383 0.4448 -0.8849
vn -0.4410 0.4437 -0.7802
vn -0.8972 0.4252 -0.1195
vn 0.7546 0.4756 -0.4522
vn 0.1376 0.4491 -0.8828
vn 0.4362 0.4648 -0.7705
vn 0.8742 0.4715 -0.1162
vn -0.3133 -0.0066 -0.9496
vn 0.0005 -0.0013 -1.0000
vn 0.3143 0.0020 -0.9493
vn -0.6924 -0.0147 -0.7214
vn 0.6934 0.0041 -0.7205
vn -0.9511 -0.0214 -0.3080
vn 0.9515 0.0052 -0.3075
vn -0.4600 0.8447 -0.2738
vn -0.0949 0.8223 -0.5611
vn -0.2657 0.8435 -0.4668
vn -0.5377 0.8401 -0.0710
vn 0.4524 0.8496 -0.2712
vn 0.0972 0.7544 -0.6492
vn 0.2754 0.8297 -0.4856
vn 0.5284 0.8461 -0.0702
vn 0.4215 0.7934 -0.4392
vn 0.5769 0.7952 -0.1864
vn -0.2010 0.7714 -0.6038
vn -0.0036 0.7573 -0.6530
vn 0.2002 0.7697 -0.6062
vn -0.4406 0.7728 -0.4568
vn -0.6126 0.7654 -0.1973
vn -0.8078 0.3341 -0.4857
vn -0.1343 0.0008 -0.9909
vn -0.4532 0.3091 -0.8361
vn -0.9357 0.3299 -0.1250
vn 0.8224 0.2844 -0.4927
vn 0.2137 0.1161 -0.9700
vn 0.4901 0.2572 -0.8328
vn 0.9535 0.2733 -0.1271
vn 0.2843 0.5368 -0.7944
vn 0.5242 0.6550 -0.5443
vn -0.6888 0.6900 -0.2223
vn 0.7217 0.6517 -0.2333
vn -0.5015 0.6895 -0.5226
vn -0.2353 0.6789 -0.6955
vn -0.0007 0.4920 -0.8706
vn -0.7915 -0.3860 -0.4739
vn -0.1275 -0.2912 -0.9481
vn -0.4389 -0.3648 -0.8212
vn -0.9200 -0.3722 -0.1224
vn 0.7867 -0.3985 -0.4715
vn 0.1751 -0.3466 -0.9215
vn 0.4656 -0.3876 -0.7956
vn 0.9141 -0.3869 -0.1216
vn -0.3369 -0.0214 -0.9413
vn 0.1579 -0.0580 -0.9858
vn 0.3540 -0.0654 -0.9330
vn -0.6899 -0.0455 -0.7225
vn 0.6939 -0.0592 -0.7176
vn -0.9504 -0.0407 -0.3083
vn 0.9496 -0.0576 -0.3080
vn -0.8239 -0.2783 -0.4937
vn -0.1072 -0.4689 -0.8767
vn -0.4708 -0.2894 -0.8334
vn -0.9545 -0.2701 -0.1267
vn 0.8200 -0.2939 -0.4912
vn 0.2052 -0.2957 -0.9330
vn 0.4839 -0.2868 -0.8268
vn 0.9492 -0.2883 -0.1260
vn 0.6156 -0.4639 -0.6371
vn 0.8441 -0.4615 -0.2731
vn -0.2563 -0.4884 -0.8342
vn 0.0268 -0.4925 -0.8699
vn 0.3034 -0.4485 -0.8407
vn -0.6163 -0.4525 -0.6446
vn -0.8527 -0.4437 -0.2758
vn -0.8564 0.0599 -0.5129
vn -0.1328 0.1647 -0.9774
vn -0.4897 0.0614 -0.8697
vn -0.9896 0.0603 -0.1309
vn 0.8568 0.0519 -0.5130
vn 0.2078 0.0817 -0.9747
vn 0.5032 0.0542 -0.8625
vn 0.9901 0.0511 -0.1310
vn 0.3480 -0.1007 -0.9321
vn 0.6910 -0.1081 -0.7147
vn -0.9473 -0.0943 -0.3060
vn 0.9461 -0.1078 -0.3055
vn -0.6897 -0.0982 -0.7174
vn -0.3617 -0.0948 -0.9275
vn 0.2265 -0.0816 -0.9706
vn -0.7612 0.4617 -0.4554
vn -0.1375 0.4489 -0.8830
vn -0.4369 0.4519 -0.7778
vn -0.8823 0.4560 -0.1164
vn 0.7610 0.4620 -0.4554
vn 0.1424 0.4645 -0.8740
vn 0.4406 0.4587 -0.7717
vn 0.8826 0.4554 -0.1165
vn 0.0168 0.2852 -0.9583
vn 0.3227 0.2633 -0.9092
vn -0.6691 0.2569 -0.6973
vn -0.3004 0.2562 -0.9187
vn 0.6714 0.2553 -0.6957
vn -0.9196 0.2572 -0.2968
vn 0.9206 0.2536 -0.2970
vn -0.5630 0.7605 -0.3236
vn -0.0988 0.7846 -0.6121
vn -0.3180 0.7606 -0.5660
vn -0.6339 0.7692 -0.0807
vn 0.5475 0.7727 -0.3213
vn 0.1001 0.7871 -0.6086
vn 0.3147 0.7715 -0.5529
vn 0.6320 0.7706 -0.0824
vn -0.2421 0.6274 -0.7401
vn -0.0010 0.6330 -0.7741
vn 0.2430 0.6357 -0.7327
vn -0.5393 0.6279 -0.5612
vn 0.5355 0.6349 -0.5568
vn -0.7405 0.6289 -0.2368
vn 0.7380 0.6317 -0.2374
vn -0.5567 0.8198 -0.1343
vn -0.0399 0.8558 -0.5158
vn -0.4229 0.5423 -0.7260
vn -0.4495 0.8922 -0.0442
vn 0.5287 0.8333 -0.1616
vn 0.0488 0.8601 -0.5078
vn 0.4406 0.5763 -0.6883
vn 0.4477 0.8928 -0.0503
vn -0.5095 0.8489 -0.1411
vn 0.4971 0.8546 -0.1503
vn -0.4784 0.7749 -0.4132
vn 0.4534 0.7992 -0.3947
vn -0.1568 0.8213 -0.5485
vn 0.0018 0.8678 -0.4969
vn 0.1618 0.8295 -0.5345
vn -0.2716 0.9575 0.0974
vn 0.0533 0.9647 -0.2581
vn 0.1943 0.9125 0.3600
vn -0.2360 0.9717 -0.0099
vn 0.2762 0.9577 0.0805
vn -0.0428 0.9652 -0.2579
vn -0.1992 0.9239 0.3267
vn 0.2366 0.9715 -0.0130
vn 0.0047 0.9027 -0.4301
vn -0.2709 0.7803 -0.5638
vn -0.7382 0.6019 0.3046
vn 0.2803 0.7618 -0.5840
vn 0.7503 0.6149 0.2427
vn -0.4022 0.9148 -0.0373
vn 0.3996 0.9150 -0.0562
vn -0.0089 0.9999 0.0049
vn 0.0039 0.9999 -0.0099
vn 0.0050 1.0000 0.0034
vn -0.0114 0.9999 0.0024
vn 0.0089 0.9999 0.0045
vn -0.0036 0.9999 -0.0102
vn -0.0047 1.0000 0.0028
vn 0.0114 0.9999 0.0023
vn -0.0558 0.9923 0.1106
vn -0.0849 0.9964 0.0027
vn 0.0012 0.9965 -0.0840
vn 0.0654 0.9969 -0.0441
vn 0.0854 0.9963 0.0005
vn 0.0571 0.9927 0.1058
vn -0.0609 0.9969 -0.0488
vn -0.0000 1.0000 -0.0003
vn 0.0007 1.0000 0.0004
vn -0.0007 1.0000 0.0004
vn 0.0307 -0.9956 -0.0884
vn -0.0307 0.9768 -0.2120
vn -0.6738 0.0070 -0.7389
vn 0.9860 -0.0101 -0.1665
vn 0.2762 -0.7728 -0.5714
vn -0.2949 -0.3312 -0.8963
vn -0.3076 0.1981 -0.9307
vn 0.2112 0.5733 -0.7916
vn 0.0027 -0.8388 -0.5445
vn -0.0783 0.5639 -0.8221
vn -0.5737 -0.0812 -0.8151
vn 0.9465 -0.0142 -0.3223
vn 0.3139 -0.4978 -0.8085
vn -0.2884 -0.3095 -0.9061
vn -0.2729 0.0809 -0.9586
vn 0.1626 0.2018 -0.9658
vn -0.0980 -0.8943 -0.4367
vn 0.1062 0.9165 0.3857
vn -0.9913 -0.0751 -0.1079
vn 0.9934 -0.0616 -0.0963
vn 0.0486 -0.6302 0.7749
vn -0.0387 0.6489 -0.7599
vn -0.9696 -0.0278 -0.2433
vn 0.9922 0.0265 -0.1214
vn 0.5976 0.6979 -0.3948
vn 0.7252 -0.6740 0.1407
vn 0.5301 -0.8424 -0.0966
vn -0.5257 -0.8274 -0.1976
vn -0.5561 0.5790 -0.5962
vn 0.5727 0.8190 -0.0354
vn -0.5461 0.8281 -0.1262
vn -0.6375 -0.7585 -0.1352
vn 0.0922 0.1295 0.9873
vn -0.1385 -0.1187 -0.9832
vn -0.9966 -0.0759 -0.0334
vn 0.9932 -0.0221 0.1139
vn 0.5054 0.1906 -0.8416
vn 0.5125 -0.1329 0.8483
vn -0.5265 0.1586 -0.8352
vn -0.4819 -0.1285 0.8667
vn -0.5391 -0.4639 -0.7030
vn -0.4350 0.4581 0.7752
vn 0.5564 0.4376 0.7063
vn 0.4470 -0.4673 -0.7628
vn -0.1727 0.9133 -0.3689
vn 0.2765 0.8615 -0.4258
vn 0.1310 0.9526 0.2747
vn -0.2294 0.9111 0.3424
vn -0.4077 0.8832 -0.2316
vn -0.2683 0.9433 0.1952
vn 0.2679 0.9402 -0.2104
vn 0.4156 0.8836 0.2156
vn 0.2054 0.4391 -0.8746
vn -0.9555 0.1565 -0.2500
vn 0.2229 0.4112 0.8838
vn 0.9587 0.1715 -0.2269
vn -0.2628 0.3081 0.9143
vn -0.8917 0.3951 0.2209
vn 0.8456 0.5183 0.1276
vn -0.1158 0.3230 -0.9393
vn 0.1190 0.2877 -0.9503
vn -0.8522 0.4716 -0.2268
vn -0.1751 0.4858 0.8564
vn 0.8196 0.5162 0.2486
vn 0.8521 0.0945 -0.5149
vn 0.4487 0.0995 0.8881
vn -0.7685 0.0569 0.6373
vn -0.4516 0.0436 -0.8912
vn 0.3145 0.3164 0.8950
vn 0.9107 0.3560 -0.2095
vn -0.8481 0.5238 0.0802
vn -0.2462 0.3684 -0.8965
vn -0.8953 0.0906 -0.4362
vn 0.5416 0.0440 -0.8395
vn -0.5290 0.1001 0.8427
vn 0.8331 0.0491 0.5510
vn -0.4495 -0.4056 0.7959
vn 0.4498 -0.4042 0.7964
vn -0.9041 -0.4103 0.1198
vn 0.9055 -0.4070 0.1199
vn -0.7812 -0.4135 0.4677
vn 0.7822 -0.4111 0.4682
vn -0.1412 -0.3975 0.9067
vn 0.1412 -0.3970 0.9069
vn -0.1534 -0.0037 0.9882
vn 0.1545 0.0005 0.9880
vn -0.4915 -0.0103 0.8708
vn 0.4926 0.0031 0.8703
vn -0.9910 -0.0230 0.1316
vn 0.9913 0.0053 0.1314
vn -0.8573 -0.0186 0.5145
vn 0.8579 0.0049 0.5137
vn 0.5190 0.7962 0.3109
vn -0.1020 0.7656 0.6351
vn 0.0988 0.7568 0.6461
vn -0.3127 0.7731 0.5519
vn 0.3048 0.7843 0.5403
vn -0.6422 0.7618 0.0850
vn 0.6031 0.7937 0.0800
vn -0.5480 0.7700 0.3270
vn 0.3932 0.6185 0.6804
vn -0.7217 0.6856 0.0957
vn 0.7572 0.6454 0.1006
vn -0.6196 0.6921 0.3704
vn 0.6462 0.6577 0.3871
vn -0.1232 0.6221 0.7732
vn 0.1591 0.4473 0.8801
vn -0.3542 0.6877 0.6338
vn -0.0159 -0.9928 0.1187
vn 0.2126 -0.0621 0.9752
vn -0.4781 -0.0346 0.8776
vn 0.5070 -0.0599 0.8599
vn -0.9905 -0.0385 0.1322
vn 0.9896 -0.0561 0.1321
vn -0.8568 -0.0436 0.5139
vn 0.8561 -0.0589 0.5134
vn 0.7592 -0.4655 0.4549
vn -0.1047 -0.5198 0.8479
vn 0.1608 -0.4559 0.8754
vn -0.4244 -0.4610 0.7794
vn 0.4487 -0.4555 0.7689
vn -0.8912 -0.4379 0.1184
vn 0.8819 -0.4567 0.1171
vn -0.7663 -0.4496 0.4590
vn 0.5026 -0.1048 0.8581
vn -0.9871 -0.0923 0.1307
vn 0.9857 -0.1065 0.1305
vn -0.8539 -0.0967 0.5114
vn 0.8528 -0.1089 0.5107
vn 0.9935 0.0747 0.0864
vn 0.2255 -0.0957 0.9695
vn -0.4931 -0.0980 0.8644
vn 0.1722 0.2768 0.9454
vn -0.4728 0.2510 0.8447
vn 0.4840 0.2555 0.8369
vn -0.9585 0.2552 0.1268
vn 0.9595 0.2514 0.1269
vn -0.8287 0.2588 0.4962
vn 0.8295 0.2555 0.4966
vn -0.1421 0.2757 0.9507
vn -0.1207 0.6295 0.7676
vn 0.1201 0.6364 0.7619
vn -0.3809 0.6262 0.6803
vn 0.3802 0.6335 0.6739
vn -0.7722 0.6273 0.1010
vn 0.7716 0.6279 0.1015
vn -0.6678 0.6294 0.3973
vn 0.6632 0.6350 0.3961
vn -0.5133 0.8560 0.0607
vn 0.5107 0.8573 0.0646
vn -0.5224 0.8165 0.2456
vn 0.4930 0.8333 0.2503
vn -0.0757 0.8561 0.5112
vn 0.0799 0.8590 0.5058
vn -0.3116 0.7762 0.5480
vn 0.3094 0.7944 0.5227
vn -0.0075 0.8875 0.4607
vn 0.7848 0.3705 -0.4968
vn -0.4076 0.4200 0.8109
vn -0.3802 0.9245 0.0266
vn 0.3800 0.9244 0.0325
vn -0.5017 0.8644 -0.0333
vn 0.4975 0.8674 0.0046
vn 0.0209 0.8841 0.4669
vn -0.0011 1.0000 0.0005
vn -0.0803 0.9959 -0.0410
vn 0.0246 0.9969 0.0750
vn 0.0383 0.9981 -0.0491
vn -0.0842 0.9964 -0.0006
vn 0.0808 0.9960 -0.0378
vn -0.0212 0.9969 0.0764
vn -0.0356 0.9984 -0.0430
vn 0.0845 0.9964 0.0002
vn 0.0011 1.0000 0.0004
vn 0.0001 1.0000 -0.0011
vn -0.0001 1.0000 -0.0011
vn -0.0486 -0.8041 0.5925
vn -0.1399 0.4940 0.8581
vn -0.3031 0.0666 0.9506
vn 0.4649 0.0161 0.8852
vn -0.0850 -0.4945 0.8650
vn -0.1162 0.2008 0.9727
vn -0.3383 -0.1023 0.9355
vn 0.5383 -0.0510 0.8412
vn 0.9972 -0.0476 -0.0580
vn -0.0139 0.8309 0.5563
vn 0.9973 -0.0245 0.0686
vn 0.0102 0.9992 0.0379
vn -0.9009 -0.0657 0.4291
vn 0.0499 -0.9941 -0.0967
vn -0.9639 0.0206 0.2653
vn -0.0881 0.2123 0.9732
vn -0.9949 -0.0658 0.0763
vn 0.0569 -0.1443 -0.9879
vn -0.9950 -0.0919 0.0394
vn 0.1378 0.5341 -0.8341
vn 0.9994 -0.0292 -0.0193
vn -0.1604 -0.5235 0.8368
vn -0.0112 0.9995 0.0288
vn 0.0190 0.9992 0.0344
vn -0.6869 0.4815 -0.5444
vn -0.4854 0.4191 -0.7673
vn 0.3966 0.5009 -0.7693
vn 0.7508 0.4775 0.4565
vn 0.5055 0.3393 0.7933
vn -0.8323 0.3709 0.4118
vn 0.6809 0.3975 0.6151
vn 0.3935 0.4531 -0.7999
vn -0.7942 0.1880 -0.5778
vn -0.4790 0.1556 0.8639
vn -0.7119 0.4176 0.5646
vn 0.5453 0.1780 0.8191
vn -0.4482 0.4778 -0.7555
vn 0.8430 0.1910 -0.5028
vn -0.4495 -0.4056 -0.7959
vn 0.4498 -0.4042 -0.7964
vn -0.9041 -0.4103 -0.1198
vn 0.9055 -0.4070 -0.1199
vn -0.7812 -0.4135 -0.4677
vn 0.7822 -0.4111 -0.4682
vn -0.1412 -0.3975 -0.9067
vn 0.1412 -0.3970 -0.9069
vn -0.1534 -0.0037 -0.9882
vn 0.1545 0.0005 -0.9880
vn -0.4915 -0.0103 -0.8708
vn 0.4926 0.0031 -0.8703
vn -0.9910 -0.0230 -0.1316
vn 0.9913 0.0053 -0.1314
vn -0.8573 -0.0186 -0.5145
vn 0.8579 0.0049 -0.5137
vn 0.5190 0.7963 -0.3109
vn -0.1020 0.7656 -0.6351
vn 0.0988 0.7568 -0.6461
vn -0.3127 0.7731 -0.5519
vn 0.3048 0.7843 -0.5403
vn -0.6422 0.7618 -0.0850
vn 0.6031 0.7937 -0.0800
vn -0.5480 0.7700 -0.3270
vn 0.3932 0.6185 -0.6804
vn -0.7217 0.6856 -0.0957
vn 0.7572 0.6454 -0.1006
vn -0.6196 0.6921 -0.3704
vn 0.6462 0.6577 -0.3871
vn -0.1236 0.6176 -0.7768
vn 0.1597 0.4443 -0.8815
vn -0.3549 0.6864 -0.6347
vn -0.0138 -0.9931 -0.1165
vn 0.2171 -0.0664 -0.9739
vn -0.4806 -0.0391 -0.8761
vn 0.5070 -0.0599 -0.8599
vn -0.9905 -0.0385 -0.1322
vn 0.9896 -0.0561 -0.1321
vn -0.8568 -0.0436 -0.5139
vn 0.8561 -0.0590 -0.5134
vn 0.7592 -0.4655 -0.4549
vn -0.1054 -0.5154 -0.8505
vn 0.1634 -0.4547 -0.8755
vn -0.4260 -0.4601 -0.7790
vn 0.4487 -0.4555 -0.7689
vn -0.8912 -0.4379 -0.1184
vn 0.8819 -0.4567 -0.1171
vn -0.7663 -0.4496 -0.4590
vn 0.5026 -0.1048 -0.8581
vn -0.9871 -0.0923 -0.1307
vn 0.9857 -0.1065 -0.1305
vn -0.8539 -0.0967 -0.5114
vn 0.8528 -0.1089 -0.5107
vn 0.9922 0.0812 -0.0941
vn 0.2280 -0.0951 -0.9690
vn -0.4945 -0.0974 -0.8637
vn 0.1723 0.2770 -0.9453
vn -0.4728 0.2512 -0.8446
vn 0.4840 0.2555 -0.8369
vn -0.9585 0.2552 -0.1268
vn 0.9595 0.2514 -0.1269
vn -0.8287 0.2588 -0.4962
vn 0.8295 0.2555 -0.4966
vn -0.1420 0.2762 -0.9505
vn -0.1207 0.6295 -0.7676
vn 0.1201 0.6364 -0.7619
vn -0.3809 0.6262 -0.6803
vn 0.3802 0.6335 -0.6739
vn -0.7722 0.6273 -0.1010
vn 0.7716 0.6279 -0.1015
vn -0.6678 0.6294 -0.3973
vn 0.6632 0.6350 -0.3961
vn -0.5133 0.8560 -0.0607
vn 0.5107 0.8573 -0.0646
vn -0.5224 0.8165 -0.2456
vn 0.4930 0.8333 -0.2503
vn -0.0757 0.8561 -0.5112
vn 0.0799 0.8590 -0.5058
vn -0.3116 0.7762 -0.5480
vn 0.3094 0.7944 -0.5227
vn -0.0075 0.8875 -0.4607
vn 0.7848 0.3705 0.4968
vn -0.4076 0.4200 -0.8109
vn -0.3802 0.9245 -0.0266
vn 0.3800 0.9244 -0.0325
vn -0.5017 0.8644 0.0333
vn 0.4975 0.8674 -0.0046
vn 0.0209 0.8841 -0.4669
vn -0.0011 1.0000 -0.0005
vn -0.0803 0.9959 0.0410
vn 0.0246 0.9969 -0.0750
vn 0.0383 0.9981 0.0491
vn -0.0842 0.9964 0.0006
vn 0.0808 0.9960 0.0378
vn -0.0212 0.9969 -0.0764
vn -0.0356 0.9984 0.0430
vn 0.0845 0.9964 -0.0002
vn 0.0011 1.0000 -0.0004
vn 0.0001 1.0000 0.0011
vn -0.0001 1.0000 0.0011
vn -0.0454 -0.8154 -0.5771
vn -0.1250 0.5907 -0.7972
vn -0.3189 0.0046 -0.9478
vn 0.5137 -0.0256 -0.8576
vn -0.0817 -0.5186 -0.8511
vn -0.1159 0.2056 -0.9717
vn -0.3457 -0.0882 -0.9342
vn 0.5518 -0.0413 -0.8330
vn 0.9969 -0.0474 0.0633
vn -0.0143 0.8302 -0.5573
vn 0.9965 -0.0323 -0.0769
vn 0.0118 0.9993 -0.0351
vn -0.8945 -0.0355 -0.4457
vn 0.0508 -0.9926 0.1101
vn -0.9613 -0.0237 -0.2746
vn -0.0883 0.2114 -0.9734
vn -0.9953 -0.0663 -0.0701
vn 0.0570 -0.1351 0.9892
vn -0.9951 -0.0910 -0.0380
vn 0.1388 0.5232 0.8408
vn 0.9993 -0.0323 0.0174
vn -0.1613 -0.5227 -0.8371
vn -0.0112 0.9995 -0.0288
vn 0.0190 0.9992 -0.0344
vn -0.6869 0.4815 0.5444
vn -0.4854 0.4191 0.7673
vn 0.3966 0.5009 0.7693
vn 0.7508 0.4775 -0.4565
vn 0.5055 0.3393 -0.7933
vn -0.8324 0.3709 -0.4118
vn 0.6809 0.3975 -0.6151
vn 0.3935 0.4531 0.7999
vn -0.7942 0.1880 0.5778
vn -0.4790 0.1556 -0.8639
vn -0.7119 0.4176 -0.5646
vn 0.5453 0.1780 -0.8191
vn -0.4482 0.4778 0.7555
vn 0.8430 0.1910 0.5028
vn 0.2532 0.9305 -0.2646
vn -0.0000 0.9344 -0.3562
vn 0.1108 0.9341 -0.3393
vn -0.2536 0.9303 -0.2649
vn -0.3384 0.9410 -0.0000
vn -0.1109 0.9340 -0.3396
vn -0.3359 0.9358 -0.1072
vn 0.3375 0.9413 -0.0000
vn 0.3352 0.9361 -0.1069
vn 0.6658 0.2768 -0.6928
vn -0.0002 0.2596 -0.9657
vn 0.3025 0.2649 -0.9156
vn -0.6675 0.2699 -0.6940
vn -0.9645 0.2640 -0.0000
vn -0.3031 0.2615 -0.9164
vn -0.9167 0.2680 -0.2964
vn 0.9613 0.2754 -0.0000
vn 0.9139 0.2781 -0.2958
vn 0.6231 -0.4374 -0.6484
vn 0.0003 -0.4414 -0.8973
vn 0.2820 -0.4407 -0.8522
vn -0.6132 -0.4668 -0.6373
vn -0.8839 -0.4677 -0.0000
vn -0.2807 -0.4514 -0.8470
vn -0.8399 -0.4696 -0.2721
vn 0.9065 -0.4221 -0.0000
vn 0.8599 -0.4276 -0.2790
vn 0.3462 -0.8684 -0.3551
vn 0.0117 -0.8383 -0.5451
vn 0.1639 -0.8672 -0.4701
vn -0.3021 -0.9000 -0.3141
vn -0.4035 -0.9150 -0.0000
vn -0.1431 -0.8760 -0.4606
vn -0.4047 -0.9047 -0.1332
vn 0.4997 -0.8662 -0.0000
vn 0.4751 -0.8665 -0.1533
vn 0.6599 -0.2509 -0.7082
vn -0.5885 0.7854 0.1921
vn 0.4496 0.7954 -0.4064
vn -0.6862 -0.1707 -0.7071
vn -0.9896 -0.1437 -0.0000
vn -0.3621 -0.1277 -0.9233
vn -0.9419 -0.1478 -0.3016
vn 0.9624 -0.2717 -0.0000
vn 0.9141 -0.2760 -0.2972
vn 0.6352 0.3908 -0.6662
vn -0.5532 -0.8180 0.1577
vn 0.4265 -0.8288 -0.3622
vn -0.6364 0.4017 -0.6584
vn -0.9219 0.3874 -0.0000
vn -0.3177 0.3781 -0.8695
vn -0.8731 0.3969 -0.2832
vn 0.9277 0.3732 -0.0000
vn 0.8785 0.3835 -0.2848
vn 0.6645 0.2809 -0.6925
vn -0.7705 0.6368 0.0295
vn 0.4228 0.5240 -0.7393
vn -0.6649 0.2922 -0.6874
vn -0.9580 0.2869 -0.0000
vn -0.3321 0.2831 -0.8997
vn -0.9101 0.2912 -0.2948
vn 0.9633 0.2684 -0.0000
vn 0.9150 0.2738 -0.2965
vn 0.6914 -0.0593 -0.7201
vn -0.5881 -0.5560 -0.5874
vn 0.4415 -0.2821 -0.8518
vn -0.6941 -0.0528 -0.7180
vn -0.9987 -0.0513 -0.0000
vn -0.3446 -0.0619 -0.9367
vn -0.9502 -0.0519 -0.3073
vn 0.9982 -0.0607 -0.0000
vn 0.9497 -0.0608 -0.3072
vn 0.6152 -0.4593 -0.6407
vn -0.0005 -0.4585 -0.8887
vn 0.2787 -0.4463 -0.8504
vn -0.6156 -0.4611 -0.6391
vn -0.8910 -0.4539 -0.0000
vn -0.2864 -0.4616 -0.8396
vn -0.8456 -0.4587 -0.2730
vn 0.8456 -0.4589 -0.2728
vn 0.4609 -0.7540 -0.4681
vn -0.0006 -0.7866 -0.6174
vn 0.1969 -0.7747 -0.6009
vn -0.4483 -0.7687 -0.4561
vn -0.6390 -0.7692 -0.0000
vn -0.1978 -0.7805 -0.5931
vn -0.6054 -0.7721 -0.1933
vn 0.6393 -0.7690 -0.0000
vn 0.6135 -0.7664 -0.1904
vn 0.7333 -0.5962 -0.3269
vn -0.0034 -0.8818 -0.4717
vn 0.0538 -0.6982 -0.7139
vn -0.7118 -0.6237 -0.3232
vn -0.4478 -0.8942 -0.0000
vn -0.0700 -0.7189 -0.6915
vn -0.4558 -0.8832 -0.1107
vn 0.4479 -0.8941 -0.0000
vn 0.4658 -0.8800 -0.0928
vn 0.0045 -0.9999 0.0092
vn -0.0001 -0.9999 -0.0110
vn -0.0132 -0.9999 -0.0095
vn -0.0045 -1.0000 0.0087
vn -0.0111 -0.9999 -0.0000
vn 0.0124 -0.9999 -0.0104
vn -0.0182 -0.9998 0.0016
vn 0.0111 -0.9999 -0.0000
vn 0.0181 -0.9998 0.0020
vn 0.2423 -0.9702 -0.0039
vn 0.2541 -0.8336 0.4904
vn 0.2353 -0.9719 -0.0000
vn -0.3242 -0.9334 -0.1537
vn -0.0035 -0.9646 -0.2639
vn -0.2432 -0.9699 -0.0132
vn -0.2681 -0.8419 0.4683
vn -0.2356 -0.9719 -0.0000
vn 0.3095 -0.9368 -0.1631
vn -0.0000 -1.0000 -0.0000
vn 0.7051 -0.1086 -0.7007
vn -0.0626 0.0465 -0.9970
vn 0.2383 0.3079 -0.9211
vn -0.0297 0.3003 -0.9534
vn 0.2973 0.3271 -0.8970
vn -0.1023 0.3772 -0.9204
vn 0.3093 -0.0794 -0.9476
vn -0.0685 -0.1275 -0.9895
vn 0.5785 0.7293 -0.3653
vn -0.5002 0.7646 -0.4064
vn 0.6150 -0.7368 0.2810
vn -0.6882 -0.6803 0.2522
vn 0.6881 0.5160 0.5102
vn -0.7113 0.4647 0.5273
vn 0.5742 -0.4754 -0.6666
vn -0.5623 -0.5319 -0.6332
vn 0.5565 -0.0764 0.8273
vn -0.5907 -0.0846 0.8024
vn 0.5953 0.1267 -0.7935
vn -0.5452 0.1064 -0.8315
vn 0.4359 -0.8870 -0.1521
vn -0.0879 -0.8698 -0.4856
vn -0.5681 -0.8081 -0.1557
vn 0.1312 -0.8129 -0.5674
vn 0.1033 -0.9005 0.4224
vn -0.4006 -0.9110 0.0984
vn -0.1557 -0.8474 0.5076
vn 0.5308 -0.8410 0.1043
vn -0.2282 -0.0892 -0.9695
vn 0.9676 -0.0774 -0.2405
vn 0.1949 -0.1008 0.9756
vn -0.9477 -0.1152 0.2976
vn -0.2320 -0.0833 0.9691
vn -0.9756 -0.0571 -0.2119
vn 0.9630 -0.0854 0.2556
vn 0.2577 -0.0806 -0.9629
vn 0.2532 0.9305 0.2646
vn -0.0000 0.9344 0.3562
vn 0.1108 0.9341 0.3393
vn -0.2536 0.9303 0.2649
vn -0.1109 0.9340 0.3396
vn -0.3359 0.9358 0.1072
vn 0.3352 0.9361 0.1069
vn 0.6658 0.2768 0.6928
vn -0.0002 0.2596 0.9657
vn 0.3025 0.2649 0.9156
vn -0.6675 0.2699 0.6940
vn -0.3031 0.2615 0.9164
vn -0.9167 0.2680 0.2964
vn 0.9139 0.2781 0.2958
vn 0.6231 -0.4374 0.6484
vn 0.0003 -0.4414 0.8973
vn 0.2820 -0.4407 0.8522
vn -0.6132 -0.4668 0.6373
vn -0.2807 -0.4514 0.8470
vn -0.8399 -0.4697 0.2721
vn 0.8599 -0.4276 0.2790
vn 0.3460 -0.8685 0.3549
vn 0.0114 -0.8419 0.5395
vn 0.1634 -0.8683 0.4683
vn -0.3021 -0.9000 0.3141
vn -0.1407 -0.8808 0.4521
vn -0.4047 -0.9047 0.1332
vn 0.4750 -0.8665 0.1533
vn 0.6600 -0.2507 0.7082
vn -0.5899 0.7924 -0.1553
vn 0.4217 0.8185 0.3902
vn -0.6862 -0.1707 0.7071
vn -0.3624 -0.1273 0.9233
vn -0.9419 -0.1478 0.3016
vn 0.9141 -0.2760 0.2972
vn 0.6355 0.3906 0.6660
vn -0.5559 -0.8288 -0.0644
vn 0.4521 -0.7934 0.4076
vn -0.6364 0.4017 0.6584
vn -0.3182 0.3779 0.8694
vn -0.8731 0.3969 0.2832
vn 0.8785 0.3835 0.2848
vn 0.6647 0.2809 0.6923
vn -0.7682 0.6397 0.0256
vn 0.4332 0.5092 0.7437
vn -0.6649 0.2922 0.6874
vn -0.3324 0.2832 0.8996
vn -0.9101 0.2912 0.2948
vn 0.9150 0.2738 0.2965
vn 0.6914 -0.0594 0.7200
vn -0.5716 -0.5618 0.5980
vn 0.4291 -0.3025 0.8511
vn -0.6941 -0.0528 0.7180
vn -0.3447 -0.0620 0.9366
vn -0.9502 -0.0519 0.3073
vn 0.9497 -0.0608 0.3072
vn 0.6152 -0.4593 0.6407
vn -0.0005 -0.4586 0.8887
vn 0.2787 -0.4464 0.8504
vn -0.6156 -0.4611 0.6391
vn -0.2864 -0.4616 0.8396
vn -0.8456 -0.4587 0.2730
vn 0.8456 -0.4589 0.2728
vn 0.4609 -0.7540 0.4681
vn -0.0006 -0.7866 0.6174
vn 0.1969 -0.7747 0.6009
vn -0.4483 -0.7687 0.4561
vn -0.1978 -0.7805 0.5931
vn -0.6054 -0.7721 0.1933
vn 0.6135 -0.7664 0.1904
vn 0.7333 -0.5962 0.3269
vn -0.0034 -0.8818 0.4717
vn 0.0538 -0.6982 0.7139
vn -0.7118 -0.6237 0.3232
vn -0.0700 -0.7189 0.6915
vn -0.4558 -0.8832 0.1107
vn 0.4658 -0.8800 0.0928
vn 0.0045 -0.9999 -0.0092
vn -0.0001 -0.9999 0.0110
vn -0.0132 -0.9999 0.0095
vn -0.0045 -1.0000 -0.0087
vn 0.0124 -0.9999 0.0104
vn -0.0182 -0.9998 -0.0016
vn 0.0181 -0.9998 -0.0020
vn 0.2423 -0.9702 0.0039
vn 0.2541 -0.8336 -0.4904
vn -0.3242 -0.9334 0.1537
vn -0.0035 -0.9646 0.2639
vn -0.2432 -0.9699 0.0132
vn -0.2680 -0.8419 -0.4683
vn 0.3095 -0.9368 0.1631
vn 0.5460 0.6973 0.4644
vn -0.0915 0.1078 0.9900
vn 0.2503 0.3021 0.9198
vn -0.0680 0.2700 0.9605
vn 0.3027 0.3314 0.8936
vn -0.1136 0.3884 0.9145
vn 0.3102 -0.0826 0.9471
vn -0.0697 -0.1303 0.9890
vn 0.5703 0.7337 0.3694
vn -0.4920 0.7681 0.4098
vn 0.6131 -0.7352 -0.2892
vn -0.6888 -0.6774 -0.2581
vn 0.6781 0.5101 -0.5291
vn -0.7025 0.4602 -0.5429
vn 0.5652 -0.4776 0.6727
vn -0.5555 -0.5328 0.6384
vn 0.5541 -0.0761 -0.8289
vn -0.5893 -0.0841 -0.8035
vn 0.5945 0.1266 0.7941
vn -0.5440 0.1063 0.8323
vn 0.4359 -0.8870 0.1521
vn -0.0879 -0.8698 0.4856
vn -0.5681 -0.8081 0.1557
vn 0.1312 -0.8129 0.5674
vn 0.1033 -0.9005 -0.4224
vn -0.4006 -0.9110 -0.0984
vn -0.1557 -0.8474 -0.5076
vn 0.5308 -0.8410 -0.1043
vn -0.2282 -0.0892 0.9695
vn 0.9676 -0.0774 0.2405
vn 0.1949 -0.1008 -0.9756
vn -0.9477 -0.1152 -0.2976
vn -0.2320 -0.0833 -0.9691
vn -0.9756 -0.0571 0.2119
vn 0.9630 -0.0854 -0.2556
vn 0.2577 -0.0806 0.9629
vn 0.3078 0.9336 -0.1834
vn 0.0544 0.9341 -0.3529
vn 0.1762 0.9325 -0.3152
vn 0.3417 0.9388 -0.0444
vn -0.3084 0.9334 -0.1837
vn -0.0544 0.9340 -0.3530
vn -0.1764 0.9324 -0.3155
vn -0.3425 0.9385 -0.0445
vn 0.8236 0.2789 -0.4939
vn 0.1484 0.2613 -0.9538
vn 0.4738 0.2707 -0.8380
vn 0.9527 0.2763 -0.1267
vn -0.8258 0.2703 -0.4949
vn -0.1488 0.2596 -0.9542
vn -0.4748 0.2655 -0.8391
vn -0.9558 0.2652 -0.1269
vn 0.6323 0.4096 -0.6577
vn 0.2880 0.3980 -0.8710
vn -0.2882 0.3969 -0.8714
vn -0.6329 0.4075 -0.6583
vn 0.9134 0.4071 -0.0000
vn 0.8678 0.4100 -0.2807
vn -0.8691 0.4069 -0.2811
vn -0.9150 0.4035 -0.0000
vn -0.0000 0.3942 -0.9190
vn 0.7727 -0.4333 -0.4639
vn 0.1385 -0.4409 -0.8868
vn 0.4423 -0.4397 -0.7817
vn 0.8981 -0.4232 -0.1198
vn -0.7568 -0.4704 -0.4539
vn -0.1381 -0.4445 -0.8851
vn -0.4379 -0.4598 -0.7726
vn -0.8760 -0.4679 -0.1167
vn 0.3136 -0.0093 -0.9495
vn -0.0004 -0.0143 -0.9999
vn -0.3144 -0.0179 -0.9491
vn 0.6926 -0.0012 -0.7213
vn -0.6933 -0.0204 -0.7204
vn 1.0000 0.0075 -0.0000
vn 0.9512 0.0054 -0.3084
vn -0.9512 -0.0219 -0.3078
vn -0.9998 -0.0221 -0.0000
vn 0.4269 -0.8679 -0.2541
vn 0.0878 -0.8616 -0.4999
vn 0.2494 -0.8676 -0.4301
vn 0.4957 -0.8660 -0.0660
vn -0.3724 -0.9003 -0.2252
vn -0.0777 -0.7975 -0.5983
vn -0.2119 -0.9021 -0.3760
vn -0.4084 -0.9111 -0.0555
vn -0.4335 -0.7799 -0.4514
vn -0.5924 -0.7825 -0.1919
vn 0.6635 -0.7482 -0.0000
vn -0.6244 -0.7811 -0.0000
vn 0.2059 -0.7582 -0.6187
vn 0.0034 -0.7457 -0.6663
vn -0.2046 -0.7585 -0.6187
vn 0.4519 -0.7590 -0.4688
vn 0.6270 -0.7522 -0.2026
vn 0.8225 -0.2729 -0.4990
vn 0.1427 0.8490 0.5087
vn 0.4398 -0.2804 -0.8532
vn 0.9536 -0.2731 -0.1272
vn -0.8488 -0.1575 -0.5048
vn -0.2253 -0.0364 -0.9736
vn -0.5043 -0.1672 -0.8472
vn -0.9811 -0.1440 -0.1293
vn -0.2505 -0.6501 -0.7174
vn -0.5075 -0.6819 -0.5268
vn 0.7219 -0.6920 -0.0000
vn 0.6830 -0.6964 -0.2206
vn -0.7014 -0.6741 -0.2314
vn -0.7291 -0.6844 -0.0000
vn 0.5087 -0.6879 -0.5177
vn 0.2281 -0.7408 -0.6319
vn -0.1848 -0.9470 0.2628
vn 0.7895 0.3906 -0.4734
vn 0.1005 0.4615 -0.8814
vn 0.4358 0.3671 -0.8218
vn 0.9183 0.3765 -0.1226
vn -0.7850 0.4024 -0.4710
vn -0.1701 0.3474 -0.9221
vn -0.4654 0.3913 -0.7939
vn -0.9125 0.3906 -0.1219
vn 0.3364 0.0113 -0.9417
vn -0.0988 0.0353 -0.9945
vn -0.3547 0.0609 -0.9330
vn 0.6894 0.0465 -0.7229
vn -0.6942 0.0559 -0.7176
vn 0.9993 0.0386 -0.0000
vn 0.9503 0.0416 -0.3086
vn -0.9497 0.0549 -0.3083
vn -0.9986 0.0526 -0.0000
vn 0.8237 0.2781 -0.4942
vn 0.1082 0.4508 -0.8860
vn 0.4699 0.2887 -0.8342
vn 0.9545 0.2699 -0.1271
vn -0.8198 0.2936 -0.4917
vn -0.2026 0.2943 -0.9340
vn -0.4845 0.2866 -0.8265
vn -0.9492 0.2881 -0.1264
vn -0.6154 0.4648 -0.6366
vn -0.8434 0.4625 -0.2733
vn 0.8996 0.4366 -0.0000
vn -0.8901 0.4557 -0.0000
vn 0.2537 0.4951 -0.8310
vn -0.0233 0.5011 -0.8651
vn -0.3029 0.4500 -0.8401
vn 0.6157 0.4538 -0.6442
vn 0.8521 0.4446 -0.2761
vn 0.8561 -0.0603 -0.5133
vn 0.1328 -0.1618 -0.9778
vn 0.4896 -0.0612 -0.8698
vn 0.9895 -0.0608 -0.1314
vn -0.8566 -0.0524 -0.5134
vn -0.2068 -0.0811 -0.9750
vn -0.5038 -0.0547 -0.8621
vn -0.9900 -0.0515 -0.1314
vn -0.3480 0.1010 -0.9321
vn -0.6912 0.1083 -0.7145
vn 0.9958 0.0918 -0.0000
vn 0.9472 0.0945 -0.3065
vn -0.9459 0.1081 -0.3060
vn -0.9943 0.1062 -0.0000
vn 0.6896 0.0985 -0.7175
vn 0.3566 0.0987 -0.9290
vn -0.2081 0.0837 -0.9745
vn 0.7612 -0.4613 -0.4558
vn 0.1375 -0.4492 -0.8828
vn 0.4374 -0.4517 -0.7776
vn 0.8824 -0.4558 -0.1167
vn -0.7610 -0.4617 -0.4558
vn -0.1425 -0.4645 -0.8740
vn -0.4411 -0.4586 -0.7715
vn -0.8827 -0.4552 -0.1168
vn -0.0169 -0.2848 -0.9584
vn -0.3229 -0.2634 -0.9091
vn 0.6692 -0.2569 -0.6973
vn 0.3007 -0.2560 -0.9187
vn -0.6715 -0.2554 -0.6956
vn 0.9671 -0.2545 -0.0000
vn 0.9195 -0.2573 -0.2973
vn -0.9204 -0.2537 -0.2975
vn -0.9681 -0.2506 -0.0000
vn 0.5635 -0.7597 -0.3244
vn 0.0989 -0.7837 -0.6132
vn 0.3186 -0.7601 -0.5663
vn 0.6346 -0.7686 -0.0810
vn -0.5482 -0.7719 -0.3221
vn -0.1002 -0.7864 -0.6096
vn -0.3153 -0.7710 -0.5533
vn -0.6327 -0.7700 -0.0827
vn 0.7795 -0.6265 -0.0000
vn -0.7794 -0.6265 -0.0000
vn 0.2424 -0.6272 -0.7402
vn 0.0009 -0.6331 -0.7741
vn -0.2433 -0.6355 -0.7327
vn 0.5396 -0.6275 -0.5614
vn -0.5358 -0.6346 -0.5570
vn 0.7406 -0.6287 -0.2371
vn -0.7381 -0.6315 -0.2378
vn 0.5537 -0.8219 -0.1337
vn 0.0407 -0.8570 -0.5136
vn 0.4267 -0.5480 -0.7194
vn 0.4497 -0.8921 -0.0442
vn -0.5254 -0.8355 -0.1611
vn -0.0496 -0.8613 -0.5057
vn -0.4395 -0.5813 -0.6848
vn -0.4478 -0.8927 -0.0503
vn 0.5159 -0.8566 -0.0000
vn 0.5102 -0.8483 -0.1416
vn -0.4979 -0.8540 -0.1508
vn -0.5155 -0.8569 -0.0000
vn 0.4749 -0.7756 -0.4157
vn -0.4502 -0.7999 -0.3968
vn 0.1590 -0.8217 -0.5472
vn -0.0018 -0.8673 -0.4979
vn -0.1637 -0.8299 -0.5333
vn 0.2719 -0.9586 0.0847
vn -0.0488 -0.9643 -0.2604
vn -0.1899 -0.9254 0.3279
vn 0.2360 -0.9717 -0.0100
vn -0.2759 -0.9588 0.0681
vn 0.0383 -0.9649 -0.2600
vn 0.1879 -0.9363 0.2968
vn -0.2366 -0.9715 -0.0131
vn -0.0047 -0.9034 -0.4287
vn 0.2513 -0.7862 -0.5646
vn 0.7512 -0.6000 0.2752
vn -0.2648 -0.7692 -0.5815
vn -0.7592 -0.6111 0.2242
vn 0.3766 -0.9264 -0.0000
vn 0.4003 -0.9156 -0.0378
vn -0.3977 -0.9158 -0.0565
vn -0.3767 -0.9263 -0.0000
vn 0.0093 -0.9999 0.0044
vn -0.0040 -0.9999 -0.0104
vn -0.0044 -1.0000 0.0035
vn 0.0118 -0.9999 0.0024
vn -0.0093 -0.9999 0.0040
vn 0.0037 -0.9999 -0.0106
vn 0.0041 -1.0000 0.0029
vn -0.0119 -0.9999 0.0024
vn 0.0587 -0.9930 0.1024
vn 0.0863 -0.9963 0.0020
vn 0.0838 -0.9965 -0.0000
vn -0.0012 -0.9963 -0.0858
vn -0.0612 -0.9971 -0.0457
vn -0.0868 -0.9962 -0.0003
vn -0.0600 -0.9933 0.0984
vn -0.0839 -0.9965 -0.0000
vn 0.0568 -0.9971 -0.0504
vn -0.0000 -1.0000 -0.0003
vn -0.0007 -1.0000 0.0004
vn 0.0007 -1.0000 0.0004
vn -0.0437 0.9979 0.0472
vn -0.0122 -0.9948 0.1013
vn 0.7015 -0.1050 -0.7049
vn -0.9785 0.0199 0.2051
vn -0.3611 0.4530 0.8151
vn 0.2917 0.3216 -0.9008
vn 0.2817 -0.1142 -0.9527
vn -0.3865 -0.1615 0.9080
vn -0.0112 0.8259 -0.5637
vn 0.0733 -0.5710 -0.8177
vn 0.5683 0.1176 -0.8144
vn -0.9975 0.0587 0.0399
vn -0.2540 0.5046 -0.8252
vn 0.2722 0.3034 -0.9132
vn 0.2717 -0.0673 -0.9600
vn -0.1523 -0.1894 -0.9700
vn 0.0726 0.8922 -0.4458
vn -0.0860 -0.9268 0.3655
vn 0.9910 0.1023 -0.0868
vn -0.9876 0.1151 -0.1066
vn -0.0413 0.6474 0.7610
vn 0.0264 -0.6418 -0.7664
vn 0.9774 -0.0169 -0.2106
vn -0.9891 -0.0713 -0.1287
vn -0.6052 -0.7048 -0.3700
vn -0.7498 0.6501 0.1227
vn -0.5579 0.8241 -0.0979
vn 0.5637 0.8019 -0.1981
vn 0.5685 -0.5847 -0.5787
vn -0.6075 -0.7932 -0.0422
vn 0.5581 -0.8181 -0.1389
vn 0.6420 0.7534 -0.1418
vn -0.0723 -0.1136 0.9909
vn 0.0978 0.1255 -0.9873
vn 0.9977 0.0549 -0.0389
vn -0.9994 0.0153 0.0309
vn -0.5505 -0.1727 -0.8168
vn -0.5978 0.1237 0.7921
vn 0.5750 -0.1439 -0.8054
vn 0.5882 0.1239 0.7992
vn 0.5892 0.4535 -0.6687
vn 0.5762 -0.3988 0.7134
vn -0.6573 -0.3895 0.6452
vn -0.4948 0.4567 -0.7393
vn 0.2020 -0.8931 -0.4019
vn -0.2808 -0.8487 -0.4481
vn -0.1661 -0.9321 0.3219
vn 0.2384 -0.8970 0.3723
vn 0.4205 -0.8706 -0.2553
vn 0.3214 -0.9227 0.2129
vn -0.3169 -0.9188 -0.2353
vn -0.4348 -0.8711 0.2283
vn -0.2113 -0.4386 -0.8735
vn 0.9616 -0.1202 -0.2467
vn -0.2161 -0.4219 0.8805
vn -0.9647 -0.1350 -0.2259
vn 0.2812 -0.2540 0.9254
vn 0.8832 -0.4109 0.2260
vn -0.8695 -0.4786 0.1218
vn 0.1092 -0.2899 -0.9508
vn -0.1162 -0.2608 -0.9584
vn 0.8558 -0.4668 -0.2228
vn 0.1768 -0.4867 0.8555
vn -0.8234 -0.5112 0.2464
vn -0.8535 -0.1090 -0.5096
vn -0.4626 -0.1110 0.8796
vn 0.7868 -0.0880 0.6109
vn 0.4687 -0.0701 -0.8805
vn -0.3333 -0.2486 0.9095
vn -0.9058 -0.3691 -0.2083
vn 0.8701 -0.4860 0.0823
vn 0.2441 -0.3772 -0.8934
vn 0.8871 -0.0854 -0.4535
vn -0.5352 -0.0614 -0.8425
vn 0.5245 -0.0888 0.8468
vn -0.8360 -0.0674 0.5446
vn 0.3078 0.9336 0.1834
vn 0.0544 0.9341 0.3529
vn 0.1762 0.9325 0.3152
vn 0.3417 0.9388 0.0444
vn -0.3084 0.9334 0.1837
vn -0.0544 0.9340 0.3530
vn -0.1764 0.9324 0.3155
vn -0.3425 0.9385 0.0445
vn 0.8236 0.2789 0.4939
vn 0.1484 0.2613 0.9538
vn 0.4738 0.2707 0.8380
vn 0.9527 0.2763 0.1267
vn -0.8258 0.2703 0.4949
vn -0.1488 0.2596 0.9542
vn -0.4748 0.2656 0.8391
vn -0.9558 0.2652 0.1269
vn 0.6323 0.4096 0.6577
vn 0.2880 0.3980 0.8710
vn -0.2882 0.3969 0.8714
vn -0.6329 0.4075 0.6583
vn 0.8678 0.4100 0.2807
vn -0.8691 0.4069 0.2811
vn -0.0000 0.3942 0.9190
vn 0.7727 -0.4333 0.4639
vn 0.1385 -0.4409 0.8868
vn 0.4423 -0.4397 0.7817
vn 0.8981 -0.4232 0.1198
vn -0.7568 -0.4704 0.4539
vn -0.1381 -0.4445 0.8851
vn -0.4379 -0.4598 0.7726
vn -0.8760 -0.4679 0.1167
vn 0.3136 -0.0093 0.9495
vn -0.0004 -0.0143 0.9999
vn -0.3144 -0.0179 0.9491
vn 0.6926 -0.0012 0.7213
vn -0.6933 -0.0204 0.7204
vn 0.9512 0.0054 0.3084
vn -0.9512 -0.0219 0.3078
vn 0.4269 -0.8679 0.2541
vn 0.0871 -0.8637 0.4964
vn 0.2490 -0.8681 0.4293
vn 0.4957 -0.8660 0.0660
vn -0.3724 -0.9003 0.2252
vn -0.0771 -0.8028 0.5913
vn -0.2118 -0.9022 0.3758
vn -0.4084 -0.9111 0.0555
vn -0.4335 -0.7799 0.4514
vn -0.5924 -0.7825 0.1919
vn 0.2059 -0.7582 0.6187
vn 0.0034 -0.7457 0.6663
vn -0.2046 -0.7585 0.6187
vn 0.4519 -0.7590 0.4688
vn 0.6271 -0.7522 0.2026
vn 0.8225 -0.2730 0.4989
vn 0.1133 0.8581 -0.5009
vn 0.4407 -0.2783 0.8534
vn 0.9536 -0.2731 0.1272
vn -0.8488 -0.1575 0.5048
vn -0.2276 -0.0275 0.9734
vn -0.5043 -0.1673 0.8472
vn -0.9811 -0.1440 0.1293
vn -0.2501 -0.6522 0.7156
vn -0.5075 -0.6819 0.5268
vn 0.6830 -0.6964 0.2206
vn -0.7014 -0.6741 0.2314
vn 0.5086 -0.6882 0.5174
vn 0.2278 -0.7417 0.6309
vn -0.1721 -0.9410 -0.2913
vn 0.7895 0.3906 0.4734
vn 0.1237 0.3514 0.9280
vn 0.4388 0.3653 0.8210
vn 0.9183 0.3765 0.1226
vn -0.7850 0.4024 0.4710
vn -0.1752 0.3452 0.9220
vn -0.4654 0.3913 0.7939
vn -0.9125 0.3906 0.1219
vn 0.3437 0.0287 0.9386
vn -0.1233 0.0485 0.9912
vn -0.3552 0.0612 0.9328
vn 0.6896 0.0466 0.7226
vn -0.6942 0.0559 0.7176
vn 0.9503 0.0416 0.3086
vn -0.9497 0.0549 0.3083
vn 0.8237 0.2781 0.4942
vn 0.1076 0.4663 0.8780
vn 0.4714 0.2893 0.8331
vn 0.9545 0.2699 0.1271
vn -0.8198 0.2936 0.4917
vn -0.2053 0.2951 0.9332
vn -0.4845 0.2866 0.8265
vn -0.9492 0.2881 0.1264
vn -0.6154 0.4648 0.6366
vn -0.8434 0.4625 0.2733
vn 0.2566 0.4929 0.8314
vn -0.0262 0.4998 0.8658
vn -0.3032 0.4499 0.8400
vn 0.6159 0.4537 0.6441
vn 0.8521 0.4446 0.2761
vn 0.8561 -0.0603 0.5133
vn 0.1327 -0.1643 0.9774
vn 0.4902 -0.0619 0.8694
vn 0.9895 -0.0608 0.1314
vn -0.8566 -0.0524 0.5134
vn -0.2078 -0.0820 0.9747
vn -0.5038 -0.0547 0.8621
vn -0.9900 -0.0515 0.1314
vn -0.3482 0.1009 0.9320
vn -0.6912 0.1083 0.7145
vn 0.9472 0.0945 0.3065
vn -0.9459 0.1081 0.3060
vn 0.6897 0.0985 0.7173
vn 0.3618 0.0954 0.9273
vn -0.2204 0.0813 0.9720
vn 0.7612 -0.4613 0.4558
vn 0.1375 -0.4492 0.8828
vn 0.4374 -0.4517 0.7776
vn 0.8824 -0.4558 0.1167
vn -0.7610 -0.4617 0.4558
vn -0.1425 -0.4645 0.8740
vn -0.4411 -0.4586 0.7715
vn -0.8827 -0.4552 0.1168
vn -0.0169 -0.2853 0.9583
vn -0.3229 -0.2634 0.9090
vn 0.6692 -0.2570 0.6972
vn 0.3007 -0.2565 0.9186
vn -0.6715 -0.2554 0.6956
vn 0.9195 -0.2573 0.2973
vn -0.9204 -0.2537 0.2975
vn 0.5635 -0.7597 0.3244
vn 0.0989 -0.7837 0.6132
vn 0.3186 -0.7601 0.5663
vn 0.6346 -0.7686 0.0810
vn -0.5482 -0.7719 0.3221
vn -0.1002 -0.7864 0.6096
vn -0.3153 -0.7710 0.5533
vn -0.6327 -0.7700 0.0827
vn 0.2424 -0.6272 0.7402
vn 0.0009 -0.6331 0.7741
vn -0.2433 -0.6355 0.7327
vn 0.5396 -0.6275 0.5614
vn -0.5358 -0.6346 0.5570
vn 0.7406 -0.6287 0.2371
vn -0.7381 -0.6315 0.2378
vn 0.5537 -0.8219 0.1337
vn 0.0407 -0.8570 0.5136
vn 0.4267 -0.5480 0.7194
vn 0.4497 -0.8921 0.0442
vn -0.5254 -0.8355 0.1611
vn -0.0496 -0.8613 0.5057
vn -0.4395 -0.5813 0.6848
vn -0.4478 -0.8927 0.0503
vn 0.5102 -0.8483 0.1416
vn -0.4979 -0.8540 0.1508
vn 0.4749 -0.7756 0.4157
vn -0.4502 -0.7999 0.3968
vn 0.1590 -0.8217 0.5472
vn -0.0018 -0.8673 0.4979
vn -0.1637 -0.8299 0.5333
vn 0.2719 -0.9586 -0.0847
vn -0.0488 -0.9643 0.2604
vn -0.1899 -0.9254 -0.3279
vn 0.2360 -0.9717 0.0100
vn -0.2759 -0.9588 -0.0681
vn 0.0383 -0.9649 0.2600
vn 0.1879 -0.9363 -0.2968
vn -0.2366 -0.9715 0.0131
vn -0.0047 -0.9034 0.4287
vn 0.2513 -0.7862 0.5646
vn 0.7512 -0.6000 -0.2752
vn -0.2648 -0.7692 0.5815
vn -0.7592 -0.6111 -0.2242
vn 0.4003 -0.9156 0.0378
vn -0.3977 -0.9158 0.0565
vn 0.0093 -0.9999 -0.0044
vn -0.0040 -0.9999 0.0104
vn -0.0044 -1.0000 -0.0035
vn 0.0118 -0.9999 -0.0024
vn -0.0093 -0.9999 -0.0040
vn 0.0037 -0.9999 0.0106
vn 0.0041 -1.0000 -0.0029
vn -0.0119 -0.9999 -0.0024
vn 0.0587 -0.9930 -0.1024
vn 0.0863 -0.9963 -0.0020
vn -0.0012 -0.9963 0.0858
vn -0.0612 -0.9971 0.0457
vn -0.0868 -0.9962 0.0003
vn -0.0600 -0.9933 -0.0984
vn 0.0568 -0.9971 0.0504
vn -0.0000 -1.0000 0.0003
vn -0.0007 -1.0000 -0.0004
vn 0.0007 -1.0000 -0.0004
vn -0.0476 0.9983 -0.0346
vn -0.0003 -0.9998 0.0184
vn 0.7078 -0.0055 0.7064
vn -0.9902 0.0046 -0.1394
vn -0.3816 0.4676 -0.7973
vn 0.2913 0.4595 0.8391
vn 0.3012 -0.1816 0.9361
vn -0.3817 -0.4832 -0.7879
vn -0.0126 0.8302 0.5573
vn 0.0739 -0.5721 0.8168
vn 0.5679 0.0853 0.8186
vn -0.9984 0.0533 0.0164
vn -0.2880 0.5223 0.8027
vn 0.2839 0.3084 0.9079
vn 0.2706 -0.0789 0.9595
vn -0.1512 -0.1951 0.9691
vn 0.0725 0.8925 0.4452
vn -0.0892 -0.9213 -0.3785
vn 0.9893 0.1124 0.0935
vn -0.9857 0.1238 0.1143
vn -0.0411 0.6281 -0.7770
vn 0.0261 -0.6407 0.7673
vn 0.9760 -0.0189 0.2170
vn -0.9887 -0.0713 0.1318
vn -0.5976 -0.7084 0.3755
vn -0.7530 0.6459 -0.1258
vn -0.5524 0.8277 0.0989
vn 0.5460 0.8135 0.2004
vn 0.5522 -0.5954 0.5836
vn -0.6119 -0.7897 0.0441
vn 0.5728 -0.8069 0.1442
vn 0.6541 0.7412 0.1511
vn -0.0728 -0.1136 -0.9909
vn 0.0981 0.1254 0.9872
vn 0.9978 0.0551 0.0373
vn -0.9994 0.0155 -0.0314
vn -0.5469 -0.1717 0.8194
vn -0.5927 0.1172 -0.7969
vn 0.5712 -0.1429 0.8083
vn 0.5826 0.1168 -0.8043
vn 0.5850 0.4541 0.6720
vn 0.5675 -0.3923 -0.7239
vn -0.6527 -0.3831 -0.6537
vn -0.4889 0.4574 0.7428
vn 0.2020 -0.8931 0.4019
vn -0.2808 -0.8487 0.4481
vn -0.1661 -0.9321 -0.3219
vn 0.2384 -0.8970 -0.3723
vn 0.4205 -0.8706 0.2553
vn 0.3214 -0.9227 -0.2129
vn -0.3169 -0.9188 0.2353
vn -0.4348 -0.8711 -0.2283
vn -0.2113 -0.4386 0.8735
vn 0.9616 -0.1202 0.2467
vn -0.2161 -0.4219 -0.8805
vn -0.9647 -0.1350 0.2259
vn 0.2812 -0.2540 -0.9254
vn 0.8832 -0.4109 -0.2260
vn -0.8695 -0.4786 -0.1218
vn 0.1092 -0.2899 0.9508
vn -0.1162 -0.2608 0.9584
vn 0.8558 -0.4668 0.2228
vn 0.1768 -0.4867 -0.8555
vn -0.8234 -0.5112 -0.2464
vn -0.8535 -0.1090 0.5096
vn -0.4626 -0.1110 -0.8796
vn 0.7868 -0.0880 -0.6109
vn 0.4687 -0.0701 0.8805
vn -0.3333 -0.2486 -0.9095
vn -0.9058 -0.3691 0.2083
vn 0.8701 -0.4860 -0.0823
vn 0.2441 -0.3772 0.8934
vn 0.8871 -0.0854 0.4535
vn -0.5352 -0.0614 0.8425
vn 0.5245 -0.0888 -0.8468
vn -0.8360 -0.0674 -0.5446
vn 0.4506 0.4034 -0.7964
vn -0.4509 0.4018 -0.7970
vn 0.9050 0.4081 -0.1203
vn -0.9065 0.4047 -0.1205
vn 0.7818 0.4112 -0.4687
vn -0.7828 0.4086 -0.4692
vn 0.1414 0.3952 -0.9076
vn -0.1415 0.3947 -0.9078
vn 0.1536 -0.0121 -0.9881
vn -0.1544 -0.0163 -0.9879
vn 0.4921 -0.0055 -0.8705
vn -0.4929 -0.0193 -0.8699
vn 0.9912 0.0070 -0.1321
vn -0.9910 -0.0221 -0.1317
vn 0.8573 0.0027 -0.5149
vn -0.8575 -0.0213 -0.5140
vn -0.5334 -0.7830 -0.3200
vn 0.1041 -0.7529 -0.6499
vn -0.1007 -0.7462 -0.6580
vn 0.3209 -0.7595 -0.5659
vn -0.3131 -0.7716 -0.5537
vn 0.6568 -0.7490 -0.0874
vn -0.6187 -0.7813 -0.0825
vn 0.5614 -0.7563 -0.3358
vn -0.3623 -0.6881 -0.6287
vn 0.7137 -0.6939 -0.0954
vn -0.7247 -0.6819 -0.0989
vn 0.6176 -0.6961 -0.3661
vn -0.6340 -0.6712 -0.3842
vn -0.1520 -0.8927 0.4242
vn -0.1408 -0.5233 -0.8404
vn 0.3695 -0.6893 -0.6232
vn 0.0113 0.9920 -0.1256
vn -0.2159 0.0567 -0.9748
vn 0.4798 0.0388 -0.8765
vn -0.5079 0.0560 -0.8596
vn 0.9904 0.0395 -0.1326
vn -0.9897 0.0533 -0.1325
vn 0.8565 0.0442 -0.5143
vn -0.8561 0.0561 -0.5137
vn -0.7586 0.4665 -0.4550
vn 0.1045 0.5249 -0.8447
vn -0.1605 0.4588 -0.8739
vn 0.4243 0.4636 -0.7779
vn -0.4489 0.4566 -0.7681
vn 0.8907 0.4389 -0.1187
vn -0.8813 0.4577 -0.1174
vn 0.7656 0.4506 -0.4591
vn -0.5032 0.1050 -0.8578
vn 0.9870 0.0926 -0.1312
vn -0.9856 0.1067 -0.1310
vn 0.8536 0.0969 -0.5119
vn -0.8526 0.1091 -0.5111
vn -0.9910 -0.1026 -0.0858
vn -0.2248 0.0961 -0.9697
vn 0.4936 0.0984 -0.8641
vn -0.1723 -0.2769 -0.9453
vn 0.4733 -0.2512 -0.8443
vn -0.4845 -0.2556 -0.8366
vn 0.9585 -0.2553 -0.1272
vn -0.9595 -0.2515 -0.1273
vn 0.8284 -0.2589 -0.4967
vn -0.8293 -0.2556 -0.4970
vn 0.1421 -0.2758 -0.9506
vn 0.1207 -0.6295 -0.7676
vn -0.1203 -0.6364 -0.7619
vn 0.3814 -0.6259 -0.6803
vn -0.3807 -0.6333 -0.6738
vn 0.7723 -0.6271 -0.1013
vn -0.7717 -0.6278 -0.1018
vn 0.6679 -0.6290 -0.3978
vn -0.6633 -0.6347 -0.3966
vn 0.5142 -0.8555 -0.0609
vn -0.5116 -0.8568 -0.0648
vn 0.5231 -0.8156 -0.2473
vn -0.4930 -0.8329 -0.2516
vn 0.0762 -0.8557 -0.5118
vn -0.0803 -0.8585 -0.5064
vn 0.3105 -0.7795 -0.5441
vn -0.3079 -0.7971 -0.5195
vn 0.0036 -0.8902 -0.4555
vn -0.7818 -0.3836 0.4916
vn 0.4213 -0.4176 -0.8050
vn 0.3794 -0.9249 -0.0266
vn -0.3792 -0.9247 -0.0325
vn 0.4894 -0.8716 0.0271
vn -0.4851 -0.8744 -0.0084
vn -0.0169 -0.8870 -0.4615
vn 0.0011 -1.0000 -0.0005
vn 0.0822 -0.9959 0.0371
vn -0.0245 -0.9967 -0.0774
vn -0.0283 -0.9987 0.0429
vn 0.0853 -0.9964 0.0006
vn -0.0830 -0.9960 0.0340
vn 0.0209 -0.9967 -0.0787
vn 0.0259 -0.9990 0.0376
vn -0.0856 -0.9963 -0.0002
vn -0.0011 -1.0000 -0.0005
vn -0.0001 -1.0000 0.0011
vn 0.0001 -1.0000 0.0011
vn 0.1825 0.7686 0.6132
vn 0.4174 -0.5148 0.7488
vn 0.3014 -0.0512 -0.9521
vn -0.7264 -0.1372 -0.6735
vn 0.0852 0.4811 -0.8725
vn 0.1132 -0.1926 -0.9747
vn 0.3343 0.1032 -0.9368
vn -0.5641 -0.0155 -0.8255
vn -1.0000 0.0073 -0.0065
vn 0.0050 -0.8405 -0.5418
vn -0.9964 0.0478 -0.0707
vn -0.0154 -0.9984 -0.0540
vn 0.9011 0.0457 -0.4311
vn -0.0695 0.9926 0.0994
vn 0.9694 -0.0032 -0.2455
vn 0.0605 -0.2139 -0.9750
vn 0.9965 0.0194 -0.0816
vn -0.0435 0.1307 0.9905
vn 0.9926 0.1017 -0.0664
vn -0.1096 -0.5123 0.8518
vn -0.9957 0.0554 -0.0742
vn 0.1141 0.5308 -0.8398
vn 0.0138 -0.9994 -0.0326
vn -0.0199 -0.9991 -0.0362
vn 0.7042 -0.4755 0.5273
vn 0.4770 -0.4281 0.7675
vn -0.4060 -0.4985 0.7660
vn -0.7535 -0.4724 -0.4572
vn -0.4952 -0.3500 -0.7951
vn 0.8188 -0.3828 -0.4279
vn -0.6838 -0.3812 -0.6221
vn -0.3978 -0.4180 0.8167
vn 0.8112 -0.1516 0.5647
vn 0.4961 -0.1446 -0.8562
vn 0.7009 -0.4030 -0.5885
vn -0.5504 -0.1658 -0.8183
vn 0.4354 -0.4380 0.7865
vn -0.8485 -0.1475 0.5083
vn 0.4506 0.4034 0.7964
vn -0.4509 0.4018 0.7970
vn 0.9050 0.4081 0.1203
vn -0.9065 0.4047 0.1205
vn 0.7818 0.4112 0.4687
vn -0.7828 0.4086 0.4692
vn 0.1414 0.3952 0.9076
vn -0.1415 0.3947 0.9078
vn 0.1536 -0.0121 0.9881
vn -0.1544 -0.0163 0.9879
vn 0.4921 -0.0055 0.8705
vn -0.4929 -0.0193 0.8699
vn 0.9912 0.0070 0.1321
vn -0.9910 -0.0221 0.1317
vn 0.8573 0.0027 0.5149
vn -0.8575 -0.0213 0.5140
vn -0.5334 -0.7830 0.3200
vn 0.1041 -0.7529 0.6499
vn -0.1007 -0.7462 0.6580
vn 0.3209 -0.7595 0.5659
vn -0.3131 -0.7716 0.5537
vn 0.6568 -0.7490 0.0874
vn -0.6187 -0.7813 0.0825
vn 0.5614 -0.7563 0.3358
vn -0.3622 -0.6883 0.6285
vn 0.7137 -0.6939 0.0954
vn -0.7247 -0.6819 0.0989
vn 0.6175 -0.6961 0.3661
vn -0.6340 -0.6712 0.3842
vn -0.1569 -0.8749 -0.4583
vn -0.1399 -0.5247 0.8397
vn 0.3697 -0.6903 0.6219
vn 0.0085 0.9922 0.1244
vn -0.2205 0.0617 0.9734
vn 0.4825 0.0432 0.8749
vn -0.5079 0.0560 0.8596
vn 0.9904 0.0395 0.1326
vn -0.9897 0.0533 0.1325
vn 0.8565 0.0442 0.5143
vn -0.8561 0.0561 0.5137
vn -0.7586 0.4665 0.4550
vn 0.1049 0.5224 0.8462
vn -0.1628 0.4580 0.8739
vn 0.4260 0.4626 0.7775
vn -0.4489 0.4566 0.7681
vn 0.8907 0.4389 0.1187
vn -0.8813 0.4577 0.1174
vn 0.7656 0.4506 0.4591
vn -0.5032 0.1050 0.8578
vn 0.9870 0.0926 0.1312
vn -0.9856 0.1067 0.1310
vn 0.8536 0.0969 0.5119
vn -0.8526 0.1091 0.5111
vn -0.9897 -0.1090 0.0927
vn -0.2273 0.0955 0.9691
vn 0.4950 0.0978 0.8634
vn -0.1725 -0.2772 0.9452
vn 0.4734 -0.2514 0.8442
vn -0.4845 -0.2556 0.8366
vn 0.9585 -0.2553 0.1272
vn -0.9595 -0.2515 0.1273
vn 0.8284 -0.2589 0.4967
vn -0.8293 -0.2556 0.4970
vn 0.1421 -0.2763 0.9505
vn 0.1207 -0.6295 0.7676
vn -0.1203 -0.6364 0.7619
vn 0.3814 -0.6259 0.6803
vn -0.3807 -0.6333 0.6738
vn 0.7723 -0.6271 0.1013
vn -0.7717 -0.6278 0.1018
vn 0.6679 -0.6290 0.3978
vn -0.6633 -0.6347 0.3966
vn 0.5142 -0.8555 0.0609
vn -0.5116 -0.8568 0.0648
vn 0.5231 -0.8156 0.2473
vn -0.4930 -0.8329 0.2516
vn 0.0762 -0.8557 0.5118
vn -0.0803 -0.8585 0.5064
vn 0.3105 -0.7795 0.5441
vn -0.3079 -0.7971 0.5195
vn 0.0036 -0.8902 0.4555
vn -0.7818 -0.3836 -0.4916
vn 0.4213 -0.4176 0.8050
vn 0.3794 -0.9249 0.0266
vn -0.3792 -0.9247 0.0325
vn 0.4894 -0.8716 -0.0271
vn -0.4851 -0.8744 0.0084
vn -0.0169 -0.8870 0.4615
vn 0.0010 -1.0000 0.0005
vn 0.0822 -0.9959 -0.0371
vn -0.0245 -0.9967 0.0774
vn -0.0283 -0.9987 -0.0429
vn 0.0853 -0.9964 -0.0006
vn -0.0830 -0.9960 -0.0340
vn 0.0209 -0.9967 0.0787
vn 0.0259 -0.9990 -0.0376
vn -0.0856 -0.9963 0.0002
vn -0.0011 -1.0000 0.0005
vn -0.0001 -1.0000 -0.0011
vn 0.0001 -1.0000 -0.0011
vn 0.1616 0.7661 -0.6220
vn 0.2438 -0.7134 -0.6570
vn 0.3178 0.0066 0.9481
vn -0.7122 -0.0709 0.6984
vn 0.0816 0.5062 0.8585
vn 0.1128 -0.1979 0.9737
vn 0.3419 0.0899 0.9354
vn -0.5724 -0.0153 0.8198
vn -1.0000 0.0057 0.0030
vn 0.0048 -0.8396 0.5432
vn -0.9955 0.0569 0.0753
vn -0.0154 -0.9984 0.0542
vn 0.8941 0.0173 0.4475
vn -0.0708 0.9915 -0.1089
vn 0.9668 0.0359 0.2531
vn 0.0606 -0.2129 0.9752
vn 0.9968 0.0177 0.0779
vn -0.0438 0.1223 -0.9915
vn 0.9927 0.1026 0.0640
vn -0.1109 -0.5018 -0.8578
vn -0.9955 0.0576 0.0748
vn 0.1149 0.5298 0.8403
vn 0.0138 -0.9994 0.0326
vn -0.0199 -0.9991 0.0362
vn 0.7042 -0.4755 -0.5273
vn 0.4770 -0.4281 -0.7675
vn -0.4060 -0.4985 -0.7660
vn -0.7535 -0.4724 0.4572
vn -0.4952 -0.3500 0.7951
vn 0.8188 -0.3828 0.4279
vn -0.6838 -0.3812 0.6221
vn -0.3978 -0.4180 -0.8167
vn 0.8112 -0.1516 -0.5647
vn 0.4961 -0.1446 0.8562
vn 0.7009 -0.4030 0.5885
vn -0.5504 -0.1658 0.8183
vn 0.4354 -0.4380 -0.7865
vn -0.8485 -0.1475 -0.5083
vt 0.375000 0.500000
vt 0.375000 0.468750
vt 0.375000 0.468750
vt 0.375000 0.500000
vt 0.375000 0.437500
vt 0.375000 0.437500
vt 0.375000 0.625000
vt 0.375000 0.593750
vt 0.375000 0.591580
vt 0.375000 0.605903
vt 0.375000 0.562500
vt 0.375000 0.562500
vt 0.375000 0.591146
vt 0.375000 0.604167
vt 0.375000 0.562500
vt 0.375000 0.591146
vt 0.375000 0.531250
vt 0.375000 0.531250
vt 0.375000 0.406250
vt 0.375000 0.408420
vt 0.375000 0.375000
vt 0.375000 0.394097
vt 0.375000 0.395833
vt 0.375000 0.408854
vt 0.375000 0.408420
vt 0.375000 0.408854
vt 0.375000 0.408854
vt 0.375000 0.437500
vt 0.375000 0.395833
vt 0.375000 0.395833
vt 0.375000 0.437500
vt 0.375000 0.500000
vt 0.375000 0.468750
vt 0.375000 0.500000
vt 0.375000 0.468750
vt 0.375000 0.500000
vt 0.375000 0.604167
vt 0.375000 0.591146
vt 0.375000 0.591146
vt 0.375000 0.604167
vt 0.375000 0.562500
vt 0.375000 0.591146
vt 0.375000 0.562500
vt 0.375000 0.531250
vt 0.375000 0.531250
vt 0.375000 0.394097
vt 0.375000 0.406684
vt 0.375000 0.406684
vt 0.375000 0.432181
vt 0.375000 0.406250
vt 0.375000 0.406249
vt 0.375000 0.424973
vt 0.375000 0.380318
vt 0.375000 0.387526
vt 0.375000 0.406249
vt 0.375000 0.406250
vt 0.375000 0.375000
vt 0.375000 0.406684
vt 0.375000 0.437500
vt 0.375000 0.406684
vt 0.375000 0.408303
vt 0.375000 0.393630
vt 0.375000 0.391894
vt 0.375000 0.408087
vt 0.375000 0.408303
vt 0.375000 0.408252
vt 0.375000 0.398570
vt 0.375000 0.395611
vt 0.375000 0.398763
vt 0.375000 0.400872
vt 0.375000 0.398456
vt 0.375000 0.400738
vt 0.375000 0.401064
vt 0.375000 0.399213
vt 0.375000 0.401201
vt 0.375000 0.408080
vt 0.375000 0.389762
vt 0.375000 0.408250
vt 0.375000 0.391878
vt 0.375000 0.408737
vt 0.375000 0.395365
vt 0.375000 0.408088
vt 0.375000 0.531250
vt 0.375000 0.500000
vt 0.375000 0.500000
vt 0.375000 0.531467
vt 0.375000 0.437500
vt 0.375000 0.408637
vt 0.375000 0.408854
vt 0.375000 0.408637
vt 0.375000 0.468750
vt 0.375000 0.468750
vt 0.375000 0.468750
vt 0.375000 0.407552
vt 0.375000 0.394506
vt 0.375000 0.429254
vt 0.375000 0.489583
vt 0.375000 0.497396
vt 0.375000 0.496190
vt 0.375000 0.488691
vt 0.375000 0.488691
vt 0.375000 0.484375
vt 0.375000 0.487799
vt 0.375000 0.468750
vt 0.375000 0.488691
vt 0.375000 0.447917
vt 0.375000 0.448809
vt 0.375000 0.453125
vt 0.375000 0.591719
vt 0.375000 0.605938
vt 0.375000 0.562535
vt 0.375000 0.594703
vt 0.375000 0.591580
vt 0.375000 0.562627
vt 0.375000 0.532118
vt 0.375000 0.508247
vt 0.375000 0.532743
vt 0.375000 0.508849
vt 0.375000 0.537013
vt 0.375000 0.506453
vt 0.375000 0.409186
vt 0.375000 0.429662
vt 0.375000 0.422811
vt 0.375000 0.624773
vt 0.375000 0.571667
vt 0.375000 0.555589
vt 0.375000 0.588722
vt 0.375000 0.518560
vt 0.375000 0.516580
vt 0.375000 0.529288
vt 0.375000 0.540979
vt 0.375000 0.552671
vt 0.375000 0.552671
vt 0.375000 0.570557
vt 0.375000 0.549794
vt 0.375000 0.526867
vt 0.375000 0.582672
vt 0.375000 0.572586
vt 0.375000 0.562500
vt 0.375000 0.516580
vt 0.375000 0.465987
vt 0.375000 0.446780
vt 0.375000 0.529288
vt 0.375000 0.483394
vt 0.375000 0.422811
vt 0.375000 0.529288
vt 0.375000 0.540979
vt 0.375000 0.504911
vt 0.375000 0.582672
vt 0.375000 0.603735
vt 0.375000 0.598881
vt 0.375000 0.624798
vt 0.375000 0.624899
vt 0.375000 0.594703
vt 0.375000 0.582672
vt 0.375000 0.570557
vt 0.375000 0.550419
vt 0.375000 0.552671
vt 0.375000 0.527720
vt 0.375000 0.464353
vt 0.375000 0.483394
vt 0.375000 0.375000
vt 0.375000 0.506033
vt 0.375000 0.529288
vt 0.375000 0.479269
vt 0.375000 0.624798
vt 0.375000 0.603735
vt 0.375000 0.598743
vt 0.375000 0.624899
vt 0.375000 0.582672
vt 0.375000 0.625000
vt 0.375000 0.552671
vt 0.375000 0.540979
vt 0.375000 0.555589
vt 0.375000 0.588722
vt 0.375000 0.516580
vt 0.375000 0.596516
vt 0.375000 0.624786
vt 0.375000 0.624786
vt 0.375000 0.596516
vt 0.375000 0.406249
vt 0.375000 0.406250
vt 0.375000 0.377659
vt 0.375000 0.434841
vt 0.375000 0.406684
vt 0.375000 0.432144
vt 0.375000 0.406250
vt 0.375000 0.434822
vt 0.375000 0.380355
vt 0.375000 0.377677
vt 0.375000 0.432181
vt 0.375000 0.432163
vt 0.375000 0.434831
vt 0.375000 0.432144
vt 0.375000 0.380355
vt 0.375000 0.380336
vt 0.375000 0.377668
vt 0.375000 0.380318
vt 0.375000 0.406339
vt 0.375000 0.407091
vt 0.375000 0.393680
vt 0.375000 0.413722
vt 0.375000 0.425611
vt 0.375000 0.408087
vt 0.375000 0.414133
vt 0.375000 0.406367
vt 0.375000 0.407109
vt 0.375000 0.425817
vt 0.375000 0.393612
vt 0.375000 0.413722
vt 0.375000 0.413927
vt 0.375000 0.425714
vt 0.375000 0.414133
vt 0.375000 0.395611
vt 0.375000 0.389354
vt 0.375000 0.389762
vt 0.375000 0.401201
vt 0.375000 0.399213
vt 0.375000 0.399106
vt 0.375000 0.400999
vt 0.375000 0.401064
vt 0.375000 0.400839
vt 0.375000 0.398368
vt 0.375000 0.398573
vt 0.375000 0.398779
vt 0.375000 0.406367
vt 0.375000 0.406245
vt 0.375000 0.400738
vt 0.375000 0.411662
vt 0.375000 0.411437
vt 0.375000 0.406250
vt 0.375000 0.381776
vt 0.375000 0.387543
vt 0.375000 0.406250
vt 0.375000 0.406249
vt 0.375000 0.424956
vt 0.375000 0.406249
vt 0.375000 0.413927
vt 0.375000 0.413394
vt 0.375000 0.411502
vt 0.375000 0.411300
vt 0.375000 0.413288
vt 0.375000 0.406339
vt 0.375000 0.406239
vt 0.375000 0.400872
vt 0.375000 0.406250
vt 0.375000 0.430723
vt 0.375000 0.406250
vt 0.375000 0.411662
vt 0.375000 0.406250
vt 0.375000 0.422112
vt 0.375000 0.418430
vt 0.375000 0.418330
vt 0.375000 0.406250
vt 0.375000 0.394170
vt 0.375000 0.390388
vt 0.375000 0.394070
vt 0.375000 0.406250
vt 0.375000 0.489559
vt 0.375000 0.447941
vt 0.375000 0.449701
vt 0.375000 0.487799
vt 0.375000 0.453125
vt 0.375000 0.500000
vt 0.375000 0.498481
vt 0.375000 0.497661
vt 0.375000 0.489559
vt 0.375000 0.468750
vt 0.375000 0.448809
vt 0.375000 0.439019
vt 0.375000 0.439839
vt 0.375000 0.447917
vt 0.375000 0.448809
vt 0.375000 0.440104
vt 0.375000 0.441310
vt 0.375000 0.449701
vt 0.375000 0.429662
vt 0.375000 0.438585
vt 0.375000 0.446832
vt 0.375000 0.445964
vt 0.375000 0.491536
vt 0.375000 0.508247
vt 0.375000 0.498915
vt 0.375000 0.490668
vt 0.375000 0.438802
vt 0.375000 0.447082
vt 0.375000 0.446832
vt 0.375000 0.490668
vt 0.375000 0.469872
vt 0.375000 0.491395
vt 0.375000 0.508849
vt 0.375000 0.498817
vt 0.375000 0.437500
vt 0.375000 0.395833
vt 0.375000 0.408854
vt 0.375000 0.437500
vt 0.375000 0.500000
vt 0.375000 0.591146
vt 0.375000 0.591146
vt 0.375000 0.531250
vt 0.375000 0.531250
vt 0.375000 0.406920
vt 0.375000 0.468949
vt 0.375000 0.424019
vt 0.375000 0.421515
vt 0.375000 0.406250
vt 0.375000 0.390984
vt 0.375000 0.388480
vt 0.375000 0.385767
vt 0.375000 0.407479
vt 0.375000 0.390428
vt 0.375000 0.408066
vt 0.375000 0.469535
vt 0.375000 0.468913
vt 0.375000 0.437072
vt 0.375000 0.445205
vt 0.375000 0.437464
vt 0.375000 0.408264
vt 0.375000 0.407795
vt 0.375000 0.393508
vt 0.375000 0.408273
vt 0.375000 0.406983
vt 0.375000 0.468741
vt 0.375000 0.468885
vt 0.375000 0.400917
vt 0.375000 0.398774
vt 0.375000 0.395523
vt 0.375000 0.401201
vt 0.375000 0.399213
vt 0.375000 0.388359
vt 0.375000 0.407762
vt 0.375000 0.391878
vt 0.375000 0.469252
vt 0.375000 0.468729
vt 0.375000 0.435622
vt 0.375000 0.442614
vt 0.375000 0.408737
vt 0.375000 0.468711
vt 0.375000 0.437344
vt 0.375000 0.408698
vt 0.375000 0.407795
vt 0.375000 0.531467
vt 0.375000 0.437500
vt 0.375000 0.408637
vt 0.375000 0.468750
vt 0.375000 0.394506
vt 0.375000 0.409186
vt 0.375000 0.496190
vt 0.375000 0.487799
vt 0.375000 0.488691
vt 0.375000 0.489583
vt 0.375000 0.484375
vt 0.375000 0.447917
vt 0.375000 0.605937
vt 0.375000 0.562535
vt 0.375000 0.532624
vt 0.375000 0.536537
vt 0.375000 0.508590
vt 0.375000 0.532118
vt 0.375000 0.429036
vt 0.375000 0.407552
vt 0.375000 0.555589
vt 0.375000 0.526993
vt 0.375000 0.550300
vt 0.375000 0.536537
vt 0.375000 0.464353
vt 0.375000 0.549794
vt 0.375000 0.526867
vt 0.375000 0.465987
vt 0.375000 0.516580
vt 0.375000 0.504911
vt 0.375000 0.598881
vt 0.375000 0.596516
vt 0.375000 0.424113
vt 0.375000 0.426406
vt 0.375000 0.406528
vt 0.375000 0.387638
vt 0.375000 0.388386
vt 0.375000 0.434731
vt 0.375000 0.431683
vt 0.375000 0.379782
vt 0.375000 0.380816
vt 0.375000 0.385767
vt 0.375000 0.398779
vt 0.375000 0.386889
vt 0.375000 0.406250
vt 0.375000 0.414045
vt 0.375000 0.420433
vt 0.375000 0.406528
vt 0.375000 0.406250
vt 0.375000 0.393612
vt 0.375000 0.426001
vt 0.375000 0.416978
vt 0.375000 0.388513
vt 0.375000 0.395523
vt 0.375000 0.388359
vt 0.375000 0.400946
vt 0.375000 0.398865
vt 0.375000 0.399213
vt 0.375000 0.399164
vt 0.375000 0.396427
vt 0.375000 0.399048
vt 0.375000 0.400812
vt 0.375000 0.400738
vt 0.375000 0.406250
vt 0.375000 0.406250
vt 0.375000 0.411437
vt 0.375000 0.411763
vt 0.375000 0.414045
vt 0.375000 0.382576
vt 0.375000 0.380816
vt 0.375000 0.385282
vt 0.375000 0.391017
vt 0.375000 0.389161
vt 0.375000 0.388386
vt 0.375000 0.389160
vt 0.375000 0.406249
vt 0.375000 0.406250
vt 0.375000 0.391017
vt 0.375000 0.406250
vt 0.375000 0.421482
vt 0.375000 0.423338
vt 0.375000 0.414045
vt 0.375000 0.411763
vt 0.375000 0.413727
vt 0.375000 0.411437
vt 0.375000 0.413288
vt 0.375000 0.411584
vt 0.375000 0.423338
vt 0.375000 0.429923
vt 0.375000 0.431683
vt 0.375000 0.421482
vt 0.375000 0.427217
vt 0.375000 0.406250
vt 0.375000 0.413453
vt 0.375000 0.411689
vt 0.375000 0.413636
vt 0.375000 0.413288
vt 0.375000 0.416074
vt 0.375000 0.413336
vt 0.375000 0.411555
vt 0.375000 0.411300
vt 0.375000 0.406250
vt 0.375000 0.406250
vt 0.375000 0.417484
vt 0.375000 0.421645
vt 0.375000 0.427217
vt 0.375000 0.417409
vt 0.375000 0.406250
vt 0.375000 0.395090
vt 0.375000 0.390854
vt 0.375000 0.385282
vt 0.375000 0.395016
vt 0.375000 0.406250
vt 0.375000 0.496407
vt 0.375000 0.498481
vt 0.375000 0.468750
vt 0.375000 0.447941
vt 0.375000 0.441093
vt 0.375000 0.439019
vt 0.375000 0.441310
vt 0.375000 0.440104
vt 0.375000 0.437717
vt 0.375000 0.499783
vt 0.375000 0.438802
vt 0.375000 0.498698
s 1
usemtl calderoB
f 1/1/1 284/2/284 842/3/842 298/4/298
f 284/2/284 3/5/3 299/6/299 842/3/842
f 842/3/842 299/6/299 12/6/12 292/3/292
f 298/4/298 842/3/842 292/3/292 10/4/10
f 6/5/6 288/2/288 843/2/843 300/6/300
f 288/2/288 4/1/4 301/4/301 843/2/843
f 843/2/843 301/4/301 13/4/13 296/2/296
f 300/6/300 843/2/843 296/2/296 15/6/15
f 8/7/8 285/8/285 844/9/844 302/10/302
f 285/8/285 9/11/9 303/12/303 844/9/844
f 844/9/844 303/12/303 18/12/18 293/13/293
f 302/10/302 844/9/844 293/13/293 17/14/17
f 7/11/7 289/8/289 845/9/845 304/15/304
f 289/8/289 5/7/5 305/10/305 845/9/845
f 845/9/845 305/10/305 14/14/14 297/16/297
f 304/15/304 845/9/845 297/16/297 16/15/16
f 9/11/9 282/17/282 846/18/846 303/12/303
f 282/17/282 1/1/1 298/4/298 846/18/846
f 846/18/846 298/4/298 10/4/10 290/18/290
f 303/12/303 846/18/846 290/18/290 18/12/18
f 4/1/4 286/17/286 847/18/847 301/4/301
f 286/17/286 7/11/7 304/15/304 847/18/847
f 847/18/847 304/15/304 16/15/16 294/18/294
f 301/4/301 847/18/847 294/18/294 13/4/13
f 3/5/3 283/19/283 848/20/848 299/6/299
f 283/19/283 2/21/2 306/22/306 848/20/848
f 848/20/848 306/22/306 11/23/11 291/24/291
f 299/6/299 848/20/848 291/24/291 12/6/12
f 2/21/2 287/19/287 849/25/849 306/22/306
f 287/19/287 6/5/6 300/6/300 849/25/849
f 849/25/849 300/6/300 15/6/15 295/24/295
f 306/22/306 849/25/849 295/24/295 11/23/11
f 12/6/12 291/26/291 850/27/850 315/28/315
f 291/26/291 11/29/11 316/30/316 850/27/850
f 850/27/850 316/30/316 20/29/20 308/26/308
f 315/28/315 850/27/850 308/26/308 21/6/21
f 11/29/11 295/26/295 851/24/851 316/30/316
f 295/26/295 15/31/15 317/28/317 851/24/851
f 851/24/851 317/28/317 24/31/24 312/26/312
f 316/30/316 851/24/851 312/26/312 20/29/20
f 10/32/10 292/33/292 852/3/852 318/34/318
f 292/33/292 12/6/12 315/28/315 852/3/852
f 852/3/852 315/28/315 21/6/21 309/33/309
f 318/34/318 852/3/852 309/33/309 19/32/19
f 15/31/15 296/35/296 853/2/853 317/28/317
f 296/35/296 13/4/13 319/36/319 853/2/853
f 853/2/853 319/36/319 22/4/22 313/35/313
f 317/28/317 853/2/853 313/35/313 24/31/24
f 17/37/17 293/38/293 854/39/854 320/40/320
f 293/38/293 18/12/18 321/41/321 854/39/854
f 854/39/854 321/41/321 27/12/27 310/38/310
f 320/40/320 854/39/854 310/38/310 26/37/26
f 16/12/16 297/42/297 855/39/855 322/43/322
f 297/42/297 14/37/14 323/40/323 855/39/855
f 855/39/855 323/40/323 23/37/23 314/42/314
f 322/43/322 855/39/855 314/42/314 25/12/25
f 18/12/18 290/17/290 856/44/856 321/41/321
f 290/17/290 10/32/10 318/34/318 856/44/856
f 856/44/856 318/34/318 19/32/19 307/17/307
f 321/41/321 856/44/856 307/17/307 27/12/27
f 13/4/13 294/45/294 857/18/857 319/36/319
f 294/45/294 16/12/16 322/43/322 857/18/857
f 857/18/857 322/43/322 25/12/25 311/45/311
f 319/36/319 857/18/857 311/45/311 22/4/22
f 22/4/22 311/45/311 858/18/858 332/36/332
f 311/45/311 25/12/25 333/43/333 858/18/858
f 858/18/858 333/43/333 34/12/34 328/45/328
f 332/36/332 858/18/858 328/45/328 31/4/31
f 21/6/21 308/26/308 859/27/859 336/28/336
f 308/26/308 20/29/20 337/30/337 859/27/859
f 859/27/859 337/30/337 29/29/29 325/26/325
f 336/28/336 859/27/859 325/26/325 30/6/30
f 20/29/20 312/26/312 860/24/860 337/30/337
f 312/26/312 24/31/24 338/28/338 860/24/860
f 860/24/860 338/28/338 33/31/33 329/26/329
f 337/30/337 860/24/860 329/26/329 29/29/29
f 19/32/19 309/33/309 861/3/861 339/34/339
f 309/33/309 21/6/21 336/28/336 861/3/861
f 861/3/861 336/28/336 30/6/30 326/33/326
f 339/34/339 861/3/861 326/33/326 28/32/28
f 24/31/24 313/35/313 862/2/862 338/28/338
f 313/35/313 22/4/22 332/36/332 862/2/862
f 862/2/862 332/36/332 31/4/31 330/35/330
f 338/28/338 862/2/862 330/35/330 33/31/33
f 26/37/26 310/38/310 863/39/863 334/40/334
f 310/38/310 27/12/27 340/41/340 863/39/863
f 863/39/863 340/41/340 36/12/36 327/38/327
f 334/40/334 863/39/863 327/38/327 35/37/35
f 25/12/25 314/42/314 864/39/864 333/43/333
f 314/42/314 23/37/23 335/40/335 864/39/864
f 864/39/864 335/40/335 32/37/32 331/42/331
f 333/43/333 864/39/864 331/42/331 34/12/34
f 27/12/27 307/17/307 865/44/865 340/41/340
f 307/17/307 19/32/19 339/34/339 865/44/865
f 865/44/865 339/34/339 28/32/28 324/17/324
f 340/41/340 865/44/865 324/17/324 36/12/36
f 33/31/33 330/35/330 866/2/866 349/28/349
f 330/35/330 31/4/31 350/36/350 866/2/866
f 866/2/866 350/36/350 40/4/40 347/35/347
f 349/28/349 866/2/866 347/35/347 42/31/42
f 35/37/35 327/38/327 867/39/867 351/40/351
f 327/38/327 36/12/36 352/41/352 867/39/867
f 867/39/867 352/41/352 45/12/45 344/38/344
f 351/40/351 867/39/867 344/38/344 44/37/44
f 34/12/34 331/42/331 868/39/868 353/43/353
f 331/42/331 32/37/32 354/40/354 868/39/868
f 868/39/868 354/40/354 41/37/41 348/42/348
f 353/43/353 868/39/868 348/42/348 43/12/43
f 36/12/36 324/17/324 869/44/869 352/41/352
f 324/17/324 28/32/28 355/34/355 869/44/869
f 869/44/869 355/34/355 37/32/37 341/17/341
f 352/41/352 869/44/869 341/17/341 45/12/45
f 31/4/31 328/45/328 870/18/870 350/36/350
f 328/45/328 34/12/34 353/43/353 870/18/870
f 870/18/870 353/43/353 43/12/43 345/45/345
f 350/36/350 870/18/870 345/45/345 40/4/40
f 30/6/30 325/24/325 871/25/871 356/6/356
f 325/24/325 29/23/29 357/46/357 871/25/871
f 871/25/871 357/46/357 120/21/120 342/47/342
f 356/6/356 871/25/871 342/47/342 119/5/119
f 29/23/29 329/24/329 872/25/872 357/46/357
f 329/24/329 33/6/33 349/6/349 872/25/872
f 872/25/872 349/6/349 42/6/42 346/48/346
f 357/46/357 872/25/872 346/48/346 120/21/120
f 28/4/28 326/3/326 873/3/873 355/4/355
f 326/3/326 30/6/30 356/6/356 873/3/873
f 873/3/873 356/6/356 119/5/119 343/3/343
f 355/4/355 873/3/873 343/3/343 37/4/37
f 39/49/39 499/50/499 874/51/874 526/52/526
f 499/50/499 38/53/38 525/54/525 874/51/874
f 874/51/874 525/54/525 128/53/128 515/55/515
f 526/52/526 874/51/874 515/55/515 127/49/127
f 120/21/120 346/48/346 875/56/875 367/57/367
f 346/48/346 42/6/42 368/6/368 875/56/875
f 875/56/875 368/6/368 51/6/51 363/58/363
f 367/57/367 875/56/875 363/58/363 122/21/122
f 37/4/37 343/3/343 876/3/876 369/4/369
f 343/3/343 119/5/119 366/59/366 876/3/876
f 876/3/876 366/59/366 121/5/121 360/3/360
f 369/4/369 876/3/876 360/3/360 46/4/46
f 42/31/42 347/35/347 877/2/877 368/28/368
f 347/35/347 40/4/40 370/36/370 877/2/877
f 877/2/877 370/36/370 49/4/49 364/35/364
f 368/28/368 877/2/877 364/35/364 51/31/51
f 44/37/44 344/38/344 878/39/878 371/40/371
f 344/38/344 45/12/45 372/41/372 878/39/878
f 878/39/878 372/41/372 54/12/54 361/38/361
f 371/40/371 878/39/878 361/38/361 53/37/53
f 43/12/43 348/42/348 879/39/879 373/43/373
f 348/42/348 41/37/41 374/40/374 879/39/879
f 879/39/879 374/40/374 50/37/50 365/42/365
f 373/43/373 879/39/879 365/42/365 52/12/52
f 45/12/45 341/17/341 880/44/880 372/41/372
f 341/17/341 37/32/37 369/34/369 880/44/880
f 880/44/880 369/34/369 46/32/46 358/17/358
f 372/41/372 880/44/880 358/17/358 54/12/54
f 40/4/40 345/45/345 881/18/881 370/36/370
f 345/45/345 43/12/43 373/43/373 881/18/881
f 881/18/881 373/43/373 52/12/52 362/45/362
f 370/36/370 881/18/881 362/45/362 49/4/49
f 49/4/49 362/45/362 882/18/882 383/36/383
f 362/45/362 52/12/52 384/43/384 882/18/882
f 882/18/882 384/43/384 61/12/61 379/45/379
f 383/36/383 882/18/882 379/45/379 58/4/58
f 121/5/121 359/60/359 883/61/883 387/31/387
f 359/60/359 122/21/122 388/62/388 883/61/883
f 883/61/883 388/62/388 124/63/124 376/64/376
f 387/31/387 883/61/883 376/64/376 123/5/123
f 122/21/122 363/58/363 884/65/884 388/62/388
f 363/58/363 51/6/51 389/6/389 884/65/884
f 884/65/884 389/6/389 60/6/60 380/66/380
f 388/62/388 884/65/884 380/66/380 124/63/124
f 46/4/46 360/3/360 885/3/885 390/4/390
f 360/3/360 121/5/121 387/31/387 885/3/885
f 885/3/885 387/31/387 123/5/123 377/3/377
f 390/4/390 885/3/885 377/3/377 55/4/55
f 51/31/51 364/35/364 886/2/886 389/28/389
f 364/35/364 49/4/49 383/36/383 886/2/886
f 886/2/886 383/36/383 58/4/58 381/35/381
f 389/28/389 886/2/886 381/35/381 60/31/60
f 53/37/53 361/38/361 887/39/887 385/40/385
f 361/38/361 54/12/54 391/41/391 887/39/887
f 887/39/887 391/41/391 63/12/63 378/38/378
f 385/40/385 887/39/887 378/38/378 62/37/62
f 52/12/52 365/42/365 888/39/888 384/43/384
f 365/42/365 50/37/50 386/40/386 888/39/888
f 888/39/888 386/40/386 59/37/59 382/42/382
f 384/43/384 888/39/888 382/42/382 61/12/61
f 54/12/54 358/17/358 889/44/889 391/41/391
f 358/17/358 46/32/46 390/34/390 889/44/889
f 889/44/889 390/34/390 55/32/55 375/17/375
f 391/41/391 889/44/889 375/17/375 63/12/63
f 60/31/60 381/35/381 890/2/890 400/28/400
f 381/35/381 58/4/58 401/36/401 890/2/890
f 890/2/890 401/36/401 67/4/67 398/35/398
f 400/28/400 890/2/890 398/35/398 69/31/69
f 62/37/62 378/38/378 891/39/891 402/40/402
f 378/38/378 63/12/63 403/41/403 891/39/891
f 891/39/891 403/41/403 72/12/72 395/38/395
f 402/40/402 891/39/891 395/38/395 71/37/71
f 61/12/61 382/42/382 892/39/892 404/43/404
f 382/42/382 59/37/59 405/40/405 892/39/892
f 892/39/892 405/40/405 68/37/68 399/42/399
f 404/43/404 892/39/892 399/42/399 70/12/70
f 63/12/63 375/17/375 893/44/893 403/41/403
f 375/17/375 55/32/55 406/34/406 893/44/893
f 893/44/893 406/34/406 64/32/64 392/17/392
f 403/41/403 893/44/893 392/17/392 72/12/72
f 58/4/58 379/45/379 894/18/894 401/36/401
f 379/45/379 61/12/61 404/43/404 894/18/894
f 894/18/894 404/43/404 70/12/70 396/45/396
f 401/36/401 894/18/894 396/45/396 67/4/67
f 56/67/56 510/68/510 895/69/895 524/70/524
f 510/68/510 65/71/65 523/72/523 895/69/895
f 895/69/895 523/72/523 134/73/134 522/74/522
f 524/70/524 895/69/895 522/74/522 132/75/132
f 124/63/124 380/66/380 896/76/896 408/77/408
f 380/66/380 60/6/60 400/6/400 896/76/896
f 896/76/896 400/6/400 69/6/69 397/78/397
f 408/77/408 896/76/896 397/78/397 126/79/126
f 55/4/55 377/3/377 897/3/897 406/4/406
f 377/3/377 123/5/123 407/59/407 897/3/897
f 897/3/897 407/59/407 125/5/125 394/3/394
f 406/4/406 897/3/897 394/3/394 64/4/64
f 126/79/126 397/78/397 898/80/898 417/81/417
f 397/78/397 69/6/69 418/6/418 898/80/898
f 898/80/898 418/6/418 78/6/78 414/24/414
f 417/81/417 898/80/898 414/24/414 74/23/74
f 64/4/64 394/3/394 899/3/899 419/4/419
f 394/3/394 125/5/125 420/6/420 899/3/899
f 899/3/899 420/6/420 75/6/75 411/3/411
f 419/4/419 899/3/899 411/3/411 73/4/73
f 69/31/69 398/35/398 900/2/900 418/28/418
f 398/35/398 67/4/67 421/36/421 900/2/900
f 900/2/900 421/36/421 76/4/76 415/35/415
f 418/28/418 900/2/900 415/35/415 78/31/78
f 71/37/71 395/38/395 901/39/901 422/40/422
f 395/38/395 72/12/72 423/41/423 901/39/901
f 901/39/901 423/41/423 81/12/81 412/38/412
f 422/40/422 901/39/901 412/38/412 80/37/80
f 70/12/70 399/42/399 902/39/902 424/43/424
f 399/42/399 68/37/68 425/40/425 902/39/902
f 902/39/902 425/40/425 77/37/77 416/42/416
f 424/43/424 902/39/902 416/42/416 79/12/79
f 72/12/72 392/17/392 903/44/903 423/41/423
f 392/17/392 64/32/64 419/34/419 903/44/903
f 903/44/903 419/34/419 73/32/73 409/17/409
f 423/41/423 903/44/903 409/17/409 81/12/81
f 67/4/67 396/45/396 904/18/904 421/36/421
f 396/45/396 70/12/70 424/43/424 904/18/904
f 904/18/904 424/43/424 79/12/79 413/45/413
f 421/36/421 904/18/904 413/45/413 76/4/76
f 125/5/125 393/82/393 905/80/905 420/6/420
f 393/82/393 126/79/126 417/81/417 905/80/905
f 905/80/905 417/81/417 74/23/74 410/24/410
f 420/6/420 905/80/905 410/24/410 75/6/75
f 75/6/75 410/26/410 906/27/906 436/28/436
f 410/26/410 74/29/74 437/30/437 906/27/906
f 906/27/906 437/30/437 83/29/83 427/26/427
f 436/28/436 906/27/906 427/26/427 84/6/84
f 74/29/74 414/26/414 907/24/907 437/30/437
f 414/26/414 78/31/78 438/28/438 907/24/907
f 907/24/907 438/28/438 87/31/87 431/26/431
f 437/30/437 907/24/907 431/26/431 83/29/83
f 73/32/73 411/33/411 908/3/908 439/34/439
f 411/33/411 75/6/75 436/28/436 908/3/908
f 908/3/908 436/28/436 84/6/84 428/33/428
f 439/34/439 908/3/908 428/33/428 82/32/82
f 78/31/78 415/35/415 909/2/909 438/28/438
f 415/35/415 76/4/76 440/36/440 909/2/909
f 909/2/909 440/36/440 85/4/85 432/35/432
f 438/28/438 909/2/909 432/35/432 87/31/87
f 80/37/80 412/38/412 910/39/910 434/40/434
f 412/38/412 81/12/81 441/41/441 910/39/910
f 910/39/910 441/41/441 90/12/90 429/38/429
f 434/40/434 910/39/910 429/38/429 89/37/89
f 79/12/79 416/42/416 911/39/911 442/43/442
f 416/42/416 77/37/77 435/40/435 911/39/911
f 911/39/911 435/40/435 86/37/86 433/42/433
f 442/43/442 911/39/911 433/42/433 88/12/88
f 81/12/81 409/17/409 912/44/912 441/41/441
f 409/17/409 73/32/73 439/34/439 912/44/912
f 912/44/912 439/34/439 82/32/82 426/17/426
f 441/41/441 912/44/912 426/17/426 90/12/90
f 76/4/76 413/45/413 913/18/913 440/36/440
f 413/45/413 79/12/79 442/43/442 913/18/913
f 913/18/913 442/43/442 88/12/88 430/45/430
f 440/36/440 913/18/913 430/45/430 85/4/85
f 89/37/89 429/38/429 914/39/914 451/40/451
f 429/38/429 90/12/90 452/41/452 914/39/914
f 914/39/914 452/41/452 99/12/99 446/38/446
f 451/40/451 914/39/914 446/38/446 98/37/98
f 88/12/88 433/42/433 915/39/915 453/43/453
f 433/42/433 86/37/86 454/40/454 915/39/915
f 915/39/915 454/40/454 95/37/95 450/42/450
f 453/43/453 915/39/915 450/42/450 97/12/97
f 90/12/90 426/18/426 916/83/916 452/12/452
f 426/18/426 82/4/82 455/84/455 916/83/916
f 916/83/916 455/84/455 91/85/91 443/86/443
f 452/12/452 916/83/916 443/86/443 99/12/99
f 85/4/85 430/18/430 917/18/917 456/1/456
f 430/18/430 88/15/88 453/15/453 917/18/917
f 917/18/917 453/15/453 97/15/97 447/86/447
f 456/1/456 917/18/917 447/86/447 94/85/94
f 84/6/84 427/24/427 918/24/918 457/87/457
f 427/24/427 83/23/83 458/23/458 918/24/918
f 918/24/918 458/23/458 92/23/92 444/88/444
f 457/87/457 918/24/918 444/88/444 93/5/93
f 83/23/83 431/24/431 919/89/919 458/23/458
f 431/24/431 87/6/87 459/87/459 919/89/919
f 919/89/919 459/87/459 96/5/96 448/90/448
f 458/23/458 919/89/919 448/90/448 92/23/92
f 82/4/82 428/3/428 920/91/920 455/84/455
f 428/3/428 84/6/84 457/87/457 920/91/920
f 920/91/920 457/87/457 93/5/93 445/92/445
f 455/84/455 920/91/920 445/92/445 91/85/91
f 87/6/87 432/2/432 921/93/921 459/87/459
f 432/2/432 85/4/85 456/1/456 921/93/921
f 921/93/921 456/1/456 94/85/94 449/93/449
f 459/87/459 921/93/921 449/93/449 96/5/96
f 92/23/92 448/90/448 922/94/922 468/95/468
f 448/90/448 96/5/96 469/96/469 922/94/922
f 922/94/922 469/96/469 117/5/117 465/19/465
f 468/95/468 922/94/922 465/19/465 113/21/113
f 152/97/152 574/98/574 923/99/923 568/100/568
f 574/98/574 151/97/151 553/101/553 923/99/923
f 923/99/923 553/101/553 145/102/145 550/103/550
f 568/100/568 923/99/923 550/103/550 141/102/141
f 148/97/148 566/104/566 924/93/924 560/105/560
f 566/104/566 147/106/147 551/107/551 924/93/924
f 924/93/924 551/107/551 140/108/140 543/3/543
f 560/105/560 924/93/924 543/3/543 139/102/139
f 98/14/98 446/13/446 925/109/925 473/110/473
f 446/13/446 99/12/99 474/111/474 925/109/925
f 925/109/925 474/111/474 109/11/109 463/112/463
f 473/110/473 925/109/925 463/112/463 111/7/111
f 97/15/97 450/16/450 926/113/926 475/114/475
f 450/16/450 95/14/95 476/110/476 926/113/926
f 926/113/926 476/110/476 116/7/116 467/8/467
f 475/114/475 926/113/926 467/8/467 114/11/114
f 99/12/99 443/86/443 927/115/927 474/111/474
f 443/86/443 91/85/91 470/116/470 927/115/927
f 927/115/927 470/116/470 110/1/110 460/17/460
f 474/111/474 927/115/927 460/17/460 109/11/109
f 94/85/94 447/86/447 928/117/928 472/118/472
f 447/86/447 97/15/97 475/114/475 928/117/928
f 928/117/928 475/114/475 114/11/114 464/119/464
f 472/118/472 928/117/928 464/119/464 115/120/115
f 93/5/93 444/88/444 929/121/929 471/122/471
f 444/88/444 92/23/92 468/95/468 929/121/929
f 929/121/929 468/95/468 113/21/113 461/123/461
f 471/122/471 929/121/929 461/123/461 112/5/112
f 118/124/118 494/125/494 930/126/930 498/127/498
f 494/125/494 101/128/101 482/129/482 930/126/930
f 930/126/930 482/129/482 105/130/105 483/131/483
f 498/127/498 930/126/930 483/131/483 103/132/103
f 100/133/100 477/134/477 931/135/931 485/136/485
f 477/134/477 108/137/108 486/138/486 931/135/931
f 931/135/931 486/138/486 109/139/109 460/17/460
f 485/136/485 931/135/931 460/17/460 110/1/110
f 101/128/101 478/140/478 932/141/932 488/142/488
f 478/140/478 102/143/102 489/144/489 932/141/932
f 932/141/932 489/144/489 112/5/112 461/145/461
f 488/142/488 932/141/932 461/145/461 113/21/113
f 102/146/102 479/147/479 933/148/933 489/144/489
f 479/147/479 100/133/100 485/136/485 933/148/933
f 933/148/933 485/136/485 110/1/110 462/2/462
f 489/144/489 933/148/933 462/2/462 112/28/112
f 108/149/108 480/150/480 934/151/934 486/138/486
f 480/150/480 107/152/107 487/153/487 934/151/934
f 934/151/934 487/153/487 111/7/111 463/154/463
f 486/138/486 934/151/934 463/154/463 109/11/109
f 106/155/106 481/156/481 935/157/935 490/138/490
f 481/156/481 103/158/103 491/159/491 935/157/935
f 935/157/935 491/159/491 115/120/115 464/119/464
f 490/138/490 935/157/935 464/119/464 114/11/114
f 105/130/105 482/140/482 936/160/936 493/161/493
f 482/140/482 101/128/101 488/142/488 936/160/936
f 936/160/936 488/142/488 113/162/113 465/19/465
f 493/161/493 936/160/936 465/19/465 117/28/117
f 103/158/103 483/131/483 937/163/937 491/159/491
f 483/131/483 105/164/105 493/161/493 937/163/937
f 937/163/937 493/161/493 117/5/117 466/165/466
f 491/159/491 937/163/937 466/165/466 115/120/115
f 104/166/104 484/167/484 938/168/938 492/169/492
f 484/167/484 106/170/106 490/138/490 938/168/938
f 938/168/938 490/138/490 114/139/114 467/8/467
f 492/169/492 938/168/938 467/8/467 116/171/116
f 100/172/100 479/173/479 939/174/939 497/175/497
f 479/173/479 102/143/102 478/176/478 939/174/939
f 939/174/939 478/176/478 101/128/101 494/125/494
f 497/175/497 939/174/939 494/125/494 118/124/118
f 108/137/108 477/134/477 940/177/940 480/150/480
f 477/134/477 100/133/100 497/175/497 940/177/940
f 940/177/940 497/175/497 118/124/118 495/178/495
f 480/150/480 940/177/940 495/178/495 107/152/107
f 104/166/104 496/179/496 941/180/941 484/167/484
f 496/179/496 118/124/118 498/127/498 941/180/941
f 941/180/941 498/127/498 103/158/103 481/156/481
f 484/167/484 941/180/941 481/156/481 106/155/106
f 38/53/38 499/181/499 942/182/942 503/183/503
f 499/181/499 39/49/39 504/184/504 942/182/942
f 942/182/942 504/184/504 119/5/119 342/185/342
f 503/183/503 942/182/942 342/185/342 120/21/120
f 48/186/48 500/181/500 943/187/943 505/188/505
f 500/181/500 47/189/47 506/190/506 943/187/943
f 943/187/943 506/190/506 122/21/122 359/60/359
f 505/188/505 943/187/943 359/60/359 121/5/121
f 39/191/39 501/192/501 944/193/944 504/184/504
f 501/192/501 48/194/48 505/188/505 944/193/944
f 944/193/944 505/188/505 121/28/121 366/59/366
f 504/184/504 944/193/944 366/59/366 119/28/119
f 47/195/47 502/196/502 945/197/945 506/190/506
f 502/196/502 38/198/38 503/183/503 945/197/945
f 945/197/945 503/183/503 120/162/120 367/57/367
f 506/190/506 945/197/945 367/57/367 122/162/122
f 56/67/56 507/199/507 946/200/946 511/201/511
f 507/199/507 57/202/57 512/203/512 946/200/946
f 946/200/946 512/203/512 123/5/123 376/204/376
f 511/201/511 946/200/946 376/204/376 124/63/124
f 66/205/66 508/206/508 947/207/947 513/208/513
f 508/206/508 65/71/65 514/209/514 947/207/947
f 947/207/947 514/209/514 126/79/126 393/82/393
f 513/208/513 947/207/947 393/82/393 125/5/125
f 57/210/57 509/211/509 948/212/948 512/203/512
f 509/211/509 66/213/66 513/208/513 948/212/948
f 948/212/948 513/208/513 125/28/125 407/59/407
f 512/203/512 948/212/948 407/59/407 123/28/123
f 65/71/65 510/214/510 949/215/949 514/209/514
f 510/214/510 56/67/56 511/201/511 949/215/949
f 949/215/949 511/201/511 124/63/124 408/216/408
f 514/209/514 949/215/949 408/216/408 126/79/126
f 132/217/132 522/218/522 950/219/950 536/220/536
f 522/218/522 134/221/134 535/222/535 950/219/950
f 950/219/950 535/222/535 138/223/138 534/224/534
f 536/220/536 950/219/950 534/224/534 136/225/136
f 65/71/65 508/226/508 951/227/951 523/228/523
f 508/226/508 66/205/66 527/229/527 951/227/951
f 951/227/951 527/229/527 133/230/133 520/231/520
f 523/228/523 951/227/951 520/231/520 134/221/134
f 38/53/38 502/196/502 952/232/952 525/54/525
f 502/196/502 47/189/47 528/233/528 952/232/952
f 952/232/952 528/233/528 130/189/130 518/196/518
f 525/54/525 952/232/952 518/196/518 128/53/128
f 47/189/47 500/234/500 953/235/953 528/233/528
f 500/234/500 48/186/48 529/236/529 953/235/953
f 953/235/953 529/236/529 129/186/129 516/237/516
f 528/233/528 953/235/953 516/237/516 130/189/130
f 66/205/66 509/238/509 954/239/954 527/229/527
f 509/238/509 57/202/57 530/240/530 954/239/954
f 954/239/954 530/240/530 131/241/131 521/242/521
f 527/229/527 954/239/954 521/242/521 133/230/133
f 57/202/57 507/243/507 955/244/955 530/240/530
f 507/243/507 56/67/56 524/245/524 955/244/955
f 955/244/955 524/245/524 132/217/132 519/246/519
f 530/240/530 955/244/955 519/246/519 131/241/131
f 48/186/48 501/192/501 956/247/956 529/236/529
f 501/192/501 39/49/39 526/52/526 956/247/956
f 956/247/956 526/52/526 127/49/127 517/192/517
f 529/236/529 956/247/956 517/192/517 129/186/129
f 134/221/134 520/231/520 957/248/957 535/222/535
f 520/231/520 133/230/133 537/249/537 957/248/957
f 957/248/957 537/249/537 137/205/137 532/231/532
f 535/222/535 957/248/957 532/231/532 138/223/138
f 133/230/133 521/242/521 958/239/958 537/249/537
f 521/242/521 131/241/131 538/240/538 958/239/958
f 958/239/958 538/240/538 135/202/135 533/238/533
f 537/249/537 958/239/958 533/238/533 137/205/137
f 131/241/131 519/246/519 959/246/959 538/240/538
f 519/246/519 132/217/132 536/220/536 959/246/959
f 959/246/959 536/220/536 136/225/136 531/250/531
f 538/240/538 959/246/959 531/250/531 135/202/135
f 137/205/137 533/238/533 960/251/960 539/252/539
f 533/238/533 135/202/135 540/253/540 960/251/960
f 960/251/960 540/253/540 129/186/129 517/192/517
f 539/252/539 960/251/960 517/192/517 127/49/127
f 135/202/135 531/250/531 961/254/961 540/253/540
f 531/250/531 136/225/136 541/255/541 961/254/961
f 961/254/961 541/255/541 130/189/130 516/237/516
f 540/253/540 961/254/961 516/237/516 129/186/129
f 136/225/136 534/224/534 962/256/962 541/255/541
f 534/224/534 138/223/138 542/257/542 962/256/962
f 962/256/962 542/257/542 128/53/128 518/196/518
f 541/255/541 962/256/962 518/196/518 130/189/130
f 138/223/138 532/231/532 963/258/963 542/257/542
f 532/231/532 137/205/137 539/252/539 963/258/963
f 963/258/963 539/252/539 127/49/127 515/55/515
f 542/257/542 963/258/963 515/55/515 128/53/128
f 139/102/139 543/3/543 964/2/964 548/259/548
f 543/3/543 140/108/140 549/260/549 964/2/964
f 964/2/964 549/260/549 144/5/144 545/2/545
f 548/259/548 964/2/964 545/2/545 143/1/143
f 142/108/142 544/2/544 965/93/965 547/261/547
f 544/2/544 141/102/141 550/262/550 965/93/965
f 965/93/965 550/262/550 145/102/145 546/2/546
f 547/261/547 965/93/965 546/2/546 146/263/146
f 149/264/149 565/265/565 966/266/966 561/4/561
f 565/265/565 148/97/148 560/105/560 966/266/966
f 966/266/966 560/105/560 139/102/139 548/267/548
f 561/4/561 966/266/966 548/267/548 143/1/143
f 151/97/151 573/104/573 967/268/967 553/101/553
f 573/104/573 153/106/153 556/269/556 967/268/967
f 967/268/967 556/269/556 146/263/146 546/2/546
f 553/101/553 967/268/967 546/2/546 145/102/145
f 150/28/150 564/2/564 968/3/968 562/59/562
f 564/2/564 149/1/149 561/4/561 968/3/968
f 968/3/968 561/4/561 143/34/143 545/2/545
f 562/59/562 968/3/968 545/2/545 144/28/144
f 147/106/147 563/270/563 969/271/969 551/107/551
f 563/270/563 150/5/150 562/59/562 969/271/969
f 969/271/969 562/59/562 144/5/144 549/260/549
f 551/107/551 969/271/969 549/260/549 140/108/140
f 154/272/154 572/104/572 970/92/970 570/273/570
f 572/104/572 152/97/152 568/100/568 970/92/970
f 970/92/970 568/100/568 141/102/141 544/2/544
f 570/273/570 970/92/970 544/2/544 142/108/142
f 153/106/153 571/274/571 971/275/971 556/269/556
f 571/274/571 154/272/154 570/273/570 971/275/971
f 971/275/971 570/273/570 142/108/142 547/276/547
f 556/269/556 971/275/971 547/276/547 146/263/146
f 93/5/93 471/277/471 972/278/972 559/279/559
f 471/277/471 112/5/112 557/280/557 972/278/972
f 972/278/972 557/280/557 150/5/150 563/270/563
f 559/279/559 972/278/972 563/270/563 147/106/147
f 112/5/112 462/2/462 973/3/973 557/280/557
f 462/2/462 110/1/110 555/281/555 973/3/973
f 973/3/973 555/281/555 149/264/149 564/2/564
f 557/280/557 973/3/973 564/2/564 150/5/150
f 110/1/110 470/282/470 974/283/974 555/281/555
f 470/282/470 91/85/91 552/284/552 974/283/974
f 974/283/974 552/284/552 148/97/148 565/265/565
f 555/281/555 974/283/974 565/265/565 149/264/149
f 91/85/91 445/92/445 975/104/975 552/284/552
f 445/92/445 93/5/93 559/279/559 975/104/975
f 975/104/975 559/279/559 147/106/147 566/104/566
f 552/284/552 975/104/975 566/104/566 148/97/148
f 117/5/117 469/96/469 976/285/976 569/286/569
f 469/96/469 96/5/96 558/287/558 976/285/976
f 976/285/976 558/287/558 154/272/154 571/274/571
f 569/286/569 976/285/976 571/274/571 153/106/153
f 96/5/96 449/93/449 977/3/977 558/287/558
f 449/93/449 94/85/94 554/288/554 977/3/977
f 977/3/977 554/288/554 152/97/152 572/104/572
f 558/287/558 977/3/977 572/104/572 154/272/154
f 115/120/115 466/165/466 978/289/978 567/290/567
f 466/165/466 117/5/117 569/286/569 978/289/978
f 978/289/978 569/286/569 153/106/153 573/104/573
f 567/290/567 978/289/978 573/104/573 151/97/151
f 94/85/94 472/291/472 979/292/979 554/288/554
f 472/291/472 115/120/115 567/290/567 979/292/979
f 979/292/979 567/290/567 151/97/151 574/98/574
f 554/288/554 979/292/979 574/98/574 152/97/152
f 155/1/155 591/4/591 980/3/980 577/2/577
f 591/4/591 162/4/162 585/3/585 980/3/980
f 980/3/980 585/3/585 164/31/164 592/31/592
f 577/2/577 980/3/980 592/31/592 157/5/157
f 159/5/159 593/6/593 981/3/981 581/2/581
f 593/6/593 166/6/166 589/3/589 981/3/981
f 981/3/981 589/3/589 165/32/165 594/32/594
f 581/2/581 981/3/981 594/32/594 158/1/158
f 8/7/8 302/10/302 982/9/982 578/8/578
f 302/10/302 17/14/17 586/16/586 982/9/982
f 982/9/982 586/16/586 168/11/168 595/11/595
f 578/8/578 982/9/982 595/11/595 161/11/161
f 160/11/160 596/12/596 983/9/983 582/8/582
f 596/12/596 167/12/167 590/13/590 983/9/983
f 983/9/983 590/13/590 14/14/14 305/10/305
f 582/8/582 983/9/983 305/10/305 5/7/5
f 161/11/161 595/11/595 984/18/984 575/17/575
f 595/11/595 168/11/168 583/18/583 984/18/984
f 984/18/984 583/18/583 162/4/162 591/4/591
f 575/17/575 984/18/984 591/4/591 155/1/155
f 158/1/158 594/32/594 985/18/985 579/17/579
f 594/32/594 165/32/165 587/18/587 985/18/985
f 985/18/985 587/18/587 167/12/167 596/12/596
f 579/17/579 985/18/985 596/12/596 160/11/160
f 157/5/157 592/31/592 986/25/986 576/19/576
f 592/31/592 164/31/164 584/24/584 986/25/986
f 986/25/986 584/24/584 163/23/163 597/22/597
f 576/19/576 986/25/986 597/22/597 156/21/156
f 156/21/156 597/22/597 987/20/987 580/19/580
f 597/22/597 163/23/163 588/24/588 987/20/987
f 987/20/987 588/24/588 166/6/166 593/6/593
f 580/19/580 987/20/987 593/6/593 159/5/159
f 164/293/164 606/28/606 988/27/988 584/26/584
f 606/28/606 171/293/171 599/26/599 988/27/988
f 988/27/988 599/26/599 170/29/170 607/294/607
f 584/26/584 988/27/988 607/294/607 163/29/163
f 163/29/163 607/294/607 989/24/989 588/295/588
f 607/294/607 170/29/170 603/295/603 989/24/989
f 989/24/989 603/295/603 173/6/173 608/296/608
f 588/295/588 989/24/989 608/296/608 166/6/166
f 162/32/162 609/297/609 990/3/990 585/33/585
f 609/297/609 169/32/169 600/33/600 990/3/990
f 990/3/990 600/33/600 171/293/171 606/28/606
f 585/33/585 990/3/990 606/28/606 164/293/164
f 166/6/166 608/296/608 991/2/991 589/35/589
f 608/296/608 173/6/173 604/35/604 991/2/991
f 991/2/991 604/35/604 172/4/172 610/36/610
f 589/35/589 991/2/991 610/36/610 165/4/165
f 17/14/17 320/40/320 992/298/992 586/299/586
f 320/40/320 26/14/26 601/299/601 992/298/992
f 992/298/992 601/299/601 175/12/175 611/41/611
f 586/299/586 992/298/992 611/41/611 168/12/168
f 167/12/167 612/41/612 993/16/993 590/42/590
f 612/41/612 174/12/174 605/42/605 993/16/993
f 993/16/993 605/42/605 23/14/23 323/40/323
f 590/42/590 993/16/993 323/40/323 14/14/14
f 168/12/168 611/41/611 994/18/994 583/300/583
f 611/41/611 175/12/175 598/300/598 994/18/994
f 994/18/994 598/300/598 169/32/169 609/297/609
f 583/300/583 994/18/994 609/297/609 162/32/162
f 165/4/165 610/36/610 995/17/995 587/301/587
f 610/36/610 172/4/172 602/301/602 995/17/995
f 995/17/995 602/301/602 174/12/174 612/41/612
f 587/301/587 995/17/995 612/41/612 167/12/167
f 172/4/172 621/36/621 996/17/996 602/301/602
f 621/36/621 179/4/179 617/301/617 996/17/996
f 996/17/996 617/301/617 181/12/181 622/41/622
f 602/301/602 996/17/996 622/41/622 174/12/174
f 171/293/171 623/28/623 997/27/997 599/26/599
f 623/28/623 178/293/178 614/26/614 997/27/997
f 997/27/997 614/26/614 177/29/177 624/294/624
f 599/26/599 997/27/997 624/294/624 170/29/170
f 170/29/170 624/294/624 998/24/998 603/295/603
f 624/294/624 177/29/177 618/295/618 998/24/998
f 998/24/998 618/295/618 180/6/180 625/296/625
f 603/295/603 998/24/998 625/296/625 173/6/173
f 169/32/169 626/297/626 999/3/999 600/33/600
f 626/297/626 176/32/176 615/33/615 999/3/999
f 999/3/999 615/33/615 178/293/178 623/28/623
f 600/33/600 999/3/999 623/28/623 171/293/171
f 173/6/173 625/296/625 1000/2/1000 604/35/604
f 625/296/625 180/6/180 619/35/619 1000/2/1000
f 1000/2/1000 619/35/619 179/4/179 621/36/621
f 604/35/604 1000/2/1000 621/36/621 172/4/172
f 26/14/26 334/40/334 1001/298/1001 601/299/601
f 334/40/334 35/14/35 616/299/616 1001/298/1001
f 1001/298/1001 616/299/616 182/12/182 627/41/627
f 601/299/601 1001/298/1001 627/41/627 175/12/175
f 174/12/174 622/41/622 1002/16/1002 605/42/605
f 622/41/622 181/12/181 620/42/620 1002/16/1002
f 1002/16/1002 620/42/620 32/14/32 335/40/335
f 605/42/605 1002/16/1002 335/40/335 23/14/23
f 175/12/175 627/41/627 1003/18/1003 598/300/598
f 627/41/627 182/12/182 613/300/613 1003/18/1003
f 1003/18/1003 613/300/613 176/32/176 626/297/626
f 598/300/598 1003/18/1003 626/297/626 169/32/169
f 180/6/180 636/296/636 1004/2/1004 619/35/619
f 636/296/636 187/6/187 634/35/634 1004/2/1004
f 1004/2/1004 634/35/634 186/4/186 637/36/637
f 619/35/619 1004/2/1004 637/36/637 179/4/179
f 35/14/35 351/40/351 1005/298/1005 616/299/616
f 351/40/351 44/14/44 631/299/631 1005/298/1005
f 1005/298/1005 631/299/631 189/12/189 638/41/638
f 616/299/616 1005/298/1005 638/41/638 182/12/182
f 181/12/181 639/41/639 1006/16/1006 620/42/620
f 639/41/639 188/12/188 635/42/635 1006/16/1006
f 1006/16/1006 635/42/635 41/14/41 354/40/354
f 620/42/620 1006/16/1006 354/40/354 32/14/32
f 182/12/182 638/41/638 1007/18/1007 613/300/613
f 638/41/638 189/12/189 628/300/628 1007/18/1007
f 1007/18/1007 628/300/628 183/32/183 640/297/640
f 613/300/613 1007/18/1007 640/297/640 176/32/176
f 179/4/179 637/36/637 1008/17/1008 617/301/617
f 637/36/637 186/4/186 632/301/632 1008/17/1008
f 1008/17/1008 632/301/632 188/12/188 639/41/639
f 617/301/617 1008/17/1008 639/41/639 181/12/181
f 178/31/178 641/6/641 1009/20/1009 614/24/614
f 641/6/641 246/5/246 629/19/629 1009/20/1009
f 1009/20/1009 629/19/629 247/21/247 642/46/642
f 614/24/614 1009/20/1009 642/46/642 177/23/177
f 177/23/177 642/46/642 1010/20/1010 618/24/618
f 642/46/642 247/21/247 633/302/633 1010/20/1010
f 1010/20/1010 633/302/633 187/6/187 636/6/636
f 618/24/618 1010/20/1010 636/6/636 180/6/180
f 176/4/176 640/4/640 1011/3/1011 615/3/615
f 640/4/640 183/4/183 630/303/630 1011/3/1011
f 1011/3/1011 630/303/630 246/5/246 641/6/641
f 615/3/615 1011/3/1011 641/6/641 178/31/178
f 185/49/185 793/304/793 1012/237/1012 766/55/766
f 793/304/793 254/305/254 782/306/782 1012/237/1012
f 1012/237/1012 782/306/782 255/307/255 792/308/792
f 766/55/766 1012/237/1012 792/308/792 184/53/184
f 247/21/247 652/309/652 1013/310/1013 633/302/633
f 652/309/652 249/311/249 648/312/648 1013/310/1013
f 1013/310/1013 648/312/648 194/6/194 653/6/653
f 633/302/633 1013/310/1013 653/6/653 187/6/187
f 183/4/183 654/4/654 1014/313/1014 630/303/630
f 654/4/654 190/4/190 645/314/645 1014/313/1014
f 1014/313/1014 645/314/645 248/315/248 651/316/651
f 630/303/630 1014/313/1014 651/316/651 246/5/246
f 187/6/187 653/296/653 1015/2/1015 634/35/634
f 653/296/653 194/6/194 649/35/649 1015/2/1015
f 1015/2/1015 649/35/649 193/4/193 655/36/655
f 634/35/634 1015/2/1015 655/36/655 186/4/186
f 44/14/44 371/40/371 1016/298/1016 631/299/631
f 371/40/371 53/14/53 646/299/646 1016/298/1016
f 1016/298/1016 646/299/646 196/12/196 656/41/656
f 631/299/631 1016/298/1016 656/41/656 189/12/189
f 188/12/188 657/41/657 1017/16/1017 635/42/635
f 657/41/657 195/12/195 650/42/650 1017/16/1017
f 1017/16/1017 650/42/650 50/14/50 374/40/374
f 635/42/635 1017/16/1017 374/40/374 41/14/41
f 189/12/189 656/41/656 1018/18/1018 628/300/628
f 656/41/656 196/12/196 643/300/643 1018/18/1018
f 1018/18/1018 643/300/643 190/32/190 654/297/654
f 628/300/628 1018/18/1018 654/297/654 183/32/183
f 186/4/186 655/36/655 1019/17/1019 632/301/632
f 655/36/655 193/4/193 647/301/647 1019/17/1019
f 1019/17/1019 647/301/647 195/12/195 657/41/657
f 632/301/632 1019/17/1019 657/41/657 188/12/188
f 193/4/193 666/36/666 1020/17/1020 647/301/647
f 666/36/666 200/4/200 662/301/662 1020/17/1020
f 1020/17/1020 662/301/662 202/12/202 667/41/667
f 647/301/647 1020/17/1020 667/41/667 195/12/195
f 248/315/248 668/317/668 1021/318/1021 644/319/644
f 668/317/668 250/5/250 659/19/659 1021/318/1021
f 1021/318/1021 659/19/659 251/21/251 669/320/669
f 644/319/644 1021/318/1021 669/320/669 249/311/249
f 249/311/249 669/320/669 1022/321/1022 648/312/648
f 669/320/669 251/21/251 663/322/663 1022/321/1022
f 1022/321/1022 663/322/663 201/6/201 670/6/670
f 648/312/648 1022/321/1022 670/6/670 194/6/194
f 190/4/190 671/4/671 1023/323/1023 645/314/645
f 671/4/671 197/4/197 660/324/660 1023/323/1023
f 1023/323/1023 660/324/660 250/5/250 668/317/668
f 645/314/645 1023/323/1023 668/317/668 248/315/248
f 194/6/194 670/296/670 1024/2/1024 649/35/649
f 670/296/670 201/6/201 664/35/664 1024/2/1024
f 1024/2/1024 664/35/664 200/4/200 666/36/666
f 649/35/649 1024/2/1024 666/36/666 193/4/193
f 53/14/53 385/40/385 1025/298/1025 646/299/646
f 385/40/385 62/14/62 661/299/661 1025/298/1025
f 1025/298/1025 661/299/661 203/12/203 672/41/672
f 646/299/646 1025/298/1025 672/41/672 196/12/196
f 195/12/195 667/41/667 1026/16/1026 650/42/650
f 667/41/667 202/12/202 665/42/665 1026/16/1026
f 1026/16/1026 665/42/665 59/14/59 386/40/386
f 650/42/650 1026/16/1026 386/40/386 50/14/50
f 196/12/196 672/41/672 1027/18/1027 643/300/643
f 672/41/672 203/12/203 658/300/658 1027/18/1027
f 1027/18/1027 658/300/658 197/32/197 671/297/671
f 643/300/643 1027/18/1027 671/297/671 190/32/190
f 201/6/201 681/296/681 1028/2/1028 664/35/664
f 681/296/681 208/6/208 679/35/679 1028/2/1028
f 1028/2/1028 679/35/679 207/4/207 682/36/682
f 664/35/664 1028/2/1028 682/36/682 200/4/200
f 62/14/62 402/40/402 1029/298/1029 661/299/661
f 402/40/402 71/14/71 676/299/676 1029/298/1029
f 1029/298/1029 676/299/676 210/12/210 683/41/683
f 661/299/661 1029/298/1029 683/41/683 203/12/203
f 202/12/202 684/41/684 1030/16/1030 665/42/665
f 684/41/684 209/12/209 680/42/680 1030/16/1030
f 1030/16/1030 680/42/680 68/14/68 405/40/405
f 665/42/665 1030/16/1030 405/40/405 59/14/59
f 203/12/203 683/41/683 1031/18/1031 658/300/658
f 683/41/683 210/12/210 673/300/673 1031/18/1031
f 1031/18/1031 673/300/673 204/32/204 685/297/685
f 658/300/658 1031/18/1031 685/297/685 197/32/197
f 200/4/200 682/36/682 1032/17/1032 662/301/662
f 682/36/682 207/4/207 677/301/677 1032/17/1032
f 1032/17/1032 677/301/677 209/12/209 684/41/684
f 662/301/662 1032/17/1032 684/41/684 202/12/202
f 198/225/198 791/325/791 1033/326/1033 777/327/777
f 791/325/791 259/328/259 789/329/789 1033/326/1033
f 1033/326/1033 789/329/789 261/221/261 790/228/790
f 777/327/777 1033/326/1033 790/228/790 205/71/205
f 251/21/251 687/330/687 1034/331/1034 663/322/663
f 687/330/687 253/332/253 678/78/678 1034/331/1034
f 1034/331/1034 678/78/678 208/6/208 681/6/681
f 663/322/663 1034/331/1034 681/6/681 201/6/201
f 197/4/197 685/4/685 1035/333/1035 660/324/660
f 685/4/685 204/4/204 675/334/675 1035/333/1035
f 1035/333/1035 675/334/675 252/335/252 686/336/686
f 660/324/660 1035/333/1035 686/336/686 250/5/250
f 253/332/253 696/81/696 1036/337/1036 678/78/678
f 696/81/696 212/23/212 693/24/693 1036/337/1036
f 1036/337/1036 693/24/693 215/6/215 697/6/697
f 678/78/678 1036/337/1036 697/6/697 208/6/208
f 204/4/204 698/4/698 1037/338/1037 675/334/675
f 698/4/698 211/4/211 690/3/690 1037/338/1037
f 1037/338/1037 690/3/690 213/31/213 699/339/699
f 675/334/675 1037/338/1037 699/339/699 252/335/252
f 208/6/208 697/296/697 1038/2/1038 679/35/679
f 697/296/697 215/6/215 694/35/694 1038/2/1038
f 1038/2/1038 694/35/694 214/4/214 700/36/700
f 679/35/679 1038/2/1038 700/36/700 207/4/207
f 71/14/71 422/40/422 1039/298/1039 676/299/676
f 422/40/422 80/14/80 691/299/691 1039/298/1039
f 1039/298/1039 691/299/691 217/12/217 701/41/701
f 676/299/676 1039/298/1039 701/41/701 210/12/210
f 209/12/209 702/41/702 1040/16/1040 680/42/680
f 702/41/702 216/12/216 695/42/695 1040/16/1040
f 1040/16/1040 695/42/695 77/14/77 425/40/425
f 680/42/680 1040/16/1040 425/40/425 68/14/68
f 210/12/210 701/41/701 1041/18/1041 673/300/673
f 701/41/701 217/12/217 688/300/688 1041/18/1041
f 1041/18/1041 688/300/688 211/32/211 698/297/698
f 673/300/673 1041/18/1041 698/297/698 204/32/204
f 207/4/207 700/36/700 1042/17/1042 677/301/677
f 700/36/700 214/4/214 692/301/692 1042/17/1042
f 1042/17/1042 692/301/692 216/12/216 702/41/702
f 677/301/677 1042/17/1042 702/41/702 209/12/209
f 252/335/252 699/339/699 1043/340/1043 674/341/674
f 699/339/699 213/31/213 689/24/689 1043/340/1043
f 1043/340/1043 689/24/689 212/23/212 696/81/696
f 674/341/674 1043/340/1043 696/81/696 253/332/253
f 213/293/213 711/28/711 1044/27/1044 689/26/689
f 711/28/711 220/293/220 704/26/704 1044/27/1044
f 1044/27/1044 704/26/704 219/29/219 712/294/712
f 689/26/689 1044/27/1044 712/294/712 212/29/212
f 212/29/212 712/294/712 1045/24/1045 693/295/693
f 712/294/712 219/29/219 708/295/708 1045/24/1045
f 1045/24/1045 708/295/708 222/6/222 713/296/713
f 693/295/693 1045/24/1045 713/296/713 215/6/215
f 211/32/211 714/297/714 1046/3/1046 690/33/690
f 714/297/714 218/32/218 705/33/705 1046/3/1046
f 1046/3/1046 705/33/705 220/293/220 711/28/711
f 690/33/690 1046/3/1046 711/28/711 213/293/213
f 215/6/215 713/296/713 1047/2/1047 694/35/694
f 713/296/713 222/6/222 709/35/709 1047/2/1047
f 1047/2/1047 709/35/709 221/4/221 715/36/715
f 694/35/694 1047/2/1047 715/36/715 214/4/214
f 80/14/80 434/40/434 1048/298/1048 691/299/691
f 434/40/434 89/14/89 706/299/706 1048/298/1048
f 1048/298/1048 706/299/706 224/12/224 716/41/716
f 691/299/691 1048/298/1048 716/41/716 217/12/217
f 216/12/216 717/41/717 1049/16/1049 695/42/695
f 717/41/717 223/12/223 710/42/710 1049/16/1049
f 1049/16/1049 710/42/710 86/14/86 435/40/435
f 695/42/695 1049/16/1049 435/40/435 77/14/77
f 217/12/217 716/41/716 1050/18/1050 688/300/688
f 716/41/716 224/12/224 703/300/703 1050/18/1050
f 1050/18/1050 703/300/703 218/32/218 714/297/714
f 688/300/688 1050/18/1050 714/297/714 211/32/211
f 214/4/214 715/36/715 1051/17/1051 692/301/692
f 715/36/715 221/4/221 707/301/707 1051/17/1051
f 1051/17/1051 707/301/707 223/12/223 717/41/717
f 692/301/692 1051/17/1051 717/41/717 216/12/216
f 89/14/89 451/40/451 1052/298/1052 706/299/706
f 451/40/451 98/14/98 721/299/721 1052/298/1052
f 1052/298/1052 721/299/721 231/12/231 726/41/726
f 706/299/706 1052/298/1052 726/41/726 224/12/224
f 223/12/223 727/41/727 1053/16/1053 710/42/710
f 727/41/727 230/12/230 725/42/725 1053/16/1053
f 1053/16/1053 725/42/725 95/14/95 454/40/454
f 710/42/710 1053/16/1053 454/40/454 86/14/86
f 224/11/224 726/11/726 1054/83/1054 703/18/703
f 726/11/726 231/11/231 718/342/718 1054/83/1054
f 1054/83/1054 718/342/718 225/32/225 728/4/728
f 703/18/703 1054/83/1054 728/4/728 218/4/218
f 221/32/221 729/4/729 1055/18/1055 707/18/707
f 729/4/729 228/85/228 722/86/722 1055/18/1055
f 1055/18/1055 722/86/722 230/12/230 727/12/727
f 707/18/707 1055/18/1055 727/12/727 223/12/223
f 220/31/220 730/343/730 1056/24/1056 704/24/704
f 730/343/730 227/31/227 719/90/719 1056/24/1056
f 1056/24/1056 719/90/719 226/23/226 731/23/731
f 704/24/704 1056/24/1056 731/23/731 219/23/219
f 219/23/219 731/23/731 1057/89/1057 708/24/708
f 731/23/731 226/23/226 723/344/723 1057/89/1057
f 1057/89/1057 723/344/723 229/5/229 732/6/732
f 708/24/708 1057/89/1057 732/6/732 222/6/222
f 218/4/218 728/4/728 1058/345/1058 705/3/705
f 728/4/728 225/32/225 720/93/720 1058/345/1058
f 1058/345/1058 720/93/720 227/31/227 730/343/730
f 705/3/705 1058/345/1058 730/343/730 220/31/220
f 222/6/222 732/6/732 1059/268/1059 709/3/709
f 732/6/732 229/5/229 724/91/724 1059/268/1059
f 1059/268/1059 724/91/724 228/85/228 729/4/729
f 709/3/709 1059/268/1059 729/4/729 221/32/221
f 226/23/226 741/346/741 1060/347/1060 723/344/723
f 741/346/741 242/21/242 738/123/738 1060/347/1060
f 1060/347/1060 738/123/738 245/5/245 742/277/742
f 723/344/723 1060/347/1060 742/277/742 229/5/229
f 279/97/279 835/100/835 1061/348/1061 841/98/841
f 835/100/835 268/102/268 817/349/817 1061/348/1061
f 1061/348/1061 817/349/817 272/102/272 820/350/820
f 841/98/841 1061/348/1061 820/350/820 278/351/278
f 275/351/275 827/350/827 1062/3/1062 833/3/833
f 827/350/827 266/352/266 810/2/810 1062/3/1062
f 1062/3/1062 810/2/810 267/108/267 818/107/818
f 833/3/833 1062/3/1062 818/107/818 274/353/274
f 98/14/98 473/354/473 1063/113/1063 721/16/721
f 473/354/473 111/7/111 736/8/736 1063/113/1063
f 1063/113/1063 736/8/736 239/11/239 746/114/746
f 721/16/721 1063/113/1063 746/114/746 231/11/231
f 230/12/230 747/355/747 1064/109/1064 725/13/725
f 747/355/747 243/11/243 740/154/740 1064/109/1064
f 1064/109/1064 740/154/740 116/7/116 476/354/476
f 725/13/725 1064/109/1064 476/354/476 95/14/95
f 231/11/231 746/114/746 1065/356/1065 718/342/718
f 746/114/746 239/11/239 733/357/733 1065/356/1065
f 1065/356/1065 733/357/733 240/1/240 743/358/743
f 718/342/718 1065/356/1065 743/358/743 225/32/225
f 228/85/228 745/116/745 1066/359/1066 722/86/722
f 745/116/745 244/1/244 737/17/737 1066/359/1066
f 1066/359/1066 737/17/737 243/11/243 747/355/747
f 722/86/722 1066/359/1066 747/355/747 230/12/230
f 227/31/227 744/360/744 1067/361/1067 719/90/719
f 744/360/744 241/5/241 734/19/734 1067/361/1067
f 1067/361/1067 734/19/734 242/21/242 741/346/741
f 719/90/719 1067/361/1067 741/346/741 226/23/226
f 118/124/118 765/127/765 1068/362/1068 763/125/763
f 765/127/765 235/132/235 754/131/754 1068/362/1068
f 1068/362/1068 754/131/754 236/130/236 753/129/753
f 763/125/763 1068/362/1068 753/129/753 233/128/233
f 232/133/232 756/363/756 1069/364/1069 748/134/748
f 756/363/756 240/1/240 733/365/733 1069/364/1069
f 1069/364/1069 733/365/733 239/11/239 757/138/757
f 748/134/748 1069/364/1069 757/138/757 238/137/238
f 233/128/233 758/142/758 1070/366/1070 749/140/749
f 758/142/758 242/162/242 734/19/734 1070/366/1070
f 1070/366/1070 734/19/734 241/28/241 759/144/759
f 749/140/749 1070/366/1070 759/144/759 234/143/234
f 234/146/234 759/144/759 1071/148/1071 750/147/750
f 759/144/759 241/28/241 735/2/735 1071/148/1071
f 1071/148/1071 735/2/735 240/1/240 756/363/756
f 750/147/750 1071/148/1071 756/363/756 232/133/232
f 238/149/238 757/138/757 1072/168/1072 751/150/751
f 757/138/757 239/139/239 736/8/736 1072/168/1072
f 1072/168/1072 736/8/736 111/171/111 487/153/487
f 751/150/751 1072/168/1072 487/153/487 107/152/107
f 237/155/237 760/138/760 1073/367/1073 752/156/752
f 760/138/760 243/139/243 737/17/737 1073/367/1073
f 1073/367/1073 737/17/737 244/1/244 761/368/761
f 752/156/752 1073/367/1073 761/368/761 235/158/235
f 236/130/236 762/161/762 1074/369/1074 753/370/753
f 762/161/762 245/5/245 738/123/738 1074/369/1074
f 1074/369/1074 738/123/738 242/21/242 758/142/758
f 753/370/753 1074/369/1074 758/142/758 233/128/233
f 235/158/235 761/368/761 1075/371/1075 754/131/754
f 761/368/761 244/1/244 739/2/739 1075/371/1075
f 1075/371/1075 739/2/739 245/28/245 762/161/762
f 754/131/754 1075/371/1075 762/161/762 236/164/236
f 104/166/104 492/169/492 1076/372/1076 755/167/755
f 492/169/492 116/7/116 740/154/740 1076/372/1076
f 1076/372/1076 740/154/740 243/11/243 760/138/760
f 755/167/755 1076/372/1076 760/138/760 237/170/237
f 232/172/232 764/175/764 1077/362/1077 750/173/750
f 764/175/764 118/124/118 763/125/763 1077/362/1077
f 1077/362/1077 763/125/763 233/128/233 749/140/749
f 750/173/750 1077/362/1077 749/140/749 234/143/234
f 238/137/238 751/150/751 1078/180/1078 748/134/748
f 751/150/751 107/152/107 495/178/495 1078/180/1078
f 1078/180/1078 495/178/495 118/124/118 764/175/764
f 748/134/748 1078/180/1078 764/175/764 232/133/232
f 104/166/104 755/167/755 1079/373/1079 496/179/496
f 755/167/755 237/155/237 752/156/752 1079/373/1079
f 1079/373/1079 752/156/752 235/158/235 765/127/765
f 496/179/496 1079/373/1079 765/127/765 118/124/118
f 184/198/184 770/183/770 1080/187/1080 766/55/766
f 770/183/770 247/162/247 629/19/629 1080/187/1080
f 1080/187/1080 629/19/629 246/28/246 771/184/771
f 766/55/766 1080/187/1080 771/184/771 185/191/185
f 192/374/192 772/375/772 1081/376/1081 767/234/767
f 772/375/772 248/315/248 644/319/644 1081/376/1081
f 1081/376/1081 644/319/644 249/311/249 773/377/773
f 767/234/767 1081/376/1081 773/377/773 191/378/191
f 185/49/185 771/184/771 1082/379/1082 768/380/768
f 771/184/771 246/5/246 651/316/651 1082/379/1082
f 1082/379/1082 651/316/651 248/315/248 772/375/772
f 768/380/768 1082/379/1082 772/375/772 192/374/192
f 191/378/191 773/377/773 1083/381/1083 769/382/769
f 773/377/773 249/311/249 652/383/652 1083/381/1083
f 1083/381/1083 652/383/652 247/21/247 770/183/770
f 769/382/769 1083/381/1083 770/183/770 184/53/184
f 198/384/198 778/385/778 1084/386/1084 774/250/774
f 778/385/778 251/162/251 659/19/659 1084/386/1084
f 1084/386/1084 659/19/659 250/28/250 779/203/779
f 774/250/774 1084/386/1084 779/203/779 199/210/199
f 206/387/206 780/388/780 1085/389/1085 775/390/775
f 780/388/780 252/335/252 674/341/674 1085/389/1085
f 1085/389/1085 674/341/674 253/332/253 781/391/781
f 775/390/775 1085/389/1085 781/391/781 205/71/205
f 199/202/199 779/203/779 1086/392/1086 776/393/776
f 779/203/779 250/5/250 686/336/686 1086/392/1086
f 1086/392/1086 686/336/686 252/335/252 780/388/780
f 776/393/776 1086/392/1086 780/388/780 206/387/206
f 205/71/205 781/391/781 1087/394/1087 777/395/777
f 781/391/781 253/332/253 687/396/687 1087/394/1087
f 1087/394/1087 687/396/687 251/21/251 778/385/778
f 777/395/777 1087/394/1087 778/385/778 198/225/198
f 259/75/259 803/397/803 1088/398/1088 789/399/789
f 803/397/803 263/400/263 801/401/801 1088/398/1088
f 1088/398/1088 801/401/801 265/402/265 802/403/802
f 789/399/789 1088/398/1088 802/403/802 261/221/261
f 205/71/205 790/404/790 1089/231/1089 775/405/775
f 790/404/790 261/221/261 787/406/787 1089/231/1089
f 1089/231/1089 787/406/787 260/407/260 794/408/794
f 775/405/775 1089/231/1089 794/408/794 206/409/206
f 184/53/184 792/308/792 1090/410/1090 769/411/769
f 792/308/792 255/307/255 785/412/785 1090/410/1090
f 1090/410/1090 785/412/785 257/413/257 795/414/795
f 769/411/769 1090/410/1090 795/414/795 191/415/191
f 191/415/191 795/416/795 1091/417/1091 767/418/767
f 795/416/795 257/419/257 783/420/783 1091/417/1091
f 1091/417/1091 783/420/783 256/421/256 796/422/796
f 767/418/767 1091/417/1091 796/422/796 192/374/192
f 206/423/206 794/424/794 1092/425/1092 776/393/776
f 794/424/794 260/426/260 788/427/788 1092/425/1092
f 1092/425/1092 788/427/788 258/241/258 797/428/797
f 776/393/776 1092/425/1092 797/428/797 199/202/199
f 199/202/199 797/428/797 1093/246/1093 774/250/774
f 797/428/797 258/241/258 786/246/786 1093/246/1093
f 1093/246/1093 786/246/786 259/328/259 791/325/791
f 774/250/774 1093/246/1093 791/325/791 198/225/198
f 192/374/192 796/429/796 1094/430/1094 768/431/768
f 796/429/796 256/432/256 784/433/784 1094/430/1094
f 1094/430/1094 784/433/784 254/305/254 793/304/793
f 768/431/768 1094/430/1094 793/304/793 185/49/185
f 261/221/261 802/403/802 1095/248/1095 787/406/787
f 802/403/802 265/402/265 799/434/799 1095/248/1095
f 1095/248/1095 799/434/799 264/435/264 804/436/804
f 787/406/787 1095/248/1095 804/436/804 260/407/260
f 260/407/260 804/436/804 1096/437/1096 788/438/788
f 804/436/804 264/435/264 800/439/800 1096/437/1096
f 1096/437/1096 800/439/800 262/440/262 805/441/805
f 788/438/788 1096/437/1096 805/441/805 258/442/258
f 258/442/258 805/441/805 1097/246/1097 786/443/786
f 805/441/805 262/440/262 798/444/798 1097/246/1097
f 1097/246/1097 798/444/798 263/400/263 803/397/803
f 786/443/786 1097/246/1097 803/397/803 259/75/259
f 264/435/264 806/445/806 1098/446/1098 800/439/800
f 806/445/806 254/305/254 784/447/784 1098/446/1098
f 1098/446/1098 784/447/784 256/421/256 807/448/807
f 800/439/800 1098/446/1098 807/448/807 262/440/262
f 262/440/262 807/448/807 1099/258/1099 798/444/798
f 807/448/807 256/421/256 783/449/783 1099/258/1099
f 1099/258/1099 783/449/783 257/419/257 808/450/808
f 798/444/798 1099/258/1099 808/450/808 263/400/263
f 263/400/263 808/450/808 1100/451/1100 801/401/801
f 808/450/808 257/419/257 785/452/785 1100/451/1100
f 1100/451/1100 785/452/785 255/307/255 809/453/809
f 801/401/801 1100/451/1100 809/453/809 265/402/265
f 265/402/265 809/453/809 1101/254/1101 799/434/799
f 809/453/809 255/307/255 782/454/782 1101/254/1101
f 1101/254/1101 782/454/782 254/305/254 806/445/806
f 799/434/799 1101/254/1101 806/445/806 264/435/264
f 266/352/266 815/349/815 1102/93/1102 810/2/810
f 815/349/815 270/352/270 812/2/812 1102/93/1102
f 1102/93/1102 812/2/812 271/263/271 816/261/816
f 810/2/810 1102/93/1102 816/261/816 267/108/267
f 269/263/269 814/276/814 1103/92/1103 811/3/811
f 814/276/814 273/263/273 813/3/813 1103/92/1103
f 1103/92/1103 813/3/813 272/102/272 817/262/817
f 811/3/811 1103/92/1103 817/262/817 268/102/268
f 276/264/276 828/259/828 1104/455/1104 832/456/832
f 828/259/828 270/352/270 815/349/815 1104/455/1104
f 1104/455/1104 815/349/815 266/352/266 827/350/827
f 832/456/832 1104/455/1104 827/350/827 275/351/275
f 278/351/278 820/350/820 1105/3/1105 840/3/840
f 820/350/820 272/102/272 813/457/813 1105/3/1105
f 1105/3/1105 813/457/813 273/263/273 823/107/823
f 840/3/840 1105/3/1105 823/107/823 280/353/280
f 277/5/277 829/458/829 1106/92/1106 831/2/831
f 829/458/829 271/263/271 812/2/812 1106/92/1106
f 1106/92/1106 812/2/812 270/352/270 828/259/828
f 831/2/831 1106/92/1106 828/259/828 276/264/276
f 274/353/274 818/107/818 1107/459/1107 830/460/830
f 818/107/818 267/108/267 816/261/816 1107/459/1107
f 1107/459/1107 816/261/816 271/263/271 829/458/829
f 830/460/830 1107/459/1107 829/458/829 277/5/277
f 281/272/281 837/273/837 1108/2/1108 839/3/839
f 837/273/837 269/263/269 811/3/811 1108/2/1108
f 1108/2/1108 811/3/811 268/102/268 835/100/835
f 839/3/839 1108/2/1108 835/100/835 279/97/279
f 280/353/280 823/107/823 1109/461/1109 838/462/838
f 823/107/823 273/263/273 814/261/814 1109/461/1109
f 1109/461/1109 814/261/814 269/263/269 837/273/837
f 838/462/838 1109/461/1109 837/273/837 281/272/281
f 227/31/227 826/279/826 1110/463/1110 744/360/744
f 826/279/826 274/353/274 830/460/830 1110/463/1110
f 1110/463/1110 830/460/830 277/5/277 824/59/824
f 744/360/744 1110/463/1110 824/59/824 241/5/241
f 241/28/241 824/59/824 1111/3/1111 735/2/735
f 824/59/824 277/28/277 831/2/831 1111/3/1111
f 1111/3/1111 831/2/831 276/1/276 822/4/822
f 735/2/735 1111/3/1111 822/4/822 240/34/240
f 240/1/240 822/4/822 1112/464/1112 743/358/743
f 822/4/822 276/264/276 832/456/832 1112/464/1112
f 1112/464/1112 832/456/832 275/351/275 819/288/819
f 743/358/743 1112/464/1112 819/288/819 225/32/225
f 225/32/225 819/288/819 1113/3/1113 720/93/720
f 819/288/819 275/351/275 833/3/833 1113/3/1113
f 1113/3/1113 833/3/833 274/353/274 826/279/826
f 720/93/720 1113/3/1113 826/279/826 227/31/227
f 245/5/245 836/279/836 1114/465/1114 742/122/742
f 836/279/836 280/353/280 838/462/838 1114/465/1114
f 1114/465/1114 838/462/838 281/272/281 825/287/825
f 742/122/742 1114/465/1114 825/287/825 229/5/229
f 229/5/229 825/287/825 1115/3/1115 724/91/724
f 825/287/825 281/272/281 839/3/839 1115/3/1115
f 1115/3/1115 839/3/839 279/97/279 821/288/821
f 724/91/724 1115/3/1115 821/288/821 228/85/228
f 244/1/244 834/288/834 1116/3/1116 739/2/739
f 834/288/834 278/351/278 840/3/840 1116/3/1116
f 1116/3/1116 840/3/840 280/353/280 836/279/836
f 739/2/739 1116/3/1116 836/279/836 245/5/245
f 228/85/228 821/288/821 1117/466/1117 745/282/745
f 821/288/821 279/97/279 841/98/841 1117/466/1117
f 1117/466/1117 841/98/841 278/351/278 834/288/834
f 745/282/745 1117/466/1117 834/288/834 244/1/244
f 1118/1/1118 1415/4/1414 1959/3/1956 1401/2/1400
f 1401/2/1400 1959/3/1956 1416/6/1415 1120/5/1120
f 1959/3/1956 1409/3/1408 1129/6/1129 1416/6/1415
f 1415/4/1414 1127/4/1127 1409/3/1408 1959/3/1956
f 1123/5/1123 1417/6/1416 1960/2/1957 1405/2/1404
f 1405/2/1404 1960/2/1957 1418/4/1417 1121/1/1121
f 1960/2/1957 1413/2/1412 1130/4/1130 1418/4/1417
f 1417/6/1416 1132/6/1132 1413/2/1412 1960/2/1957
f 1125/7/1125 1419/10/1418 1961/9/1958 1402/8/1401
f 1402/8/1401 1961/9/1958 1420/12/1419 1126/11/1126
f 1961/9/1958 1410/13/1409 1135/12/1135 1420/12/1419
f 1419/10/1418 1134/14/1134 1410/13/1409 1961/9/1958
f 1124/11/1124 1421/15/1420 1962/9/1959 1406/8/1405
f 1406/8/1405 1962/9/1959 1422/10/1421 1122/7/1122
f 1962/9/1959 1414/16/1413 1131/14/1131 1422/10/1421
f 1421/15/1420 1133/15/1133 1414/16/1413 1962/9/1959
f 1126/11/1126 1420/12/1419 1963/18/1960 1399/17/1398
f 1399/17/1398 1963/18/1960 1415/4/1414 1118/1/1118
f 1963/18/1960 1407/18/1406 1127/4/1127 1415/4/1414
f 1420/12/1419 1135/12/1135 1407/18/1406 1963/18/1960
f 1121/1/1121 1418/4/1417 1964/18/1961 1403/17/1402
f 1403/17/1402 1964/18/1961 1421/15/1420 1124/11/1124
f 1964/18/1961 1411/18/1410 1133/15/1133 1421/15/1420
f 1418/4/1417 1130/4/1130 1411/18/1410 1964/18/1961
f 1120/5/1120 1416/6/1415 1965/20/1962 1400/19/1399
f 1400/19/1399 1965/20/1962 1423/22/1422 1119/21/1119
f 1965/20/1962 1408/24/1407 1128/23/1128 1423/22/1422
f 1416/6/1415 1129/6/1129 1408/24/1407 1965/20/1962
f 1119/21/1119 1423/22/1422 1966/25/1963 1404/19/1403
f 1404/19/1403 1966/25/1963 1417/6/1416 1123/5/1123
f 1966/25/1963 1412/24/1411 1132/6/1132 1417/6/1416
f 1423/22/1422 1128/23/1128 1412/24/1411 1966/25/1963
f 1129/6/1129 1432/28/1431 1967/27/1964 1408/26/1407
f 1408/26/1407 1967/27/1964 1433/30/1432 1128/29/1128
f 1967/27/1964 1425/26/1424 1137/29/1137 1433/30/1432
f 1432/28/1431 1138/6/1138 1425/26/1424 1967/27/1964
f 1128/29/1128 1433/30/1432 1968/24/1965 1412/26/1411
f 1412/26/1411 1968/24/1965 1434/28/1433 1132/31/1132
f 1968/24/1965 1429/26/1428 1141/31/1141 1434/28/1433
f 1433/30/1432 1137/29/1137 1429/26/1428 1968/24/1965
f 1127/32/1127 1435/34/1434 1969/3/1966 1409/33/1408
f 1409/33/1408 1969/3/1966 1432/28/1431 1129/6/1129
f 1969/3/1966 1426/33/1425 1138/6/1138 1432/28/1431
f 1435/34/1434 1136/32/1136 1426/33/1425 1969/3/1966
f 1132/31/1132 1434/28/1433 1970/2/1967 1413/35/1412
f 1413/35/1412 1970/2/1967 1436/36/1435 1130/4/1130
f 1970/2/1967 1430/35/1429 1139/4/1139 1436/36/1435
f 1434/28/1433 1141/31/1141 1430/35/1429 1970/2/1967
f 1134/37/1134 1437/40/1436 1971/39/1968 1410/38/1409
f 1410/38/1409 1971/39/1968 1438/41/1437 1135/12/1135
f 1971/39/1968 1427/38/1426 1144/12/1144 1438/41/1437
f 1437/40/1436 1143/37/1143 1427/38/1426 1971/39/1968
f 1133/12/1133 1439/43/1438 1972/39/1969 1414/42/1413
f 1414/42/1413 1972/39/1969 1440/40/1439 1131/37/1131
f 1972/39/1969 1431/42/1430 1140/37/1140 1440/40/1439
f 1439/43/1438 1142/12/1142 1431/42/1430 1972/39/1969
f 1135/12/1135 1438/41/1437 1973/44/1970 1407/17/1406
f 1407/17/1406 1973/44/1970 1435/34/1434 1127/32/1127
f 1973/44/1970 1424/17/1423 1136/32/1136 1435/34/1434
f 1438/41/1437 1144/12/1144 1424/17/1423 1973/44/1970
f 1130/4/1130 1436/36/1435 1974/18/1971 1411/45/1410
f 1411/45/1410 1974/18/1971 1439/43/1438 1133/12/1133
f 1974/18/1971 1428/45/1427 1142/12/1142 1439/43/1438
f 1436/36/1435 1139/4/1139 1428/45/1427 1974/18/1971
f 1139/4/1139 1449/36/1448 1975/18/1972 1428/45/1427
f 1428/45/1427 1975/18/1972 1450/43/1449 1142/12/1142
f 1975/18/1972 1445/45/1444 1151/12/1151 1450/43/1449
f 1449/36/1448 1148/4/1148 1445/45/1444 1975/18/1972
f 1138/6/1138 1453/28/1452 1976/27/1973 1425/26/1424
f 1425/26/1424 1976/27/1973 1454/30/1453 1137/29/1137
f 1976/27/1973 1442/26/1441 1146/29/1146 1454/30/1453
f 1453/28/1452 1147/6/1147 1442/26/1441 1976/27/1973
f 1137/29/1137 1454/30/1453 1977/24/1974 1429/26/1428
f 1429/26/1428 1977/24/1974 1455/28/1454 1141/31/1141
f 1977/24/1974 1446/26/1445 1150/31/1150 1455/28/1454
f 1454/30/1453 1146/29/1146 1446/26/1445 1977/24/1974
f 1136/32/1136 1456/34/1455 1978/3/1975 1426/33/1425
f 1426/33/1425 1978/3/1975 1453/28/1452 1138/6/1138
f 1978/3/1975 1443/33/1442 1147/6/1147 1453/28/1452
f 1456/34/1455 1145/32/1145 1443/33/1442 1978/3/1975
f 1141/31/1141 1455/28/1454 1979/2/1976 1430/35/1429
f 1430/35/1429 1979/2/1976 1449/36/1448 1139/4/1139
f 1979/2/1976 1447/35/1446 1148/4/1148 1449/36/1448
f 1455/28/1454 1150/31/1150 1447/35/1446 1979/2/1976
f 1143/37/1143 1451/40/1450 1980/39/1977 1427/38/1426
f 1427/38/1426 1980/39/1977 1457/41/1456 1144/12/1144
f 1980/39/1977 1444/38/1443 1153/12/1153 1457/41/1456
f 1451/40/1450 1152/37/1152 1444/38/1443 1980/39/1977
f 1142/12/1142 1450/43/1449 1981/39/1978 1431/42/1430
f 1431/42/1430 1981/39/1978 1452/40/1451 1140/37/1140
f 1981/39/1978 1448/42/1447 1149/37/1149 1452/40/1451
f 1450/43/1449 1151/12/1151 1448/42/1447 1981/39/1978
f 1144/12/1144 1457/41/1456 1982/44/1979 1424/17/1423
f 1424/17/1423 1982/44/1979 1456/34/1455 1136/32/1136
f 1982/44/1979 1441/17/1440 1145/32/1145 1456/34/1455
f 1457/41/1456 1153/12/1153 1441/17/1440 1982/44/1979
f 1150/31/1150 1466/28/1465 1983/2/1980 1447/35/1446
f 1447/35/1446 1983/2/1980 1467/36/1466 1148/4/1148
f 1983/2/1980 1464/35/1463 1157/4/1157 1467/36/1466
f 1466/28/1465 1159/31/1159 1464/35/1463 1983/2/1980
f 1152/37/1152 1468/40/1467 1984/39/1981 1444/38/1443
f 1444/38/1443 1984/39/1981 1469/41/1468 1153/12/1153
f 1984/39/1981 1461/38/1460 1162/12/1162 1469/41/1468
f 1468/40/1467 1161/37/1161 1461/38/1460 1984/39/1981
f 1151/12/1151 1470/43/1469 1985/39/1982 1448/42/1447
f 1448/42/1447 1985/39/1982 1471/40/1470 1149/37/1149
f 1985/39/1982 1465/42/1464 1158/37/1158 1471/40/1470
f 1470/43/1469 1160/12/1160 1465/42/1464 1985/39/1982
f 1153/12/1153 1469/41/1468 1986/44/1983 1441/17/1440
f 1441/17/1440 1986/44/1983 1472/34/1471 1145/32/1145
f 1986/44/1983 1458/17/1457 1154/32/1154 1472/34/1471
f 1469/41/1468 1162/12/1162 1458/17/1457 1986/44/1983
f 1148/4/1148 1467/36/1466 1987/18/1984 1445/45/1444
f 1445/45/1444 1987/18/1984 1470/43/1469 1151/12/1151
f 1987/18/1984 1462/45/1461 1160/12/1160 1470/43/1469
f 1467/36/1466 1157/4/1157 1462/45/1461 1987/18/1984
f 1147/6/1147 1473/6/1472 1988/25/1985 1442/24/1441
f 1442/24/1441 1988/25/1985 1474/46/1473 1146/23/1146
f 1988/25/1985 1459/47/1458 1237/21/1236 1474/46/1473
f 1473/6/1472 1236/5/1235 1459/47/1458 1988/25/1985
f 1146/23/1146 1474/46/1473 1989/25/1986 1446/24/1445
f 1446/24/1445 1989/25/1986 1466/6/1465 1150/6/1150
f 1989/25/1986 1463/48/1462 1159/6/1159 1466/6/1465
f 1474/46/1473 1237/21/1236 1463/48/1462 1989/25/1986
f 1145/4/1145 1472/4/1471 1990/3/1987 1443/3/1442
f 1443/3/1442 1990/3/1987 1473/6/1472 1147/6/1147
f 1990/3/1987 1460/3/1459 1236/5/1235 1473/6/1472
f 1472/4/1471 1154/4/1154 1460/3/1459 1990/3/1987
f 1156/49/1156 1643/52/1640 1991/51/1988 1616/50/1613
f 1616/50/1613 1991/51/1988 1642/54/1639 1155/53/1155
f 1991/51/1988 1632/55/1629 1245/53/1244 1642/54/1639
f 1643/52/1640 1244/49/1243 1632/55/1629 1991/51/1988
f 1237/21/1236 1484/57/1483 1992/56/1989 1463/48/1462
f 1463/48/1462 1992/56/1989 1485/6/1484 1159/6/1159
f 1992/56/1989 1480/58/1479 1168/6/1168 1485/6/1484
f 1484/57/1483 1239/21/1238 1480/58/1479 1992/56/1989
f 1154/4/1154 1486/4/1485 1993/3/1990 1460/3/1459
f 1460/3/1459 1993/3/1990 1483/59/1482 1236/5/1235
f 1993/3/1990 1477/3/1476 1238/5/1237 1483/59/1482
f 1486/4/1485 1163/4/1163 1477/3/1476 1993/3/1990
f 1159/31/1159 1485/28/1484 1994/2/1991 1464/35/1463
f 1464/35/1463 1994/2/1991 1487/36/1486 1157/4/1157
f 1994/2/1991 1481/35/1480 1166/4/1166 1487/36/1486
f 1485/28/1484 1168/31/1168 1481/35/1480 1994/2/1991
f 1161/37/1161 1488/40/1487 1995/39/1992 1461/38/1460
f 1461/38/1460 1995/39/1992 1489/41/1488 1162/12/1162
f 1995/39/1992 1478/38/1477 1171/12/1171 1489/41/1488
f 1488/40/1487 1170/37/1170 1478/38/1477 1995/39/1992
f 1160/12/1160 1490/43/1489 1996/39/1993 1465/42/1464
f 1465/42/1464 1996/39/1993 1491/40/1490 1158/37/1158
f 1996/39/1993 1482/42/1481 1167/37/1167 1491/40/1490
f 1490/43/1489 1169/12/1169 1482/42/1481 1996/39/1993
f 1162/12/1162 1489/41/1488 1997/44/1994 1458/17/1457
f 1458/17/1457 1997/44/1994 1486/34/1485 1154/32/1154
f 1997/44/1994 1475/17/1474 1163/32/1163 1486/34/1485
f 1489/41/1488 1171/12/1171 1475/17/1474 1997/44/1994
f 1157/4/1157 1487/36/1486 1998/18/1995 1462/45/1461
f 1462/45/1461 1998/18/1995 1490/43/1489 1160/12/1160
f 1998/18/1995 1479/45/1478 1169/12/1169 1490/43/1489
f 1487/36/1486 1166/4/1166 1479/45/1478 1998/18/1995
f 1166/4/1166 1500/36/1499 1999/18/1996 1479/45/1478
f 1479/45/1478 1999/18/1996 1501/43/1500 1169/12/1169
f 1999/18/1996 1496/45/1495 1178/12/1178 1501/43/1500
f 1500/36/1499 1175/4/1175 1496/45/1495 1999/18/1996
f 1238/5/1237 1504/31/1503 2000/61/1997 1476/60/1475
f 1476/60/1475 2000/61/1997 1505/62/1504 1239/21/1238
f 2000/61/1997 1493/64/1492 1241/63/1240 1505/62/1504
f 1504/31/1503 1240/5/1239 1493/64/1492 2000/61/1997
f 1239/21/1238 1505/62/1504 2001/65/1998 1480/58/1479
f 1480/58/1479 2001/65/1998 1506/6/1505 1168/6/1168
f 2001/65/1998 1497/66/1496 1177/6/1177 1506/6/1505
f 1505/62/1504 1241/63/1240 1497/66/1496 2001/65/1998
f 1163/4/1163 1507/4/1506 2002/3/1999 1477/3/1476
f 1477/3/1476 2002/3/1999 1504/31/1503 1238/5/1237
f 2002/3/1999 1494/3/1493 1240/5/1239 1504/31/1503
f 1507/4/1506 1172/4/1172 1494/3/1493 2002/3/1999
f 1168/31/1168 1506/28/1505 2003/2/2000 1481/35/1480
f 1481/35/1480 2003/2/2000 1500/36/1499 1166/4/1166
f 2003/2/2000 1498/35/1497 1175/4/1175 1500/36/1499
f 1506/28/1505 1177/31/1177 1498/35/1497 2003/2/2000
f 1170/37/1170 1502/40/1501 2004/39/2001 1478/38/1477
f 1478/38/1477 2004/39/2001 1508/41/1507 1171/12/1171
f 2004/39/2001 1495/38/1494 1180/12/1180 1508/41/1507
f 1502/40/1501 1179/37/1179 1495/38/1494 2004/39/2001
f 1169/12/1169 1501/43/1500 2005/39/2002 1482/42/1481
f 1482/42/1481 2005/39/2002 1503/40/1502 1167/37/1167
f 2005/39/2002 1499/42/1498 1176/37/1176 1503/40/1502
f 1501/43/1500 1178/12/1178 1499/42/1498 2005/39/2002
f 1171/12/1171 1508/41/1507 2006/44/2003 1475/17/1474
f 1475/17/1474 2006/44/2003 1507/34/1506 1163/32/1163
f 2006/44/2003 1492/17/1491 1172/32/1172 1507/34/1506
f 1508/41/1507 1180/12/1180 1492/17/1491 2006/44/2003
f 1177/31/1177 1517/28/1516 2007/2/2004 1498/35/1497
f 1498/35/1497 2007/2/2004 1518/36/1517 1175/4/1175
f 2007/2/2004 1515/35/1514 1184/4/1184 1518/36/1517
f 1517/28/1516 1186/31/1186 1515/35/1514 2007/2/2004
f 1179/37/1179 1519/40/1518 2008/39/2005 1495/38/1494
f 1495/38/1494 2008/39/2005 1520/41/1519 1180/12/1180
f 2008/39/2005 1512/38/1511 1189/12/1189 1520/41/1519
f 1519/40/1518 1188/37/1188 1512/38/1511 2008/39/2005
f 1178/12/1178 1521/43/1520 2009/39/2006 1499/42/1498
f 1499/42/1498 2009/39/2006 1522/40/1521 1176/37/1176
f 2009/39/2006 1516/42/1515 1185/37/1185 1522/40/1521
f 1521/43/1520 1187/12/1187 1516/42/1515 2009/39/2006
f 1180/12/1180 1520/41/1519 2010/44/2007 1492/17/1491
f 1492/17/1491 2010/44/2007 1523/34/1522 1172/32/1172
f 2010/44/2007 1509/17/1508 1181/32/1181 1523/34/1522
f 1520/41/1519 1189/12/1189 1509/17/1508 2010/44/2007
f 1175/4/1175 1518/36/1517 2011/18/2008 1496/45/1495
f 1496/45/1495 2011/18/2008 1521/43/1520 1178/12/1178
f 2011/18/2008 1513/45/1512 1187/12/1187 1521/43/1520
f 1518/36/1517 1184/4/1184 1513/45/1512 2011/18/2008
f 1173/67/1173 1641/70/1638 2012/69/2009 1627/68/1624
f 1627/68/1624 2012/69/2009 1640/72/1637 1182/71/1182
f 2012/69/2009 1639/74/1636 1251/73/1250 1640/72/1637
f 1641/70/1638 1249/75/1248 1639/74/1636 2012/69/2009
f 1241/63/1240 1525/77/1524 2013/76/2010 1497/66/1496
f 1497/66/1496 2013/76/2010 1517/6/1516 1177/6/1177
f 2013/76/2010 1514/78/1513 1186/6/1186 1517/6/1516
f 1525/77/1524 1243/79/1242 1514/78/1513 2013/76/2010
f 1172/4/1172 1523/4/1522 2014/3/2011 1494/3/1493
f 1494/3/1493 2014/3/2011 1524/59/1523 1240/5/1239
f 2014/3/2011 1511/3/1510 1242/5/1241 1524/59/1523
f 1523/4/1522 1181/4/1181 1511/3/1510 2014/3/2011
f 1243/79/1242 1534/81/1533 2015/80/2012 1514/78/1513
f 1514/78/1513 2015/80/2012 1535/6/1534 1186/6/1186
f 2015/80/2012 1531/24/1530 1195/6/1195 1535/6/1534
f 1534/81/1533 1191/23/1191 1531/24/1530 2015/80/2012
f 1181/4/1181 1536/4/1535 2016/3/2013 1511/3/1510
f 1511/3/1510 2016/3/2013 1537/6/1536 1242/5/1241
f 2016/3/2013 1528/3/1527 1192/6/1192 1537/6/1536
f 1536/4/1535 1190/4/1190 1528/3/1527 2016/3/2013
f 1186/31/1186 1535/28/1534 2017/2/2014 1515/35/1514
f 1515/35/1514 2017/2/2014 1538/36/1537 1184/4/1184
f 2017/2/2014 1532/35/1531 1193/4/1193 1538/36/1537
f 1535/28/1534 1195/31/1195 1532/35/1531 2017/2/2014
f 1188/37/1188 1539/40/1538 2018/39/2015 1512/38/1511
f 1512/38/1511 2018/39/2015 1540/41/1539 1189/12/1189
f 2018/39/2015 1529/38/1528 1198/12/1197 1540/41/1539
f 1539/40/1538 1197/37/386 1529/38/1528 2018/39/2015
f 1187/12/1187 1541/43/1540 2019/39/2016 1516/42/1515
f 1516/42/1515 2019/39/2016 1542/40/1541 1185/37/1185
f 2019/39/2016 1533/42/1532 1194/37/1194 1542/40/1541
f 1541/43/1540 1196/12/1196 1533/42/1532 2019/39/2016
f 1189/12/1189 1540/41/1539 2020/44/2017 1509/17/1508
f 1509/17/1508 2020/44/2017 1536/34/1535 1181/32/1181
f 2020/44/2017 1526/17/1525 1190/32/1190 1536/34/1535
f 1540/41/1539 1198/12/1197 1526/17/1525 2020/44/2017
f 1184/4/1184 1538/36/1537 2021/18/2018 1513/45/1512
f 1513/45/1512 2021/18/2018 1541/43/1540 1187/12/1187
f 2021/18/2018 1530/45/1529 1196/12/1196 1541/43/1540
f 1538/36/1537 1193/4/1193 1530/45/1529 2021/18/2018
f 1242/5/1241 1537/6/1536 2022/80/2019 1510/82/1509
f 1510/82/1509 2022/80/2019 1534/81/1533 1243/79/1242
f 2022/80/2019 1527/24/1526 1191/23/1191 1534/81/1533
f 1537/6/1536 1192/6/1192 1527/24/1526 2022/80/2019
f 1192/6/1192 1553/28/1552 2023/27/2020 1527/26/1526
f 1527/26/1526 2023/27/2020 1554/30/1553 1191/29/1191
f 2023/27/2020 1544/26/1543 1200/29/1199 1554/30/1553
f 1553/28/1552 1201/6/1200 1544/26/1543 2023/27/2020
f 1191/29/1191 1554/30/1553 2024/24/2021 1531/26/1530
f 1531/26/1530 2024/24/2021 1555/28/1554 1195/31/1195
f 2024/24/2021 1548/26/1547 1204/31/1203 1555/28/1554
f 1554/30/1553 1200/29/1199 1548/26/1547 2024/24/2021
f 1190/32/1190 1556/34/1555 2025/3/2022 1528/33/1527
f 1528/33/1527 2025/3/2022 1553/28/1552 1192/6/1192
f 2025/3/2022 1545/33/1544 1201/6/1200 1553/28/1552
f 1556/34/1555 1199/32/1198 1545/33/1544 2025/3/2022
f 1195/31/1195 1555/28/1554 2026/2/2023 1532/35/1531
f 1532/35/1531 2026/2/2023 1557/36/1556 1193/4/1193
f 2026/2/2023 1549/35/1548 1202/4/1201 1557/36/1556
f 1555/28/1554 1204/31/1203 1549/35/1548 2026/2/2023
f 1197/37/386 1551/40/1550 2027/39/2024 1529/38/1528
f 1529/38/1528 2027/39/2024 1558/41/1557 1198/12/1197
f 2027/39/2024 1546/38/1545 1207/12/1206 1558/41/1557
f 1551/40/1550 1206/37/1205 1546/38/1545 2027/39/2024
f 1196/12/1196 1559/43/1558 2028/39/2025 1533/42/1532
f 1533/42/1532 2028/39/2025 1552/40/1551 1194/37/1194
f 2028/39/2025 1550/42/1549 1203/37/1202 1552/40/1551
f 1559/43/1558 1205/12/1204 1550/42/1549 2028/39/2025
f 1198/12/1197 1558/41/1557 2029/44/2026 1526/17/1525
f 1526/17/1525 2029/44/2026 1556/34/1555 1190/32/1190
f 2029/44/2026 1543/17/1542 1199/32/1198 1556/34/1555
f 1558/41/1557 1207/12/1206 1543/17/1542 2029/44/2026
f 1193/4/1193 1557/36/1556 2030/18/2027 1530/45/1529
f 1530/45/1529 2030/18/2027 1559/43/1558 1196/12/1196
f 2030/18/2027 1547/45/1546 1205/12/1204 1559/43/1558
f 1557/36/1556 1202/4/1201 1547/45/1546 2030/18/2027
f 1206/37/1205 1568/40/1567 2031/39/2028 1546/38/1545
f 1546/38/1545 2031/39/2028 1569/41/1568 1207/12/1206
f 2031/39/2028 1563/38/1562 1216/12/1215 1569/41/1568
f 1568/40/1567 1215/37/1214 1563/38/1562 2031/39/2028
f 1205/12/1204 1570/43/1569 2032/39/2029 1550/42/1549
f 1550/42/1549 2032/39/2029 1571/40/1570 1203/37/1202
f 2032/39/2029 1567/42/1566 1212/37/1211 1571/40/1570
f 1570/43/1569 1214/12/1213 1567/42/1566 2032/39/2029
f 1207/12/1206 1569/12/1568 2033/83/2030 1543/18/1542
f 1543/18/1542 2033/83/2030 1572/84/1571 1199/4/1198
f 2033/83/2030 1560/86/1559 1208/85/1207 1572/84/1571
f 1569/12/1568 1216/12/1215 1560/86/1559 2033/83/2030
f 1202/4/1201 1573/1/1572 2034/18/2031 1547/18/1546
f 1547/18/1546 2034/18/2031 1570/15/1569 1205/15/1204
f 2034/18/2031 1564/86/1563 1214/15/1213 1570/15/1569
f 1573/1/1572 1211/85/1210 1564/86/1563 2034/18/2031
f 1201/6/1200 1574/87/1573 2035/24/2032 1544/24/1543
f 1544/24/1543 2035/24/2032 1575/23/1574 1200/23/1199
f 2035/24/2032 1561/88/1560 1209/23/1208 1575/23/1574
f 1574/87/1573 1210/5/1209 1561/88/1560 2035/24/2032
f 1200/23/1199 1575/23/1574 2036/89/2033 1548/24/1547
f 1548/24/1547 2036/89/2033 1576/87/1575 1204/6/1203
f 2036/89/2033 1565/90/1564 1213/5/1212 1576/87/1575
f 1575/23/1574 1209/23/1208 1565/90/1564 2036/89/2033
f 1199/4/1198 1572/84/1571 2037/91/2034 1545/3/1544
f 1545/3/1544 2037/91/2034 1574/87/1573 1201/6/1200
f 2037/91/2034 1562/92/1561 1210/5/1209 1574/87/1573
f 1572/84/1571 1208/85/1207 1562/92/1561 2037/91/2034
f 1204/6/1203 1576/87/1575 2038/93/2035 1549/2/1548
f 1549/2/1548 2038/93/2035 1573/1/1572 1202/4/1201
f 2038/93/2035 1566/93/1565 1211/85/1210 1573/1/1572
f 1576/87/1575 1213/5/1212 1566/93/1565 2038/93/2035
f 1209/23/1208 1585/95/1584 2039/94/2036 1565/90/1564
f 1565/90/1564 2039/94/2036 1586/96/1585 1213/5/1212
f 2039/94/2036 1582/19/1581 1234/5/1233 1586/96/1585
f 1585/95/1584 1230/21/1229 1582/19/1581 2039/94/2036
f 1269/97/1268 1685/100/1682 2040/99/2037 1691/98/1688
f 1691/98/1688 2040/99/2037 1670/101/1667 1268/97/1267
f 2040/99/2037 1667/103/1664 1262/102/1261 1670/101/1667
f 1685/100/1682 1258/102/1257 1667/103/1664 2040/99/2037
f 1265/97/1264 1677/105/1674 2041/93/2038 1683/104/1680
f 1683/104/1680 2041/93/2038 1668/107/1665 1264/106/1263
f 2041/93/2038 1660/3/1657 1257/108/1256 1668/107/1665
f 1677/105/1674 1256/102/1255 1660/3/1657 2041/93/2038
f 1215/14/1214 1590/110/1589 2042/109/2039 1563/13/1562
f 1563/13/1562 2042/109/2039 1591/111/1590 1216/12/1215
f 2042/109/2039 1580/112/1579 1226/11/1225 1591/111/1590
f 1590/110/1589 1228/7/1227 1580/112/1579 2042/109/2039
f 1214/15/1213 1592/114/1591 2043/113/2040 1567/16/1566
f 1567/16/1566 2043/113/2040 1593/110/1592 1212/14/1211
f 2043/113/2040 1584/8/1583 1233/7/1232 1593/110/1592
f 1592/114/1591 1231/11/1230 1584/8/1583 2043/113/2040
f 1216/12/1215 1591/111/1590 2044/115/2041 1560/86/1559
f 1560/86/1559 2044/115/2041 1587/116/1586 1208/85/1207
f 2044/115/2041 1577/17/1576 1227/1/1226 1587/116/1586
f 1591/111/1590 1226/11/1225 1577/17/1576 2044/115/2041
f 1211/85/1210 1589/118/1588 2045/117/2042 1564/86/1563
f 1564/86/1563 2045/117/2042 1592/114/1591 1214/15/1213
f 2045/117/2042 1581/119/1580 1231/11/1230 1592/114/1591
f 1589/118/1588 1232/120/1231 1581/119/1580 2045/117/2042
f 1210/5/1209 1588/122/1587 2046/121/2043 1561/88/1560
f 1561/88/1560 2046/121/2043 1585/95/1584 1209/23/1208
f 2046/121/2043 1578/123/1577 1230/21/1229 1585/95/1584
f 1588/122/1587 1229/5/1228 1578/123/1577 2046/121/2043
f 1235/124/1234 1615/127/1612 2047/126/2044 1611/125/1610
f 1611/125/1610 2047/126/2044 1599/129/1598 1218/128/1217
f 2047/126/2044 1600/131/1599 1222/130/1221 1599/129/1598
f 1615/127/1612 1220/132/1219 1600/131/1599 2047/126/2044
f 1217/133/1216 1602/136/1601 2048/135/2045 1594/134/1593
f 1594/134/1593 2048/135/2045 1603/138/1602 1225/137/1224
f 2048/135/2045 1577/17/1576 1226/139/1225 1603/138/1602
f 1602/136/1601 1227/1/1226 1577/17/1576 2048/135/2045
f 1218/128/1217 1605/142/1604 2049/141/2046 1595/140/1594
f 1595/140/1594 2049/141/2046 1606/144/1605 1219/143/1218
f 2049/141/2046 1578/145/1577 1229/5/1228 1606/144/1605
f 1605/142/1604 1230/21/1229 1578/145/1577 2049/141/2046
f 1219/146/1218 1606/144/1605 2050/148/2047 1596/147/1595
f 1596/147/1595 2050/148/2047 1602/136/1601 1217/133/1216
f 2050/148/2047 1579/2/1578 1227/1/1226 1602/136/1601
f 1606/144/1605 1229/28/1228 1579/2/1578 2050/148/2047
f 1225/149/1224 1603/138/1602 2051/151/2048 1597/150/1596
f 1597/150/1596 2051/151/2048 1604/153/1603 1224/152/1223
f 2051/151/2048 1580/154/1579 1228/7/1227 1604/153/1603
f 1603/138/1602 1226/11/1225 1580/154/1579 2051/151/2048
f 1223/155/1222 1607/138/1606 2052/157/2049 1598/156/1597
f 1598/156/1597 2052/157/2049 1608/159/1607 1220/158/1219
f 2052/157/2049 1581/119/1580 1232/120/1231 1608/159/1607
f 1607/138/1606 1231/11/1230 1581/119/1580 2052/157/2049
f 1222/130/1221 1610/161/1609 2053/160/2050 1599/140/1598
f 1599/140/1598 2053/160/2050 1605/142/1604 1218/128/1217
f 2053/160/2050 1582/19/1581 1230/162/1229 1605/142/1604
f 1610/161/1609 1234/28/1233 1582/19/1581 2053/160/2050
f 1220/158/1219 1608/159/1607 2054/163/2051 1600/131/1599
f 1600/131/1599 2054/163/2051 1610/161/1609 1222/164/1221
f 2054/163/2051 1583/165/1582 1234/5/1233 1610/161/1609
f 1608/159/1607 1232/120/1231 1583/165/1582 2054/163/2051
f 1221/166/1220 1609/169/1608 2055/168/2052 1601/167/1600
f 1601/167/1600 2055/168/2052 1607/138/1606 1223/170/1222
f 2055/168/2052 1584/8/1583 1231/139/1230 1607/138/1606
f 1609/169/1608 1233/171/1232 1584/8/1583 2055/168/2052
f 1217/172/1216 1614/175/1611 2056/174/2053 1596/173/1595
f 1596/173/1595 2056/174/2053 1595/176/1594 1219/143/1218
f 2056/174/2053 1611/125/1610 1218/128/1217 1595/176/1594
f 1614/175/1611 1235/124/1234 1611/125/1610 2056/174/2053
f 1225/137/1224 1597/150/1596 2057/177/2054 1594/134/1593
f 1594/134/1593 2057/177/2054 1614/175/1611 1217/133/1216
f 2057/177/2054 1612/178/1234 1235/124/1234 1614/175/1611
f 1597/150/1596 1224/152/1223 1612/178/1234 2057/177/2054
f 1221/166/1220 1601/167/1600 2058/180/2055 1613/179/1234
f 1613/179/1234 2058/180/2055 1615/127/1612 1235/124/1234
f 2058/180/2055 1598/156/1597 1220/158/1219 1615/127/1612
f 1601/167/1600 1223/155/1222 1598/156/1597 2058/180/2055
f 1155/53/1155 1620/183/1617 2059/182/2056 1616/181/1613
f 1616/181/1613 2059/182/2056 1621/184/1618 1156/49/1156
f 2059/182/2056 1459/185/1458 1236/5/1235 1621/184/1618
f 1620/183/1617 1237/21/1236 1459/185/1458 2059/182/2056
f 1165/186/1165 1622/188/1619 2060/187/2057 1617/181/1614
f 1617/181/1614 2060/187/2057 1623/190/1620 1164/189/1164
f 2060/187/2057 1476/60/1475 1239/21/1238 1623/190/1620
f 1622/188/1619 1238/5/1237 1476/60/1475 2060/187/2057
f 1156/191/1156 1621/184/1618 2061/193/2058 1618/192/1615
f 1618/192/1615 2061/193/2058 1622/188/1619 1165/194/1165
f 2061/193/2058 1483/59/1482 1238/28/1237 1622/188/1619
f 1621/184/1618 1236/28/1235 1483/59/1482 2061/193/2058
f 1164/195/1164 1623/190/1620 2062/197/2059 1619/196/1616
f 1619/196/1616 2062/197/2059 1620/183/1617 1155/198/1155
f 2062/197/2059 1484/57/1483 1237/162/1236 1620/183/1617
f 1623/190/1620 1239/162/1238 1484/57/1483 2062/197/2059
f 1173/67/1173 1628/201/1625 2063/200/2060 1624/199/1621
f 1624/199/1621 2063/200/2060 1629/203/1626 1174/202/1174
f 2063/200/2060 1493/204/1492 1240/5/1239 1629/203/1626
f 1628/201/1625 1241/63/1240 1493/204/1492 2063/200/2060
f 1183/205/1183 1630/208/1627 2064/207/2061 1625/206/1622
f 1625/206/1622 2064/207/2061 1631/209/1628 1182/71/1182
f 2064/207/2061 1510/82/1509 1243/79/1242 1631/209/1628
f 1630/208/1627 1242/5/1241 1510/82/1509 2064/207/2061
f 1174/210/1174 1629/203/1626 2065/212/2062 1626/211/1623
f 1626/211/1623 2065/212/2062 1630/208/1627 1183/213/1183
f 2065/212/2062 1524/59/1523 1242/28/1241 1630/208/1627
f 1629/203/1626 1240/28/1239 1524/59/1523 2065/212/2062
f 1182/71/1182 1631/209/1628 2066/215/2063 1627/214/1624
f 1627/214/1624 2066/215/2063 1628/201/1625 1173/67/1173
f 2066/215/2063 1525/216/1524 1241/63/1240 1628/201/1625
f 1631/209/1628 1243/79/1242 1525/216/1524 2066/215/2063
f 1249/217/1248 1653/220/1650 2067/219/2064 1639/218/1636
f 1639/218/1636 2067/219/2064 1652/222/1649 1251/221/1250
f 2067/219/2064 1651/224/1648 1255/223/1254 1652/222/1649
f 1653/220/1650 1253/225/1252 1651/224/1648 2067/219/2064
f 1182/71/1182 1640/228/1637 2068/227/2065 1625/226/1622
f 1625/226/1622 2068/227/2065 1644/229/1641 1183/205/1183
f 2068/227/2065 1637/231/1634 1250/230/1249 1644/229/1641
f 1640/228/1637 1251/221/1250 1637/231/1634 2068/227/2065
f 1155/53/1155 1642/54/1639 2069/232/2066 1619/196/1616
f 1619/196/1616 2069/232/2066 1645/233/1642 1164/189/1164
f 2069/232/2066 1635/196/1632 1247/189/1246 1645/233/1642
f 1642/54/1639 1245/53/1244 1635/196/1632 2069/232/2066
f 1164/189/1164 1645/233/1642 2070/235/2067 1617/234/1614
f 1617/234/1614 2070/235/2067 1646/236/1643 1165/186/1165
f 2070/235/2067 1633/237/1630 1246/186/1245 1646/236/1643
f 1645/233/1642 1247/189/1246 1633/237/1630 2070/235/2067
f 1183/205/1183 1644/229/1641 2071/239/2068 1626/238/1623
f 1626/238/1623 2071/239/2068 1647/240/1644 1174/202/1174
f 2071/239/2068 1638/242/1635 1248/241/1247 1647/240/1644
f 1644/229/1641 1250/230/1249 1638/242/1635 2071/239/2068
f 1174/202/1174 1647/240/1644 2072/244/2069 1624/243/1621
f 1624/243/1621 2072/244/2069 1641/245/1638 1173/67/1173
f 2072/244/2069 1636/246/1633 1249/217/1248 1641/245/1638
f 1647/240/1644 1248/241/1247 1636/246/1633 2072/244/2069
f 1165/186/1165 1646/236/1643 2073/247/2070 1618/192/1615
f 1618/192/1615 2073/247/2070 1643/52/1640 1156/49/1156
f 2073/247/2070 1634/192/1631 1244/49/1243 1643/52/1640
f 1646/236/1643 1246/186/1245 1634/192/1631 2073/247/2070
f 1251/221/1250 1652/222/1649 2074/248/2071 1637/231/1634
f 1637/231/1634 2074/248/2071 1654/249/1651 1250/230/1249
f 2074/248/2071 1649/231/1646 1254/205/1253 1654/249/1651
f 1652/222/1649 1255/223/1254 1649/231/1646 2074/248/2071
f 1250/230/1249 1654/249/1651 2075/239/2072 1638/242/1635
f 1638/242/1635 2075/239/2072 1655/240/1652 1248/241/1247
f 2075/239/2072 1650/238/1647 1252/202/1251 1655/240/1652
f 1654/249/1651 1254/205/1253 1650/238/1647 2075/239/2072
f 1248/241/1247 1655/240/1652 2076/246/2073 1636/246/1633
f 1636/246/1633 2076/246/2073 1653/220/1650 1249/217/1248
f 2076/246/2073 1648/250/1645 1253/225/1252 1653/220/1650
f 1655/240/1652 1252/202/1251 1648/250/1645 2076/246/2073
f 1254/205/1253 1656/252/1653 2077/251/2074 1650/238/1647
f 1650/238/1647 2077/251/2074 1657/253/1654 1252/202/1251
f 2077/251/2074 1634/192/1631 1246/186/1245 1657/253/1654
f 1656/252/1653 1244/49/1243 1634/192/1631 2077/251/2074
f 1252/202/1251 1657/253/1654 2078/254/2075 1648/250/1645
f 1648/250/1645 2078/254/2075 1658/255/1655 1253/225/1252
f 2078/254/2075 1633/237/1630 1247/189/1246 1658/255/1655
f 1657/253/1654 1246/186/1245 1633/237/1630 2078/254/2075
f 1253/225/1252 1658/255/1655 2079/256/2076 1651/224/1648
f 1651/224/1648 2079/256/2076 1659/257/1656 1255/223/1254
f 2079/256/2076 1635/196/1632 1245/53/1244 1659/257/1656
f 1658/255/1655 1247/189/1246 1635/196/1632 2079/256/2076
f 1255/223/1254 1659/257/1656 2080/258/2077 1649/231/1646
f 1649/231/1646 2080/258/2077 1656/252/1653 1254/205/1253
f 2080/258/2077 1632/55/1629 1244/49/1243 1656/252/1653
f 1659/257/1656 1245/53/1244 1632/55/1629 2080/258/2077
f 1256/102/1255 1665/259/1662 2081/2/2078 1660/3/1657
f 1660/3/1657 2081/2/2078 1666/260/1663 1257/108/1256
f 2081/2/2078 1662/2/1659 1261/5/1260 1666/260/1663
f 1665/259/1662 1260/1/1259 1662/2/1659 2081/2/2078
f 1259/108/1258 1664/261/1661 2082/93/2079 1661/2/1658
f 1661/2/1658 2082/93/2079 1667/262/1664 1258/102/1257
f 2082/93/2079 1663/2/1660 1262/102/1261 1667/262/1664
f 1664/261/1661 1263/263/1262 1663/2/1660 2082/93/2079
f 1266/264/1265 1678/4/1675 2083/266/2080 1682/265/1679
f 1682/265/1679 2083/266/2080 1677/105/1674 1265/97/1264
f 2083/266/2080 1665/267/1662 1256/102/1255 1677/105/1674
f 1678/4/1675 1260/1/1259 1665/267/1662 2083/266/2080
f 1268/97/1267 1670/101/1667 2084/268/2081 1690/104/1687
f 1690/104/1687 2084/268/2081 1673/269/1670 1270/106/1269
f 2084/268/2081 1663/2/1660 1263/263/1262 1673/269/1670
f 1670/101/1667 1262/102/1261 1663/2/1660 2084/268/2081
f 1267/28/1266 1679/59/1676 2085/3/2082 1681/2/1678
f 1681/2/1678 2085/3/2082 1678/4/1675 1266/1/1265
f 2085/3/2082 1662/2/1659 1260/34/1259 1678/4/1675
f 1679/59/1676 1261/28/1260 1662/2/1659 2085/3/2082
f 1264/106/1263 1668/107/1665 2086/271/2083 1680/270/1677
f 1680/270/1677 2086/271/2083 1679/59/1676 1267/5/1266
f 2086/271/2083 1666/260/1663 1261/5/1260 1679/59/1676
f 1668/107/1665 1257/108/1256 1666/260/1663 2086/271/2083
f 1271/272/1270 1687/273/1684 2087/92/2084 1689/104/1686
f 1689/104/1686 2087/92/2084 1685/100/1682 1269/97/1268
f 2087/92/2084 1661/2/1658 1258/102/1257 1685/100/1682
f 1687/273/1684 1259/108/1258 1661/2/1658 2087/92/2084
f 1270/106/1269 1673/269/1670 2088/275/2085 1688/274/1685
f 1688/274/1685 2088/275/2085 1687/273/1684 1271/272/1270
f 2088/275/2085 1664/276/1661 1259/108/1258 1687/273/1684
f 1673/269/1670 1263/263/1262 1664/276/1661 2088/275/2085
f 1210/5/1209 1676/279/1673 2089/278/2086 1588/277/1587
f 1588/277/1587 2089/278/2086 1674/280/1671 1229/5/1228
f 2089/278/2086 1680/270/1677 1267/5/1266 1674/280/1671
f 1676/279/1673 1264/106/1263 1680/270/1677 2089/278/2086
f 1229/5/1228 1674/280/1671 2090/3/2087 1579/2/1578
f 1579/2/1578 2090/3/2087 1672/281/1669 1227/1/1226
f 2090/3/2087 1681/2/1678 1266/264/1265 1672/281/1669
f 1674/280/1671 1267/5/1266 1681/2/1678 2090/3/2087
f 1227/1/1226 1672/281/1669 2091/283/2088 1587/282/1586
f 1587/282/1586 2091/283/2088 1669/284/1666 1208/85/1207
f 2091/283/2088 1682/265/1679 1265/97/1264 1669/284/1666
f 1672/281/1669 1266/264/1265 1682/265/1679 2091/283/2088
f 1208/85/1207 1669/284/1666 2092/104/2089 1562/92/1561
f 1562/92/1561 2092/104/2089 1676/279/1673 1210/5/1209
f 2092/104/2089 1683/104/1680 1264/106/1263 1676/279/1673
f 1669/284/1666 1265/97/1264 1683/104/1680 2092/104/2089
f 1234/5/1233 1686/286/1683 2093/285/2090 1586/96/1585
f 1586/96/1585 2093/285/2090 1675/287/1672 1213/5/1212
f 2093/285/2090 1688/274/1685 1271/272/1270 1675/287/1672
f 1686/286/1683 1270/106/1269 1688/274/1685 2093/285/2090
f 1213/5/1212 1675/287/1672 2094/3/2091 1566/93/1565
f 1566/93/1565 2094/3/2091 1671/288/1668 1211/85/1210
f 2094/3/2091 1689/104/1686 1269/97/1268 1671/288/1668
f 1675/287/1672 1271/272/1270 1689/104/1686 2094/3/2091
f 1232/120/1231 1684/290/1681 2095/289/2092 1583/165/1582
f 1583/165/1582 2095/289/2092 1686/286/1683 1234/5/1233
f 2095/289/2092 1690/104/1687 1270/106/1269 1686/286/1683
f 1684/290/1681 1268/97/1267 1690/104/1687 2095/289/2092
f 1211/85/1210 1671/288/1668 2096/292/2093 1589/291/1588
f 1589/291/1588 2096/292/2093 1684/290/1681 1232/120/1231
f 2096/292/2093 1691/98/1688 1268/97/1267 1684/290/1681
f 1671/288/1668 1269/97/1268 1691/98/1688 2096/292/2093
f 1272/1/1271 1694/2/1691 2097/3/2094 1708/4/1705
f 1708/4/1705 2097/3/2094 1702/3/1699 1279/4/1278
f 2097/3/2094 1709/31/1706 1281/31/1280 1702/3/1699
f 1694/2/1691 1274/5/1273 1709/31/1706 2097/3/2094
f 1276/5/1275 1698/2/1695 2098/3/2095 1710/6/1707
f 1710/6/1707 2098/3/2095 1706/3/1703 1283/6/1282
f 2098/3/2095 1711/32/1708 1282/32/1281 1706/3/1703
f 1698/2/1695 1275/1/1274 1711/32/1708 2098/3/2095
f 1125/7/1125 1695/8/1692 2099/9/2096 1419/10/1418
f 1419/10/1418 2099/9/2096 1703/16/1700 1134/14/1134
f 2099/9/2096 1712/11/1709 1285/11/1284 1703/16/1700
f 1695/8/1692 1278/11/1277 1712/11/1709 2099/9/2096
f 1277/11/1276 1699/8/1696 2100/9/2097 1713/12/1710
f 1713/12/1710 2100/9/2097 1707/13/1704 1284/12/1283
f 2100/9/2097 1422/10/1421 1131/14/1131 1707/13/1704
f 1699/8/1696 1122/7/1122 1422/10/1421 2100/9/2097
f 1278/11/1277 1692/17/1689 2101/18/2098 1712/11/1709
f 1712/11/1709 2101/18/2098 1700/18/1697 1285/11/1284
f 2101/18/2098 1708/4/1705 1279/4/1278 1700/18/1697
f 1692/17/1689 1272/1/1271 1708/4/1705 2101/18/2098
f 1275/1/1274 1696/17/1693 2102/18/2099 1711/32/1708
f 1711/32/1708 2102/18/2099 1704/18/1701 1282/32/1281
f 2102/18/2099 1713/12/1710 1284/12/1283 1704/18/1701
f 1696/17/1693 1277/11/1276 1713/12/1710 2102/18/2099
f 1274/5/1273 1693/19/1690 2103/25/2100 1709/31/1706
f 1709/31/1706 2103/25/2100 1701/24/1698 1281/31/1280
f 2103/25/2100 1714/22/1711 1280/23/1279 1701/24/1698
f 1693/19/1690 1273/21/1272 1714/22/1711 2103/25/2100
f 1273/21/1272 1697/19/1694 2104/20/2101 1714/22/1711
f 1714/22/1711 2104/20/2101 1705/24/1702 1280/23/1279
f 2104/20/2101 1710/6/1707 1283/6/1282 1705/24/1702
f 1697/19/1694 1276/5/1275 1710/6/1707 2104/20/2101
f 1281/293/1280 1701/26/1698 2105/27/2102 1723/28/1720
f 1723/28/1720 2105/27/2102 1716/26/1713 1288/293/1287
f 2105/27/2102 1724/294/1721 1287/29/1286 1716/26/1713
f 1701/26/1698 1280/29/1279 1724/294/1721 2105/27/2102
f 1280/29/1279 1705/295/1702 2106/24/2103 1724/294/1721
f 1724/294/1721 2106/24/2103 1720/295/1717 1287/29/1286
f 2106/24/2103 1725/296/1722 1290/6/1289 1720/295/1717
f 1705/295/1702 1283/6/1282 1725/296/1722 2106/24/2103
f 1279/32/1278 1702/33/1699 2107/3/2104 1726/297/1723
f 1726/297/1723 2107/3/2104 1717/33/1714 1286/32/1285
f 2107/3/2104 1723/28/1720 1288/293/1287 1717/33/1714
f 1702/33/1699 1281/293/1280 1723/28/1720 2107/3/2104
f 1283/6/1282 1706/35/1703 2108/2/2105 1725/296/1722
f 1725/296/1722 2108/2/2105 1721/35/1718 1290/6/1289
f 2108/2/2105 1727/36/1724 1289/4/1288 1721/35/1718
f 1706/35/1703 1282/4/1281 1727/36/1724 2108/2/2105
f 1134/14/1134 1703/299/1700 2109/298/2106 1437/40/1436
f 1437/40/1436 2109/298/2106 1718/299/1715 1143/14/1143
f 2109/298/2106 1728/41/1725 1292/12/1291 1718/299/1715
f 1703/299/1700 1285/12/1284 1728/41/1725 2109/298/2106
f 1284/12/1283 1707/42/1704 2110/16/2107 1729/41/1726
f 1729/41/1726 2110/16/2107 1722/42/1719 1291/12/1290
f 2110/16/2107 1440/40/1439 1140/14/1140 1722/42/1719
f 1707/42/1704 1131/14/1131 1440/40/1439 2110/16/2107
f 1285/12/1284 1700/300/1697 2111/18/2108 1728/41/1725
f 1728/41/1725 2111/18/2108 1715/300/1712 1292/12/1291
f 2111/18/2108 1726/297/1723 1286/32/1285 1715/300/1712
f 1700/300/1697 1279/32/1278 1726/297/1723 2111/18/2108
f 1282/4/1281 1704/301/1701 2112/17/2109 1727/36/1724
f 1727/36/1724 2112/17/2109 1719/301/1716 1289/4/1288
f 2112/17/2109 1729/41/1726 1291/12/1290 1719/301/1716
f 1704/301/1701 1284/12/1283 1729/41/1726 2112/17/2109
f 1289/4/1288 1719/301/1716 2113/17/2110 1738/36/1735
f 1738/36/1735 2113/17/2110 1734/301/1731 1296/4/1295
f 2113/17/2110 1739/41/1736 1298/12/1297 1734/301/1731
f 1719/301/1716 1291/12/1290 1739/41/1736 2113/17/2110
f 1288/293/1287 1716/26/1713 2114/27/2111 1740/28/1737
f 1740/28/1737 2114/27/2111 1731/26/1728 1295/293/1294
f 2114/27/2111 1741/294/1738 1294/29/1293 1731/26/1728
f 1716/26/1713 1287/29/1286 1741/294/1738 2114/27/2111
f 1287/29/1286 1720/295/1717 2115/24/2112 1741/294/1738
f 1741/294/1738 2115/24/2112 1735/295/1732 1294/29/1293
f 2115/24/2112 1742/296/1739 1297/6/1296 1735/295/1732
f 1720/295/1717 1290/6/1289 1742/296/1739 2115/24/2112
f 1286/32/1285 1717/33/1714 2116/3/2113 1743/297/1740
f 1743/297/1740 2116/3/2113 1732/33/1729 1293/32/1292
f 2116/3/2113 1740/28/1737 1295/293/1294 1732/33/1729
f 1717/33/1714 1288/293/1287 1740/28/1737 2116/3/2113
f 1290/6/1289 1721/35/1718 2117/2/2114 1742/296/1739
f 1742/296/1739 2117/2/2114 1736/35/1733 1297/6/1296
f 2117/2/2114 1738/36/1735 1296/4/1295 1736/35/1733
f 1721/35/1718 1289/4/1288 1738/36/1735 2117/2/2114
f 1143/14/1143 1718/299/1715 2118/298/2115 1451/40/1450
f 1451/40/1450 2118/298/2115 1733/299/1730 1152/14/1152
f 2118/298/2115 1744/41/1741 1299/12/1298 1733/299/1730
f 1718/299/1715 1292/12/1291 1744/41/1741 2118/298/2115
f 1291/12/1290 1722/42/1719 2119/16/2116 1739/41/1736
f 1739/41/1736 2119/16/2116 1737/42/1734 1298/12/1297
f 2119/16/2116 1452/40/1451 1149/14/1149 1737/42/1734
f 1722/42/1719 1140/14/1140 1452/40/1451 2119/16/2116
f 1292/12/1291 1715/300/1712 2120/18/2117 1744/41/1741
f 1744/41/1741 2120/18/2117 1730/300/1727 1299/12/1298
f 2120/18/2117 1743/297/1740 1293/32/1292 1730/300/1727
f 1715/300/1712 1286/32/1285 1743/297/1740 2120/18/2117
f 1297/6/1296 1736/35/1733 2121/2/2118 1753/296/1750
f 1753/296/1750 2121/2/2118 1751/35/1748 1304/6/1303
f 2121/2/2118 1754/36/1751 1303/4/1302 1751/35/1748
f 1736/35/1733 1296/4/1295 1754/36/1751 2121/2/2118
f 1152/14/1152 1733/299/1730 2122/298/2119 1468/40/1467
f 1468/40/1467 2122/298/2119 1748/299/1745 1161/14/1161
f 2122/298/2119 1755/41/1752 1306/12/1305 1748/299/1745
f 1733/299/1730 1299/12/1298 1755/41/1752 2122/298/2119
f 1298/12/1297 1737/42/1734 2123/16/2120 1756/41/1753
f 1756/41/1753 2123/16/2120 1752/42/1749 1305/12/1304
f 2123/16/2120 1471/40/1470 1158/14/1158 1752/42/1749
f 1737/42/1734 1149/14/1149 1471/40/1470 2123/16/2120
f 1299/12/1298 1730/300/1727 2124/18/2121 1755/41/1752
f 1755/41/1752 2124/18/2121 1745/300/1742 1306/12/1305
f 2124/18/2121 1757/297/1754 1300/32/1299 1745/300/1742
f 1730/300/1727 1293/32/1292 1757/297/1754 2124/18/2121
f 1296/4/1295 1734/301/1731 2125/17/2122 1754/36/1751
f 1754/36/1751 2125/17/2122 1749/301/1746 1303/4/1302
f 2125/17/2122 1756/41/1753 1305/12/1304 1749/301/1746
f 1734/301/1731 1298/12/1297 1756/41/1753 2125/17/2122
f 1295/31/1294 1731/24/1728 2126/20/2123 1758/6/1755
f 1758/6/1755 2126/20/2123 1746/19/1743 1363/5/1362
f 2126/20/2123 1759/46/1756 1364/21/1363 1746/19/1743
f 1731/24/1728 1294/23/1293 1759/46/1756 2126/20/2123
f 1294/23/1293 1735/24/1732 2127/20/2124 1759/46/1756
f 1759/46/1756 2127/20/2124 1750/302/1747 1364/21/1363
f 2127/20/2124 1753/6/1750 1304/6/1303 1750/302/1747
f 1735/24/1732 1297/6/1296 1753/6/1750 2127/20/2124
f 1293/4/1292 1732/3/1729 2128/3/2125 1757/4/1754
f 1757/4/1754 2128/3/2125 1747/303/1744 1300/4/1299
f 2128/3/2125 1758/6/1755 1363/5/1362 1747/303/1744
f 1732/3/1729 1295/31/1294 1758/6/1755 2128/3/2125
f 1302/49/1301 1883/55/1880 2129/237/2126 1910/304/1907
f 1910/304/1907 2129/237/2126 1899/306/1896 1371/305/1370
f 2129/237/2126 1909/308/1906 1372/307/1371 1899/306/1896
f 1883/55/1880 1301/53/1300 1909/308/1906 2129/237/2126
f 1364/21/1363 1750/302/1747 2130/310/2127 1769/309/1766
f 1769/309/1766 2130/310/2127 1765/312/1762 1366/311/1365
f 2130/310/2127 1770/6/1767 1311/6/1310 1765/312/1762
f 1750/302/1747 1304/6/1303 1770/6/1767 2130/310/2127
f 1300/4/1299 1747/303/1744 2131/313/2128 1771/4/1768
f 1771/4/1768 2131/313/2128 1762/314/1759 1307/4/1306
f 2131/313/2128 1768/316/1765 1365/315/1364 1762/314/1759
f 1747/303/1744 1363/5/1362 1768/316/1765 2131/313/2128
f 1304/6/1303 1751/35/1748 2132/2/2129 1770/296/1767
f 1770/296/1767 2132/2/2129 1766/35/1763 1311/6/1310
f 2132/2/2129 1772/36/1769 1310/4/1309 1766/35/1763
f 1751/35/1748 1303/4/1302 1772/36/1769 2132/2/2129
f 1161/14/1161 1748/299/1745 2133/298/2130 1488/40/1487
f 1488/40/1487 2133/298/2130 1763/299/1760 1170/14/1170
f 2133/298/2130 1773/41/1770 1313/12/1312 1763/299/1760
f 1748/299/1745 1306/12/1305 1773/41/1770 2133/298/2130
f 1305/12/1304 1752/42/1749 2134/16/2131 1774/41/1771
f 1774/41/1771 2134/16/2131 1767/42/1764 1312/12/1311
f 2134/16/2131 1491/40/1490 1167/14/1167 1767/42/1764
f 1752/42/1749 1158/14/1158 1491/40/1490 2134/16/2131
f 1306/12/1305 1745/300/1742 2135/18/2132 1773/41/1770
f 1773/41/1770 2135/18/2132 1760/300/1757 1313/12/1312
f 2135/18/2132 1771/297/1768 1307/32/1306 1760/300/1757
f 1745/300/1742 1300/32/1299 1771/297/1768 2135/18/2132
f 1303/4/1302 1749/301/1746 2136/17/2133 1772/36/1769
f 1772/36/1769 2136/17/2133 1764/301/1761 1310/4/1309
f 2136/17/2133 1774/41/1771 1312/12/1311 1764/301/1761
f 1749/301/1746 1305/12/1304 1774/41/1771 2136/17/2133
f 1310/4/1309 1764/301/1761 2137/17/2134 1783/36/1780
f 1783/36/1780 2137/17/2134 1779/301/1776 1317/4/1316
f 2137/17/2134 1784/41/1781 1319/12/1318 1779/301/1776
f 1764/301/1761 1312/12/1311 1784/41/1781 2137/17/2134
f 1365/315/1364 1761/319/1758 2138/318/2135 1785/317/1782
f 1785/317/1782 2138/318/2135 1776/19/1773 1367/5/1366
f 2138/318/2135 1786/320/1783 1368/21/1367 1776/19/1773
f 1761/319/1758 1366/311/1365 1786/320/1783 2138/318/2135
f 1366/311/1365 1765/312/1762 2139/321/2136 1786/320/1783
f 1786/320/1783 2139/321/2136 1780/322/1777 1368/21/1367
f 2139/321/2136 1787/6/1784 1318/6/1317 1780/322/1777
f 1765/312/1762 1311/6/1310 1787/6/1784 2139/321/2136
f 1307/4/1306 1762/314/1759 2140/323/2137 1788/4/1785
f 1788/4/1785 2140/323/2137 1777/324/1774 1314/4/1313
f 2140/323/2137 1785/317/1782 1367/5/1366 1777/324/1774
f 1762/314/1759 1365/315/1364 1785/317/1782 2140/323/2137
f 1311/6/1310 1766/35/1763 2141/2/2138 1787/296/1784
f 1787/296/1784 2141/2/2138 1781/35/1778 1318/6/1317
f 2141/2/2138 1783/36/1780 1317/4/1316 1781/35/1778
f 1766/35/1763 1310/4/1309 1783/36/1780 2141/2/2138
f 1170/14/1170 1763/299/1760 2142/298/2139 1502/40/1501
f 1502/40/1501 2142/298/2139 1778/299/1775 1179/14/1179
f 2142/298/2139 1789/41/1786 1320/12/1319 1778/299/1775
f 1763/299/1760 1313/12/1312 1789/41/1786 2142/298/2139
f 1312/12/1311 1767/42/1764 2143/16/2140 1784/41/1781
f 1784/41/1781 2143/16/2140 1782/42/1779 1319/12/1318
f 2143/16/2140 1503/40/1502 1176/14/1176 1782/42/1779
f 1767/42/1764 1167/14/1167 1503/40/1502 2143/16/2140
f 1313/12/1312 1760/300/1757 2144/18/2141 1789/41/1786
f 1789/41/1786 2144/18/2141 1775/300/1772 1320/12/1319
f 2144/18/2141 1788/297/1785 1314/32/1313 1775/300/1772
f 1760/300/1757 1307/32/1306 1788/297/1785 2144/18/2141
f 1318/6/1317 1781/35/1778 2145/2/2142 1798/296/1795
f 1798/296/1795 2145/2/2142 1796/35/1793 1325/6/1324
f 2145/2/2142 1799/36/1796 1324/4/1323 1796/35/1793
f 1781/35/1778 1317/4/1316 1799/36/1796 2145/2/2142
f 1179/14/1179 1778/299/1775 2146/298/2143 1519/40/1518
f 1519/40/1518 2146/298/2143 1793/299/1790 1188/14/1188
f 2146/298/2143 1800/41/1797 1327/12/1326 1793/299/1790
f 1778/299/1775 1320/12/1319 1800/41/1797 2146/298/2143
f 1319/12/1318 1782/42/1779 2147/16/2144 1801/41/1798
f 1801/41/1798 2147/16/2144 1797/42/1794 1326/12/1325
f 2147/16/2144 1522/40/1521 1185/14/1185 1797/42/1794
f 1782/42/1779 1176/14/1176 1522/40/1521 2147/16/2144
f 1320/12/1319 1775/300/1772 2148/18/2145 1800/41/1797
f 1800/41/1797 2148/18/2145 1790/300/1787 1327/12/1326
f 2148/18/2145 1802/297/1799 1321/32/1320 1790/300/1787
f 1775/300/1772 1314/32/1313 1802/297/1799 2148/18/2145
f 1317/4/1316 1779/301/1776 2149/17/2146 1799/36/1796
f 1799/36/1796 2149/17/2146 1794/301/1791 1324/4/1323
f 2149/17/2146 1801/41/1798 1326/12/1325 1794/301/1791
f 1779/301/1776 1319/12/1318 1801/41/1798 2149/17/2146
f 1315/225/1314 1894/327/1891 2150/326/2147 1908/325/1905
f 1908/325/1905 2150/326/2147 1906/329/1903 1376/328/1375
f 2150/326/2147 1907/228/1904 1378/221/1377 1906/329/1903
f 1894/327/1891 1322/71/1321 1907/228/1904 2150/326/2147
f 1368/21/1367 1780/322/1777 2151/331/2148 1804/330/1801
f 1804/330/1801 2151/331/2148 1795/78/1792 1370/332/1369
f 2151/331/2148 1798/6/1795 1325/6/1324 1795/78/1792
f 1780/322/1777 1318/6/1317 1798/6/1795 2151/331/2148
f 1314/4/1313 1777/324/1774 2152/333/2149 1802/4/1799
f 1802/4/1799 2152/333/2149 1792/334/1789 1321/4/1320
f 2152/333/2149 1803/336/1800 1369/335/1368 1792/334/1789
f 1777/324/1774 1367/5/1366 1803/336/1800 2152/333/2149
f 1370/332/1369 1795/78/1792 2153/337/2150 1813/81/1810
f 1813/81/1810 2153/337/2150 1810/24/1807 1329/23/1328
f 2153/337/2150 1814/6/1811 1332/6/1331 1810/24/1807
f 1795/78/1792 1325/6/1324 1814/6/1811 2153/337/2150
f 1321/4/1320 1792/334/1789 2154/338/2151 1815/4/1812
f 1815/4/1812 2154/338/2151 1807/3/1804 1328/4/1327
f 2154/338/2151 1816/339/1813 1330/31/1329 1807/3/1804
f 1792/334/1789 1369/335/1368 1816/339/1813 2154/338/2151
f 1325/6/1324 1796/35/1793 2155/2/2152 1814/296/1811
f 1814/296/1811 2155/2/2152 1811/35/1808 1332/6/1331
f 2155/2/2152 1817/36/1814 1331/4/1330 1811/35/1808
f 1796/35/1793 1324/4/1323 1817/36/1814 2155/2/2152
f 1188/14/1188 1793/299/1790 2156/298/2153 1539/40/1538
f 1539/40/1538 2156/298/2153 1808/299/1805 1197/14/386
f 2156/298/2153 1818/41/1815 1334/12/1333 1808/299/1805
f 1793/299/1790 1327/12/1326 1818/41/1815 2156/298/2153
f 1326/12/1325 1797/42/1794 2157/16/2154 1819/41/1816
f 1819/41/1816 2157/16/2154 1812/42/1809 1333/12/1332
f 2157/16/2154 1542/40/1541 1194/14/1194 1812/42/1809
f 1797/42/1794 1185/14/1185 1542/40/1541 2157/16/2154
f 1327/12/1326 1790/300/1787 2158/18/2155 1818/41/1815
f 1818/41/1815 2158/18/2155 1805/300/1802 1334/12/1333
f 2158/18/2155 1815/297/1812 1328/32/1327 1805/300/1802
f 1790/300/1787 1321/32/1320 1815/297/1812 2158/18/2155
f 1324/4/1323 1794/301/1791 2159/17/2156 1817/36/1814
f 1817/36/1814 2159/17/2156 1809/301/1806 1331/4/1330
f 2159/17/2156 1819/41/1816 1333/12/1332 1809/301/1806
f 1794/301/1791 1326/12/1325 1819/41/1816 2159/17/2156
f 1369/335/1368 1791/341/1788 2160/340/2157 1816/339/1813
f 1816/339/1813 2160/340/2157 1806/24/1803 1330/31/1329
f 2160/340/2157 1813/81/1810 1329/23/1328 1806/24/1803
f 1791/341/1788 1370/332/1369 1813/81/1810 2160/340/2157
f 1330/293/1329 1806/26/1803 2161/27/2158 1828/28/1825
f 1828/28/1825 2161/27/2158 1821/26/1818 1337/293/1336
f 2161/27/2158 1829/294/1826 1336/29/1335 1821/26/1818
f 1806/26/1803 1329/29/1328 1829/294/1826 2161/27/2158
f 1329/29/1328 1810/295/1807 2162/24/2159 1829/294/1826
f 1829/294/1826 2162/24/2159 1825/295/1822 1336/29/1335
f 2162/24/2159 1830/296/1827 1339/6/1338 1825/295/1822
f 1810/295/1807 1332/6/1331 1830/296/1827 2162/24/2159
f 1328/32/1327 1807/33/1804 2163/3/2160 1831/297/1828
f 1831/297/1828 2163/3/2160 1822/33/1819 1335/32/1334
f 2163/3/2160 1828/28/1825 1337/293/1336 1822/33/1819
f 1807/33/1804 1330/293/1329 1828/28/1825 2163/3/2160
f 1332/6/1331 1811/35/1808 2164/2/2161 1830/296/1827
f 1830/296/1827 2164/2/2161 1826/35/1823 1339/6/1338
f 2164/2/2161 1832/36/1829 1338/4/1337 1826/35/1823
f 1811/35/1808 1331/4/1330 1832/36/1829 2164/2/2161
f 1197/14/386 1808/299/1805 2165/298/2162 1551/40/1550
f 1551/40/1550 2165/298/2162 1823/299/1820 1206/14/1205
f 2165/298/2162 1833/41/1830 1341/12/1340 1823/299/1820
f 1808/299/1805 1334/12/1333 1833/41/1830 2165/298/2162
f 1333/12/1332 1812/42/1809 2166/16/2163 1834/41/1831
f 1834/41/1831 2166/16/2163 1827/42/1824 1340/12/1339
f 2166/16/2163 1552/40/1551 1203/14/1202 1827/42/1824
f 1812/42/1809 1194/14/1194 1552/40/1551 2166/16/2163
f 1334/12/1333 1805/300/1802 2167/18/2164 1833/41/1830
f 1833/41/1830 2167/18/2164 1820/300/1817 1341/12/1340
f 2167/18/2164 1831/297/1828 1335/32/1334 1820/300/1817
f 1805/300/1802 1328/32/1327 1831/297/1828 2167/18/2164
f 1331/4/1330 1809/301/1806 2168/17/2165 1832/36/1829
f 1832/36/1829 2168/17/2165 1824/301/1821 1338/4/1337
f 2168/17/2165 1834/41/1831 1340/12/1339 1824/301/1821
f 1809/301/1806 1333/12/1332 1834/41/1831 2168/17/2165
f 1206/14/1205 1823/299/1820 2169/298/2166 1568/40/1567
f 1568/40/1567 2169/298/2166 1838/299/1835 1215/14/1214
f 2169/298/2166 1843/41/1840 1348/12/1347 1838/299/1835
f 1823/299/1820 1341/12/1340 1843/41/1840 2169/298/2166
f 1340/12/1339 1827/42/1824 2170/16/2167 1844/41/1841
f 1844/41/1841 2170/16/2167 1842/42/1839 1347/12/1346
f 2170/16/2167 1571/40/1570 1212/14/1211 1842/42/1839
f 1827/42/1824 1203/14/1202 1571/40/1570 2170/16/2167
f 1341/11/1340 1820/18/1817 2171/83/2168 1843/11/1840
f 1843/11/1840 2171/83/2168 1835/342/1832 1348/11/1347
f 2171/83/2168 1845/4/1842 1342/32/1341 1835/342/1832
f 1820/18/1817 1335/4/1334 1845/4/1842 2171/83/2168
f 1338/32/1337 1824/18/1821 2172/18/2169 1846/4/1843
f 1846/4/1843 2172/18/2169 1839/86/1836 1345/85/1344
f 2172/18/2169 1844/12/1841 1347/12/1346 1839/86/1836
f 1824/18/1821 1340/12/1339 1844/12/1841 2172/18/2169
f 1337/31/1336 1821/24/1818 2173/24/2170 1847/343/1844
f 1847/343/1844 2173/24/2170 1836/90/1833 1344/31/1343
f 2173/24/2170 1848/23/1845 1343/23/1342 1836/90/1833
f 1821/24/1818 1336/23/1335 1848/23/1845 2173/24/2170
f 1336/23/1335 1825/24/1822 2174/89/2171 1848/23/1845
f 1848/23/1845 2174/89/2171 1840/344/1837 1343/23/1342
f 2174/89/2171 1849/6/1846 1346/5/1345 1840/344/1837
f 1825/24/1822 1339/6/1338 1849/6/1846 2174/89/2171
f 1335/4/1334 1822/3/1819 2175/345/2172 1845/4/1842
f 1845/4/1842 2175/345/2172 1837/93/1834 1342/32/1341
f 2175/345/2172 1847/343/1844 1344/31/1343 1837/93/1834
f 1822/3/1819 1337/31/1336 1847/343/1844 2175/345/2172
f 1339/6/1338 1826/3/1823 2176/268/2173 1849/6/1846
f 1849/6/1846 2176/268/2173 1841/91/1838 1346/5/1345
f 2176/268/2173 1846/4/1843 1345/85/1344 1841/91/1838
f 1826/3/1823 1338/32/1337 1846/4/1843 2176/268/2173
f 1343/23/1342 1840/344/1837 2177/347/2174 1858/346/1855
f 1858/346/1855 2177/347/2174 1855/123/1852 1359/21/1358
f 2177/347/2174 1859/277/1856 1362/5/1361 1855/123/1852
f 1840/344/1837 1346/5/1345 1859/277/1856 2177/347/2174
f 1396/97/1395 1958/98/1955 2178/348/2175 1952/100/1949
f 1952/100/1949 2178/348/2175 1934/349/1931 1385/102/1384
f 2178/348/2175 1937/350/1934 1389/102/1388 1934/349/1931
f 1958/98/1955 1395/351/1394 1937/350/1934 2178/348/2175
f 1392/351/1391 1950/3/1947 2179/3/2176 1944/350/1941
f 1944/350/1941 2179/3/2176 1927/2/1924 1383/352/1382
f 2179/3/2176 1935/107/1932 1384/108/1383 1927/2/1924
f 1950/3/1947 1391/353/1390 1935/107/1932 2179/3/2176
f 1215/14/1214 1838/16/1835 2180/113/2177 1590/354/1589
f 1590/354/1589 2180/113/2177 1853/8/1850 1228/7/1227
f 2180/113/2177 1863/114/1860 1356/11/1355 1853/8/1850
f 1838/16/1835 1348/11/1347 1863/114/1860 2180/113/2177
f 1347/12/1346 1842/13/1839 2181/109/2178 1864/355/1861
f 1864/355/1861 2181/109/2178 1857/154/1854 1360/11/1359
f 2181/109/2178 1593/354/1592 1233/7/1232 1857/154/1854
f 1842/13/1839 1212/14/1211 1593/354/1592 2181/109/2178
f 1348/11/1347 1835/342/1832 2182/356/2179 1863/114/1860
f 1863/114/1860 2182/356/2179 1850/357/1847 1356/11/1355
f 2182/356/2179 1860/358/1857 1357/1/1356 1850/357/1847
f 1835/342/1832 1342/32/1341 1860/358/1857 2182/356/2179
f 1345/85/1344 1839/86/1836 2183/359/2180 1862/116/1859
f 1862/116/1859 2183/359/2180 1854/17/1851 1361/1/1360
f 2183/359/2180 1864/355/1861 1360/11/1359 1854/17/1851
f 1839/86/1836 1347/12/1346 1864/355/1861 2183/359/2180
f 1344/31/1343 1836/90/1833 2184/361/2181 1861/360/1858
f 1861/360/1858 2184/361/2181 1851/19/1848 1358/5/1357
f 2184/361/2181 1858/346/1855 1359/21/1358 1851/19/1848
f 1836/90/1833 1343/23/1342 1858/346/1855 2184/361/2181
f 1235/124/1234 1880/125/1877 2185/362/2182 1882/127/1879
f 1882/127/1879 2185/362/2182 1871/131/1868 1352/132/1351
f 2185/362/2182 1870/129/1867 1353/130/1352 1871/131/1868
f 1880/125/1877 1350/128/1349 1870/129/1867 2185/362/2182
f 1349/133/1348 1865/134/1862 2186/364/2183 1873/363/1870
f 1873/363/1870 2186/364/2183 1850/365/1847 1357/1/1356
f 2186/364/2183 1874/138/1871 1356/11/1355 1850/365/1847
f 1865/134/1862 1355/137/1354 1874/138/1871 2186/364/2183
f 1350/128/1349 1866/140/1863 2187/366/2184 1875/142/1872
f 1875/142/1872 2187/366/2184 1851/19/1848 1359/162/1358
f 2187/366/2184 1876/144/1873 1358/28/1357 1851/19/1848
f 1866/140/1863 1351/143/1350 1876/144/1873 2187/366/2184
f 1351/146/1350 1867/147/1864 2188/148/2185 1876/144/1873
f 1876/144/1873 2188/148/2185 1852/2/1849 1358/28/1357
f 2188/148/2185 1873/363/1870 1357/1/1356 1852/2/1849
f 1867/147/1864 1349/133/1348 1873/363/1870 2188/148/2185
f 1355/149/1354 1868/150/1865 2189/168/2186 1874/138/1871
f 1874/138/1871 2189/168/2186 1853/8/1850 1356/139/1355
f 2189/168/2186 1604/153/1603 1228/171/1227 1853/8/1850
f 1868/150/1865 1224/152/1223 1604/153/1603 2189/168/2186
f 1354/155/1353 1869/156/1866 2190/367/2187 1877/138/1874
f 1877/138/1874 2190/367/2187 1854/17/1851 1360/139/1359
f 2190/367/2187 1878/368/1875 1361/1/1360 1854/17/1851
f 1869/156/1866 1352/158/1351 1878/368/1875 2190/367/2187
f 1353/130/1352 1870/370/1867 2191/369/2188 1879/161/1876
f 1879/161/1876 2191/369/2188 1855/123/1852 1362/5/1361
f 2191/369/2188 1875/142/1872 1359/21/1358 1855/123/1852
f 1870/370/1867 1350/128/1349 1875/142/1872 2191/369/2188
f 1352/158/1351 1871/131/1868 2192/371/2189 1878/368/1875
f 1878/368/1875 2192/371/2189 1856/2/1853 1361/1/1360
f 2192/371/2189 1879/161/1876 1362/28/1361 1856/2/1853
f 1871/131/1868 1353/164/1352 1879/161/1876 2192/371/2189
f 1221/166/1220 1872/167/1869 2193/372/2190 1609/169/1608
f 1609/169/1608 2193/372/2190 1857/154/1854 1233/7/1232
f 2193/372/2190 1877/138/1874 1360/11/1359 1857/154/1854
f 1872/167/1869 1354/170/1353 1877/138/1874 2193/372/2190
f 1349/172/1348 1867/173/1864 2194/362/2191 1881/175/1878
f 1881/175/1878 2194/362/2191 1880/125/1877 1235/124/1234
f 2194/362/2191 1866/140/1863 1350/128/1349 1880/125/1877
f 1867/173/1864 1351/143/1350 1866/140/1863 2194/362/2191
f 1355/137/1354 1865/134/1862 2195/180/2192 1868/150/1865
f 1868/150/1865 2195/180/2192 1612/178/1234 1224/152/1223
f 2195/180/2192 1881/175/1878 1235/124/1234 1612/178/1234
f 1865/134/1862 1349/133/1348 1881/175/1878 2195/180/2192
f 1221/166/1220 1613/179/1234 2196/373/2193 1872/167/1869
f 1872/167/1869 2196/373/2193 1869/156/1866 1354/155/1353
f 2196/373/2193 1882/127/1879 1352/158/1351 1869/156/1866
f 1613/179/1234 1235/124/1234 1882/127/1879 2196/373/2193
f 1301/198/1300 1883/55/1880 2197/187/2194 1887/183/1884
f 1887/183/1884 2197/187/2194 1746/19/1743 1364/162/1363
f 2197/187/2194 1888/184/1885 1363/28/1362 1746/19/1743
f 1883/55/1880 1302/191/1301 1888/184/1885 2197/187/2194
f 1309/374/1308 1884/234/1881 2198/376/2195 1889/375/1886
f 1889/375/1886 2198/376/2195 1761/319/1758 1365/315/1364
f 2198/376/2195 1890/377/1887 1366/311/1365 1761/319/1758
f 1884/234/1881 1308/378/1307 1890/377/1887 2198/376/2195
f 1302/49/1301 1885/380/1882 2199/379/2196 1888/184/1885
f 1888/184/1885 2199/379/2196 1768/316/1765 1363/5/1362
f 2199/379/2196 1889/375/1886 1365/315/1364 1768/316/1765
f 1885/380/1882 1309/374/1308 1889/375/1886 2199/379/2196
f 1308/378/1307 1886/382/1883 2200/381/2197 1890/377/1887
f 1890/377/1887 2200/381/2197 1769/383/1766 1366/311/1365
f 2200/381/2197 1887/183/1884 1364/21/1363 1769/383/1766
f 1886/382/1883 1301/53/1300 1887/183/1884 2200/381/2197
f 1315/384/1314 1891/250/1888 2201/386/2198 1895/385/1892
f 1895/385/1892 2201/386/2198 1776/19/1773 1368/162/1367
f 2201/386/2198 1896/203/1893 1367/28/1366 1776/19/1773
f 1891/250/1888 1316/210/1315 1896/203/1893 2201/386/2198
f 1323/387/1322 1892/390/1889 2202/389/2199 1897/388/1894
f 1897/388/1894 2202/389/2199 1791/341/1788 1369/335/1368
f 2202/389/2199 1898/391/1895 1370/332/1369 1791/341/1788
f 1892/390/1889 1322/71/1321 1898/391/1895 2202/389/2199
f 1316/202/1315 1893/393/1890 2203/392/2200 1896/203/1893
f 1896/203/1893 2203/392/2200 1803/336/1800 1367/5/1366
f 2203/392/2200 1897/388/1894 1369/335/1368 1803/336/1800
f 1893/393/1890 1323/387/1322 1897/388/1894 2203/392/2200
f 1322/71/1321 1894/395/1891 2204/394/2201 1898/391/1895
f 1898/391/1895 2204/394/2201 1804/396/1801 1370/332/1369
f 2204/394/2201 1895/385/1892 1368/21/1367 1804/396/1801
f 1894/395/1891 1315/225/1314 1895/385/1892 2204/394/2201
f 1376/75/1375 1906/399/1903 2205/398/2202 1920/397/1917
f 1920/397/1917 2205/398/2202 1918/401/1915 1380/400/1379
f 2205/398/2202 1919/403/1916 1382/402/1381 1918/401/1915
f 1906/399/1903 1378/221/1377 1919/403/1916 2205/398/2202
f 1322/71/1321 1892/405/1889 2206/231/2203 1907/404/1904
f 1907/404/1904 2206/231/2203 1904/406/1901 1378/221/1377
f 2206/231/2203 1911/408/1908 1377/407/1376 1904/406/1901
f 1892/405/1889 1323/409/1322 1911/408/1908 2206/231/2203
f 1301/53/1300 1886/411/1883 2207/410/2204 1909/308/1906
f 1909/308/1906 2207/410/2204 1902/412/1899 1372/307/1371
f 2207/410/2204 1912/414/1909 1374/413/1373 1902/412/1899
f 1886/411/1883 1308/415/1307 1912/414/1909 2207/410/2204
f 1308/415/1307 1884/418/1881 2208/417/2205 1912/416/1909
f 1912/416/1909 2208/417/2205 1900/420/1897 1374/419/1373
f 2208/417/2205 1913/422/1910 1373/421/1372 1900/420/1897
f 1884/418/1881 1309/374/1308 1913/422/1910 2208/417/2205
f 1323/423/1322 1893/393/1890 2209/425/2206 1911/424/1908
f 1911/424/1908 2209/425/2206 1905/427/1902 1377/426/1376
f 2209/425/2206 1914/428/1911 1375/241/1374 1905/427/1902
f 1893/393/1890 1316/202/1315 1914/428/1911 2209/425/2206
f 1316/202/1315 1891/250/1888 2210/246/2207 1914/428/1911
f 1914/428/1911 2210/246/2207 1903/246/1900 1375/241/1374
f 2210/246/2207 1908/325/1905 1376/328/1375 1903/246/1900
f 1891/250/1888 1315/225/1314 1908/325/1905 2210/246/2207
f 1309/374/1308 1885/431/1882 2211/430/2208 1913/429/1910
f 1913/429/1910 2211/430/2208 1901/433/1898 1373/432/1372
f 2211/430/2208 1910/304/1907 1371/305/1370 1901/433/1898
f 1885/431/1882 1302/49/1301 1910/304/1907 2211/430/2208
f 1378/221/1377 1904/406/1901 2212/248/2209 1919/403/1916
f 1919/403/1916 2212/248/2209 1916/434/1913 1382/402/1381
f 2212/248/2209 1921/436/1918 1381/435/1380 1916/434/1913
f 1904/406/1901 1377/407/1376 1921/436/1918 2212/248/2209
f 1377/407/1376 1905/438/1902 2213/437/2210 1921/436/1918
f 1921/436/1918 2213/437/2210 1917/439/1914 1381/435/1380
f 2213/437/2210 1922/441/1919 1379/440/1378 1917/439/1914
f 1905/438/1902 1375/442/1374 1922/441/1919 2213/437/2210
f 1375/442/1374 1903/443/1900 2214/246/2211 1922/441/1919
f 1922/441/1919 2214/246/2211 1915/444/1912 1379/440/1378
f 2214/246/2211 1920/397/1917 1380/400/1379 1915/444/1912
f 1903/443/1900 1376/75/1375 1920/397/1917 2214/246/2211
f 1381/435/1380 1917/439/1914 2215/446/2212 1923/445/1920
f 1923/445/1920 2215/446/2212 1901/447/1898 1371/305/1370
f 2215/446/2212 1924/448/1921 1373/421/1372 1901/447/1898
f 1917/439/1914 1379/440/1378 1924/448/1921 2215/446/2212
f 1379/440/1378 1915/444/1912 2216/258/2213 1924/448/1921
f 1924/448/1921 2216/258/2213 1900/449/1897 1373/421/1372
f 2216/258/2213 1925/450/1922 1374/419/1373 1900/449/1897
f 1915/444/1912 1380/400/1379 1925/450/1922 2216/258/2213
f 1380/400/1379 1918/401/1915 2217/451/2214 1925/450/1922
f 1925/450/1922 2217/451/2214 1902/452/1899 1374/419/1373
f 2217/451/2214 1926/453/1923 1372/307/1371 1902/452/1899
f 1918/401/1915 1382/402/1381 1926/453/1923 2217/451/2214
f 1382/402/1381 1916/434/1913 2218/254/2215 1926/453/1923
f 1926/453/1923 2218/254/2215 1899/454/1896 1372/307/1371
f 2218/254/2215 1923/445/1920 1371/305/1370 1899/454/1896
f 1916/434/1913 1381/435/1380 1923/445/1920 2218/254/2215
f 1383/352/1382 1927/2/1924 2219/93/2216 1932/349/1929
f 1932/349/1929 2219/93/2216 1929/2/1926 1387/352/1386
f 2219/93/2216 1933/261/1930 1388/263/1387 1929/2/1926
f 1927/2/1924 1384/108/1383 1933/261/1930 2219/93/2216
f 1386/263/1385 1928/3/1925 2220/92/2217 1931/276/1928
f 1931/276/1928 2220/92/2217 1930/3/1927 1390/263/1389
f 2220/92/2217 1934/262/1931 1389/102/1388 1930/3/1927
f 1928/3/1925 1385/102/1384 1934/262/1931 2220/92/2217
f 1393/264/1392 1949/456/1946 2221/455/2218 1945/259/1942
f 1945/259/1942 2221/455/2218 1932/349/1929 1387/352/1386
f 2221/455/2218 1944/350/1941 1383/352/1382 1932/349/1929
f 1949/456/1946 1392/351/1391 1944/350/1941 2221/455/2218
f 1395/351/1394 1957/3/1954 2222/3/2219 1937/350/1934
f 1937/350/1934 2222/3/2219 1930/457/1927 1389/102/1388
f 2222/3/2219 1940/107/1937 1390/263/1389 1930/457/1927
f 1957/3/1954 1397/353/1396 1940/107/1937 2222/3/2219
f 1394/5/1393 1948/2/1945 2223/92/2220 1946/458/1943
f 1946/458/1943 2223/92/2220 1929/2/1926 1388/263/1387
f 2223/92/2220 1945/259/1942 1387/352/1386 1929/2/1926
f 1948/2/1945 1393/264/1392 1945/259/1942 2223/92/2220
f 1391/353/1390 1947/460/1944 2224/459/2221 1935/107/1932
f 1935/107/1932 2224/459/2221 1933/261/1930 1384/108/1383
f 2224/459/2221 1946/458/1943 1388/263/1387 1933/261/1930
f 1947/460/1944 1394/5/1393 1946/458/1943 2224/459/2221
f 1398/272/1397 1956/3/1953 2225/2/2222 1954/273/1951
f 1954/273/1951 2225/2/2222 1928/3/1925 1386/263/1385
f 2225/2/2222 1952/100/1949 1385/102/1384 1928/3/1925
f 1956/3/1953 1396/97/1395 1952/100/1949 2225/2/2222
f 1397/353/1396 1955/462/1952 2226/461/2223 1940/107/1937
f 1940/107/1937 2226/461/2223 1931/261/1928 1390/263/1389
f 2226/461/2223 1954/273/1951 1386/263/1385 1931/261/1928
f 1955/462/1952 1398/272/1397 1954/273/1951 2226/461/2223
f 1344/31/1343 1861/360/1858 2227/463/2224 1943/279/1940
f 1943/279/1940 2227/463/2224 1947/460/1944 1391/353/1390
f 2227/463/2224 1941/59/1938 1394/5/1393 1947/460/1944
f 1861/360/1858 1358/5/1357 1941/59/1938 2227/463/2224
f 1358/28/1357 1852/2/1849 2228/3/2225 1941/59/1938
f 1941/59/1938 2228/3/2225 1948/2/1945 1394/28/1393
f 2228/3/2225 1939/4/1936 1393/1/1392 1948/2/1945
f 1852/2/1849 1357/34/1356 1939/4/1936 2228/3/2225
f 1357/1/1356 1860/358/1857 2229/464/2226 1939/4/1936
f 1939/4/1936 2229/464/2226 1949/456/1946 1393/264/1392
f 2229/464/2226 1936/288/1933 1392/351/1391 1949/456/1946
f 1860/358/1857 1342/32/1341 1936/288/1933 2229/464/2226
f 1342/32/1341 1837/93/1834 2230/3/2227 1936/288/1933
f 1936/288/1933 2230/3/2227 1950/3/1947 1392/351/1391
f 2230/3/2227 1943/279/1940 1391/353/1390 1950/3/1947
f 1837/93/1834 1344/31/1343 1943/279/1940 2230/3/2227
f 1362/5/1361 1859/122/1856 2231/465/2228 1953/279/1950
f 1953/279/1950 2231/465/2228 1955/462/1952 1397/353/1396
f 2231/465/2228 1942/287/1939 1398/272/1397 1955/462/1952
f 1859/122/1856 1346/5/1345 1942/287/1939 2231/465/2228
f 1346/5/1345 1841/91/1838 2232/3/2229 1942/287/1939
f 1942/287/1939 2232/3/2229 1956/3/1953 1398/272/1397
f 2232/3/2229 1938/288/1935 1396/97/1395 1956/3/1953
f 1841/91/1838 1345/85/1344 1938/288/1935 2232/3/2229
f 1361/1/1360 1856/2/1853 2233/3/2230 1951/288/1948
f 1951/288/1948 2233/3/2230 1957/3/1954 1395/351/1394
f 2233/3/2230 1953/279/1950 1397/353/1396 1957/3/1954
f 1856/2/1853 1362/5/1361 1953/279/1950 2233/3/2230
f 1345/85/1344 1862/282/1859 2234/466/2231 1938/288/1935
f 1938/288/1935 2234/466/2231 1958/98/1955 1396/97/1395
f 2234/466/2231 1951/288/1948 1395/351/1394 1958/98/1955
f 1862/282/1859 1361/1/1360 1951/288/1948 2234/466/2231
f 282/17/282 9/11/9 1126/11/1126 1399/17/1398
f 1/1/1 282/17/282 1399/17/1398 1118/1/1118
f 283/19/283 3/5/3 1120/5/1120 1400/19/1399
f 2/21/2 283/19/283 1400/19/1399 1119/21/1119
f 284/2/284 1/1/1 1118/1/1118 1401/2/1400
f 3/5/3 284/2/284 1401/2/1400 1120/5/1120
f 285/8/285 8/7/8 1125/7/1125 1402/8/1401
f 9/11/9 285/8/285 1402/8/1401 1126/11/1126
f 7/11/7 286/17/286 1403/17/1402 1124/11/1124
f 286/17/286 4/1/4 1121/1/1121 1403/17/1402
f 6/5/6 287/19/287 1404/19/1403 1123/5/1123
f 287/19/287 2/21/2 1119/21/1119 1404/19/1403
f 4/1/4 288/2/288 1405/2/1404 1121/1/1121
f 288/2/288 6/5/6 1123/5/1123 1405/2/1404
f 5/7/5 289/8/289 1406/8/1405 1122/7/1122
f 289/8/289 7/11/7 1124/11/1124 1406/8/1405
f 161/11/161 575/17/575 1692/17/1689 1278/11/1277
f 575/17/575 155/1/155 1272/1/1271 1692/17/1689
f 157/5/157 576/19/576 1693/19/1690 1274/5/1273
f 576/19/576 156/21/156 1273/21/1272 1693/19/1690
f 155/1/155 577/2/577 1694/2/1691 1272/1/1271
f 577/2/577 157/5/157 1274/5/1273 1694/2/1691
f 8/7/8 578/8/578 1695/8/1692 1125/7/1125
f 578/8/578 161/11/161 1278/11/1277 1695/8/1692
f 579/17/579 160/11/160 1277/11/1276 1696/17/1693
f 158/1/158 579/17/579 1696/17/1693 1275/1/1274
f 580/19/580 159/5/159 1276/5/1275 1697/19/1694
f 156/21/156 580/19/580 1697/19/1694 1273/21/1272
f 581/2/581 158/1/158 1275/1/1274 1698/2/1695
f 159/5/159 581/2/581 1698/2/1695 1276/5/1275
f 582/8/582 5/7/5 1122/7/1122 1699/8/1696
f 160/11/160 582/8/582 1699/8/1696 1277/11/1276
